Agent pid 423
Opening file: '/mnt/c/Users/mario/Documents/TFM_FPGA_CRYPTO/results/entropia90b/bits/condA_rep3.bits' (SHA-256 hash 20bc78d5690ee0059b0e7e95aaf7caa5e08df299e6fe44942825db8976a3f566)
Loaded 1000000 samples of 2 distinct 1-bit-wide symbols
Calculating baseline statistics...
	Raw Mean: 0.500025
	Median: 0.500000
	Binary: true

Literal MCV Estimate: mode = 500025, p-hat = 0.50002500000000005, p_u = 0.50131291529412236
H_original: 0.996217
Chi square independence
	score = 1953.776215
	degrees of freedom = 2046
	p-value = 0.926956

Chi square goodness of fit
	score = 8.473700
	degrees of freedom = 9
	p-value = 0.487201

** Passed chi square tests

Literal Longest Repeated Substring results
	P_col: 0.500000
	Length of LRS: 37
	Pr(X >= 1): 0.973688
** Passed length of longest repeated substring test

Beginning initial tests...

Initial test results
              excursion: 362.322
     numDirectionalRuns: 79459
     lenDirectionalRuns: 10
  numIncreasesDecreases: 74829
          numRunsMedian: 499582
          lenRunsMedian: 23
           avgCollision: 20.7256
           maxCollision: 67
         periodicity(1): 24654
         periodicity(2): 24649
         periodicity(8): 24411
        periodicity(16): 24201
        periodicity(32): 24404
          covariance(1): 2.00101e+06
          covariance(2): 1.99981e+06
          covariance(8): 2.00026e+06
         covariance(16): 1.99933e+06
         covariance(32): 1.9997e+06
            compression: 155737

Beginning permutation tests... these may take some time
  0.01% of Permutation test rounds,   0.00% of Permutation tests (Core 1/15, passed_count 0)
  0.02% of Permutation test rounds,   0.00% of Permutation tests (Core 15/15, passed_count 0)
  0.03% of Permutation test rounds,   0.00% of Permutation tests (Core 0/15, passed_count 0)
  0.04% of Permutation test rounds,   0.00% of Permutation tests (Core 2/15, passed_count 0)
  0.05% of Permutation test rounds,   0.00% of Permutation tests (Core 14/15, passed_count 0)
  0.06% of Permutation test rounds,   0.00% of Permutation tests (Core 10/15, passed_count 0)
  0.07% of Permutation test rounds,   0.00% of Permutation tests (Core 9/15, passed_count 0)
  0.08% of Permutation test rounds,   0.00% of Permutation tests (Core 4/15, passed_count 0)
  0.09% of Permutation test rounds,   0.00% of Permutation tests (Core 3/15, passed_count 0)
  0.10% of Permutation test rounds,   0.00% of Permutation tests (Core 13/15, passed_count 0)
  0.11% of Permutation test rounds,   0.00% of Permutation tests (Core 6/15, passed_count 0)
  0.12% of Permutation test rounds,  10.53% of Permutation tests (Core 12/15, passed_count 2)
  0.13% of Permutation test rounds,  21.05% of Permutation tests (Core 5/15, passed_count 4)
  0.14% of Permutation test rounds,  31.58% of Permutation tests (Core 11/15, passed_count 6)
  0.15% of Permutation test rounds,  36.84% of Permutation tests (Core 8/15, passed_count 7)
  0.16% of Permutation test rounds,  36.84% of Permutation tests (Core 7/15, passed_count 7)
  0.17% of Permutation test rounds,  42.11% of Permutation tests (Core 1/15, passed_count 8)
  0.18% of Permutation test rounds,  42.11% of Permutation tests (Core 0/15, passed_count 8)
  0.19% of Permutation test rounds,  47.37% of Permutation tests (Core 14/15, passed_count 9)
  0.20% of Permutation test rounds,  52.63% of Permutation tests (Core 2/15, passed_count 10)
  0.21% of Permutation test rounds,  52.63% of Permutation tests (Core 10/15, passed_count 10)
  0.22% of Permutation test rounds,  52.63% of Permutation tests (Core 15/15, passed_count 10)
  0.23% of Permutation test rounds,  52.63% of Permutation tests (Core 9/15, passed_count 10)
  0.24% of Permutation test rounds,  52.63% of Permutation tests (Core 4/15, passed_count 10)
  0.25% of Permutation test rounds,  52.63% of Permutation tests (Core 6/15, passed_count 10)
  0.26% of Permutation test rounds,  52.63% of Permutation tests (Core 13/15, passed_count 10)
  0.27% of Permutation test rounds,  52.63% of Permutation tests (Core 3/15, passed_count 10)
  0.28% of Permutation test rounds,  52.63% of Permutation tests (Core 12/15, passed_count 10)
  0.29% of Permutation test rounds,  57.89% of Permutation tests (Core 5/15, passed_count 11)
  0.30% of Permutation test rounds,  57.89% of Permutation tests (Core 11/15, passed_count 11)
  0.31% of Permutation test rounds,  57.89% of Permutation tests (Core 8/15, passed_count 11)
  0.32% of Permutation test rounds,  57.89% of Permutation tests (Core 7/15, passed_count 11)
  0.33% of Permutation test rounds,  57.89% of Permutation tests (Core 1/15, passed_count 11)
  0.34% of Permutation test rounds,  57.89% of Permutation tests (Core 14/15, passed_count 11)
  0.35% of Permutation test rounds,  63.16% of Permutation tests (Core 0/15, passed_count 12)
  0.36% of Permutation test rounds,  63.16% of Permutation tests (Core 9/15, passed_count 12)
  0.37% of Permutation test rounds,  63.16% of Permutation tests (Core 2/15, passed_count 12)
  0.38% of Permutation test rounds,  63.16% of Permutation tests (Core 10/15, passed_count 12)
  0.39% of Permutation test rounds,  68.42% of Permutation tests (Core 15/15, passed_count 13)
  0.40% of Permutation test rounds,  68.42% of Permutation tests (Core 6/15, passed_count 13)
  0.41% of Permutation test rounds,  68.42% of Permutation tests (Core 13/15, passed_count 13)
  0.42% of Permutation test rounds,  68.42% of Permutation tests (Core 4/15, passed_count 13)
  0.43% of Permutation test rounds,  68.42% of Permutation tests (Core 3/15, passed_count 13)
  0.44% of Permutation test rounds,  73.68% of Permutation tests (Core 5/15, passed_count 14)
  0.45% of Permutation test rounds,  73.68% of Permutation tests (Core 12/15, passed_count 14)
  0.46% of Permutation test rounds,  73.68% of Permutation tests (Core 7/15, passed_count 14)
  0.47% of Permutation test rounds,  78.95% of Permutation tests (Core 8/15, passed_count 15)
  0.48% of Permutation test rounds,  78.95% of Permutation tests (Core 11/15, passed_count 15)
  0.49% of Permutation test rounds,  78.95% of Permutation tests (Core 14/15, passed_count 15)
  0.50% of Permutation test rounds,  78.95% of Permutation tests (Core 1/15, passed_count 15)
  0.51% of Permutation test rounds,  78.95% of Permutation tests (Core 2/15, passed_count 15)
  0.52% of Permutation test rounds,  78.95% of Permutation tests (Core 9/15, passed_count 15)
  0.53% of Permutation test rounds,  78.95% of Permutation tests (Core 10/15, passed_count 15)
  0.54% of Permutation test rounds,  78.95% of Permutation tests (Core 15/15, passed_count 15)
  0.55% of Permutation test rounds,  78.95% of Permutation tests (Core 0/15, passed_count 15)
  0.56% of Permutation test rounds,  78.95% of Permutation tests (Core 6/15, passed_count 15)
  0.57% of Permutation test rounds,  78.95% of Permutation tests (Core 13/15, passed_count 15)
  0.58% of Permutation test rounds,  78.95% of Permutation tests (Core 4/15, passed_count 15)
  0.59% of Permutation test rounds,  78.95% of Permutation tests (Core 7/15, passed_count 15)
  0.60% of Permutation test rounds,  78.95% of Permutation tests (Core 3/15, passed_count 15)
  0.61% of Permutation test rounds,  78.95% of Permutation tests (Core 12/15, passed_count 15)
  0.62% of Permutation test rounds,  78.95% of Permutation tests (Core 5/15, passed_count 15)
  0.63% of Permutation test rounds,  84.21% of Permutation tests (Core 11/15, passed_count 16)
  0.64% of Permutation test rounds,  89.47% of Permutation tests (Core 8/15, passed_count 17)
  0.65% of Permutation test rounds,  89.47% of Permutation tests (Core 1/15, passed_count 17)
  0.66% of Permutation test rounds,  89.47% of Permutation tests (Core 9/15, passed_count 17)
  0.67% of Permutation test rounds,  89.47% of Permutation tests (Core 10/15, passed_count 17)
  0.68% of Permutation test rounds,  89.47% of Permutation tests (Core 14/15, passed_count 17)
  0.69% of Permutation test rounds,  89.47% of Permutation tests (Core 2/15, passed_count 17)
  0.70% of Permutation test rounds,  89.47% of Permutation tests (Core 0/15, passed_count 17)
  0.71% of Permutation test rounds,  89.47% of Permutation tests (Core 15/15, passed_count 17)
  0.72% of Permutation test rounds,  89.47% of Permutation tests (Core 6/15, passed_count 17)
  0.73% of Permutation test rounds,  89.47% of Permutation tests (Core 13/15, passed_count 17)
  0.74% of Permutation test rounds,  89.47% of Permutation tests (Core 4/15, passed_count 17)
  0.75% of Permutation test rounds,  89.47% of Permutation tests (Core 3/15, passed_count 17)
  0.76% of Permutation test rounds,  89.47% of Permutation tests (Core 7/15, passed_count 17)
  0.77% of Permutation test rounds,  89.47% of Permutation tests (Core 11/15, passed_count 17)
  0.78% of Permutation test rounds,  89.47% of Permutation tests (Core 12/15, passed_count 17)
  0.79% of Permutation test rounds,  89.47% of Permutation tests (Core 5/15, passed_count 17)
  0.80% of Permutation test rounds,  89.47% of Permutation tests (Core 8/15, passed_count 17)
  0.81% of Permutation test rounds,  89.47% of Permutation tests (Core 1/15, passed_count 17)
  0.82% of Permutation test rounds,  89.47% of Permutation tests (Core 9/15, passed_count 17)
  0.83% of Permutation test rounds,  89.47% of Permutation tests (Core 0/15, passed_count 17)
  0.84% of Permutation test rounds,  89.47% of Permutation tests (Core 10/15, passed_count 17)
  0.85% of Permutation test rounds,  89.47% of Permutation tests (Core 2/15, passed_count 17)
  0.86% of Permutation test rounds,  89.47% of Permutation tests (Core 14/15, passed_count 17)
  0.87% of Permutation test rounds,  89.47% of Permutation tests (Core 15/15, passed_count 17)
  0.88% of Permutation test rounds,  89.47% of Permutation tests (Core 6/15, passed_count 17)
  0.89% of Permutation test rounds,  89.47% of Permutation tests (Core 13/15, passed_count 17)
  0.90% of Permutation test rounds,  89.47% of Permutation tests (Core 4/15, passed_count 17)
  0.91% of Permutation test rounds,  89.47% of Permutation tests (Core 3/15, passed_count 17)
  0.92% of Permutation test rounds,  89.47% of Permutation tests (Core 7/15, passed_count 17)
  0.93% of Permutation test rounds,  89.47% of Permutation tests (Core 12/15, passed_count 17)
  0.94% of Permutation test rounds,  89.47% of Permutation tests (Core 11/15, passed_count 17)
  0.95% of Permutation test rounds,  89.47% of Permutation tests (Core 8/15, passed_count 17)
  0.96% of Permutation test rounds,  89.47% of Permutation tests (Core 5/15, passed_count 17)
  0.97% of Permutation test rounds,  89.47% of Permutation tests (Core 1/15, passed_count 17)
  0.98% of Permutation test rounds,  89.47% of Permutation tests (Core 9/15, passed_count 17)
  0.99% of Permutation test rounds,  89.47% of Permutation tests (Core 10/15, passed_count 17)
  1.00% of Permutation test rounds,  89.47% of Permutation tests (Core 0/15, passed_count 17)
  1.01% of Permutation test rounds,  89.47% of Permutation tests (Core 2/15, passed_count 17)
  1.02% of Permutation test rounds,  89.47% of Permutation tests (Core 14/15, passed_count 17)
  1.03% of Permutation test rounds,  89.47% of Permutation tests (Core 15/15, passed_count 17)
  1.04% of Permutation test rounds,  89.47% of Permutation tests (Core 6/15, passed_count 17)
  1.05% of Permutation test rounds,  89.47% of Permutation tests (Core 13/15, passed_count 17)
  1.06% of Permutation test rounds,  89.47% of Permutation tests (Core 4/15, passed_count 17)
  1.07% of Permutation test rounds,  89.47% of Permutation tests (Core 3/15, passed_count 17)
  1.08% of Permutation test rounds,  89.47% of Permutation tests (Core 7/15, passed_count 17)
  1.09% of Permutation test rounds,  89.47% of Permutation tests (Core 1/15, passed_count 17)
  1.10% of Permutation test rounds,  89.47% of Permutation tests (Core 12/15, passed_count 17)
  1.11% of Permutation test rounds,  89.47% of Permutation tests (Core 8/15, passed_count 17)
  1.12% of Permutation test rounds,  89.47% of Permutation tests (Core 11/15, passed_count 17)
  1.13% of Permutation test rounds,  89.47% of Permutation tests (Core 5/15, passed_count 17)
  1.14% of Permutation test rounds,  89.47% of Permutation tests (Core 9/15, passed_count 17)
  1.15% of Permutation test rounds,  89.47% of Permutation tests (Core 2/15, passed_count 17)
  1.16% of Permutation test rounds,  89.47% of Permutation tests (Core 14/15, passed_count 17)
  1.17% of Permutation test rounds,  89.47% of Permutation tests (Core 10/15, passed_count 17)
  1.18% of Permutation test rounds,  89.47% of Permutation tests (Core 0/15, passed_count 17)
  1.19% of Permutation test rounds,  89.47% of Permutation tests (Core 15/15, passed_count 17)
  1.20% of Permutation test rounds,  89.47% of Permutation tests (Core 6/15, passed_count 17)
  1.21% of Permutation test rounds,  89.47% of Permutation tests (Core 13/15, passed_count 17)
  1.22% of Permutation test rounds,  89.47% of Permutation tests (Core 4/15, passed_count 17)
  1.23% of Permutation test rounds,  89.47% of Permutation tests (Core 3/15, passed_count 17)
  1.24% of Permutation test rounds,  89.47% of Permutation tests (Core 1/15, passed_count 17)
  1.25% of Permutation test rounds,  89.47% of Permutation tests (Core 7/15, passed_count 17)
  1.26% of Permutation test rounds,  89.47% of Permutation tests (Core 12/15, passed_count 17)
  1.27% of Permutation test rounds,  89.47% of Permutation tests (Core 9/15, passed_count 17)
  1.28% of Permutation test rounds,  89.47% of Permutation tests (Core 14/15, passed_count 17)
  1.29% of Permutation test rounds,  89.47% of Permutation tests (Core 2/15, passed_count 17)
  1.30% of Permutation test rounds,  89.47% of Permutation tests (Core 11/15, passed_count 17)
  1.31% of Permutation test rounds,  89.47% of Permutation tests (Core 8/15, passed_count 17)
  1.32% of Permutation test rounds,  89.47% of Permutation tests (Core 10/15, passed_count 17)
  1.33% of Permutation test rounds,  89.47% of Permutation tests (Core 5/15, passed_count 17)
  1.34% of Permutation test rounds,  89.47% of Permutation tests (Core 0/15, passed_count 17)
  1.35% of Permutation test rounds,  89.47% of Permutation tests (Core 15/15, passed_count 17)
  1.36% of Permutation test rounds,  89.47% of Permutation tests (Core 6/15, passed_count 17)
  1.37% of Permutation test rounds,  89.47% of Permutation tests (Core 1/15, passed_count 17)
  1.38% of Permutation test rounds,  89.47% of Permutation tests (Core 13/15, passed_count 17)
  1.39% of Permutation test rounds,  89.47% of Permutation tests (Core 9/15, passed_count 17)
  1.40% of Permutation test rounds,  89.47% of Permutation tests (Core 2/15, passed_count 17)
  1.41% of Permutation test rounds,  89.47% of Permutation tests (Core 14/15, passed_count 17)
  1.42% of Permutation test rounds,  89.47% of Permutation tests (Core 4/15, passed_count 17)
  1.43% of Permutation test rounds,  89.47% of Permutation tests (Core 3/15, passed_count 17)
  1.44% of Permutation test rounds,  89.47% of Permutation tests (Core 7/15, passed_count 17)
  1.45% of Permutation test rounds,  89.47% of Permutation tests (Core 12/15, passed_count 17)
  1.46% of Permutation test rounds,  89.47% of Permutation tests (Core 10/15, passed_count 17)
  1.47% of Permutation test rounds,  89.47% of Permutation tests (Core 0/15, passed_count 17)
  1.48% of Permutation test rounds,  89.47% of Permutation tests (Core 15/15, passed_count 17)
  1.49% of Permutation test rounds,  89.47% of Permutation tests (Core 11/15, passed_count 17)
  1.50% of Permutation test rounds,  89.47% of Permutation tests (Core 8/15, passed_count 17)
  1.51% of Permutation test rounds,  89.47% of Permutation tests (Core 5/15, passed_count 17)
  1.52% of Permutation test rounds,  89.47% of Permutation tests (Core 6/15, passed_count 17)
  1.53% of Permutation test rounds,  89.47% of Permutation tests (Core 1/15, passed_count 17)
  1.54% of Permutation test rounds,  89.47% of Permutation tests (Core 9/15, passed_count 17)
  1.55% of Permutation test rounds,  89.47% of Permutation tests (Core 14/15, passed_count 17)
  1.56% of Permutation test rounds,  89.47% of Permutation tests (Core 2/15, passed_count 17)
  1.57% of Permutation test rounds,  89.47% of Permutation tests (Core 10/15, passed_count 17)
  1.58% of Permutation test rounds,  89.47% of Permutation tests (Core 13/15, passed_count 17)
  1.59% of Permutation test rounds,  89.47% of Permutation tests (Core 0/15, passed_count 17)
  1.60% of Permutation test rounds,  89.47% of Permutation tests (Core 4/15, passed_count 17)
  1.61% of Permutation test rounds,  89.47% of Permutation tests (Core 15/15, passed_count 17)
  1.62% of Permutation test rounds,  89.47% of Permutation tests (Core 3/15, passed_count 17)
  1.63% of Permutation test rounds,  89.47% of Permutation tests (Core 7/15, passed_count 17)
  1.64% of Permutation test rounds,  89.47% of Permutation tests (Core 12/15, passed_count 17)
  1.65% of Permutation test rounds,  89.47% of Permutation tests (Core 11/15, passed_count 17)
  1.66% of Permutation test rounds,  89.47% of Permutation tests (Core 5/15, passed_count 17)
  1.67% of Permutation test rounds,  89.47% of Permutation tests (Core 6/15, passed_count 17)
  1.68% of Permutation test rounds,  89.47% of Permutation tests (Core 8/15, passed_count 17)
  1.69% of Permutation test rounds,  89.47% of Permutation tests (Core 1/15, passed_count 17)
  1.70% of Permutation test rounds,  89.47% of Permutation tests (Core 2/15, passed_count 17)
  1.71% of Permutation test rounds,  89.47% of Permutation tests (Core 14/15, passed_count 17)
  1.72% of Permutation test rounds,  89.47% of Permutation tests (Core 9/15, passed_count 17)
  1.73% of Permutation test rounds,  89.47% of Permutation tests (Core 10/15, passed_count 17)
  1.74% of Permutation test rounds,  89.47% of Permutation tests (Core 0/15, passed_count 17)
  1.75% of Permutation test rounds,  89.47% of Permutation tests (Core 13/15, passed_count 17)
  1.76% of Permutation test rounds,  89.47% of Permutation tests (Core 15/15, passed_count 17)
  1.77% of Permutation test rounds,  89.47% of Permutation tests (Core 4/15, passed_count 17)
  1.78% of Permutation test rounds,  89.47% of Permutation tests (Core 3/15, passed_count 17)
  1.79% of Permutation test rounds,  89.47% of Permutation tests (Core 6/15, passed_count 17)
  1.80% of Permutation test rounds,  89.47% of Permutation tests (Core 7/15, passed_count 17)
  1.81% of Permutation test rounds,  89.47% of Permutation tests (Core 12/15, passed_count 17)
  1.82% of Permutation test rounds,  89.47% of Permutation tests (Core 11/15, passed_count 17)
  1.83% of Permutation test rounds,  89.47% of Permutation tests (Core 5/15, passed_count 17)
  1.84% of Permutation test rounds,  89.47% of Permutation tests (Core 8/15, passed_count 17)
  1.85% of Permutation test rounds,  89.47% of Permutation tests (Core 1/15, passed_count 17)
  1.86% of Permutation test rounds,  89.47% of Permutation tests (Core 2/15, passed_count 17)
  1.87% of Permutation test rounds,  89.47% of Permutation tests (Core 14/15, passed_count 17)
  1.88% of Permutation test rounds,  89.47% of Permutation tests (Core 10/15, passed_count 17)
  1.89% of Permutation test rounds,  89.47% of Permutation tests (Core 0/15, passed_count 17)
  1.90% of Permutation test rounds,  89.47% of Permutation tests (Core 9/15, passed_count 17)
  1.91% of Permutation test rounds,  89.47% of Permutation tests (Core 15/15, passed_count 17)
  1.92% of Permutation test rounds,  89.47% of Permutation tests (Core 13/15, passed_count 17)
  1.93% of Permutation test rounds,  89.47% of Permutation tests (Core 6/15, passed_count 17)
  1.94% of Permutation test rounds,  89.47% of Permutation tests (Core 4/15, passed_count 17)
  1.95% of Permutation test rounds,  89.47% of Permutation tests (Core 3/15, passed_count 17)
  1.96% of Permutation test rounds,  89.47% of Permutation tests (Core 7/15, passed_count 17)
  1.97% of Permutation test rounds,  89.47% of Permutation tests (Core 12/15, passed_count 17)
  1.98% of Permutation test rounds,  89.47% of Permutation tests (Core 11/15, passed_count 17)
  1.99% of Permutation test rounds,  89.47% of Permutation tests (Core 8/15, passed_count 17)
  2.00% of Permutation test rounds,  89.47% of Permutation tests (Core 5/15, passed_count 17)
  2.01% of Permutation test rounds,  89.47% of Permutation tests (Core 1/15, passed_count 17)
  2.02% of Permutation test rounds,  89.47% of Permutation tests (Core 2/15, passed_count 17)
  2.03% of Permutation test rounds,  89.47% of Permutation tests (Core 14/15, passed_count 17)
  2.04% of Permutation test rounds,  89.47% of Permutation tests (Core 10/15, passed_count 17)
  2.05% of Permutation test rounds,  89.47% of Permutation tests (Core 0/15, passed_count 17)
  2.06% of Permutation test rounds,  89.47% of Permutation tests (Core 9/15, passed_count 17)
  2.07% of Permutation test rounds,  89.47% of Permutation tests (Core 15/15, passed_count 17)
  2.08% of Permutation test rounds,  89.47% of Permutation tests (Core 6/15, passed_count 17)
  2.09% of Permutation test rounds,  89.47% of Permutation tests (Core 13/15, passed_count 17)
  2.10% of Permutation test rounds,  89.47% of Permutation tests (Core 4/15, passed_count 17)
  2.11% of Permutation test rounds,  89.47% of Permutation tests (Core 3/15, passed_count 17)
  2.12% of Permutation test rounds,  89.47% of Permutation tests (Core 8/15, passed_count 17)
  2.13% of Permutation test rounds,  89.47% of Permutation tests (Core 7/15, passed_count 17)
  2.14% of Permutation test rounds,  89.47% of Permutation tests (Core 12/15, passed_count 17)
  2.15% of Permutation test rounds,  89.47% of Permutation tests (Core 5/15, passed_count 17)
  2.16% of Permutation test rounds,  89.47% of Permutation tests (Core 11/15, passed_count 17)
  2.17% of Permutation test rounds,  89.47% of Permutation tests (Core 1/15, passed_count 17)
  2.18% of Permutation test rounds,  89.47% of Permutation tests (Core 14/15, passed_count 17)
  2.19% of Permutation test rounds,  89.47% of Permutation tests (Core 2/15, passed_count 17)
  2.20% of Permutation test rounds,  89.47% of Permutation tests (Core 0/15, passed_count 17)
  2.21% of Permutation test rounds,  89.47% of Permutation tests (Core 10/15, passed_count 17)
  2.22% of Permutation test rounds,  89.47% of Permutation tests (Core 9/15, passed_count 17)
  2.23% of Permutation test rounds,  89.47% of Permutation tests (Core 15/15, passed_count 17)
  2.24% of Permutation test rounds,  89.47% of Permutation tests (Core 6/15, passed_count 17)
  2.25% of Permutation test rounds,  89.47% of Permutation tests (Core 13/15, passed_count 17)
  2.26% of Permutation test rounds,  89.47% of Permutation tests (Core 3/15, passed_count 17)
  2.27% of Permutation test rounds,  89.47% of Permutation tests (Core 4/15, passed_count 17)
  2.28% of Permutation test rounds,  89.47% of Permutation tests (Core 8/15, passed_count 17)
  2.29% of Permutation test rounds,  89.47% of Permutation tests (Core 7/15, passed_count 17)
  2.30% of Permutation test rounds,  89.47% of Permutation tests (Core 12/15, passed_count 17)
  2.31% of Permutation test rounds,  89.47% of Permutation tests (Core 11/15, passed_count 17)
  2.32% of Permutation test rounds,  89.47% of Permutation tests (Core 1/15, passed_count 17)
  2.33% of Permutation test rounds,  89.47% of Permutation tests (Core 5/15, passed_count 17)
  2.34% of Permutation test rounds,  89.47% of Permutation tests (Core 2/15, passed_count 17)
  2.35% of Permutation test rounds,  89.47% of Permutation tests (Core 14/15, passed_count 17)
  2.36% of Permutation test rounds,  89.47% of Permutation tests (Core 0/15, passed_count 17)
  2.37% of Permutation test rounds,  89.47% of Permutation tests (Core 10/15, passed_count 17)
  2.38% of Permutation test rounds,  89.47% of Permutation tests (Core 9/15, passed_count 17)
  2.39% of Permutation test rounds,  89.47% of Permutation tests (Core 15/15, passed_count 17)
  2.40% of Permutation test rounds,  89.47% of Permutation tests (Core 6/15, passed_count 17)
  2.41% of Permutation test rounds,  89.47% of Permutation tests (Core 13/15, passed_count 17)
  2.42% of Permutation test rounds,  89.47% of Permutation tests (Core 3/15, passed_count 17)
  2.43% of Permutation test rounds,  89.47% of Permutation tests (Core 4/15, passed_count 17)
  2.44% of Permutation test rounds,  89.47% of Permutation tests (Core 1/15, passed_count 17)
  2.45% of Permutation test rounds,  89.47% of Permutation tests (Core 8/15, passed_count 17)
  2.46% of Permutation test rounds,  89.47% of Permutation tests (Core 7/15, passed_count 17)
  2.47% of Permutation test rounds,  89.47% of Permutation tests (Core 12/15, passed_count 17)
  2.48% of Permutation test rounds,  89.47% of Permutation tests (Core 11/15, passed_count 17)
  2.49% of Permutation test rounds,  89.47% of Permutation tests (Core 14/15, passed_count 17)
  2.50% of Permutation test rounds,  89.47% of Permutation tests (Core 2/15, passed_count 17)
  2.51% of Permutation test rounds,  89.47% of Permutation tests (Core 5/15, passed_count 17)
  2.52% of Permutation test rounds,  89.47% of Permutation tests (Core 0/15, passed_count 17)
  2.53% of Permutation test rounds,  89.47% of Permutation tests (Core 10/15, passed_count 17)
  2.54% of Permutation test rounds,  89.47% of Permutation tests (Core 9/15, passed_count 17)
  2.55% of Permutation test rounds,  89.47% of Permutation tests (Core 15/15, passed_count 17)
  2.56% of Permutation test rounds,  89.47% of Permutation tests (Core 6/15, passed_count 17)
  2.57% of Permutation test rounds,  89.47% of Permutation tests (Core 1/15, passed_count 17)
  2.58% of Permutation test rounds,  89.47% of Permutation tests (Core 13/15, passed_count 17)
  2.59% of Permutation test rounds,  89.47% of Permutation tests (Core 3/15, passed_count 17)
  2.60% of Permutation test rounds,  89.47% of Permutation tests (Core 2/15, passed_count 17)
  2.61% of Permutation test rounds,  89.47% of Permutation tests (Core 14/15, passed_count 17)
  2.62% of Permutation test rounds,  89.47% of Permutation tests (Core 0/15, passed_count 17)
  2.63% of Permutation test rounds,  89.47% of Permutation tests (Core 4/15, passed_count 17)
  2.64% of Permutation test rounds,  89.47% of Permutation tests (Core 12/15, passed_count 17)
  2.65% of Permutation test rounds,  89.47% of Permutation tests (Core 8/15, passed_count 17)
  2.66% of Permutation test rounds,  89.47% of Permutation tests (Core 7/15, passed_count 17)
  2.67% of Permutation test rounds,  89.47% of Permutation tests (Core 10/15, passed_count 17)
  2.68% of Permutation test rounds,  89.47% of Permutation tests (Core 11/15, passed_count 17)
  2.69% of Permutation test rounds,  89.47% of Permutation tests (Core 9/15, passed_count 17)
  2.70% of Permutation test rounds,  89.47% of Permutation tests (Core 5/15, passed_count 17)
  2.71% of Permutation test rounds,  89.47% of Permutation tests (Core 15/15, passed_count 17)
  2.72% of Permutation test rounds,  89.47% of Permutation tests (Core 6/15, passed_count 17)
  2.73% of Permutation test rounds,  89.47% of Permutation tests (Core 1/15, passed_count 17)
  2.74% of Permutation test rounds,  89.47% of Permutation tests (Core 2/15, passed_count 17)
  2.75% of Permutation test rounds,  89.47% of Permutation tests (Core 14/15, passed_count 17)
  2.76% of Permutation test rounds,  89.47% of Permutation tests (Core 0/15, passed_count 17)
  2.77% of Permutation test rounds,  89.47% of Permutation tests (Core 13/15, passed_count 17)
  2.78% of Permutation test rounds,  89.47% of Permutation tests (Core 3/15, passed_count 17)
  2.79% of Permutation test rounds,  89.47% of Permutation tests (Core 10/15, passed_count 17)
  2.80% of Permutation test rounds,  89.47% of Permutation tests (Core 4/15, passed_count 17)
  2.81% of Permutation test rounds,  89.47% of Permutation tests (Core 9/15, passed_count 17)
  2.82% of Permutation test rounds,  89.47% of Permutation tests (Core 7/15, passed_count 17)
  2.83% of Permutation test rounds,  89.47% of Permutation tests (Core 12/15, passed_count 17)
  2.84% of Permutation test rounds,  89.47% of Permutation tests (Core 8/15, passed_count 17)
  2.85% of Permutation test rounds,  89.47% of Permutation tests (Core 6/15, passed_count 17)
  2.86% of Permutation test rounds,  89.47% of Permutation tests (Core 15/15, passed_count 17)
  2.87% of Permutation test rounds,  89.47% of Permutation tests (Core 11/15, passed_count 17)
  2.88% of Permutation test rounds,  89.47% of Permutation tests (Core 5/15, passed_count 17)
  2.89% of Permutation test rounds,  89.47% of Permutation tests (Core 1/15, passed_count 17)
  2.90% of Permutation test rounds,  89.47% of Permutation tests (Core 2/15, passed_count 17)
  2.91% of Permutation test rounds,  89.47% of Permutation tests (Core 0/15, passed_count 17)
  2.92% of Permutation test rounds,  89.47% of Permutation tests (Core 14/15, passed_count 17)
  2.93% of Permutation test rounds,  89.47% of Permutation tests (Core 10/15, passed_count 17)
  2.94% of Permutation test rounds,  89.47% of Permutation tests (Core 13/15, passed_count 17)
  2.95% of Permutation test rounds,  89.47% of Permutation tests (Core 9/15, passed_count 17)
  2.96% of Permutation test rounds,  89.47% of Permutation tests (Core 3/15, passed_count 17)
  2.97% of Permutation test rounds,  89.47% of Permutation tests (Core 15/15, passed_count 17)
  2.98% of Permutation test rounds,  89.47% of Permutation tests (Core 6/15, passed_count 17)
  2.99% of Permutation test rounds,  89.47% of Permutation tests (Core 4/15, passed_count 17)
  3.00% of Permutation test rounds,  89.47% of Permutation tests (Core 12/15, passed_count 17)
  3.01% of Permutation test rounds,  89.47% of Permutation tests (Core 7/15, passed_count 17)
  3.02% of Permutation test rounds,  89.47% of Permutation tests (Core 8/15, passed_count 17)
  3.03% of Permutation test rounds,  89.47% of Permutation tests (Core 5/15, passed_count 17)
  3.04% of Permutation test rounds,  89.47% of Permutation tests (Core 11/15, passed_count 17)
  3.05% of Permutation test rounds,  89.47% of Permutation tests (Core 2/15, passed_count 17)
  3.06% of Permutation test rounds,  89.47% of Permutation tests (Core 1/15, passed_count 17)
  3.07% of Permutation test rounds,  89.47% of Permutation tests (Core 14/15, passed_count 17)
  3.08% of Permutation test rounds,  89.47% of Permutation tests (Core 0/15, passed_count 17)
  3.09% of Permutation test rounds,  89.47% of Permutation tests (Core 10/15, passed_count 17)
  3.10% of Permutation test rounds,  89.47% of Permutation tests (Core 9/15, passed_count 17)
  3.11% of Permutation test rounds,  89.47% of Permutation tests (Core 15/15, passed_count 17)
  3.12% of Permutation test rounds,  89.47% of Permutation tests (Core 6/15, passed_count 17)
  3.13% of Permutation test rounds,  89.47% of Permutation tests (Core 13/15, passed_count 17)
  3.14% of Permutation test rounds,  89.47% of Permutation tests (Core 3/15, passed_count 17)
  3.15% of Permutation test rounds,  89.47% of Permutation tests (Core 4/15, passed_count 17)
  3.16% of Permutation test rounds,  89.47% of Permutation tests (Core 5/15, passed_count 17)
  3.17% of Permutation test rounds,  89.47% of Permutation tests (Core 12/15, passed_count 17)
  3.18% of Permutation test rounds,  89.47% of Permutation tests (Core 7/15, passed_count 17)
  3.19% of Permutation test rounds,  89.47% of Permutation tests (Core 8/15, passed_count 17)
  3.20% of Permutation test rounds,  89.47% of Permutation tests (Core 11/15, passed_count 17)
  3.21% of Permutation test rounds,  89.47% of Permutation tests (Core 2/15, passed_count 17)
  3.22% of Permutation test rounds,  89.47% of Permutation tests (Core 1/15, passed_count 17)
  3.23% of Permutation test rounds,  89.47% of Permutation tests (Core 14/15, passed_count 17)
  3.24% of Permutation test rounds,  89.47% of Permutation tests (Core 0/15, passed_count 17)
  3.25% of Permutation test rounds,  89.47% of Permutation tests (Core 10/15, passed_count 17)
  3.26% of Permutation test rounds,  89.47% of Permutation tests (Core 9/15, passed_count 17)
  3.27% of Permutation test rounds,  89.47% of Permutation tests (Core 6/15, passed_count 17)
  3.28% of Permutation test rounds,  89.47% of Permutation tests (Core 15/15, passed_count 17)
  3.29% of Permutation test rounds,  89.47% of Permutation tests (Core 13/15, passed_count 17)
  3.30% of Permutation test rounds,  89.47% of Permutation tests (Core 3/15, passed_count 17)
  3.31% of Permutation test rounds,  89.47% of Permutation tests (Core 4/15, passed_count 17)
  3.32% of Permutation test rounds,  89.47% of Permutation tests (Core 5/15, passed_count 17)
  3.33% of Permutation test rounds,  89.47% of Permutation tests (Core 12/15, passed_count 17)
  3.34% of Permutation test rounds,  89.47% of Permutation tests (Core 8/15, passed_count 17)
  3.35% of Permutation test rounds,  89.47% of Permutation tests (Core 7/15, passed_count 17)
  3.36% of Permutation test rounds,  89.47% of Permutation tests (Core 11/15, passed_count 17)
  3.37% of Permutation test rounds,  89.47% of Permutation tests (Core 2/15, passed_count 17)
  3.38% of Permutation test rounds,  89.47% of Permutation tests (Core 1/15, passed_count 17)
  3.39% of Permutation test rounds,  89.47% of Permutation tests (Core 14/15, passed_count 17)
  3.40% of Permutation test rounds,  89.47% of Permutation tests (Core 0/15, passed_count 17)
  3.41% of Permutation test rounds,  89.47% of Permutation tests (Core 10/15, passed_count 17)
  3.42% of Permutation test rounds,  89.47% of Permutation tests (Core 9/15, passed_count 17)
  3.43% of Permutation test rounds,  89.47% of Permutation tests (Core 15/15, passed_count 17)
  3.44% of Permutation test rounds,  89.47% of Permutation tests (Core 6/15, passed_count 17)
  3.45% of Permutation test rounds,  89.47% of Permutation tests (Core 13/15, passed_count 17)
  3.46% of Permutation test rounds,  89.47% of Permutation tests (Core 3/15, passed_count 17)
  3.47% of Permutation test rounds,  89.47% of Permutation tests (Core 1/15, passed_count 17)
  3.48% of Permutation test rounds,  89.47% of Permutation tests (Core 2/15, passed_count 17)
  3.49% of Permutation test rounds,  89.47% of Permutation tests (Core 4/15, passed_count 17)
  3.50% of Permutation test rounds,  89.47% of Permutation tests (Core 5/15, passed_count 17)
  3.51% of Permutation test rounds,  89.47% of Permutation tests (Core 12/15, passed_count 17)
  3.52% of Permutation test rounds,  89.47% of Permutation tests (Core 14/15, passed_count 17)
  3.53% of Permutation test rounds,  89.47% of Permutation tests (Core 7/15, passed_count 17)
  3.54% of Permutation test rounds,  89.47% of Permutation tests (Core 8/15, passed_count 17)
  3.55% of Permutation test rounds,  89.47% of Permutation tests (Core 11/15, passed_count 17)
  3.56% of Permutation test rounds,  89.47% of Permutation tests (Core 0/15, passed_count 17)
  3.57% of Permutation test rounds,  89.47% of Permutation tests (Core 10/15, passed_count 17)
  3.58% of Permutation test rounds,  89.47% of Permutation tests (Core 9/15, passed_count 17)
  3.59% of Permutation test rounds,  89.47% of Permutation tests (Core 15/15, passed_count 17)
  3.60% of Permutation test rounds,  89.47% of Permutation tests (Core 6/15, passed_count 17)
  3.61% of Permutation test rounds,  89.47% of Permutation tests (Core 13/15, passed_count 17)
  3.62% of Permutation test rounds,  89.47% of Permutation tests (Core 2/15, passed_count 17)
  3.63% of Permutation test rounds,  89.47% of Permutation tests (Core 1/15, passed_count 17)
  3.64% of Permutation test rounds,  89.47% of Permutation tests (Core 14/15, passed_count 17)
  3.65% of Permutation test rounds,  89.47% of Permutation tests (Core 3/15, passed_count 17)
  3.66% of Permutation test rounds,  89.47% of Permutation tests (Core 5/15, passed_count 17)
  3.67% of Permutation test rounds,  89.47% of Permutation tests (Core 4/15, passed_count 17)
  3.68% of Permutation test rounds,  89.47% of Permutation tests (Core 7/15, passed_count 17)
  3.69% of Permutation test rounds,  89.47% of Permutation tests (Core 12/15, passed_count 17)
  3.70% of Permutation test rounds,  89.47% of Permutation tests (Core 11/15, passed_count 17)
  3.71% of Permutation test rounds,  89.47% of Permutation tests (Core 10/15, passed_count 17)
  3.72% of Permutation test rounds,  89.47% of Permutation tests (Core 0/15, passed_count 17)
  3.73% of Permutation test rounds,  89.47% of Permutation tests (Core 8/15, passed_count 17)
  3.74% of Permutation test rounds,  89.47% of Permutation tests (Core 9/15, passed_count 17)
  3.75% of Permutation test rounds,  89.47% of Permutation tests (Core 15/15, passed_count 17)
  3.76% of Permutation test rounds,  89.47% of Permutation tests (Core 6/15, passed_count 17)
  3.77% of Permutation test rounds,  89.47% of Permutation tests (Core 1/15, passed_count 17)
  3.78% of Permutation test rounds,  89.47% of Permutation tests (Core 2/15, passed_count 17)
  3.79% of Permutation test rounds,  89.47% of Permutation tests (Core 14/15, passed_count 17)
  3.80% of Permutation test rounds,  89.47% of Permutation tests (Core 13/15, passed_count 17)
  3.81% of Permutation test rounds,  89.47% of Permutation tests (Core 3/15, passed_count 17)
  3.82% of Permutation test rounds,  89.47% of Permutation tests (Core 4/15, passed_count 17)
  3.83% of Permutation test rounds,  89.47% of Permutation tests (Core 5/15, passed_count 17)
  3.84% of Permutation test rounds,  89.47% of Permutation tests (Core 10/15, passed_count 17)
  3.85% of Permutation test rounds,  89.47% of Permutation tests (Core 0/15, passed_count 17)
  3.86% of Permutation test rounds,  89.47% of Permutation tests (Core 9/15, passed_count 17)
  3.87% of Permutation test rounds,  89.47% of Permutation tests (Core 12/15, passed_count 17)
  3.88% of Permutation test rounds,  89.47% of Permutation tests (Core 7/15, passed_count 17)
  3.89% of Permutation test rounds,  89.47% of Permutation tests (Core 11/15, passed_count 17)
  3.90% of Permutation test rounds,  89.47% of Permutation tests (Core 8/15, passed_count 17)
  3.91% of Permutation test rounds,  89.47% of Permutation tests (Core 15/15, passed_count 17)
  3.92% of Permutation test rounds,  89.47% of Permutation tests (Core 6/15, passed_count 17)
  3.93% of Permutation test rounds,  89.47% of Permutation tests (Core 1/15, passed_count 17)
  3.94% of Permutation test rounds,  89.47% of Permutation tests (Core 2/15, passed_count 17)
  3.95% of Permutation test rounds,  89.47% of Permutation tests (Core 14/15, passed_count 17)
  3.96% of Permutation test rounds,  89.47% of Permutation tests (Core 9/15, passed_count 17)
  3.97% of Permutation test rounds,  89.47% of Permutation tests (Core 0/15, passed_count 17)
  3.98% of Permutation test rounds,  89.47% of Permutation tests (Core 10/15, passed_count 17)
  3.99% of Permutation test rounds,  89.47% of Permutation tests (Core 13/15, passed_count 17)
  4.00% of Permutation test rounds,  89.47% of Permutation tests (Core 15/15, passed_count 17)
  4.01% of Permutation test rounds,  89.47% of Permutation tests (Core 3/15, passed_count 17)
  4.02% of Permutation test rounds,  89.47% of Permutation tests (Core 6/15, passed_count 17)
  4.03% of Permutation test rounds,  89.47% of Permutation tests (Core 4/15, passed_count 17)
  4.04% of Permutation test rounds,  89.47% of Permutation tests (Core 5/15, passed_count 17)
  4.05% of Permutation test rounds,  89.47% of Permutation tests (Core 12/15, passed_count 17)
  4.06% of Permutation test rounds,  89.47% of Permutation tests (Core 7/15, passed_count 17)
  4.07% of Permutation test rounds,  89.47% of Permutation tests (Core 11/15, passed_count 17)
  4.08% of Permutation test rounds,  89.47% of Permutation tests (Core 8/15, passed_count 17)
  4.09% of Permutation test rounds,  89.47% of Permutation tests (Core 14/15, passed_count 17)
  4.10% of Permutation test rounds,  89.47% of Permutation tests (Core 1/15, passed_count 17)
  4.11% of Permutation test rounds,  89.47% of Permutation tests (Core 2/15, passed_count 17)
  4.12% of Permutation test rounds,  89.47% of Permutation tests (Core 9/15, passed_count 17)
  4.13% of Permutation test rounds,  89.47% of Permutation tests (Core 10/15, passed_count 17)
  4.14% of Permutation test rounds,  89.47% of Permutation tests (Core 0/15, passed_count 17)
  4.15% of Permutation test rounds,  89.47% of Permutation tests (Core 15/15, passed_count 17)
  4.16% of Permutation test rounds,  89.47% of Permutation tests (Core 6/15, passed_count 17)
  4.17% of Permutation test rounds,  89.47% of Permutation tests (Core 13/15, passed_count 17)
  4.18% of Permutation test rounds,  89.47% of Permutation tests (Core 3/15, passed_count 17)
  4.19% of Permutation test rounds,  89.47% of Permutation tests (Core 4/15, passed_count 17)
  4.20% of Permutation test rounds,  89.47% of Permutation tests (Core 5/15, passed_count 17)
  4.21% of Permutation test rounds,  89.47% of Permutation tests (Core 12/15, passed_count 17)
  4.22% of Permutation test rounds,  89.47% of Permutation tests (Core 7/15, passed_count 17)
  4.23% of Permutation test rounds,  89.47% of Permutation tests (Core 11/15, passed_count 17)
  4.24% of Permutation test rounds,  89.47% of Permutation tests (Core 8/15, passed_count 17)
  4.25% of Permutation test rounds,  89.47% of Permutation tests (Core 14/15, passed_count 17)
  4.26% of Permutation test rounds,  89.47% of Permutation tests (Core 2/15, passed_count 17)
  4.27% of Permutation test rounds,  89.47% of Permutation tests (Core 1/15, passed_count 17)
  4.28% of Permutation test rounds,  89.47% of Permutation tests (Core 9/15, passed_count 17)
  4.29% of Permutation test rounds,  89.47% of Permutation tests (Core 10/15, passed_count 17)
  4.30% of Permutation test rounds,  89.47% of Permutation tests (Core 0/15, passed_count 17)
  4.31% of Permutation test rounds,  89.47% of Permutation tests (Core 15/15, passed_count 17)
  4.32% of Permutation test rounds,  89.47% of Permutation tests (Core 6/15, passed_count 17)
  4.33% of Permutation test rounds,  89.47% of Permutation tests (Core 13/15, passed_count 17)
  4.34% of Permutation test rounds,  89.47% of Permutation tests (Core 4/15, passed_count 17)
  4.35% of Permutation test rounds,  89.47% of Permutation tests (Core 3/15, passed_count 17)
  4.36% of Permutation test rounds,  89.47% of Permutation tests (Core 5/15, passed_count 17)
  4.37% of Permutation test rounds,  89.47% of Permutation tests (Core 12/15, passed_count 17)
  4.38% of Permutation test rounds,  89.47% of Permutation tests (Core 7/15, passed_count 17)
  4.39% of Permutation test rounds,  89.47% of Permutation tests (Core 11/15, passed_count 17)
  4.40% of Permutation test rounds,  89.47% of Permutation tests (Core 8/15, passed_count 17)
  4.41% of Permutation test rounds,  89.47% of Permutation tests (Core 2/15, passed_count 17)
  4.42% of Permutation test rounds,  89.47% of Permutation tests (Core 1/15, passed_count 17)
  4.43% of Permutation test rounds,  89.47% of Permutation tests (Core 14/15, passed_count 17)
  4.44% of Permutation test rounds,  89.47% of Permutation tests (Core 10/15, passed_count 17)
  4.45% of Permutation test rounds,  89.47% of Permutation tests (Core 9/15, passed_count 17)
  4.46% of Permutation test rounds,  89.47% of Permutation tests (Core 0/15, passed_count 17)
  4.47% of Permutation test rounds,  89.47% of Permutation tests (Core 15/15, passed_count 17)
  4.48% of Permutation test rounds,  89.47% of Permutation tests (Core 6/15, passed_count 17)
  4.49% of Permutation test rounds,  89.47% of Permutation tests (Core 13/15, passed_count 17)
  4.50% of Permutation test rounds,  89.47% of Permutation tests (Core 4/15, passed_count 17)
  4.51% of Permutation test rounds,  89.47% of Permutation tests (Core 5/15, passed_count 17)
  4.52% of Permutation test rounds,  89.47% of Permutation tests (Core 1/15, passed_count 17)
  4.53% of Permutation test rounds,  89.47% of Permutation tests (Core 3/15, passed_count 17)
  4.54% of Permutation test rounds,  89.47% of Permutation tests (Core 8/15, passed_count 17)
  4.55% of Permutation test rounds,  89.47% of Permutation tests (Core 12/15, passed_count 17)
  4.56% of Permutation test rounds,  89.47% of Permutation tests (Core 14/15, passed_count 17)
  4.57% of Permutation test rounds,  89.47% of Permutation tests (Core 2/15, passed_count 17)
  4.58% of Permutation test rounds,  89.47% of Permutation tests (Core 11/15, passed_count 17)
  4.59% of Permutation test rounds,  89.47% of Permutation tests (Core 7/15, passed_count 17)
  4.60% of Permutation test rounds,  89.47% of Permutation tests (Core 10/15, passed_count 17)
  4.61% of Permutation test rounds,  89.47% of Permutation tests (Core 9/15, passed_count 17)
  4.62% of Permutation test rounds,  89.47% of Permutation tests (Core 0/15, passed_count 17)
  4.63% of Permutation test rounds,  89.47% of Permutation tests (Core 15/15, passed_count 17)
  4.64% of Permutation test rounds,  89.47% of Permutation tests (Core 6/15, passed_count 17)
  4.65% of Permutation test rounds,  89.47% of Permutation tests (Core 13/15, passed_count 17)
  4.66% of Permutation test rounds,  89.47% of Permutation tests (Core 1/15, passed_count 17)
  4.67% of Permutation test rounds,  89.47% of Permutation tests (Core 4/15, passed_count 17)
  4.68% of Permutation test rounds,  89.47% of Permutation tests (Core 14/15, passed_count 17)
  4.69% of Permutation test rounds,  89.47% of Permutation tests (Core 3/15, passed_count 17)
  4.70% of Permutation test rounds,  89.47% of Permutation tests (Core 2/15, passed_count 17)
  4.71% of Permutation test rounds,  89.47% of Permutation tests (Core 5/15, passed_count 17)
  4.72% of Permutation test rounds,  89.47% of Permutation tests (Core 10/15, passed_count 17)
  4.73% of Permutation test rounds,  89.47% of Permutation tests (Core 9/15, passed_count 17)
  4.74% of Permutation test rounds,  89.47% of Permutation tests (Core 12/15, passed_count 17)
  4.75% of Permutation test rounds,  89.47% of Permutation tests (Core 8/15, passed_count 17)
  4.76% of Permutation test rounds,  89.47% of Permutation tests (Core 0/15, passed_count 17)
  4.77% of Permutation test rounds,  89.47% of Permutation tests (Core 11/15, passed_count 17)
  4.78% of Permutation test rounds,  89.47% of Permutation tests (Core 7/15, passed_count 17)
  4.79% of Permutation test rounds,  89.47% of Permutation tests (Core 15/15, passed_count 17)
  4.80% of Permutation test rounds,  89.47% of Permutation tests (Core 6/15, passed_count 17)
  4.81% of Permutation test rounds,  89.47% of Permutation tests (Core 1/15, passed_count 17)
  4.82% of Permutation test rounds,  89.47% of Permutation tests (Core 13/15, passed_count 17)
  4.83% of Permutation test rounds,  89.47% of Permutation tests (Core 3/15, passed_count 17)
  4.84% of Permutation test rounds,  89.47% of Permutation tests (Core 14/15, passed_count 17)
  4.85% of Permutation test rounds,  89.47% of Permutation tests (Core 2/15, passed_count 17)
  4.86% of Permutation test rounds,  89.47% of Permutation tests (Core 10/15, passed_count 17)
  4.87% of Permutation test rounds,  89.47% of Permutation tests (Core 9/15, passed_count 17)
  4.88% of Permutation test rounds,  89.47% of Permutation tests (Core 0/15, passed_count 17)
  4.89% of Permutation test rounds,  89.47% of Permutation tests (Core 4/15, passed_count 17)
  4.90% of Permutation test rounds,  89.47% of Permutation tests (Core 5/15, passed_count 17)
  4.91% of Permutation test rounds,  89.47% of Permutation tests (Core 11/15, passed_count 17)
  4.92% of Permutation test rounds,  89.47% of Permutation tests (Core 8/15, passed_count 17)
  4.93% of Permutation test rounds,  89.47% of Permutation tests (Core 12/15, passed_count 17)
  4.94% of Permutation test rounds,  89.47% of Permutation tests (Core 7/15, passed_count 17)
  4.95% of Permutation test rounds,  89.47% of Permutation tests (Core 15/15, passed_count 17)
  4.96% of Permutation test rounds,  89.47% of Permutation tests (Core 6/15, passed_count 17)
  4.97% of Permutation test rounds,  89.47% of Permutation tests (Core 1/15, passed_count 17)
  4.98% of Permutation test rounds,  89.47% of Permutation tests (Core 14/15, passed_count 17)
  4.99% of Permutation test rounds,  89.47% of Permutation tests (Core 13/15, passed_count 17)
  5.00% of Permutation test rounds,  89.47% of Permutation tests (Core 3/15, passed_count 17)
  5.01% of Permutation test rounds,  89.47% of Permutation tests (Core 2/15, passed_count 17)
  5.02% of Permutation test rounds,  89.47% of Permutation tests (Core 10/15, passed_count 17)
  5.03% of Permutation test rounds,  89.47% of Permutation tests (Core 0/15, passed_count 17)
  5.04% of Permutation test rounds,  89.47% of Permutation tests (Core 9/15, passed_count 17)
  5.05% of Permutation test rounds,  89.47% of Permutation tests (Core 4/15, passed_count 17)
  5.06% of Permutation test rounds,  89.47% of Permutation tests (Core 5/15, passed_count 17)
  5.07% of Permutation test rounds,  89.47% of Permutation tests (Core 15/15, passed_count 17)
  5.08% of Permutation test rounds,  89.47% of Permutation tests (Core 11/15, passed_count 17)
  5.09% of Permutation test rounds,  89.47% of Permutation tests (Core 12/15, passed_count 17)
  5.10% of Permutation test rounds,  89.47% of Permutation tests (Core 8/15, passed_count 17)
  5.11% of Permutation test rounds,  89.47% of Permutation tests (Core 7/15, passed_count 17)
  5.12% of Permutation test rounds,  89.47% of Permutation tests (Core 6/15, passed_count 17)
  5.13% of Permutation test rounds,  89.47% of Permutation tests (Core 1/15, passed_count 17)
  5.14% of Permutation test rounds,  89.47% of Permutation tests (Core 14/15, passed_count 17)
  5.15% of Permutation test rounds,  89.47% of Permutation tests (Core 3/15, passed_count 17)
  5.16% of Permutation test rounds,  89.47% of Permutation tests (Core 2/15, passed_count 17)
  5.17% of Permutation test rounds,  89.47% of Permutation tests (Core 10/15, passed_count 17)
  5.18% of Permutation test rounds,  89.47% of Permutation tests (Core 13/15, passed_count 17)
  5.19% of Permutation test rounds,  89.47% of Permutation tests (Core 9/15, passed_count 17)
  5.20% of Permutation test rounds,  89.47% of Permutation tests (Core 0/15, passed_count 17)
  5.21% of Permutation test rounds,  89.47% of Permutation tests (Core 15/15, passed_count 17)
  5.22% of Permutation test rounds,  89.47% of Permutation tests (Core 4/15, passed_count 17)
  5.23% of Permutation test rounds,  89.47% of Permutation tests (Core 11/15, passed_count 17)
  5.24% of Permutation test rounds,  89.47% of Permutation tests (Core 5/15, passed_count 17)
  5.25% of Permutation test rounds,  89.47% of Permutation tests (Core 6/15, passed_count 17)
  5.26% of Permutation test rounds,  89.47% of Permutation tests (Core 8/15, passed_count 17)
  5.27% of Permutation test rounds,  89.47% of Permutation tests (Core 12/15, passed_count 17)
  5.28% of Permutation test rounds,  89.47% of Permutation tests (Core 7/15, passed_count 17)
  5.29% of Permutation test rounds,  89.47% of Permutation tests (Core 1/15, passed_count 17)
  5.30% of Permutation test rounds,  89.47% of Permutation tests (Core 14/15, passed_count 17)
  5.31% of Permutation test rounds,  89.47% of Permutation tests (Core 9/15, passed_count 17)
  5.32% of Permutation test rounds,  89.47% of Permutation tests (Core 2/15, passed_count 17)
  5.33% of Permutation test rounds,  89.47% of Permutation tests (Core 10/15, passed_count 17)
  5.34% of Permutation test rounds,  89.47% of Permutation tests (Core 0/15, passed_count 17)
  5.35% of Permutation test rounds,  89.47% of Permutation tests (Core 15/15, passed_count 17)
  5.36% of Permutation test rounds,  89.47% of Permutation tests (Core 6/15, passed_count 17)
  5.37% of Permutation test rounds,  89.47% of Permutation tests (Core 3/15, passed_count 17)
  5.38% of Permutation test rounds,  89.47% of Permutation tests (Core 13/15, passed_count 17)
  5.39% of Permutation test rounds,  89.47% of Permutation tests (Core 1/15, passed_count 17)
  5.40% of Permutation test rounds,  89.47% of Permutation tests (Core 14/15, passed_count 17)
  5.41% of Permutation test rounds,  89.47% of Permutation tests (Core 4/15, passed_count 17)
  5.42% of Permutation test rounds,  89.47% of Permutation tests (Core 9/15, passed_count 17)
  5.43% of Permutation test rounds,  89.47% of Permutation tests (Core 11/15, passed_count 17)
  5.44% of Permutation test rounds,  89.47% of Permutation tests (Core 2/15, passed_count 17)
  5.45% of Permutation test rounds,  89.47% of Permutation tests (Core 0/15, passed_count 17)
  5.46% of Permutation test rounds,  89.47% of Permutation tests (Core 10/15, passed_count 17)
  5.47% of Permutation test rounds,  89.47% of Permutation tests (Core 5/15, passed_count 17)
  5.48% of Permutation test rounds,  89.47% of Permutation tests (Core 15/15, passed_count 17)
  5.49% of Permutation test rounds,  89.47% of Permutation tests (Core 8/15, passed_count 17)
  5.50% of Permutation test rounds,  89.47% of Permutation tests (Core 7/15, passed_count 17)
  5.51% of Permutation test rounds,  89.47% of Permutation tests (Core 12/15, passed_count 17)
  5.52% of Permutation test rounds,  89.47% of Permutation tests (Core 6/15, passed_count 17)
  5.53% of Permutation test rounds,  89.47% of Permutation tests (Core 1/15, passed_count 17)
  5.54% of Permutation test rounds,  89.47% of Permutation tests (Core 14/15, passed_count 17)
  5.55% of Permutation test rounds,  89.47% of Permutation tests (Core 9/15, passed_count 17)
  5.56% of Permutation test rounds,  89.47% of Permutation tests (Core 10/15, passed_count 17)
  5.57% of Permutation test rounds,  89.47% of Permutation tests (Core 0/15, passed_count 17)
  5.58% of Permutation test rounds,  89.47% of Permutation tests (Core 2/15, passed_count 17)
  5.59% of Permutation test rounds,  89.47% of Permutation tests (Core 15/15, passed_count 17)
  5.60% of Permutation test rounds,  89.47% of Permutation tests (Core 3/15, passed_count 17)
  5.61% of Permutation test rounds,  89.47% of Permutation tests (Core 13/15, passed_count 17)
  5.62% of Permutation test rounds,  89.47% of Permutation tests (Core 4/15, passed_count 17)
  5.63% of Permutation test rounds,  89.47% of Permutation tests (Core 6/15, passed_count 17)
  5.64% of Permutation test rounds,  89.47% of Permutation tests (Core 1/15, passed_count 17)
  5.65% of Permutation test rounds,  89.47% of Permutation tests (Core 11/15, passed_count 17)
  5.66% of Permutation test rounds,  89.47% of Permutation tests (Core 14/15, passed_count 17)
  5.67% of Permutation test rounds,  94.74% of Permutation tests (Core 5/15, passed_count 18)
  5.68% of Permutation test rounds,  94.74% of Permutation tests (Core 8/15, passed_count 18)
  5.69% of Permutation test rounds,  94.74% of Permutation tests (Core 12/15, passed_count 18)
  5.70% of Permutation test rounds,  94.74% of Permutation tests (Core 10/15, passed_count 18)
  5.71% of Permutation test rounds,  94.74% of Permutation tests (Core 7/15, passed_count 18)
  5.72% of Permutation test rounds,  94.74% of Permutation tests (Core 9/15, passed_count 18)
  5.73% of Permutation test rounds,  94.74% of Permutation tests (Core 0/15, passed_count 18)
  5.74% of Permutation test rounds,  94.74% of Permutation tests (Core 2/15, passed_count 18)
  5.75% of Permutation test rounds,  94.74% of Permutation tests (Core 15/15, passed_count 18)
  5.76% of Permutation test rounds,  94.74% of Permutation tests (Core 6/15, passed_count 18)
  5.77% of Permutation test rounds,  94.74% of Permutation tests (Core 1/15, passed_count 18)
  5.78% of Permutation test rounds,  94.74% of Permutation tests (Core 14/15, passed_count 18)
  5.79% of Permutation test rounds,  94.74% of Permutation tests (Core 3/15, passed_count 18)
  5.80% of Permutation test rounds,  94.74% of Permutation tests (Core 9/15, passed_count 18)
  5.81% of Permutation test rounds,  94.74% of Permutation tests (Core 13/15, passed_count 18)
  5.82% of Permutation test rounds,  94.74% of Permutation tests (Core 10/15, passed_count 18)
  5.83% of Permutation test rounds,  94.74% of Permutation tests (Core 0/15, passed_count 18)
  5.84% of Permutation test rounds,  94.74% of Permutation tests (Core 4/15, passed_count 18)
  5.85% of Permutation test rounds,  94.74% of Permutation tests (Core 2/15, passed_count 18)
  5.86% of Permutation test rounds,  94.74% of Permutation tests (Core 15/15, passed_count 18)
  5.87% of Permutation test rounds,  94.74% of Permutation tests (Core 11/15, passed_count 18)
  5.88% of Permutation test rounds,  94.74% of Permutation tests (Core 5/15, passed_count 18)
  5.89% of Permutation test rounds,  94.74% of Permutation tests (Core 8/15, passed_count 18)
  5.90% of Permutation test rounds,  94.74% of Permutation tests (Core 12/15, passed_count 18)
  5.91% of Permutation test rounds,  94.74% of Permutation tests (Core 7/15, passed_count 18)
  5.92% of Permutation test rounds,  94.74% of Permutation tests (Core 6/15, passed_count 18)
  5.93% of Permutation test rounds,  94.74% of Permutation tests (Core 1/15, passed_count 18)
  5.94% of Permutation test rounds,  94.74% of Permutation tests (Core 14/15, passed_count 18)
  5.95% of Permutation test rounds,  94.74% of Permutation tests (Core 9/15, passed_count 18)
  5.96% of Permutation test rounds,  94.74% of Permutation tests (Core 0/15, passed_count 18)
  5.97% of Permutation test rounds,  94.74% of Permutation tests (Core 10/15, passed_count 18)
  5.98% of Permutation test rounds,  94.74% of Permutation tests (Core 2/15, passed_count 18)
  5.99% of Permutation test rounds,  94.74% of Permutation tests (Core 15/15, passed_count 18)
  6.00% of Permutation test rounds,  94.74% of Permutation tests (Core 3/15, passed_count 18)
  6.01% of Permutation test rounds,  94.74% of Permutation tests (Core 13/15, passed_count 18)
  6.02% of Permutation test rounds,  94.74% of Permutation tests (Core 1/15, passed_count 18)
  6.03% of Permutation test rounds,  94.74% of Permutation tests (Core 4/15, passed_count 18)
  6.04% of Permutation test rounds,  94.74% of Permutation tests (Core 6/15, passed_count 18)
  6.05% of Permutation test rounds,  94.74% of Permutation tests (Core 14/15, passed_count 18)
  6.06% of Permutation test rounds,  94.74% of Permutation tests (Core 5/15, passed_count 18)
  6.07% of Permutation test rounds,  94.74% of Permutation tests (Core 11/15, passed_count 18)
  6.08% of Permutation test rounds,  94.74% of Permutation tests (Core 0/15, passed_count 18)
  6.09% of Permutation test rounds,  94.74% of Permutation tests (Core 9/15, passed_count 18)
  6.10% of Permutation test rounds,  94.74% of Permutation tests (Core 8/15, passed_count 18)
  6.11% of Permutation test rounds,  94.74% of Permutation tests (Core 10/15, passed_count 18)
  6.12% of Permutation test rounds,  94.74% of Permutation tests (Core 12/15, passed_count 18)
  6.13% of Permutation test rounds,  94.74% of Permutation tests (Core 7/15, passed_count 18)
  6.14% of Permutation test rounds,  94.74% of Permutation tests (Core 15/15, passed_count 18)
  6.15% of Permutation test rounds,  94.74% of Permutation tests (Core 2/15, passed_count 18)
  6.16% of Permutation test rounds,  94.74% of Permutation tests (Core 1/15, passed_count 18)
  6.17% of Permutation test rounds,  94.74% of Permutation tests (Core 6/15, passed_count 18)
  6.18% of Permutation test rounds,  94.74% of Permutation tests (Core 3/15, passed_count 18)
  6.19% of Permutation test rounds,  94.74% of Permutation tests (Core 14/15, passed_count 18)
  6.20% of Permutation test rounds,  94.74% of Permutation tests (Core 13/15, passed_count 18)
  6.21% of Permutation test rounds,  94.74% of Permutation tests (Core 9/15, passed_count 18)
  6.22% of Permutation test rounds,  94.74% of Permutation tests (Core 10/15, passed_count 18)
  6.23% of Permutation test rounds,  94.74% of Permutation tests (Core 0/15, passed_count 18)
  6.24% of Permutation test rounds,  94.74% of Permutation tests (Core 4/15, passed_count 18)
  6.25% of Permutation test rounds,  94.74% of Permutation tests (Core 15/15, passed_count 18)
  6.26% of Permutation test rounds,  94.74% of Permutation tests (Core 2/15, passed_count 18)
  6.27% of Permutation test rounds,  94.74% of Permutation tests (Core 5/15, passed_count 18)
  6.28% of Permutation test rounds,  94.74% of Permutation tests (Core 11/15, passed_count 18)
  6.29% of Permutation test rounds,  94.74% of Permutation tests (Core 8/15, passed_count 18)
  6.30% of Permutation test rounds,  94.74% of Permutation tests (Core 7/15, passed_count 18)
  6.31% of Permutation test rounds,  94.74% of Permutation tests (Core 12/15, passed_count 18)
  6.32% of Permutation test rounds,  94.74% of Permutation tests (Core 1/15, passed_count 18)
  6.33% of Permutation test rounds,  94.74% of Permutation tests (Core 6/15, passed_count 18)
  6.34% of Permutation test rounds,  94.74% of Permutation tests (Core 14/15, passed_count 18)
  6.35% of Permutation test rounds,  94.74% of Permutation tests (Core 9/15, passed_count 18)
  6.36% of Permutation test rounds,  94.74% of Permutation tests (Core 0/15, passed_count 18)
  6.37% of Permutation test rounds,  94.74% of Permutation tests (Core 10/15, passed_count 18)
  6.38% of Permutation test rounds,  94.74% of Permutation tests (Core 3/15, passed_count 18)
  6.39% of Permutation test rounds,  94.74% of Permutation tests (Core 15/15, passed_count 18)
  6.40% of Permutation test rounds,  94.74% of Permutation tests (Core 13/15, passed_count 18)
  6.41% of Permutation test rounds,  94.74% of Permutation tests (Core 2/15, passed_count 18)
  6.42% of Permutation test rounds,  94.74% of Permutation tests (Core 4/15, passed_count 18)
  6.43% of Permutation test rounds,  94.74% of Permutation tests (Core 5/15, passed_count 18)
  6.44% of Permutation test rounds,  94.74% of Permutation tests (Core 1/15, passed_count 18)
  6.45% of Permutation test rounds,  94.74% of Permutation tests (Core 8/15, passed_count 18)
  6.46% of Permutation test rounds,  94.74% of Permutation tests (Core 11/15, passed_count 18)
  6.47% of Permutation test rounds,  94.74% of Permutation tests (Core 7/15, passed_count 18)
  6.48% of Permutation test rounds,  94.74% of Permutation tests (Core 6/15, passed_count 18)
  6.49% of Permutation test rounds,  94.74% of Permutation tests (Core 12/15, passed_count 18)
  6.50% of Permutation test rounds,  94.74% of Permutation tests (Core 14/15, passed_count 18)
  6.51% of Permutation test rounds,  94.74% of Permutation tests (Core 0/15, passed_count 18)
  6.52% of Permutation test rounds,  94.74% of Permutation tests (Core 9/15, passed_count 18)
  6.53% of Permutation test rounds,  94.74% of Permutation tests (Core 10/15, passed_count 18)
  6.54% of Permutation test rounds,  94.74% of Permutation tests (Core 15/15, passed_count 18)
  6.55% of Permutation test rounds,  94.74% of Permutation tests (Core 3/15, passed_count 18)
  6.56% of Permutation test rounds,  94.74% of Permutation tests (Core 2/15, passed_count 18)
  6.57% of Permutation test rounds,  94.74% of Permutation tests (Core 13/15, passed_count 18)
  6.58% of Permutation test rounds,  94.74% of Permutation tests (Core 4/15, passed_count 18)
  6.59% of Permutation test rounds,  94.74% of Permutation tests (Core 6/15, passed_count 18)
  6.60% of Permutation test rounds,  94.74% of Permutation tests (Core 1/15, passed_count 18)
  6.61% of Permutation test rounds,  94.74% of Permutation tests (Core 5/15, passed_count 18)
  6.62% of Permutation test rounds,  94.74% of Permutation tests (Core 8/15, passed_count 18)
  6.63% of Permutation test rounds,  94.74% of Permutation tests (Core 7/15, passed_count 18)
  6.64% of Permutation test rounds,  94.74% of Permutation tests (Core 11/15, passed_count 18)
  6.65% of Permutation test rounds,  94.74% of Permutation tests (Core 12/15, passed_count 18)
  6.66% of Permutation test rounds,  94.74% of Permutation tests (Core 14/15, passed_count 18)
  6.67% of Permutation test rounds,  94.74% of Permutation tests (Core 0/15, passed_count 18)
  6.68% of Permutation test rounds,  94.74% of Permutation tests (Core 10/15, passed_count 18)
  6.69% of Permutation test rounds,  94.74% of Permutation tests (Core 9/15, passed_count 18)
  6.70% of Permutation test rounds,  94.74% of Permutation tests (Core 15/15, passed_count 18)
  6.71% of Permutation test rounds,  94.74% of Permutation tests (Core 2/15, passed_count 18)
  6.72% of Permutation test rounds,  94.74% of Permutation tests (Core 3/15, passed_count 18)
  6.73% of Permutation test rounds,  94.74% of Permutation tests (Core 13/15, passed_count 18)
  6.74% of Permutation test rounds,  94.74% of Permutation tests (Core 1/15, passed_count 18)
  6.75% of Permutation test rounds,  94.74% of Permutation tests (Core 4/15, passed_count 18)
  6.76% of Permutation test rounds,  94.74% of Permutation tests (Core 6/15, passed_count 18)
  6.77% of Permutation test rounds,  94.74% of Permutation tests (Core 8/15, passed_count 18)
  6.78% of Permutation test rounds,  94.74% of Permutation tests (Core 5/15, passed_count 18)
  6.79% of Permutation test rounds,  94.74% of Permutation tests (Core 11/15, passed_count 18)
  6.80% of Permutation test rounds,  94.74% of Permutation tests (Core 14/15, passed_count 18)
  6.81% of Permutation test rounds,  94.74% of Permutation tests (Core 7/15, passed_count 18)
  6.82% of Permutation test rounds,  94.74% of Permutation tests (Core 10/15, passed_count 18)
  6.83% of Permutation test rounds,  94.74% of Permutation tests (Core 0/15, passed_count 18)
  6.84% of Permutation test rounds,  94.74% of Permutation tests (Core 12/15, passed_count 18)
  6.85% of Permutation test rounds,  94.74% of Permutation tests (Core 9/15, passed_count 18)
  6.86% of Permutation test rounds,  94.74% of Permutation tests (Core 15/15, passed_count 18)
  6.87% of Permutation test rounds,  94.74% of Permutation tests (Core 2/15, passed_count 18)
  6.88% of Permutation test rounds,  94.74% of Permutation tests (Core 3/15, passed_count 18)
  6.89% of Permutation test rounds,  94.74% of Permutation tests (Core 1/15, passed_count 18)
  6.90% of Permutation test rounds,  94.74% of Permutation tests (Core 6/15, passed_count 18)
  6.91% of Permutation test rounds,  94.74% of Permutation tests (Core 13/15, passed_count 18)
  6.92% of Permutation test rounds,  94.74% of Permutation tests (Core 4/15, passed_count 18)
  6.93% of Permutation test rounds,  94.74% of Permutation tests (Core 11/15, passed_count 18)
  6.94% of Permutation test rounds,  94.74% of Permutation tests (Core 8/15, passed_count 18)
  6.95% of Permutation test rounds,  94.74% of Permutation tests (Core 14/15, passed_count 18)
  6.96% of Permutation test rounds,  94.74% of Permutation tests (Core 5/15, passed_count 18)
  6.97% of Permutation test rounds,  94.74% of Permutation tests (Core 0/15, passed_count 18)
  6.98% of Permutation test rounds,  94.74% of Permutation tests (Core 7/15, passed_count 18)
  6.99% of Permutation test rounds,  94.74% of Permutation tests (Core 9/15, passed_count 18)
  7.00% of Permutation test rounds,  94.74% of Permutation tests (Core 10/15, passed_count 18)
  7.01% of Permutation test rounds,  94.74% of Permutation tests (Core 15/15, passed_count 18)
  7.02% of Permutation test rounds,  94.74% of Permutation tests (Core 12/15, passed_count 18)
  7.03% of Permutation test rounds,  94.74% of Permutation tests (Core 2/15, passed_count 18)
  7.04% of Permutation test rounds,  94.74% of Permutation tests (Core 1/15, passed_count 18)
  7.05% of Permutation test rounds,  94.74% of Permutation tests (Core 3/15, passed_count 18)
  7.06% of Permutation test rounds,  94.74% of Permutation tests (Core 6/15, passed_count 18)
  7.07% of Permutation test rounds,  94.74% of Permutation tests (Core 13/15, passed_count 18)
  7.08% of Permutation test rounds,  94.74% of Permutation tests (Core 4/15, passed_count 18)
  7.09% of Permutation test rounds,  94.74% of Permutation tests (Core 14/15, passed_count 18)
  7.10% of Permutation test rounds,  94.74% of Permutation tests (Core 0/15, passed_count 18)
  7.11% of Permutation test rounds,  94.74% of Permutation tests (Core 11/15, passed_count 18)
  7.12% of Permutation test rounds,  94.74% of Permutation tests (Core 5/15, passed_count 18)
  7.13% of Permutation test rounds,  94.74% of Permutation tests (Core 9/15, passed_count 18)
  7.14% of Permutation test rounds,  94.74% of Permutation tests (Core 8/15, passed_count 18)
  7.15% of Permutation test rounds,  94.74% of Permutation tests (Core 7/15, passed_count 18)
  7.16% of Permutation test rounds,  94.74% of Permutation tests (Core 10/15, passed_count 18)
  7.17% of Permutation test rounds,  94.74% of Permutation tests (Core 15/15, passed_count 18)
  7.18% of Permutation test rounds,  94.74% of Permutation tests (Core 12/15, passed_count 18)
  7.19% of Permutation test rounds,  94.74% of Permutation tests (Core 2/15, passed_count 18)
  7.20% of Permutation test rounds,  94.74% of Permutation tests (Core 1/15, passed_count 18)
  7.21% of Permutation test rounds,  94.74% of Permutation tests (Core 6/15, passed_count 18)
  7.22% of Permutation test rounds,  94.74% of Permutation tests (Core 3/15, passed_count 18)
  7.23% of Permutation test rounds,  94.74% of Permutation tests (Core 13/15, passed_count 18)
  7.24% of Permutation test rounds,  94.74% of Permutation tests (Core 4/15, passed_count 18)
  7.25% of Permutation test rounds,  94.74% of Permutation tests (Core 0/15, passed_count 18)
  7.26% of Permutation test rounds,  94.74% of Permutation tests (Core 14/15, passed_count 18)
  7.27% of Permutation test rounds,  94.74% of Permutation tests (Core 9/15, passed_count 18)
  7.28% of Permutation test rounds,  94.74% of Permutation tests (Core 15/15, passed_count 18)
  7.29% of Permutation test rounds,  94.74% of Permutation tests (Core 10/15, passed_count 18)
  7.30% of Permutation test rounds,  94.74% of Permutation tests (Core 11/15, passed_count 18)
  7.31% of Permutation test rounds,  94.74% of Permutation tests (Core 5/15, passed_count 18)
  7.32% of Permutation test rounds,  94.74% of Permutation tests (Core 7/15, passed_count 18)
  7.33% of Permutation test rounds,  94.74% of Permutation tests (Core 8/15, passed_count 18)
  7.34% of Permutation test rounds,  94.74% of Permutation tests (Core 12/15, passed_count 18)
  7.35% of Permutation test rounds,  94.74% of Permutation tests (Core 2/15, passed_count 18)
  7.36% of Permutation test rounds,  94.74% of Permutation tests (Core 1/15, passed_count 18)
  7.37% of Permutation test rounds,  94.74% of Permutation tests (Core 6/15, passed_count 18)
  7.38% of Permutation test rounds,  94.74% of Permutation tests (Core 3/15, passed_count 18)
  7.39% of Permutation test rounds,  94.74% of Permutation tests (Core 13/15, passed_count 18)
  7.40% of Permutation test rounds,  94.74% of Permutation tests (Core 9/15, passed_count 18)
  7.41% of Permutation test rounds,  94.74% of Permutation tests (Core 0/15, passed_count 18)
  7.42% of Permutation test rounds,  94.74% of Permutation tests (Core 14/15, passed_count 18)
  7.43% of Permutation test rounds,  94.74% of Permutation tests (Core 4/15, passed_count 18)
  7.44% of Permutation test rounds,  94.74% of Permutation tests (Core 15/15, passed_count 18)
  7.45% of Permutation test rounds,  94.74% of Permutation tests (Core 10/15, passed_count 18)
  7.46% of Permutation test rounds,  94.74% of Permutation tests (Core 11/15, passed_count 18)
  7.47% of Permutation test rounds,  94.74% of Permutation tests (Core 7/15, passed_count 18)
  7.48% of Permutation test rounds,  94.74% of Permutation tests (Core 8/15, passed_count 18)
  7.49% of Permutation test rounds,  94.74% of Permutation tests (Core 5/15, passed_count 18)
  7.50% of Permutation test rounds,  94.74% of Permutation tests (Core 2/15, passed_count 18)
  7.51% of Permutation test rounds,  94.74% of Permutation tests (Core 12/15, passed_count 18)
  7.52% of Permutation test rounds,  94.74% of Permutation tests (Core 1/15, passed_count 18)
  7.53% of Permutation test rounds,  94.74% of Permutation tests (Core 6/15, passed_count 18)
  7.54% of Permutation test rounds,  94.74% of Permutation tests (Core 3/15, passed_count 18)
  7.55% of Permutation test rounds,  94.74% of Permutation tests (Core 9/15, passed_count 18)
  7.56% of Permutation test rounds,  94.74% of Permutation tests (Core 13/15, passed_count 18)
  7.57% of Permutation test rounds,  94.74% of Permutation tests (Core 0/15, passed_count 18)
  7.58% of Permutation test rounds,  94.74% of Permutation tests (Core 15/15, passed_count 18)
  7.59% of Permutation test rounds,  94.74% of Permutation tests (Core 14/15, passed_count 18)
  7.60% of Permutation test rounds,  94.74% of Permutation tests (Core 4/15, passed_count 18)
  7.61% of Permutation test rounds,  94.74% of Permutation tests (Core 10/15, passed_count 18)
  7.62% of Permutation test rounds,  94.74% of Permutation tests (Core 11/15, passed_count 18)
  7.63% of Permutation test rounds,  94.74% of Permutation tests (Core 5/15, passed_count 18)
  7.64% of Permutation test rounds,  94.74% of Permutation tests (Core 12/15, passed_count 18)
  7.65% of Permutation test rounds,  94.74% of Permutation tests (Core 7/15, passed_count 18)
  7.66% of Permutation test rounds,  94.74% of Permutation tests (Core 8/15, passed_count 18)
  7.67% of Permutation test rounds,  94.74% of Permutation tests (Core 2/15, passed_count 18)
  7.68% of Permutation test rounds,  94.74% of Permutation tests (Core 1/15, passed_count 18)
  7.69% of Permutation test rounds,  94.74% of Permutation tests (Core 6/15, passed_count 18)
  7.70% of Permutation test rounds,  94.74% of Permutation tests (Core 0/15, passed_count 18)
  7.71% of Permutation test rounds,  94.74% of Permutation tests (Core 9/15, passed_count 18)
  7.72% of Permutation test rounds,  94.74% of Permutation tests (Core 3/15, passed_count 18)
  7.73% of Permutation test rounds,  94.74% of Permutation tests (Core 15/15, passed_count 18)
  7.74% of Permutation test rounds,  94.74% of Permutation tests (Core 14/15, passed_count 18)
  7.75% of Permutation test rounds,  94.74% of Permutation tests (Core 10/15, passed_count 18)
  7.76% of Permutation test rounds,  94.74% of Permutation tests (Core 13/15, passed_count 18)
  7.77% of Permutation test rounds,  94.74% of Permutation tests (Core 4/15, passed_count 18)
  7.78% of Permutation test rounds,  94.74% of Permutation tests (Core 2/15, passed_count 18)
  7.79% of Permutation test rounds,  94.74% of Permutation tests (Core 1/15, passed_count 18)
  7.80% of Permutation test rounds,  94.74% of Permutation tests (Core 6/15, passed_count 18)
  7.81% of Permutation test rounds,  94.74% of Permutation tests (Core 11/15, passed_count 18)
  7.82% of Permutation test rounds,  94.74% of Permutation tests (Core 12/15, passed_count 18)
  7.83% of Permutation test rounds,  94.74% of Permutation tests (Core 5/15, passed_count 18)
  7.84% of Permutation test rounds,  94.74% of Permutation tests (Core 7/15, passed_count 18)
  7.85% of Permutation test rounds,  94.74% of Permutation tests (Core 8/15, passed_count 18)
  7.86% of Permutation test rounds,  94.74% of Permutation tests (Core 0/15, passed_count 18)
  7.87% of Permutation test rounds,  94.74% of Permutation tests (Core 9/15, passed_count 18)
  7.88% of Permutation test rounds,  94.74% of Permutation tests (Core 15/15, passed_count 18)
  7.89% of Permutation test rounds,  94.74% of Permutation tests (Core 14/15, passed_count 18)
  7.90% of Permutation test rounds,  94.74% of Permutation tests (Core 10/15, passed_count 18)
  7.91% of Permutation test rounds,  94.74% of Permutation tests (Core 3/15, passed_count 18)
  7.92% of Permutation test rounds,  94.74% of Permutation tests (Core 13/15, passed_count 18)
  7.93% of Permutation test rounds,  94.74% of Permutation tests (Core 1/15, passed_count 18)
  7.94% of Permutation test rounds,  94.74% of Permutation tests (Core 2/15, passed_count 18)
  7.95% of Permutation test rounds,  94.74% of Permutation tests (Core 4/15, passed_count 18)
  7.96% of Permutation test rounds,  94.74% of Permutation tests (Core 6/15, passed_count 18)
  7.97% of Permutation test rounds,  94.74% of Permutation tests (Core 12/15, passed_count 18)
  7.98% of Permutation test rounds,  94.74% of Permutation tests (Core 11/15, passed_count 18)
  7.99% of Permutation test rounds,  94.74% of Permutation tests (Core 5/15, passed_count 18)
  8.00% of Permutation test rounds,  94.74% of Permutation tests (Core 7/15, passed_count 18)
  8.01% of Permutation test rounds,  94.74% of Permutation tests (Core 8/15, passed_count 18)
  8.02% of Permutation test rounds,  94.74% of Permutation tests (Core 0/15, passed_count 18)
  8.03% of Permutation test rounds,  94.74% of Permutation tests (Core 9/15, passed_count 18)
  8.04% of Permutation test rounds,  94.74% of Permutation tests (Core 15/15, passed_count 18)
  8.05% of Permutation test rounds,  94.74% of Permutation tests (Core 10/15, passed_count 18)
  8.06% of Permutation test rounds,  94.74% of Permutation tests (Core 14/15, passed_count 18)
  8.07% of Permutation test rounds,  94.74% of Permutation tests (Core 3/15, passed_count 18)
  8.08% of Permutation test rounds,  94.74% of Permutation tests (Core 1/15, passed_count 18)
  8.09% of Permutation test rounds,  94.74% of Permutation tests (Core 13/15, passed_count 18)
  8.10% of Permutation test rounds,  94.74% of Permutation tests (Core 2/15, passed_count 18)
  8.11% of Permutation test rounds,  94.74% of Permutation tests (Core 6/15, passed_count 18)
  8.12% of Permutation test rounds,  94.74% of Permutation tests (Core 4/15, passed_count 18)
  8.13% of Permutation test rounds,  94.74% of Permutation tests (Core 11/15, passed_count 18)
  8.14% of Permutation test rounds,  94.74% of Permutation tests (Core 12/15, passed_count 18)
  8.15% of Permutation test rounds,  94.74% of Permutation tests (Core 5/15, passed_count 18)
  8.16% of Permutation test rounds,  94.74% of Permutation tests (Core 0/15, passed_count 18)
  8.17% of Permutation test rounds,  94.74% of Permutation tests (Core 7/15, passed_count 18)
  8.18% of Permutation test rounds,  94.74% of Permutation tests (Core 8/15, passed_count 18)
  8.19% of Permutation test rounds,  94.74% of Permutation tests (Core 9/15, passed_count 18)
  8.20% of Permutation test rounds,  94.74% of Permutation tests (Core 15/15, passed_count 18)
  8.21% of Permutation test rounds,  94.74% of Permutation tests (Core 10/15, passed_count 18)
  8.22% of Permutation test rounds,  94.74% of Permutation tests (Core 14/15, passed_count 18)
  8.23% of Permutation test rounds,  94.74% of Permutation tests (Core 3/15, passed_count 18)
  8.24% of Permutation test rounds,  94.74% of Permutation tests (Core 1/15, passed_count 18)
  8.25% of Permutation test rounds,  94.74% of Permutation tests (Core 6/15, passed_count 18)
  8.26% of Permutation test rounds,  94.74% of Permutation tests (Core 13/15, passed_count 18)
  8.27% of Permutation test rounds,  94.74% of Permutation tests (Core 2/15, passed_count 18)
  8.28% of Permutation test rounds,  94.74% of Permutation tests (Core 4/15, passed_count 18)
  8.29% of Permutation test rounds,  94.74% of Permutation tests (Core 0/15, passed_count 18)
  8.30% of Permutation test rounds,  94.74% of Permutation tests (Core 11/15, passed_count 18)
  8.31% of Permutation test rounds,  94.74% of Permutation tests (Core 5/15, passed_count 18)
  8.32% of Permutation test rounds,  94.74% of Permutation tests (Core 7/15, passed_count 18)
  8.33% of Permutation test rounds,  94.74% of Permutation tests (Core 12/15, passed_count 18)
  8.34% of Permutation test rounds,  94.74% of Permutation tests (Core 9/15, passed_count 18)
  8.35% of Permutation test rounds,  94.74% of Permutation tests (Core 8/15, passed_count 18)
  8.36% of Permutation test rounds,  94.74% of Permutation tests (Core 10/15, passed_count 18)
  8.37% of Permutation test rounds,  94.74% of Permutation tests (Core 15/15, passed_count 18)
  8.38% of Permutation test rounds,  94.74% of Permutation tests (Core 14/15, passed_count 18)
  8.39% of Permutation test rounds,  94.74% of Permutation tests (Core 1/15, passed_count 18)
  8.40% of Permutation test rounds,  94.74% of Permutation tests (Core 3/15, passed_count 18)
  8.41% of Permutation test rounds,  94.74% of Permutation tests (Core 6/15, passed_count 18)
  8.42% of Permutation test rounds,  94.74% of Permutation tests (Core 2/15, passed_count 18)
  8.43% of Permutation test rounds,  94.74% of Permutation tests (Core 13/15, passed_count 18)
  8.44% of Permutation test rounds,  94.74% of Permutation tests (Core 0/15, passed_count 18)
  8.45% of Permutation test rounds,  94.74% of Permutation tests (Core 4/15, passed_count 18)
  8.46% of Permutation test rounds,  94.74% of Permutation tests (Core 9/15, passed_count 18)
  8.47% of Permutation test rounds,  94.74% of Permutation tests (Core 10/15, passed_count 18)
  8.48% of Permutation test rounds,  94.74% of Permutation tests (Core 11/15, passed_count 18)
  8.49% of Permutation test rounds,  94.74% of Permutation tests (Core 5/15, passed_count 18)
  8.50% of Permutation test rounds,  94.74% of Permutation tests (Core 12/15, passed_count 18)
  8.51% of Permutation test rounds,  94.74% of Permutation tests (Core 7/15, passed_count 18)
  8.52% of Permutation test rounds,  94.74% of Permutation tests (Core 15/15, passed_count 18)
  8.53% of Permutation test rounds,  94.74% of Permutation tests (Core 8/15, passed_count 18)
  8.54% of Permutation test rounds,  94.74% of Permutation tests (Core 14/15, passed_count 18)
  8.55% of Permutation test rounds,  94.74% of Permutation tests (Core 1/15, passed_count 18)
  8.56% of Permutation test rounds,  94.74% of Permutation tests (Core 6/15, passed_count 18)
  8.57% of Permutation test rounds,  94.74% of Permutation tests (Core 2/15, passed_count 18)
  8.58% of Permutation test rounds,  94.74% of Permutation tests (Core 3/15, passed_count 18)
  8.59% of Permutation test rounds,  94.74% of Permutation tests (Core 0/15, passed_count 18)
  8.60% of Permutation test rounds,  94.74% of Permutation tests (Core 13/15, passed_count 18)
  8.61% of Permutation test rounds,  94.74% of Permutation tests (Core 10/15, passed_count 18)
  8.62% of Permutation test rounds,  94.74% of Permutation tests (Core 9/15, passed_count 18)
  8.63% of Permutation test rounds,  94.74% of Permutation tests (Core 4/15, passed_count 18)
  8.64% of Permutation test rounds,  94.74% of Permutation tests (Core 15/15, passed_count 18)
  8.65% of Permutation test rounds,  94.74% of Permutation tests (Core 12/15, passed_count 18)
  8.66% of Permutation test rounds,  94.74% of Permutation tests (Core 7/15, passed_count 18)
  8.67% of Permutation test rounds,  94.74% of Permutation tests (Core 11/15, passed_count 18)
  8.68% of Permutation test rounds,  94.74% of Permutation tests (Core 5/15, passed_count 18)
  8.69% of Permutation test rounds,  94.74% of Permutation tests (Core 8/15, passed_count 18)
  8.70% of Permutation test rounds,  94.74% of Permutation tests (Core 14/15, passed_count 18)
  8.71% of Permutation test rounds,  94.74% of Permutation tests (Core 1/15, passed_count 18)
  8.72% of Permutation test rounds,  94.74% of Permutation tests (Core 6/15, passed_count 18)
  8.73% of Permutation test rounds,  94.74% of Permutation tests (Core 2/15, passed_count 18)
  8.74% of Permutation test rounds,  94.74% of Permutation tests (Core 3/15, passed_count 18)
  8.75% of Permutation test rounds,  94.74% of Permutation tests (Core 0/15, passed_count 18)
  8.76% of Permutation test rounds,  94.74% of Permutation tests (Core 10/15, passed_count 18)
  8.77% of Permutation test rounds,  94.74% of Permutation tests (Core 9/15, passed_count 18)
  8.78% of Permutation test rounds,  94.74% of Permutation tests (Core 15/15, passed_count 18)
  8.79% of Permutation test rounds,  94.74% of Permutation tests (Core 13/15, passed_count 18)
  8.80% of Permutation test rounds,  94.74% of Permutation tests (Core 4/15, passed_count 18)
  8.81% of Permutation test rounds,  94.74% of Permutation tests (Core 12/15, passed_count 18)
  8.82% of Permutation test rounds,  94.74% of Permutation tests (Core 7/15, passed_count 18)
  8.83% of Permutation test rounds,  94.74% of Permutation tests (Core 14/15, passed_count 18)
  8.84% of Permutation test rounds,  94.74% of Permutation tests (Core 5/15, passed_count 18)
  8.85% of Permutation test rounds,  94.74% of Permutation tests (Core 11/15, passed_count 18)
  8.86% of Permutation test rounds,  94.74% of Permutation tests (Core 8/15, passed_count 18)
  8.87% of Permutation test rounds,  94.74% of Permutation tests (Core 1/15, passed_count 18)
  8.88% of Permutation test rounds,  94.74% of Permutation tests (Core 6/15, passed_count 18)
  8.89% of Permutation test rounds,  94.74% of Permutation tests (Core 2/15, passed_count 18)
  8.90% of Permutation test rounds,  94.74% of Permutation tests (Core 0/15, passed_count 18)
  8.91% of Permutation test rounds,  94.74% of Permutation tests (Core 10/15, passed_count 18)
  8.92% of Permutation test rounds,  94.74% of Permutation tests (Core 3/15, passed_count 18)
  8.93% of Permutation test rounds,  94.74% of Permutation tests (Core 9/15, passed_count 18)
  8.94% of Permutation test rounds,  94.74% of Permutation tests (Core 15/15, passed_count 18)
  8.95% of Permutation test rounds,  94.74% of Permutation tests (Core 13/15, passed_count 18)
  8.96% of Permutation test rounds,  94.74% of Permutation tests (Core 14/15, passed_count 18)
  8.97% of Permutation test rounds,  94.74% of Permutation tests (Core 12/15, passed_count 18)
  8.98% of Permutation test rounds,  94.74% of Permutation tests (Core 4/15, passed_count 18)
  8.99% of Permutation test rounds,  94.74% of Permutation tests (Core 1/15, passed_count 18)
  9.00% of Permutation test rounds,  94.74% of Permutation tests (Core 7/15, passed_count 18)
  9.01% of Permutation test rounds,  94.74% of Permutation tests (Core 5/15, passed_count 18)
  9.02% of Permutation test rounds,  94.74% of Permutation tests (Core 11/15, passed_count 18)
  9.03% of Permutation test rounds,  94.74% of Permutation tests (Core 2/15, passed_count 18)
  9.04% of Permutation test rounds,  94.74% of Permutation tests (Core 6/15, passed_count 18)
  9.05% of Permutation test rounds,  94.74% of Permutation tests (Core 8/15, passed_count 18)
  9.06% of Permutation test rounds,  94.74% of Permutation tests (Core 0/15, passed_count 18)
  9.07% of Permutation test rounds,  94.74% of Permutation tests (Core 10/15, passed_count 18)
  9.08% of Permutation test rounds,  94.74% of Permutation tests (Core 9/15, passed_count 18)
  9.09% of Permutation test rounds,  94.74% of Permutation tests (Core 15/15, passed_count 18)
  9.10% of Permutation test rounds,  94.74% of Permutation tests (Core 3/15, passed_count 18)
  9.11% of Permutation test rounds,  94.74% of Permutation tests (Core 14/15, passed_count 18)
  9.12% of Permutation test rounds,  94.74% of Permutation tests (Core 12/15, passed_count 18)
  9.13% of Permutation test rounds,  94.74% of Permutation tests (Core 13/15, passed_count 18)
  9.14% of Permutation test rounds,  94.74% of Permutation tests (Core 1/15, passed_count 18)
  9.15% of Permutation test rounds,  94.74% of Permutation tests (Core 4/15, passed_count 18)
  9.16% of Permutation test rounds,  94.74% of Permutation tests (Core 7/15, passed_count 18)
  9.17% of Permutation test rounds,  94.74% of Permutation tests (Core 2/15, passed_count 18)
  9.18% of Permutation test rounds,  94.74% of Permutation tests (Core 6/15, passed_count 18)
  9.19% of Permutation test rounds,  94.74% of Permutation tests (Core 11/15, passed_count 18)
  9.20% of Permutation test rounds,  94.74% of Permutation tests (Core 5/15, passed_count 18)
  9.21% of Permutation test rounds,  94.74% of Permutation tests (Core 8/15, passed_count 18)
  9.22% of Permutation test rounds,  94.74% of Permutation tests (Core 0/15, passed_count 18)
  9.23% of Permutation test rounds,  94.74% of Permutation tests (Core 10/15, passed_count 18)
  9.24% of Permutation test rounds,  94.74% of Permutation tests (Core 9/15, passed_count 18)
  9.25% of Permutation test rounds,  94.74% of Permutation tests (Core 15/15, passed_count 18)
  9.26% of Permutation test rounds,  94.74% of Permutation tests (Core 3/15, passed_count 18)
  9.27% of Permutation test rounds,  94.74% of Permutation tests (Core 14/15, passed_count 18)
  9.28% of Permutation test rounds,  94.74% of Permutation tests (Core 1/15, passed_count 18)
  9.29% of Permutation test rounds,  94.74% of Permutation tests (Core 12/15, passed_count 18)
  9.30% of Permutation test rounds,  94.74% of Permutation tests (Core 13/15, passed_count 18)
  9.31% of Permutation test rounds,  94.74% of Permutation tests (Core 6/15, passed_count 18)
  9.32% of Permutation test rounds,  94.74% of Permutation tests (Core 4/15, passed_count 18)
  9.33% of Permutation test rounds,  94.74% of Permutation tests (Core 2/15, passed_count 18)
  9.34% of Permutation test rounds,  94.74% of Permutation tests (Core 7/15, passed_count 18)
  9.35% of Permutation test rounds,  94.74% of Permutation tests (Core 0/15, passed_count 18)
  9.36% of Permutation test rounds,  94.74% of Permutation tests (Core 11/15, passed_count 18)
  9.37% of Permutation test rounds,  94.74% of Permutation tests (Core 5/15, passed_count 18)
  9.38% of Permutation test rounds,  94.74% of Permutation tests (Core 10/15, passed_count 18)
  9.39% of Permutation test rounds,  94.74% of Permutation tests (Core 8/15, passed_count 18)
  9.40% of Permutation test rounds,  94.74% of Permutation tests (Core 9/15, passed_count 18)
  9.41% of Permutation test rounds,  94.74% of Permutation tests (Core 15/15, passed_count 18)
  9.42% of Permutation test rounds,  94.74% of Permutation tests (Core 14/15, passed_count 18)
  9.43% of Permutation test rounds,  94.74% of Permutation tests (Core 1/15, passed_count 18)
  9.44% of Permutation test rounds,  94.74% of Permutation tests (Core 3/15, passed_count 18)
  9.45% of Permutation test rounds,  94.74% of Permutation tests (Core 6/15, passed_count 18)
  9.46% of Permutation test rounds,  94.74% of Permutation tests (Core 2/15, passed_count 18)
  9.47% of Permutation test rounds,  94.74% of Permutation tests (Core 12/15, passed_count 18)
  9.48% of Permutation test rounds,  94.74% of Permutation tests (Core 0/15, passed_count 18)
  9.49% of Permutation test rounds,  94.74% of Permutation tests (Core 13/15, passed_count 18)
  9.50% of Permutation test rounds,  94.74% of Permutation tests (Core 7/15, passed_count 18)
  9.51% of Permutation test rounds,  94.74% of Permutation tests (Core 4/15, passed_count 18)
  9.52% of Permutation test rounds,  94.74% of Permutation tests (Core 10/15, passed_count 18)
  9.53% of Permutation test rounds,  94.74% of Permutation tests (Core 9/15, passed_count 18)
  9.54% of Permutation test rounds,  94.74% of Permutation tests (Core 11/15, passed_count 18)
  9.55% of Permutation test rounds,  94.74% of Permutation tests (Core 5/15, passed_count 18)
  9.56% of Permutation test rounds,  94.74% of Permutation tests (Core 15/15, passed_count 18)
  9.57% of Permutation test rounds,  94.74% of Permutation tests (Core 8/15, passed_count 18)
  9.58% of Permutation test rounds,  94.74% of Permutation tests (Core 14/15, passed_count 18)
  9.59% of Permutation test rounds,  94.74% of Permutation tests (Core 1/15, passed_count 18)
  9.60% of Permutation test rounds,  94.74% of Permutation tests (Core 2/15, passed_count 18)
  9.61% of Permutation test rounds,  94.74% of Permutation tests (Core 6/15, passed_count 18)
  9.62% of Permutation test rounds,  94.74% of Permutation tests (Core 3/15, passed_count 18)
  9.63% of Permutation test rounds,  94.74% of Permutation tests (Core 0/15, passed_count 18)
  9.64% of Permutation test rounds,  94.74% of Permutation tests (Core 12/15, passed_count 18)
  9.65% of Permutation test rounds,  94.74% of Permutation tests (Core 13/15, passed_count 18)
  9.66% of Permutation test rounds,  94.74% of Permutation tests (Core 9/15, passed_count 18)
  9.67% of Permutation test rounds,  94.74% of Permutation tests (Core 10/15, passed_count 18)
  9.68% of Permutation test rounds,  94.74% of Permutation tests (Core 7/15, passed_count 18)
  9.69% of Permutation test rounds,  94.74% of Permutation tests (Core 4/15, passed_count 18)
  9.70% of Permutation test rounds,  94.74% of Permutation tests (Core 15/15, passed_count 18)
  9.71% of Permutation test rounds,  94.74% of Permutation tests (Core 11/15, passed_count 18)
  9.72% of Permutation test rounds,  94.74% of Permutation tests (Core 5/15, passed_count 18)
  9.73% of Permutation test rounds,  94.74% of Permutation tests (Core 8/15, passed_count 18)
  9.74% of Permutation test rounds,  94.74% of Permutation tests (Core 1/15, passed_count 18)
  9.75% of Permutation test rounds,  94.74% of Permutation tests (Core 14/15, passed_count 18)
  9.76% of Permutation test rounds,  94.74% of Permutation tests (Core 6/15, passed_count 18)
  9.77% of Permutation test rounds,  94.74% of Permutation tests (Core 2/15, passed_count 18)
  9.78% of Permutation test rounds,  94.74% of Permutation tests (Core 3/15, passed_count 18)
  9.79% of Permutation test rounds,  94.74% of Permutation tests (Core 0/15, passed_count 18)
  9.80% of Permutation test rounds,  94.74% of Permutation tests (Core 9/15, passed_count 18)
  9.81% of Permutation test rounds,  94.74% of Permutation tests (Core 10/15, passed_count 18)
  9.82% of Permutation test rounds,  94.74% of Permutation tests (Core 7/15, passed_count 18)
  9.83% of Permutation test rounds,  94.74% of Permutation tests (Core 12/15, passed_count 18)
  9.84% of Permutation test rounds,  94.74% of Permutation tests (Core 15/15, passed_count 18)
  9.85% of Permutation test rounds,  94.74% of Permutation tests (Core 13/15, passed_count 18)
  9.86% of Permutation test rounds,  94.74% of Permutation tests (Core 4/15, passed_count 18)
  9.87% of Permutation test rounds,  94.74% of Permutation tests (Core 11/15, passed_count 18)
  9.88% of Permutation test rounds,  94.74% of Permutation tests (Core 1/15, passed_count 18)
  9.89% of Permutation test rounds,  94.74% of Permutation tests (Core 5/15, passed_count 18)
  9.90% of Permutation test rounds,  94.74% of Permutation tests (Core 14/15, passed_count 18)
  9.91% of Permutation test rounds,  94.74% of Permutation tests (Core 8/15, passed_count 18)
  9.92% of Permutation test rounds,  94.74% of Permutation tests (Core 6/15, passed_count 18)
  9.93% of Permutation test rounds,  94.74% of Permutation tests (Core 2/15, passed_count 18)
  9.94% of Permutation test rounds,  94.74% of Permutation tests (Core 0/15, passed_count 18)
  9.95% of Permutation test rounds,  94.74% of Permutation tests (Core 3/15, passed_count 18)
  9.96% of Permutation test rounds,  94.74% of Permutation tests (Core 9/15, passed_count 18)
  9.97% of Permutation test rounds,  94.74% of Permutation tests (Core 10/15, passed_count 18)
  9.98% of Permutation test rounds,  94.74% of Permutation tests (Core 15/15, passed_count 18)
  9.99% of Permutation test rounds,  94.74% of Permutation tests (Core 12/15, passed_count 18)
 10.00% of Permutation test rounds,  94.74% of Permutation tests (Core 13/15, passed_count 18)
 10.01% of Permutation test rounds,  94.74% of Permutation tests (Core 7/15, passed_count 18)
 10.02% of Permutation test rounds,  94.74% of Permutation tests (Core 4/15, passed_count 18)
 10.03% of Permutation test rounds,  94.74% of Permutation tests (Core 1/15, passed_count 18)
 10.04% of Permutation test rounds,  94.74% of Permutation tests (Core 14/15, passed_count 18)
 10.05% of Permutation test rounds,  94.74% of Permutation tests (Core 11/15, passed_count 18)
 10.06% of Permutation test rounds,  94.74% of Permutation tests (Core 5/15, passed_count 18)
 10.07% of Permutation test rounds,  94.74% of Permutation tests (Core 6/15, passed_count 18)
 10.08% of Permutation test rounds,  94.74% of Permutation tests (Core 8/15, passed_count 18)
 10.09% of Permutation test rounds,  94.74% of Permutation tests (Core 2/15, passed_count 18)
 10.10% of Permutation test rounds,  94.74% of Permutation tests (Core 0/15, passed_count 18)
 10.11% of Permutation test rounds,  94.74% of Permutation tests (Core 9/15, passed_count 18)
 10.12% of Permutation test rounds,  94.74% of Permutation tests (Core 10/15, passed_count 18)
 10.13% of Permutation test rounds,  94.74% of Permutation tests (Core 15/15, passed_count 18)
 10.14% of Permutation test rounds,  94.74% of Permutation tests (Core 3/15, passed_count 18)
 10.15% of Permutation test rounds,  94.74% of Permutation tests (Core 12/15, passed_count 18)
 10.16% of Permutation test rounds,  94.74% of Permutation tests (Core 1/15, passed_count 18)
 10.17% of Permutation test rounds,  94.74% of Permutation tests (Core 13/15, passed_count 18)
 10.18% of Permutation test rounds,  94.74% of Permutation tests (Core 7/15, passed_count 18)
 10.19% of Permutation test rounds,  94.74% of Permutation tests (Core 4/15, passed_count 18)
 10.20% of Permutation test rounds,  94.74% of Permutation tests (Core 14/15, passed_count 18)
 10.21% of Permutation test rounds,  94.74% of Permutation tests (Core 6/15, passed_count 18)
 10.22% of Permutation test rounds,  94.74% of Permutation tests (Core 11/15, passed_count 18)
 10.23% of Permutation test rounds,  94.74% of Permutation tests (Core 2/15, passed_count 18)
 10.24% of Permutation test rounds,  94.74% of Permutation tests (Core 5/15, passed_count 18)
 10.25% of Permutation test rounds,  94.74% of Permutation tests (Core 8/15, passed_count 18)
 10.26% of Permutation test rounds,  94.74% of Permutation tests (Core 0/15, passed_count 18)
 10.27% of Permutation test rounds,  94.74% of Permutation tests (Core 9/15, passed_count 18)
 10.28% of Permutation test rounds,  94.74% of Permutation tests (Core 10/15, passed_count 18)
 10.29% of Permutation test rounds,  94.74% of Permutation tests (Core 15/15, passed_count 18)
 10.30% of Permutation test rounds,  94.74% of Permutation tests (Core 3/15, passed_count 18)
 10.31% of Permutation test rounds,  94.74% of Permutation tests (Core 1/15, passed_count 18)
 10.32% of Permutation test rounds,  94.74% of Permutation tests (Core 12/15, passed_count 18)
 10.33% of Permutation test rounds,  94.74% of Permutation tests (Core 13/15, passed_count 18)
 10.34% of Permutation test rounds,  94.74% of Permutation tests (Core 14/15, passed_count 18)
 10.35% of Permutation test rounds,  94.74% of Permutation tests (Core 6/15, passed_count 18)
 10.36% of Permutation test rounds,  94.74% of Permutation tests (Core 7/15, passed_count 18)
 10.37% of Permutation test rounds,  94.74% of Permutation tests (Core 2/15, passed_count 18)
 10.38% of Permutation test rounds,  94.74% of Permutation tests (Core 4/15, passed_count 18)
 10.39% of Permutation test rounds,  94.74% of Permutation tests (Core 11/15, passed_count 18)
 10.40% of Permutation test rounds,  94.74% of Permutation tests (Core 5/15, passed_count 18)
 10.41% of Permutation test rounds,  94.74% of Permutation tests (Core 8/15, passed_count 18)
 10.42% of Permutation test rounds,  94.74% of Permutation tests (Core 0/15, passed_count 18)
 10.43% of Permutation test rounds,  94.74% of Permutation tests (Core 9/15, passed_count 18)
 10.44% of Permutation test rounds,  94.74% of Permutation tests (Core 10/15, passed_count 18)
 10.45% of Permutation test rounds,  94.74% of Permutation tests (Core 15/15, passed_count 18)
 10.46% of Permutation test rounds,  94.74% of Permutation tests (Core 1/15, passed_count 18)
 10.47% of Permutation test rounds,  94.74% of Permutation tests (Core 3/15, passed_count 18)
 10.48% of Permutation test rounds,  94.74% of Permutation tests (Core 12/15, passed_count 18)
 10.49% of Permutation test rounds,  94.74% of Permutation tests (Core 14/15, passed_count 18)
 10.50% of Permutation test rounds,  94.74% of Permutation tests (Core 13/15, passed_count 18)
 10.51% of Permutation test rounds,  94.74% of Permutation tests (Core 6/15, passed_count 18)
 10.52% of Permutation test rounds,  94.74% of Permutation tests (Core 2/15, passed_count 18)
 10.53% of Permutation test rounds,  94.74% of Permutation tests (Core 7/15, passed_count 18)
 10.54% of Permutation test rounds,  94.74% of Permutation tests (Core 4/15, passed_count 18)
 10.55% of Permutation test rounds,  94.74% of Permutation tests (Core 0/15, passed_count 18)
 10.56% of Permutation test rounds,  94.74% of Permutation tests (Core 11/15, passed_count 18)
 10.57% of Permutation test rounds,  94.74% of Permutation tests (Core 5/15, passed_count 18)
 10.58% of Permutation test rounds,  94.74% of Permutation tests (Core 8/15, passed_count 18)
 10.59% of Permutation test rounds,  94.74% of Permutation tests (Core 9/15, passed_count 18)
 10.60% of Permutation test rounds,  94.74% of Permutation tests (Core 15/15, passed_count 18)
 10.61% of Permutation test rounds,  94.74% of Permutation tests (Core 10/15, passed_count 18)
 10.62% of Permutation test rounds,  94.74% of Permutation tests (Core 1/15, passed_count 18)
 10.63% of Permutation test rounds,  94.74% of Permutation tests (Core 14/15, passed_count 18)
 10.64% of Permutation test rounds,  94.74% of Permutation tests (Core 3/15, passed_count 18)
 10.65% of Permutation test rounds,  94.74% of Permutation tests (Core 6/15, passed_count 18)
 10.66% of Permutation test rounds,  94.74% of Permutation tests (Core 12/15, passed_count 18)
 10.67% of Permutation test rounds,  94.74% of Permutation tests (Core 2/15, passed_count 18)
 10.68% of Permutation test rounds,  94.74% of Permutation tests (Core 13/15, passed_count 18)
 10.69% of Permutation test rounds,  94.74% of Permutation tests (Core 7/15, passed_count 18)
 10.70% of Permutation test rounds,  94.74% of Permutation tests (Core 0/15, passed_count 18)
 10.71% of Permutation test rounds,  94.74% of Permutation tests (Core 4/15, passed_count 18)
 10.72% of Permutation test rounds,  94.74% of Permutation tests (Core 5/15, passed_count 18)
 10.73% of Permutation test rounds,  94.74% of Permutation tests (Core 11/15, passed_count 18)
 10.74% of Permutation test rounds,  94.74% of Permutation tests (Core 8/15, passed_count 18)
 10.75% of Permutation test rounds,  94.74% of Permutation tests (Core 10/15, passed_count 18)
 10.76% of Permutation test rounds,  94.74% of Permutation tests (Core 9/15, passed_count 18)
 10.77% of Permutation test rounds,  94.74% of Permutation tests (Core 15/15, passed_count 18)
 10.78% of Permutation test rounds,  94.74% of Permutation tests (Core 1/15, passed_count 18)
 10.79% of Permutation test rounds,  94.74% of Permutation tests (Core 14/15, passed_count 18)
 10.80% of Permutation test rounds,  94.74% of Permutation tests (Core 6/15, passed_count 18)
 10.81% of Permutation test rounds,  94.74% of Permutation tests (Core 3/15, passed_count 18)
 10.82% of Permutation test rounds,  94.74% of Permutation tests (Core 2/15, passed_count 18)
 10.83% of Permutation test rounds,  94.74% of Permutation tests (Core 12/15, passed_count 18)
 10.84% of Permutation test rounds,  94.74% of Permutation tests (Core 13/15, passed_count 18)
 10.85% of Permutation test rounds,  94.74% of Permutation tests (Core 0/15, passed_count 18)
 10.86% of Permutation test rounds,  94.74% of Permutation tests (Core 7/15, passed_count 18)
 10.87% of Permutation test rounds,  94.74% of Permutation tests (Core 4/15, passed_count 18)
 10.88% of Permutation test rounds,  94.74% of Permutation tests (Core 5/15, passed_count 18)
 10.89% of Permutation test rounds,  94.74% of Permutation tests (Core 11/15, passed_count 18)
 10.90% of Permutation test rounds,  94.74% of Permutation tests (Core 10/15, passed_count 18)
 10.91% of Permutation test rounds,  94.74% of Permutation tests (Core 8/15, passed_count 18)
 10.92% of Permutation test rounds,  94.74% of Permutation tests (Core 15/15, passed_count 18)
 10.93% of Permutation test rounds,  94.74% of Permutation tests (Core 9/15, passed_count 18)
 10.94% of Permutation test rounds,  94.74% of Permutation tests (Core 1/15, passed_count 18)
 10.95% of Permutation test rounds,  94.74% of Permutation tests (Core 14/15, passed_count 18)
 10.96% of Permutation test rounds,  94.74% of Permutation tests (Core 6/15, passed_count 18)
 10.97% of Permutation test rounds,  94.74% of Permutation tests (Core 3/15, passed_count 18)
 10.98% of Permutation test rounds,  94.74% of Permutation tests (Core 2/15, passed_count 18)
 10.99% of Permutation test rounds,  94.74% of Permutation tests (Core 13/15, passed_count 18)
 11.00% of Permutation test rounds,  94.74% of Permutation tests (Core 12/15, passed_count 18)
 11.01% of Permutation test rounds,  94.74% of Permutation tests (Core 7/15, passed_count 18)
 11.02% of Permutation test rounds,  94.74% of Permutation tests (Core 0/15, passed_count 18)
 11.03% of Permutation test rounds,  94.74% of Permutation tests (Core 4/15, passed_count 18)
 11.04% of Permutation test rounds,  94.74% of Permutation tests (Core 5/15, passed_count 18)
 11.05% of Permutation test rounds,  94.74% of Permutation tests (Core 11/15, passed_count 18)
 11.06% of Permutation test rounds,  94.74% of Permutation tests (Core 10/15, passed_count 18)
 11.07% of Permutation test rounds,  94.74% of Permutation tests (Core 15/15, passed_count 18)
 11.08% of Permutation test rounds,  94.74% of Permutation tests (Core 8/15, passed_count 18)
 11.09% of Permutation test rounds,  94.74% of Permutation tests (Core 1/15, passed_count 18)
 11.10% of Permutation test rounds,  94.74% of Permutation tests (Core 9/15, passed_count 18)
 11.11% of Permutation test rounds,  94.74% of Permutation tests (Core 14/15, passed_count 18)
 11.12% of Permutation test rounds,  94.74% of Permutation tests (Core 6/15, passed_count 18)
 11.13% of Permutation test rounds,  94.74% of Permutation tests (Core 3/15, passed_count 18)
 11.14% of Permutation test rounds,  94.74% of Permutation tests (Core 2/15, passed_count 18)
 11.15% of Permutation test rounds,  94.74% of Permutation tests (Core 0/15, passed_count 18)
 11.16% of Permutation test rounds,  94.74% of Permutation tests (Core 13/15, passed_count 18)
 11.17% of Permutation test rounds,  94.74% of Permutation tests (Core 7/15, passed_count 18)
 11.18% of Permutation test rounds,  94.74% of Permutation tests (Core 12/15, passed_count 18)
 11.19% of Permutation test rounds,  94.74% of Permutation tests (Core 4/15, passed_count 18)
 11.20% of Permutation test rounds,  94.74% of Permutation tests (Core 10/15, passed_count 18)
 11.21% of Permutation test rounds,  94.74% of Permutation tests (Core 15/15, passed_count 18)
 11.22% of Permutation test rounds,  94.74% of Permutation tests (Core 11/15, passed_count 18)
 11.23% of Permutation test rounds,  94.74% of Permutation tests (Core 5/15, passed_count 18)
 11.24% of Permutation test rounds,  94.74% of Permutation tests (Core 8/15, passed_count 18)
 11.25% of Permutation test rounds,  94.74% of Permutation tests (Core 9/15, passed_count 18)
 11.26% of Permutation test rounds,  94.74% of Permutation tests (Core 1/15, passed_count 18)
 11.27% of Permutation test rounds,  94.74% of Permutation tests (Core 14/15, passed_count 18)
 11.28% of Permutation test rounds,  94.74% of Permutation tests (Core 6/15, passed_count 18)
 11.29% of Permutation test rounds,  94.74% of Permutation tests (Core 2/15, passed_count 18)
 11.30% of Permutation test rounds,  94.74% of Permutation tests (Core 3/15, passed_count 18)
 11.31% of Permutation test rounds,  94.74% of Permutation tests (Core 0/15, passed_count 18)
 11.32% of Permutation test rounds,  94.74% of Permutation tests (Core 7/15, passed_count 18)
 11.33% of Permutation test rounds,  94.74% of Permutation tests (Core 12/15, passed_count 18)
 11.34% of Permutation test rounds,  94.74% of Permutation tests (Core 13/15, passed_count 18)
 11.35% of Permutation test rounds,  94.74% of Permutation tests (Core 10/15, passed_count 18)
 11.36% of Permutation test rounds,  94.74% of Permutation tests (Core 15/15, passed_count 18)
 11.37% of Permutation test rounds,  94.74% of Permutation tests (Core 4/15, passed_count 18)
 11.38% of Permutation test rounds,  94.74% of Permutation tests (Core 11/15, passed_count 18)
 11.39% of Permutation test rounds,  94.74% of Permutation tests (Core 1/15, passed_count 18)
 11.40% of Permutation test rounds,  94.74% of Permutation tests (Core 5/15, passed_count 18)
 11.41% of Permutation test rounds,  94.74% of Permutation tests (Core 9/15, passed_count 18)
 11.42% of Permutation test rounds,  94.74% of Permutation tests (Core 14/15, passed_count 18)
 11.43% of Permutation test rounds,  94.74% of Permutation tests (Core 6/15, passed_count 18)
 11.44% of Permutation test rounds,  94.74% of Permutation tests (Core 8/15, passed_count 18)
 11.45% of Permutation test rounds,  94.74% of Permutation tests (Core 2/15, passed_count 18)
 11.46% of Permutation test rounds,  94.74% of Permutation tests (Core 0/15, passed_count 18)
 11.47% of Permutation test rounds,  94.74% of Permutation tests (Core 3/15, passed_count 18)
 11.48% of Permutation test rounds,  94.74% of Permutation tests (Core 10/15, passed_count 18)
 11.49% of Permutation test rounds,  94.74% of Permutation tests (Core 15/15, passed_count 18)
 11.50% of Permutation test rounds,  94.74% of Permutation tests (Core 7/15, passed_count 18)
 11.51% of Permutation test rounds,  94.74% of Permutation tests (Core 13/15, passed_count 18)
 11.52% of Permutation test rounds,  94.74% of Permutation tests (Core 1/15, passed_count 18)
 11.53% of Permutation test rounds,  94.74% of Permutation tests (Core 12/15, passed_count 18)
 11.54% of Permutation test rounds,  94.74% of Permutation tests (Core 9/15, passed_count 18)
 11.55% of Permutation test rounds,  94.74% of Permutation tests (Core 11/15, passed_count 18)
 11.56% of Permutation test rounds,  94.74% of Permutation tests (Core 14/15, passed_count 18)
 11.57% of Permutation test rounds,  94.74% of Permutation tests (Core 4/15, passed_count 18)
 11.58% of Permutation test rounds,  94.74% of Permutation tests (Core 6/15, passed_count 18)
 11.59% of Permutation test rounds,  94.74% of Permutation tests (Core 5/15, passed_count 18)
 11.60% of Permutation test rounds,  94.74% of Permutation tests (Core 8/15, passed_count 18)
 11.61% of Permutation test rounds,  94.74% of Permutation tests (Core 2/15, passed_count 18)
 11.62% of Permutation test rounds,  94.74% of Permutation tests (Core 0/15, passed_count 18)
 11.63% of Permutation test rounds,  94.74% of Permutation tests (Core 10/15, passed_count 18)
 11.64% of Permutation test rounds,  94.74% of Permutation tests (Core 15/15, passed_count 18)
 11.65% of Permutation test rounds,  94.74% of Permutation tests (Core 3/15, passed_count 18)
 11.66% of Permutation test rounds,  94.74% of Permutation tests (Core 1/15, passed_count 18)
 11.67% of Permutation test rounds,  94.74% of Permutation tests (Core 9/15, passed_count 18)
 11.68% of Permutation test rounds,  94.74% of Permutation tests (Core 7/15, passed_count 18)
 11.69% of Permutation test rounds,  94.74% of Permutation tests (Core 14/15, passed_count 18)
 11.70% of Permutation test rounds,  94.74% of Permutation tests (Core 6/15, passed_count 18)
 11.71% of Permutation test rounds,  94.74% of Permutation tests (Core 13/15, passed_count 18)
 11.72% of Permutation test rounds,  94.74% of Permutation tests (Core 12/15, passed_count 18)
 11.73% of Permutation test rounds,  94.74% of Permutation tests (Core 4/15, passed_count 18)
 11.74% of Permutation test rounds,  94.74% of Permutation tests (Core 11/15, passed_count 18)
 11.75% of Permutation test rounds,  94.74% of Permutation tests (Core 2/15, passed_count 18)
 11.76% of Permutation test rounds,  94.74% of Permutation tests (Core 5/15, passed_count 18)
 11.77% of Permutation test rounds,  94.74% of Permutation tests (Core 0/15, passed_count 18)
 11.78% of Permutation test rounds,  94.74% of Permutation tests (Core 8/15, passed_count 18)
 11.79% of Permutation test rounds,  94.74% of Permutation tests (Core 10/15, passed_count 18)
 11.80% of Permutation test rounds,  94.74% of Permutation tests (Core 15/15, passed_count 18)
 11.81% of Permutation test rounds,  94.74% of Permutation tests (Core 1/15, passed_count 18)
 11.82% of Permutation test rounds,  94.74% of Permutation tests (Core 3/15, passed_count 18)
 11.83% of Permutation test rounds,  94.74% of Permutation tests (Core 14/15, passed_count 18)
 11.84% of Permutation test rounds,  94.74% of Permutation tests (Core 9/15, passed_count 18)
 11.85% of Permutation test rounds,  94.74% of Permutation tests (Core 7/15, passed_count 18)
 11.86% of Permutation test rounds,  94.74% of Permutation tests (Core 6/15, passed_count 18)
 11.87% of Permutation test rounds,  94.74% of Permutation tests (Core 12/15, passed_count 18)
 11.88% of Permutation test rounds,  94.74% of Permutation tests (Core 13/15, passed_count 18)
 11.89% of Permutation test rounds,  94.74% of Permutation tests (Core 2/15, passed_count 18)
 11.90% of Permutation test rounds,  94.74% of Permutation tests (Core 4/15, passed_count 18)
 11.91% of Permutation test rounds,  94.74% of Permutation tests (Core 11/15, passed_count 18)
 11.92% of Permutation test rounds,  94.74% of Permutation tests (Core 0/15, passed_count 18)
 11.93% of Permutation test rounds,  94.74% of Permutation tests (Core 5/15, passed_count 18)
 11.94% of Permutation test rounds,  94.74% of Permutation tests (Core 8/15, passed_count 18)
 11.95% of Permutation test rounds,  94.74% of Permutation tests (Core 10/15, passed_count 18)
 11.96% of Permutation test rounds,  94.74% of Permutation tests (Core 15/15, passed_count 18)
 11.97% of Permutation test rounds,  94.74% of Permutation tests (Core 1/15, passed_count 18)
 11.98% of Permutation test rounds,  94.74% of Permutation tests (Core 14/15, passed_count 18)
 11.99% of Permutation test rounds,  94.74% of Permutation tests (Core 9/15, passed_count 18)
 12.00% of Permutation test rounds,  94.74% of Permutation tests (Core 3/15, passed_count 18)
 12.01% of Permutation test rounds,  94.74% of Permutation tests (Core 6/15, passed_count 18)
 12.02% of Permutation test rounds,  94.74% of Permutation tests (Core 7/15, passed_count 18)
 12.03% of Permutation test rounds,  94.74% of Permutation tests (Core 12/15, passed_count 18)
 12.04% of Permutation test rounds,  94.74% of Permutation tests (Core 2/15, passed_count 18)
 12.05% of Permutation test rounds,  94.74% of Permutation tests (Core 13/15, passed_count 18)
 12.06% of Permutation test rounds,  94.74% of Permutation tests (Core 0/15, passed_count 18)
 12.07% of Permutation test rounds,  94.74% of Permutation tests (Core 11/15, passed_count 18)
 12.08% of Permutation test rounds,  94.74% of Permutation tests (Core 4/15, passed_count 18)
 12.09% of Permutation test rounds,  94.74% of Permutation tests (Core 8/15, passed_count 18)
 12.10% of Permutation test rounds,  94.74% of Permutation tests (Core 5/15, passed_count 18)
 12.11% of Permutation test rounds,  94.74% of Permutation tests (Core 10/15, passed_count 18)
 12.12% of Permutation test rounds,  94.74% of Permutation tests (Core 15/15, passed_count 18)
 12.13% of Permutation test rounds,  94.74% of Permutation tests (Core 1/15, passed_count 18)
 12.14% of Permutation test rounds,  94.74% of Permutation tests (Core 14/15, passed_count 18)
 12.15% of Permutation test rounds,  94.74% of Permutation tests (Core 9/15, passed_count 18)
 12.16% of Permutation test rounds,  94.74% of Permutation tests (Core 6/15, passed_count 18)
 12.17% of Permutation test rounds,  94.74% of Permutation tests (Core 3/15, passed_count 18)
 12.18% of Permutation test rounds,  94.74% of Permutation tests (Core 7/15, passed_count 18)
 12.19% of Permutation test rounds,  94.74% of Permutation tests (Core 12/15, passed_count 18)
 12.20% of Permutation test rounds,  94.74% of Permutation tests (Core 2/15, passed_count 18)
 12.21% of Permutation test rounds,  94.74% of Permutation tests (Core 0/15, passed_count 18)
 12.22% of Permutation test rounds,  94.74% of Permutation tests (Core 13/15, passed_count 18)
 12.23% of Permutation test rounds,  94.74% of Permutation tests (Core 11/15, passed_count 18)
 12.24% of Permutation test rounds,  94.74% of Permutation tests (Core 4/15, passed_count 18)
 12.25% of Permutation test rounds,  94.74% of Permutation tests (Core 10/15, passed_count 18)
 12.26% of Permutation test rounds,  94.74% of Permutation tests (Core 15/15, passed_count 18)
 12.27% of Permutation test rounds,  94.74% of Permutation tests (Core 8/15, passed_count 18)
 12.28% of Permutation test rounds,  94.74% of Permutation tests (Core 5/15, passed_count 18)
 12.29% of Permutation test rounds,  94.74% of Permutation tests (Core 1/15, passed_count 18)
 12.30% of Permutation test rounds,  94.74% of Permutation tests (Core 14/15, passed_count 18)
 12.31% of Permutation test rounds,  94.74% of Permutation tests (Core 9/15, passed_count 18)
 12.32% of Permutation test rounds,  94.74% of Permutation tests (Core 6/15, passed_count 18)
 12.33% of Permutation test rounds,  94.74% of Permutation tests (Core 3/15, passed_count 18)
 12.34% of Permutation test rounds,  94.74% of Permutation tests (Core 2/15, passed_count 18)
 12.35% of Permutation test rounds,  94.74% of Permutation tests (Core 12/15, passed_count 18)
 12.36% of Permutation test rounds,  94.74% of Permutation tests (Core 0/15, passed_count 18)
 12.37% of Permutation test rounds,  94.74% of Permutation tests (Core 7/15, passed_count 18)
 12.38% of Permutation test rounds,  94.74% of Permutation tests (Core 13/15, passed_count 18)
 12.39% of Permutation test rounds,  94.74% of Permutation tests (Core 11/15, passed_count 18)
 12.40% of Permutation test rounds,  94.74% of Permutation tests (Core 15/15, passed_count 18)
 12.41% of Permutation test rounds,  94.74% of Permutation tests (Core 10/15, passed_count 18)
 12.42% of Permutation test rounds,  94.74% of Permutation tests (Core 4/15, passed_count 18)
 12.43% of Permutation test rounds,  94.74% of Permutation tests (Core 8/15, passed_count 18)
 12.44% of Permutation test rounds,  94.74% of Permutation tests (Core 1/15, passed_count 18)
 12.45% of Permutation test rounds,  94.74% of Permutation tests (Core 5/15, passed_count 18)
 12.46% of Permutation test rounds,  94.74% of Permutation tests (Core 14/15, passed_count 18)
 12.47% of Permutation test rounds,  94.74% of Permutation tests (Core 9/15, passed_count 18)
 12.48% of Permutation test rounds,  94.74% of Permutation tests (Core 6/15, passed_count 18)
 12.49% of Permutation test rounds,  94.74% of Permutation tests (Core 2/15, passed_count 18)
 12.50% of Permutation test rounds,  94.74% of Permutation tests (Core 3/15, passed_count 18)
 12.51% of Permutation test rounds,  94.74% of Permutation tests (Core 0/15, passed_count 18)
 12.52% of Permutation test rounds,  94.74% of Permutation tests (Core 12/15, passed_count 18)
 12.53% of Permutation test rounds,  94.74% of Permutation tests (Core 15/15, passed_count 18)
 12.54% of Permutation test rounds,  94.74% of Permutation tests (Core 7/15, passed_count 18)
 12.55% of Permutation test rounds,  94.74% of Permutation tests (Core 10/15, passed_count 18)
 12.56% of Permutation test rounds,  94.74% of Permutation tests (Core 1/15, passed_count 18)
 12.57% of Permutation test rounds,  94.74% of Permutation tests (Core 13/15, passed_count 18)
 12.58% of Permutation test rounds,  94.74% of Permutation tests (Core 11/15, passed_count 18)
 12.59% of Permutation test rounds,  94.74% of Permutation tests (Core 4/15, passed_count 18)
 12.60% of Permutation test rounds,  94.74% of Permutation tests (Core 14/15, passed_count 18)
 12.61% of Permutation test rounds,  94.74% of Permutation tests (Core 8/15, passed_count 18)
 12.62% of Permutation test rounds,  94.74% of Permutation tests (Core 9/15, passed_count 18)
 12.63% of Permutation test rounds,  94.74% of Permutation tests (Core 5/15, passed_count 18)
 12.64% of Permutation test rounds,  94.74% of Permutation tests (Core 2/15, passed_count 18)
 12.65% of Permutation test rounds,  94.74% of Permutation tests (Core 6/15, passed_count 18)
 12.66% of Permutation test rounds,  94.74% of Permutation tests (Core 0/15, passed_count 18)
 12.67% of Permutation test rounds,  94.74% of Permutation tests (Core 3/15, passed_count 18)
 12.68% of Permutation test rounds,  94.74% of Permutation tests (Core 10/15, passed_count 18)
 12.69% of Permutation test rounds,  94.74% of Permutation tests (Core 15/15, passed_count 18)
 12.70% of Permutation test rounds,  94.74% of Permutation tests (Core 1/15, passed_count 18)
 12.71% of Permutation test rounds,  94.74% of Permutation tests (Core 12/15, passed_count 18)
 12.72% of Permutation test rounds,  94.74% of Permutation tests (Core 7/15, passed_count 18)
 12.73% of Permutation test rounds,  94.74% of Permutation tests (Core 13/15, passed_count 18)
 12.74% of Permutation test rounds,  94.74% of Permutation tests (Core 11/15, passed_count 18)
 12.75% of Permutation test rounds,  94.74% of Permutation tests (Core 4/15, passed_count 18)
 12.76% of Permutation test rounds,  94.74% of Permutation tests (Core 14/15, passed_count 18)
 12.77% of Permutation test rounds,  94.74% of Permutation tests (Core 9/15, passed_count 18)
 12.78% of Permutation test rounds,  94.74% of Permutation tests (Core 8/15, passed_count 18)
 12.79% of Permutation test rounds,  94.74% of Permutation tests (Core 2/15, passed_count 18)
 12.80% of Permutation test rounds,  94.74% of Permutation tests (Core 5/15, passed_count 18)
 12.81% of Permutation test rounds,  94.74% of Permutation tests (Core 6/15, passed_count 18)
 12.82% of Permutation test rounds,  94.74% of Permutation tests (Core 0/15, passed_count 18)
 12.83% of Permutation test rounds,  94.74% of Permutation tests (Core 3/15, passed_count 18)
 12.84% of Permutation test rounds,  94.74% of Permutation tests (Core 15/15, passed_count 18)
 12.85% of Permutation test rounds,  94.74% of Permutation tests (Core 10/15, passed_count 18)
 12.86% of Permutation test rounds,  94.74% of Permutation tests (Core 1/15, passed_count 18)
 12.87% of Permutation test rounds,  94.74% of Permutation tests (Core 12/15, passed_count 18)
 12.88% of Permutation test rounds,  94.74% of Permutation tests (Core 7/15, passed_count 18)
 12.89% of Permutation test rounds,  94.74% of Permutation tests (Core 13/15, passed_count 18)
 12.90% of Permutation test rounds,  94.74% of Permutation tests (Core 14/15, passed_count 18)
 12.91% of Permutation test rounds,  94.74% of Permutation tests (Core 9/15, passed_count 18)
 12.92% of Permutation test rounds,  94.74% of Permutation tests (Core 11/15, passed_count 18)
 12.93% of Permutation test rounds,  94.74% of Permutation tests (Core 2/15, passed_count 18)
 12.94% of Permutation test rounds,  94.74% of Permutation tests (Core 4/15, passed_count 18)
 12.95% of Permutation test rounds,  94.74% of Permutation tests (Core 6/15, passed_count 18)
 12.96% of Permutation test rounds,  94.74% of Permutation tests (Core 8/15, passed_count 18)
 12.97% of Permutation test rounds,  94.74% of Permutation tests (Core 0/15, passed_count 18)
 12.98% of Permutation test rounds,  94.74% of Permutation tests (Core 5/15, passed_count 18)
 12.99% of Permutation test rounds,  94.74% of Permutation tests (Core 15/15, passed_count 18)
 13.00% of Permutation test rounds,  94.74% of Permutation tests (Core 10/15, passed_count 18)
 13.01% of Permutation test rounds,  94.74% of Permutation tests (Core 1/15, passed_count 18)
 13.02% of Permutation test rounds,  94.74% of Permutation tests (Core 3/15, passed_count 18)
 13.03% of Permutation test rounds,  94.74% of Permutation tests (Core 12/15, passed_count 18)
 13.04% of Permutation test rounds,  94.74% of Permutation tests (Core 14/15, passed_count 18)
 13.05% of Permutation test rounds,  94.74% of Permutation tests (Core 7/15, passed_count 18)
 13.06% of Permutation test rounds,  94.74% of Permutation tests (Core 2/15, passed_count 18)
 13.07% of Permutation test rounds,  94.74% of Permutation tests (Core 9/15, passed_count 18)
 13.08% of Permutation test rounds,  94.74% of Permutation tests (Core 13/15, passed_count 18)
 13.09% of Permutation test rounds,  94.74% of Permutation tests (Core 11/15, passed_count 18)
 13.10% of Permutation test rounds,  94.74% of Permutation tests (Core 6/15, passed_count 18)
 13.11% of Permutation test rounds,  94.74% of Permutation tests (Core 4/15, passed_count 18)
 13.12% of Permutation test rounds,  94.74% of Permutation tests (Core 0/15, passed_count 18)
 13.13% of Permutation test rounds,  94.74% of Permutation tests (Core 8/15, passed_count 18)
 13.14% of Permutation test rounds,  94.74% of Permutation tests (Core 5/15, passed_count 18)
 13.15% of Permutation test rounds,  94.74% of Permutation tests (Core 15/15, passed_count 18)
 13.16% of Permutation test rounds,  94.74% of Permutation tests (Core 10/15, passed_count 18)
 13.17% of Permutation test rounds,  94.74% of Permutation tests (Core 1/15, passed_count 18)
 13.18% of Permutation test rounds,  94.74% of Permutation tests (Core 3/15, passed_count 18)
 13.19% of Permutation test rounds,  94.74% of Permutation tests (Core 14/15, passed_count 18)
 13.20% of Permutation test rounds,  94.74% of Permutation tests (Core 9/15, passed_count 18)
 13.21% of Permutation test rounds,  94.74% of Permutation tests (Core 12/15, passed_count 18)
 13.22% of Permutation test rounds,  94.74% of Permutation tests (Core 2/15, passed_count 18)
 13.23% of Permutation test rounds,  94.74% of Permutation tests (Core 7/15, passed_count 18)
 13.24% of Permutation test rounds,  94.74% of Permutation tests (Core 6/15, passed_count 18)
 13.25% of Permutation test rounds,  94.74% of Permutation tests (Core 0/15, passed_count 18)
 13.26% of Permutation test rounds,  94.74% of Permutation tests (Core 13/15, passed_count 18)
 13.27% of Permutation test rounds,  94.74% of Permutation tests (Core 11/15, passed_count 18)
 13.28% of Permutation test rounds,  94.74% of Permutation tests (Core 4/15, passed_count 18)
 13.29% of Permutation test rounds,  94.74% of Permutation tests (Core 8/15, passed_count 18)
 13.30% of Permutation test rounds,  94.74% of Permutation tests (Core 10/15, passed_count 18)
 13.31% of Permutation test rounds,  94.74% of Permutation tests (Core 15/15, passed_count 18)
 13.32% of Permutation test rounds,  94.74% of Permutation tests (Core 5/15, passed_count 18)
 13.33% of Permutation test rounds,  94.74% of Permutation tests (Core 1/15, passed_count 18)
 13.34% of Permutation test rounds,  94.74% of Permutation tests (Core 3/15, passed_count 18)
 13.35% of Permutation test rounds,  94.74% of Permutation tests (Core 14/15, passed_count 18)
 13.36% of Permutation test rounds,  94.74% of Permutation tests (Core 9/15, passed_count 18)
 13.37% of Permutation test rounds,  94.74% of Permutation tests (Core 2/15, passed_count 18)
 13.38% of Permutation test rounds,  94.74% of Permutation tests (Core 6/15, passed_count 18)
 13.39% of Permutation test rounds,  94.74% of Permutation tests (Core 12/15, passed_count 18)
 13.40% of Permutation test rounds,  94.74% of Permutation tests (Core 0/15, passed_count 18)
 13.41% of Permutation test rounds,  94.74% of Permutation tests (Core 7/15, passed_count 18)
 13.42% of Permutation test rounds,  94.74% of Permutation tests (Core 13/15, passed_count 18)
 13.43% of Permutation test rounds,  94.74% of Permutation tests (Core 11/15, passed_count 18)
 13.44% of Permutation test rounds,  94.74% of Permutation tests (Core 4/15, passed_count 18)
 13.45% of Permutation test rounds,  94.74% of Permutation tests (Core 10/15, passed_count 18)
 13.46% of Permutation test rounds,  94.74% of Permutation tests (Core 15/15, passed_count 18)
 13.47% of Permutation test rounds,  94.74% of Permutation tests (Core 8/15, passed_count 18)
 13.48% of Permutation test rounds,  94.74% of Permutation tests (Core 1/15, passed_count 18)
 13.49% of Permutation test rounds,  94.74% of Permutation tests (Core 5/15, passed_count 18)
 13.50% of Permutation test rounds,  94.74% of Permutation tests (Core 14/15, passed_count 18)
 13.51% of Permutation test rounds,  94.74% of Permutation tests (Core 9/15, passed_count 18)
 13.52% of Permutation test rounds,  94.74% of Permutation tests (Core 3/15, passed_count 18)
 13.53% of Permutation test rounds,  94.74% of Permutation tests (Core 6/15, passed_count 18)
 13.54% of Permutation test rounds,  94.74% of Permutation tests (Core 2/15, passed_count 18)
 13.55% of Permutation test rounds,  94.74% of Permutation tests (Core 0/15, passed_count 18)
 13.56% of Permutation test rounds,  94.74% of Permutation tests (Core 12/15, passed_count 18)
 13.57% of Permutation test rounds,  94.74% of Permutation tests (Core 7/15, passed_count 18)
 13.58% of Permutation test rounds,  94.74% of Permutation tests (Core 10/15, passed_count 18)
 13.59% of Permutation test rounds,  94.74% of Permutation tests (Core 11/15, passed_count 18)
 13.60% of Permutation test rounds,  94.74% of Permutation tests (Core 15/15, passed_count 18)
 13.61% of Permutation test rounds,  94.74% of Permutation tests (Core 13/15, passed_count 18)
 13.62% of Permutation test rounds,  94.74% of Permutation tests (Core 1/15, passed_count 18)
 13.63% of Permutation test rounds,  94.74% of Permutation tests (Core 4/15, passed_count 18)
 13.64% of Permutation test rounds,  94.74% of Permutation tests (Core 8/15, passed_count 18)
 13.65% of Permutation test rounds,  94.74% of Permutation tests (Core 14/15, passed_count 18)
 13.66% of Permutation test rounds,  94.74% of Permutation tests (Core 5/15, passed_count 18)
 13.67% of Permutation test rounds,  94.74% of Permutation tests (Core 9/15, passed_count 18)
 13.68% of Permutation test rounds,  94.74% of Permutation tests (Core 6/15, passed_count 18)
 13.69% of Permutation test rounds,  94.74% of Permutation tests (Core 2/15, passed_count 18)
 13.70% of Permutation test rounds,  94.74% of Permutation tests (Core 3/15, passed_count 18)
 13.71% of Permutation test rounds,  94.74% of Permutation tests (Core 0/15, passed_count 18)
 13.72% of Permutation test rounds,  94.74% of Permutation tests (Core 12/15, passed_count 18)
 13.73% of Permutation test rounds,  94.74% of Permutation tests (Core 7/15, passed_count 18)
 13.74% of Permutation test rounds,  94.74% of Permutation tests (Core 15/15, passed_count 18)
 13.75% of Permutation test rounds,  94.74% of Permutation tests (Core 1/15, passed_count 18)
 13.76% of Permutation test rounds,  94.74% of Permutation tests (Core 10/15, passed_count 18)
 13.77% of Permutation test rounds,  94.74% of Permutation tests (Core 11/15, passed_count 18)
 13.78% of Permutation test rounds,  94.74% of Permutation tests (Core 13/15, passed_count 18)
 13.79% of Permutation test rounds,  94.74% of Permutation tests (Core 4/15, passed_count 18)
 13.80% of Permutation test rounds,  94.74% of Permutation tests (Core 8/15, passed_count 18)
 13.81% of Permutation test rounds,  94.74% of Permutation tests (Core 14/15, passed_count 18)
 13.82% of Permutation test rounds,  94.74% of Permutation tests (Core 9/15, passed_count 18)
 13.83% of Permutation test rounds,  94.74% of Permutation tests (Core 6/15, passed_count 18)
 13.84% of Permutation test rounds,  94.74% of Permutation tests (Core 5/15, passed_count 18)
 13.85% of Permutation test rounds,  94.74% of Permutation tests (Core 2/15, passed_count 18)
 13.86% of Permutation test rounds,  94.74% of Permutation tests (Core 0/15, passed_count 18)
 13.87% of Permutation test rounds,  94.74% of Permutation tests (Core 3/15, passed_count 18)
 13.88% of Permutation test rounds,  94.74% of Permutation tests (Core 15/15, passed_count 18)
 13.89% of Permutation test rounds,  94.74% of Permutation tests (Core 1/15, passed_count 18)
 13.90% of Permutation test rounds,  94.74% of Permutation tests (Core 12/15, passed_count 18)
 13.91% of Permutation test rounds,  94.74% of Permutation tests (Core 10/15, passed_count 18)
 13.92% of Permutation test rounds,  94.74% of Permutation tests (Core 7/15, passed_count 18)
 13.93% of Permutation test rounds,  94.74% of Permutation tests (Core 14/15, passed_count 18)
 13.94% of Permutation test rounds,  94.74% of Permutation tests (Core 11/15, passed_count 18)
 13.95% of Permutation test rounds,  94.74% of Permutation tests (Core 13/15, passed_count 18)
 13.96% of Permutation test rounds,  94.74% of Permutation tests (Core 9/15, passed_count 18)
 13.97% of Permutation test rounds,  94.74% of Permutation tests (Core 6/15, passed_count 18)
 13.98% of Permutation test rounds,  94.74% of Permutation tests (Core 4/15, passed_count 18)
 13.99% of Permutation test rounds,  94.74% of Permutation tests (Core 8/15, passed_count 18)
 14.00% of Permutation test rounds,  94.74% of Permutation tests (Core 2/15, passed_count 18)
 14.01% of Permutation test rounds,  94.74% of Permutation tests (Core 0/15, passed_count 18)
 14.02% of Permutation test rounds,  94.74% of Permutation tests (Core 5/15, passed_count 18)
 14.03% of Permutation test rounds,  94.74% of Permutation tests (Core 15/15, passed_count 18)
 14.04% of Permutation test rounds,  94.74% of Permutation tests (Core 1/15, passed_count 18)
 14.05% of Permutation test rounds,  94.74% of Permutation tests (Core 3/15, passed_count 18)
 14.06% of Permutation test rounds,  94.74% of Permutation tests (Core 10/15, passed_count 18)
 14.07% of Permutation test rounds,  94.74% of Permutation tests (Core 12/15, passed_count 18)
 14.08% of Permutation test rounds,  94.74% of Permutation tests (Core 7/15, passed_count 18)
 14.09% of Permutation test rounds,  94.74% of Permutation tests (Core 14/15, passed_count 18)
 14.10% of Permutation test rounds,  94.74% of Permutation tests (Core 9/15, passed_count 18)
 14.11% of Permutation test rounds,  94.74% of Permutation tests (Core 11/15, passed_count 18)
 14.12% of Permutation test rounds,  94.74% of Permutation tests (Core 6/15, passed_count 18)
 14.13% of Permutation test rounds,  94.74% of Permutation tests (Core 13/15, passed_count 18)
 14.14% of Permutation test rounds,  94.74% of Permutation tests (Core 4/15, passed_count 18)
 14.15% of Permutation test rounds,  94.74% of Permutation tests (Core 8/15, passed_count 18)
 14.16% of Permutation test rounds,  94.74% of Permutation tests (Core 2/15, passed_count 18)
 14.17% of Permutation test rounds,  94.74% of Permutation tests (Core 0/15, passed_count 18)
 14.18% of Permutation test rounds,  94.74% of Permutation tests (Core 15/15, passed_count 18)
 14.19% of Permutation test rounds,  94.74% of Permutation tests (Core 5/15, passed_count 18)
 14.20% of Permutation test rounds,  94.74% of Permutation tests (Core 1/15, passed_count 18)
 14.21% of Permutation test rounds,  94.74% of Permutation tests (Core 3/15, passed_count 18)
 14.22% of Permutation test rounds,  94.74% of Permutation tests (Core 10/15, passed_count 18)
 14.23% of Permutation test rounds,  94.74% of Permutation tests (Core 14/15, passed_count 18)
 14.24% of Permutation test rounds,  94.74% of Permutation tests (Core 12/15, passed_count 18)
 14.25% of Permutation test rounds,  94.74% of Permutation tests (Core 7/15, passed_count 18)
 14.26% of Permutation test rounds,  94.74% of Permutation tests (Core 9/15, passed_count 18)
 14.27% of Permutation test rounds,  94.74% of Permutation tests (Core 6/15, passed_count 18)
 14.28% of Permutation test rounds,  94.74% of Permutation tests (Core 11/15, passed_count 18)
 14.29% of Permutation test rounds,  94.74% of Permutation tests (Core 13/15, passed_count 18)
 14.30% of Permutation test rounds,  94.74% of Permutation tests (Core 2/15, passed_count 18)
 14.31% of Permutation test rounds,  94.74% of Permutation tests (Core 4/15, passed_count 18)
 14.32% of Permutation test rounds,  94.74% of Permutation tests (Core 0/15, passed_count 18)
 14.33% of Permutation test rounds,  94.74% of Permutation tests (Core 8/15, passed_count 18)
 14.34% of Permutation test rounds,  94.74% of Permutation tests (Core 15/15, passed_count 18)
 14.35% of Permutation test rounds,  94.74% of Permutation tests (Core 5/15, passed_count 18)
 14.36% of Permutation test rounds,  94.74% of Permutation tests (Core 1/15, passed_count 18)
 14.37% of Permutation test rounds,  94.74% of Permutation tests (Core 10/15, passed_count 18)
 14.38% of Permutation test rounds,  94.74% of Permutation tests (Core 3/15, passed_count 18)
 14.39% of Permutation test rounds,  94.74% of Permutation tests (Core 14/15, passed_count 18)
 14.40% of Permutation test rounds,  94.74% of Permutation tests (Core 9/15, passed_count 18)
 14.41% of Permutation test rounds,  94.74% of Permutation tests (Core 12/15, passed_count 18)
 14.42% of Permutation test rounds,  94.74% of Permutation tests (Core 7/15, passed_count 18)
 14.43% of Permutation test rounds,  94.74% of Permutation tests (Core 6/15, passed_count 18)
 14.44% of Permutation test rounds,  94.74% of Permutation tests (Core 2/15, passed_count 18)
 14.45% of Permutation test rounds,  94.74% of Permutation tests (Core 4/15, passed_count 18)
 14.46% of Permutation test rounds,  94.74% of Permutation tests (Core 11/15, passed_count 18)
 14.47% of Permutation test rounds,  94.74% of Permutation tests (Core 13/15, passed_count 18)
 14.48% of Permutation test rounds,  94.74% of Permutation tests (Core 15/15, passed_count 18)
 14.49% of Permutation test rounds,  94.74% of Permutation tests (Core 0/15, passed_count 18)
 14.50% of Permutation test rounds,  94.74% of Permutation tests (Core 8/15, passed_count 18)
 14.51% of Permutation test rounds,  94.74% of Permutation tests (Core 1/15, passed_count 18)
 14.52% of Permutation test rounds,  94.74% of Permutation tests (Core 10/15, passed_count 18)
 14.53% of Permutation test rounds,  94.74% of Permutation tests (Core 5/15, passed_count 18)
 14.54% of Permutation test rounds,  94.74% of Permutation tests (Core 3/15, passed_count 18)
 14.55% of Permutation test rounds,  94.74% of Permutation tests (Core 14/15, passed_count 18)
 14.56% of Permutation test rounds,  94.74% of Permutation tests (Core 9/15, passed_count 18)
 14.57% of Permutation test rounds,  94.74% of Permutation tests (Core 12/15, passed_count 18)
 14.58% of Permutation test rounds,  94.74% of Permutation tests (Core 2/15, passed_count 18)
 14.59% of Permutation test rounds,  94.74% of Permutation tests (Core 7/15, passed_count 18)
 14.60% of Permutation test rounds,  94.74% of Permutation tests (Core 6/15, passed_count 18)
 14.61% of Permutation test rounds,  94.74% of Permutation tests (Core 15/15, passed_count 18)
 14.62% of Permutation test rounds,  94.74% of Permutation tests (Core 11/15, passed_count 18)
 14.63% of Permutation test rounds,  94.74% of Permutation tests (Core 4/15, passed_count 18)
 14.64% of Permutation test rounds,  94.74% of Permutation tests (Core 0/15, passed_count 18)
 14.65% of Permutation test rounds,  94.74% of Permutation tests (Core 13/15, passed_count 18)
 14.66% of Permutation test rounds,  94.74% of Permutation tests (Core 8/15, passed_count 18)
 14.67% of Permutation test rounds,  94.74% of Permutation tests (Core 10/15, passed_count 18)
 14.68% of Permutation test rounds,  94.74% of Permutation tests (Core 1/15, passed_count 18)
 14.69% of Permutation test rounds,  94.74% of Permutation tests (Core 5/15, passed_count 18)
 14.70% of Permutation test rounds,  94.74% of Permutation tests (Core 3/15, passed_count 18)
 14.71% of Permutation test rounds,  94.74% of Permutation tests (Core 14/15, passed_count 18)
 14.72% of Permutation test rounds,  94.74% of Permutation tests (Core 9/15, passed_count 18)
 14.73% of Permutation test rounds,  94.74% of Permutation tests (Core 6/15, passed_count 18)
 14.74% of Permutation test rounds,  94.74% of Permutation tests (Core 2/15, passed_count 18)
 14.75% of Permutation test rounds,  94.74% of Permutation tests (Core 12/15, passed_count 18)
 14.76% of Permutation test rounds,  94.74% of Permutation tests (Core 15/15, passed_count 18)
 14.77% of Permutation test rounds,  94.74% of Permutation tests (Core 0/15, passed_count 18)
 14.78% of Permutation test rounds,  94.74% of Permutation tests (Core 7/15, passed_count 18)
 14.79% of Permutation test rounds,  94.74% of Permutation tests (Core 11/15, passed_count 18)
 14.80% of Permutation test rounds,  94.74% of Permutation tests (Core 4/15, passed_count 18)
 14.81% of Permutation test rounds,  94.74% of Permutation tests (Core 1/15, passed_count 18)
 14.82% of Permutation test rounds,  94.74% of Permutation tests (Core 13/15, passed_count 18)
 14.83% of Permutation test rounds,  94.74% of Permutation tests (Core 10/15, passed_count 18)
 14.84% of Permutation test rounds,  94.74% of Permutation tests (Core 8/15, passed_count 18)
 14.85% of Permutation test rounds,  94.74% of Permutation tests (Core 5/15, passed_count 18)
 14.86% of Permutation test rounds,  94.74% of Permutation tests (Core 14/15, passed_count 18)
 14.87% of Permutation test rounds,  94.74% of Permutation tests (Core 9/15, passed_count 18)
 14.88% of Permutation test rounds,  94.74% of Permutation tests (Core 3/15, passed_count 18)
 14.89% of Permutation test rounds,  94.74% of Permutation tests (Core 6/15, passed_count 18)
 14.90% of Permutation test rounds,  94.74% of Permutation tests (Core 2/15, passed_count 18)
 14.91% of Permutation test rounds,  94.74% of Permutation tests (Core 15/15, passed_count 18)
 14.92% of Permutation test rounds,  94.74% of Permutation tests (Core 0/15, passed_count 18)
 14.93% of Permutation test rounds,  94.74% of Permutation tests (Core 12/15, passed_count 18)
 14.94% of Permutation test rounds,  94.74% of Permutation tests (Core 7/15, passed_count 18)
 14.95% of Permutation test rounds,  94.74% of Permutation tests (Core 11/15, passed_count 18)
 14.96% of Permutation test rounds,  94.74% of Permutation tests (Core 1/15, passed_count 18)
 14.97% of Permutation test rounds,  94.74% of Permutation tests (Core 4/15, passed_count 18)
 14.98% of Permutation test rounds,  94.74% of Permutation tests (Core 13/15, passed_count 18)
 14.99% of Permutation test rounds,  94.74% of Permutation tests (Core 10/15, passed_count 18)
 15.00% of Permutation test rounds,  94.74% of Permutation tests (Core 8/15, passed_count 18)
 15.01% of Permutation test rounds,  94.74% of Permutation tests (Core 14/15, passed_count 18)
 15.02% of Permutation test rounds,  94.74% of Permutation tests (Core 5/15, passed_count 18)
 15.03% of Permutation test rounds,  94.74% of Permutation tests (Core 9/15, passed_count 18)
 15.04% of Permutation test rounds,  94.74% of Permutation tests (Core 6/15, passed_count 18)
 15.05% of Permutation test rounds,  94.74% of Permutation tests (Core 2/15, passed_count 18)
 15.06% of Permutation test rounds,  94.74% of Permutation tests (Core 3/15, passed_count 18)
 15.07% of Permutation test rounds,  94.74% of Permutation tests (Core 15/15, passed_count 18)
 15.08% of Permutation test rounds,  94.74% of Permutation tests (Core 0/15, passed_count 18)
 15.09% of Permutation test rounds,  94.74% of Permutation tests (Core 12/15, passed_count 18)
 15.10% of Permutation test rounds,  94.74% of Permutation tests (Core 1/15, passed_count 18)
 15.11% of Permutation test rounds,  94.74% of Permutation tests (Core 7/15, passed_count 18)
 15.12% of Permutation test rounds,  94.74% of Permutation tests (Core 10/15, passed_count 18)
 15.13% of Permutation test rounds,  94.74% of Permutation tests (Core 11/15, passed_count 18)
 15.14% of Permutation test rounds,  94.74% of Permutation tests (Core 4/15, passed_count 18)
 15.15% of Permutation test rounds,  94.74% of Permutation tests (Core 13/15, passed_count 18)
 15.16% of Permutation test rounds,  94.74% of Permutation tests (Core 14/15, passed_count 18)
 15.17% of Permutation test rounds,  94.74% of Permutation tests (Core 8/15, passed_count 18)
 15.18% of Permutation test rounds,  94.74% of Permutation tests (Core 9/15, passed_count 18)
 15.19% of Permutation test rounds,  94.74% of Permutation tests (Core 6/15, passed_count 18)
 15.20% of Permutation test rounds,  94.74% of Permutation tests (Core 2/15, passed_count 18)
 15.21% of Permutation test rounds,  94.74% of Permutation tests (Core 15/15, passed_count 18)
 15.22% of Permutation test rounds,  94.74% of Permutation tests (Core 5/15, passed_count 18)
 15.23% of Permutation test rounds,  94.74% of Permutation tests (Core 0/15, passed_count 18)
 15.24% of Permutation test rounds,  94.74% of Permutation tests (Core 3/15, passed_count 18)
 15.25% of Permutation test rounds,  94.74% of Permutation tests (Core 1/15, passed_count 18)
 15.26% of Permutation test rounds,  94.74% of Permutation tests (Core 10/15, passed_count 18)
 15.27% of Permutation test rounds,  94.74% of Permutation tests (Core 12/15, passed_count 18)
 15.28% of Permutation test rounds,  94.74% of Permutation tests (Core 14/15, passed_count 18)
 15.29% of Permutation test rounds,  94.74% of Permutation tests (Core 7/15, passed_count 18)
 15.30% of Permutation test rounds,  94.74% of Permutation tests (Core 11/15, passed_count 18)
 15.31% of Permutation test rounds,  94.74% of Permutation tests (Core 4/15, passed_count 18)
 15.32% of Permutation test rounds,  94.74% of Permutation tests (Core 13/15, passed_count 18)
 15.33% of Permutation test rounds,  94.74% of Permutation tests (Core 9/15, passed_count 18)
 15.34% of Permutation test rounds,  94.74% of Permutation tests (Core 6/15, passed_count 18)
 15.35% of Permutation test rounds,  94.74% of Permutation tests (Core 2/15, passed_count 18)
 15.36% of Permutation test rounds,  94.74% of Permutation tests (Core 8/15, passed_count 18)
 15.37% of Permutation test rounds,  94.74% of Permutation tests (Core 15/15, passed_count 18)
 15.38% of Permutation test rounds,  94.74% of Permutation tests (Core 0/15, passed_count 18)
 15.39% of Permutation test rounds,  94.74% of Permutation tests (Core 5/15, passed_count 18)
 15.40% of Permutation test rounds,  94.74% of Permutation tests (Core 1/15, passed_count 18)
 15.41% of Permutation test rounds,  94.74% of Permutation tests (Core 10/15, passed_count 18)
 15.42% of Permutation test rounds,  94.74% of Permutation tests (Core 3/15, passed_count 18)
 15.43% of Permutation test rounds,  94.74% of Permutation tests (Core 12/15, passed_count 18)
 15.44% of Permutation test rounds,  94.74% of Permutation tests (Core 14/15, passed_count 18)
 15.45% of Permutation test rounds,  94.74% of Permutation tests (Core 7/15, passed_count 18)
 15.46% of Permutation test rounds,  94.74% of Permutation tests (Core 6/15, passed_count 18)
 15.47% of Permutation test rounds,  94.74% of Permutation tests (Core 11/15, passed_count 18)
 15.48% of Permutation test rounds,  94.74% of Permutation tests (Core 4/15, passed_count 18)
 15.49% of Permutation test rounds,  94.74% of Permutation tests (Core 2/15, passed_count 18)
 15.50% of Permutation test rounds,  94.74% of Permutation tests (Core 9/15, passed_count 18)
 15.51% of Permutation test rounds,  94.74% of Permutation tests (Core 15/15, passed_count 18)
 15.52% of Permutation test rounds,  94.74% of Permutation tests (Core 13/15, passed_count 18)
 15.53% of Permutation test rounds,  94.74% of Permutation tests (Core 0/15, passed_count 18)
 15.54% of Permutation test rounds,  94.74% of Permutation tests (Core 8/15, passed_count 18)
 15.55% of Permutation test rounds,  94.74% of Permutation tests (Core 1/15, passed_count 18)
 15.56% of Permutation test rounds,  94.74% of Permutation tests (Core 5/15, passed_count 18)
 15.57% of Permutation test rounds,  94.74% of Permutation tests (Core 10/15, passed_count 18)
 15.58% of Permutation test rounds,  94.74% of Permutation tests (Core 3/15, passed_count 18)
 15.59% of Permutation test rounds,  94.74% of Permutation tests (Core 14/15, passed_count 18)
 15.60% of Permutation test rounds,  94.74% of Permutation tests (Core 12/15, passed_count 18)
 15.61% of Permutation test rounds,  94.74% of Permutation tests (Core 6/15, passed_count 18)
 15.62% of Permutation test rounds,  94.74% of Permutation tests (Core 2/15, passed_count 18)
 15.63% of Permutation test rounds,  94.74% of Permutation tests (Core 9/15, passed_count 18)
 15.64% of Permutation test rounds,  94.74% of Permutation tests (Core 15/15, passed_count 18)
 15.65% of Permutation test rounds,  94.74% of Permutation tests (Core 0/15, passed_count 18)
 15.66% of Permutation test rounds,  94.74% of Permutation tests (Core 7/15, passed_count 18)
 15.67% of Permutation test rounds,  94.74% of Permutation tests (Core 11/15, passed_count 18)
 15.68% of Permutation test rounds,  94.74% of Permutation tests (Core 4/15, passed_count 18)
 15.69% of Permutation test rounds,  94.74% of Permutation tests (Core 13/15, passed_count 18)
 15.70% of Permutation test rounds,  94.74% of Permutation tests (Core 8/15, passed_count 18)
 15.71% of Permutation test rounds,  94.74% of Permutation tests (Core 1/15, passed_count 18)
 15.72% of Permutation test rounds,  94.74% of Permutation tests (Core 10/15, passed_count 18)
 15.73% of Permutation test rounds,  94.74% of Permutation tests (Core 5/15, passed_count 18)
 15.74% of Permutation test rounds,  94.74% of Permutation tests (Core 14/15, passed_count 18)
 15.75% of Permutation test rounds,  94.74% of Permutation tests (Core 3/15, passed_count 18)
 15.76% of Permutation test rounds,  94.74% of Permutation tests (Core 6/15, passed_count 18)
 15.77% of Permutation test rounds,  94.74% of Permutation tests (Core 12/15, passed_count 18)
 15.78% of Permutation test rounds,  94.74% of Permutation tests (Core 0/15, passed_count 18)
 15.79% of Permutation test rounds,  94.74% of Permutation tests (Core 15/15, passed_count 18)
 15.80% of Permutation test rounds,  94.74% of Permutation tests (Core 2/15, passed_count 18)
 15.81% of Permutation test rounds,  94.74% of Permutation tests (Core 9/15, passed_count 18)
 15.82% of Permutation test rounds,  94.74% of Permutation tests (Core 7/15, passed_count 18)
 15.83% of Permutation test rounds,  94.74% of Permutation tests (Core 11/15, passed_count 18)
 15.84% of Permutation test rounds,  94.74% of Permutation tests (Core 4/15, passed_count 18)
 15.85% of Permutation test rounds,  94.74% of Permutation tests (Core 1/15, passed_count 18)
 15.86% of Permutation test rounds,  94.74% of Permutation tests (Core 13/15, passed_count 18)
 15.87% of Permutation test rounds,  94.74% of Permutation tests (Core 10/15, passed_count 18)
 15.88% of Permutation test rounds,  94.74% of Permutation tests (Core 8/15, passed_count 18)
 15.89% of Permutation test rounds,  94.74% of Permutation tests (Core 14/15, passed_count 18)
 15.90% of Permutation test rounds,  94.74% of Permutation tests (Core 5/15, passed_count 18)
 15.91% of Permutation test rounds,  94.74% of Permutation tests (Core 6/15, passed_count 18)
 15.92% of Permutation test rounds,  94.74% of Permutation tests (Core 3/15, passed_count 18)
 15.93% of Permutation test rounds,  94.74% of Permutation tests (Core 0/15, passed_count 18)
 15.94% of Permutation test rounds,  94.74% of Permutation tests (Core 9/15, passed_count 18)
 15.95% of Permutation test rounds,  94.74% of Permutation tests (Core 2/15, passed_count 18)
 15.96% of Permutation test rounds,  94.74% of Permutation tests (Core 15/15, passed_count 18)
 15.97% of Permutation test rounds,  94.74% of Permutation tests (Core 12/15, passed_count 18)
 15.98% of Permutation test rounds,  94.74% of Permutation tests (Core 7/15, passed_count 18)
 15.99% of Permutation test rounds,  94.74% of Permutation tests (Core 1/15, passed_count 18)
 16.00% of Permutation test rounds,  94.74% of Permutation tests (Core 11/15, passed_count 18)
 16.01% of Permutation test rounds,  94.74% of Permutation tests (Core 10/15, passed_count 18)
 16.02% of Permutation test rounds,  94.74% of Permutation tests (Core 13/15, passed_count 18)
 16.03% of Permutation test rounds,  94.74% of Permutation tests (Core 4/15, passed_count 18)
 16.04% of Permutation test rounds,  94.74% of Permutation tests (Core 8/15, passed_count 18)
 16.05% of Permutation test rounds,  94.74% of Permutation tests (Core 14/15, passed_count 18)
 16.06% of Permutation test rounds,  94.74% of Permutation tests (Core 6/15, passed_count 18)
 16.07% of Permutation test rounds,  94.74% of Permutation tests (Core 5/15, passed_count 18)
 16.08% of Permutation test rounds,  94.74% of Permutation tests (Core 9/15, passed_count 18)
 16.09% of Permutation test rounds,  94.74% of Permutation tests (Core 2/15, passed_count 18)
 16.10% of Permutation test rounds,  94.74% of Permutation tests (Core 15/15, passed_count 18)
 16.11% of Permutation test rounds,  94.74% of Permutation tests (Core 0/15, passed_count 18)
 16.12% of Permutation test rounds,  94.74% of Permutation tests (Core 3/15, passed_count 18)
 16.13% of Permutation test rounds,  94.74% of Permutation tests (Core 12/15, passed_count 18)
 16.14% of Permutation test rounds,  94.74% of Permutation tests (Core 7/15, passed_count 18)
 16.15% of Permutation test rounds,  94.74% of Permutation tests (Core 1/15, passed_count 18)
 16.16% of Permutation test rounds,  94.74% of Permutation tests (Core 10/15, passed_count 18)
 16.17% of Permutation test rounds,  94.74% of Permutation tests (Core 11/15, passed_count 18)
 16.18% of Permutation test rounds,  94.74% of Permutation tests (Core 13/15, passed_count 18)
 16.19% of Permutation test rounds,  94.74% of Permutation tests (Core 4/15, passed_count 18)
 16.20% of Permutation test rounds,  94.74% of Permutation tests (Core 14/15, passed_count 18)
 16.21% of Permutation test rounds,  94.74% of Permutation tests (Core 6/15, passed_count 18)
 16.22% of Permutation test rounds,  94.74% of Permutation tests (Core 8/15, passed_count 18)
 16.23% of Permutation test rounds,  94.74% of Permutation tests (Core 9/15, passed_count 18)
 16.24% of Permutation test rounds,  94.74% of Permutation tests (Core 2/15, passed_count 18)
 16.25% of Permutation test rounds,  94.74% of Permutation tests (Core 0/15, passed_count 18)
 16.26% of Permutation test rounds,  94.74% of Permutation tests (Core 15/15, passed_count 18)
 16.27% of Permutation test rounds,  94.74% of Permutation tests (Core 5/15, passed_count 18)
 16.28% of Permutation test rounds,  94.74% of Permutation tests (Core 10/15, passed_count 18)
 16.29% of Permutation test rounds,  94.74% of Permutation tests (Core 1/15, passed_count 18)
 16.30% of Permutation test rounds,  94.74% of Permutation tests (Core 3/15, passed_count 18)
 16.31% of Permutation test rounds,  94.74% of Permutation tests (Core 6/15, passed_count 18)
 16.32% of Permutation test rounds,  94.74% of Permutation tests (Core 14/15, passed_count 18)
 16.33% of Permutation test rounds,  94.74% of Permutation tests (Core 12/15, passed_count 18)
 16.34% of Permutation test rounds,  94.74% of Permutation tests (Core 9/15, passed_count 18)
 16.35% of Permutation test rounds,  94.74% of Permutation tests (Core 7/15, passed_count 18)
 16.36% of Permutation test rounds,  94.74% of Permutation tests (Core 2/15, passed_count 18)
 16.37% of Permutation test rounds,  94.74% of Permutation tests (Core 0/15, passed_count 18)
 16.38% of Permutation test rounds,  94.74% of Permutation tests (Core 11/15, passed_count 18)
 16.39% of Permutation test rounds,  94.74% of Permutation tests (Core 15/15, passed_count 18)
 16.40% of Permutation test rounds,  94.74% of Permutation tests (Core 10/15, passed_count 18)
 16.41% of Permutation test rounds,  94.74% of Permutation tests (Core 1/15, passed_count 18)
 16.42% of Permutation test rounds,  94.74% of Permutation tests (Core 13/15, passed_count 18)
 16.43% of Permutation test rounds,  94.74% of Permutation tests (Core 4/15, passed_count 18)
 16.44% of Permutation test rounds,  94.74% of Permutation tests (Core 8/15, passed_count 18)
 16.45% of Permutation test rounds,  94.74% of Permutation tests (Core 6/15, passed_count 18)
 16.46% of Permutation test rounds,  94.74% of Permutation tests (Core 14/15, passed_count 18)
 16.47% of Permutation test rounds,  94.74% of Permutation tests (Core 9/15, passed_count 18)
 16.48% of Permutation test rounds,  94.74% of Permutation tests (Core 2/15, passed_count 18)
 16.49% of Permutation test rounds,  94.74% of Permutation tests (Core 0/15, passed_count 18)
 16.50% of Permutation test rounds,  94.74% of Permutation tests (Core 5/15, passed_count 18)
 16.51% of Permutation test rounds,  94.74% of Permutation tests (Core 15/15, passed_count 18)
 16.52% of Permutation test rounds,  94.74% of Permutation tests (Core 10/15, passed_count 18)
 16.53% of Permutation test rounds,  94.74% of Permutation tests (Core 3/15, passed_count 18)
 16.54% of Permutation test rounds,  94.74% of Permutation tests (Core 1/15, passed_count 18)
 16.55% of Permutation test rounds,  94.74% of Permutation tests (Core 12/15, passed_count 18)
 16.56% of Permutation test rounds,  94.74% of Permutation tests (Core 14/15, passed_count 18)
 16.57% of Permutation test rounds,  94.74% of Permutation tests (Core 6/15, passed_count 18)
 16.58% of Permutation test rounds,  94.74% of Permutation tests (Core 7/15, passed_count 18)
 16.59% of Permutation test rounds,  94.74% of Permutation tests (Core 11/15, passed_count 18)
 16.60% of Permutation test rounds,  94.74% of Permutation tests (Core 9/15, passed_count 18)
 16.61% of Permutation test rounds,  94.74% of Permutation tests (Core 0/15, passed_count 18)
 16.62% of Permutation test rounds,  94.74% of Permutation tests (Core 2/15, passed_count 18)
 16.63% of Permutation test rounds,  94.74% of Permutation tests (Core 13/15, passed_count 18)
 16.64% of Permutation test rounds,  94.74% of Permutation tests (Core 15/15, passed_count 18)
 16.65% of Permutation test rounds,  94.74% of Permutation tests (Core 4/15, passed_count 18)
 16.66% of Permutation test rounds,  94.74% of Permutation tests (Core 8/15, passed_count 18)
 16.67% of Permutation test rounds,  94.74% of Permutation tests (Core 10/15, passed_count 18)
 16.68% of Permutation test rounds,  94.74% of Permutation tests (Core 1/15, passed_count 18)
 16.69% of Permutation test rounds,  94.74% of Permutation tests (Core 5/15, passed_count 18)
 16.70% of Permutation test rounds,  94.74% of Permutation tests (Core 14/15, passed_count 18)
 16.71% of Permutation test rounds,  94.74% of Permutation tests (Core 6/15, passed_count 18)
 16.72% of Permutation test rounds,  94.74% of Permutation tests (Core 9/15, passed_count 18)
 16.73% of Permutation test rounds,  94.74% of Permutation tests (Core 3/15, passed_count 18)
 16.74% of Permutation test rounds,  94.74% of Permutation tests (Core 0/15, passed_count 18)
 16.75% of Permutation test rounds,  94.74% of Permutation tests (Core 2/15, passed_count 18)
 16.76% of Permutation test rounds,  94.74% of Permutation tests (Core 15/15, passed_count 18)
 16.77% of Permutation test rounds,  94.74% of Permutation tests (Core 10/15, passed_count 18)
 16.78% of Permutation test rounds,  94.74% of Permutation tests (Core 1/15, passed_count 18)
 16.79% of Permutation test rounds,  94.74% of Permutation tests (Core 12/15, passed_count 18)
 16.80% of Permutation test rounds,  94.74% of Permutation tests (Core 11/15, passed_count 18)
 16.81% of Permutation test rounds,  94.74% of Permutation tests (Core 7/15, passed_count 18)
 16.82% of Permutation test rounds,  94.74% of Permutation tests (Core 13/15, passed_count 18)
 16.83% of Permutation test rounds,  94.74% of Permutation tests (Core 14/15, passed_count 18)
 16.84% of Permutation test rounds,  94.74% of Permutation tests (Core 6/15, passed_count 18)
 16.85% of Permutation test rounds,  94.74% of Permutation tests (Core 4/15, passed_count 18)
 16.86% of Permutation test rounds,  94.74% of Permutation tests (Core 8/15, passed_count 18)
 16.87% of Permutation test rounds,  94.74% of Permutation tests (Core 9/15, passed_count 18)
 16.88% of Permutation test rounds,  94.74% of Permutation tests (Core 0/15, passed_count 18)
 16.89% of Permutation test rounds,  94.74% of Permutation tests (Core 2/15, passed_count 18)
 16.90% of Permutation test rounds,  94.74% of Permutation tests (Core 5/15, passed_count 18)
 16.91% of Permutation test rounds,  94.74% of Permutation tests (Core 15/15, passed_count 18)
 16.92% of Permutation test rounds,  94.74% of Permutation tests (Core 3/15, passed_count 18)
 16.93% of Permutation test rounds,  94.74% of Permutation tests (Core 10/15, passed_count 18)
 16.94% of Permutation test rounds,  94.74% of Permutation tests (Core 1/15, passed_count 18)
 16.95% of Permutation test rounds,  94.74% of Permutation tests (Core 12/15, passed_count 18)
 16.96% of Permutation test rounds,  94.74% of Permutation tests (Core 7/15, passed_count 18)
 16.97% of Permutation test rounds,  94.74% of Permutation tests (Core 11/15, passed_count 18)
 16.98% of Permutation test rounds,  94.74% of Permutation tests (Core 14/15, passed_count 18)
 16.99% of Permutation test rounds,  94.74% of Permutation tests (Core 6/15, passed_count 18)
 17.00% of Permutation test rounds,  94.74% of Permutation tests (Core 13/15, passed_count 18)
 17.01% of Permutation test rounds,  94.74% of Permutation tests (Core 8/15, passed_count 18)
 17.02% of Permutation test rounds,  94.74% of Permutation tests (Core 9/15, passed_count 18)
 17.03% of Permutation test rounds,  94.74% of Permutation tests (Core 4/15, passed_count 18)
 17.04% of Permutation test rounds,  94.74% of Permutation tests (Core 2/15, passed_count 18)
 17.05% of Permutation test rounds,  94.74% of Permutation tests (Core 0/15, passed_count 18)
 17.06% of Permutation test rounds,  94.74% of Permutation tests (Core 10/15, passed_count 18)
 17.07% of Permutation test rounds,  94.74% of Permutation tests (Core 15/15, passed_count 18)
 17.08% of Permutation test rounds,  94.74% of Permutation tests (Core 1/15, passed_count 18)
 17.09% of Permutation test rounds,  94.74% of Permutation tests (Core 5/15, passed_count 18)
 17.10% of Permutation test rounds,  94.74% of Permutation tests (Core 3/15, passed_count 18)
 17.11% of Permutation test rounds,  94.74% of Permutation tests (Core 6/15, passed_count 18)
 17.12% of Permutation test rounds,  94.74% of Permutation tests (Core 14/15, passed_count 18)
 17.13% of Permutation test rounds,  94.74% of Permutation tests (Core 9/15, passed_count 18)
 17.14% of Permutation test rounds,  94.74% of Permutation tests (Core 2/15, passed_count 18)
 17.15% of Permutation test rounds,  94.74% of Permutation tests (Core 0/15, passed_count 18)
 17.16% of Permutation test rounds,  94.74% of Permutation tests (Core 11/15, passed_count 18)
 17.17% of Permutation test rounds,  94.74% of Permutation tests (Core 12/15, passed_count 18)
 17.18% of Permutation test rounds,  94.74% of Permutation tests (Core 10/15, passed_count 18)
 17.19% of Permutation test rounds,  94.74% of Permutation tests (Core 15/15, passed_count 18)
 17.20% of Permutation test rounds,  94.74% of Permutation tests (Core 1/15, passed_count 18)
 17.21% of Permutation test rounds,  94.74% of Permutation tests (Core 7/15, passed_count 18)
 17.22% of Permutation test rounds,  94.74% of Permutation tests (Core 13/15, passed_count 18)
 17.23% of Permutation test rounds,  94.74% of Permutation tests (Core 8/15, passed_count 18)
 17.24% of Permutation test rounds,  94.74% of Permutation tests (Core 4/15, passed_count 18)
 17.25% of Permutation test rounds,  94.74% of Permutation tests (Core 14/15, passed_count 18)
 17.26% of Permutation test rounds,  94.74% of Permutation tests (Core 6/15, passed_count 18)
 17.27% of Permutation test rounds,  94.74% of Permutation tests (Core 5/15, passed_count 18)
 17.28% of Permutation test rounds,  94.74% of Permutation tests (Core 9/15, passed_count 18)
 17.29% of Permutation test rounds,  94.74% of Permutation tests (Core 2/15, passed_count 18)
 17.30% of Permutation test rounds,  94.74% of Permutation tests (Core 3/15, passed_count 18)
 17.31% of Permutation test rounds,  94.74% of Permutation tests (Core 0/15, passed_count 18)
 17.32% of Permutation test rounds,  94.74% of Permutation tests (Core 1/15, passed_count 18)
 17.33% of Permutation test rounds,  94.74% of Permutation tests (Core 15/15, passed_count 18)
 17.34% of Permutation test rounds,  94.74% of Permutation tests (Core 10/15, passed_count 18)
 17.35% of Permutation test rounds,  94.74% of Permutation tests (Core 11/15, passed_count 18)
 17.36% of Permutation test rounds,  94.74% of Permutation tests (Core 12/15, passed_count 18)
 17.37% of Permutation test rounds,  94.74% of Permutation tests (Core 7/15, passed_count 18)
 17.38% of Permutation test rounds,  94.74% of Permutation tests (Core 13/15, passed_count 18)
 17.39% of Permutation test rounds,  94.74% of Permutation tests (Core 8/15, passed_count 18)
 17.40% of Permutation test rounds,  94.74% of Permutation tests (Core 14/15, passed_count 18)
 17.41% of Permutation test rounds,  94.74% of Permutation tests (Core 4/15, passed_count 18)
 17.42% of Permutation test rounds,  94.74% of Permutation tests (Core 6/15, passed_count 18)
 17.43% of Permutation test rounds,  94.74% of Permutation tests (Core 9/15, passed_count 18)
 17.44% of Permutation test rounds,  94.74% of Permutation tests (Core 2/15, passed_count 18)
 17.45% of Permutation test rounds,  94.74% of Permutation tests (Core 5/15, passed_count 18)
 17.46% of Permutation test rounds,  94.74% of Permutation tests (Core 0/15, passed_count 18)
 17.47% of Permutation test rounds,  94.74% of Permutation tests (Core 3/15, passed_count 18)
 17.48% of Permutation test rounds,  94.74% of Permutation tests (Core 15/15, passed_count 18)
 17.49% of Permutation test rounds,  94.74% of Permutation tests (Core 10/15, passed_count 18)
 17.50% of Permutation test rounds,  94.74% of Permutation tests (Core 1/15, passed_count 18)
 17.51% of Permutation test rounds,  94.74% of Permutation tests (Core 11/15, passed_count 18)
 17.52% of Permutation test rounds,  94.74% of Permutation tests (Core 12/15, passed_count 18)
 17.53% of Permutation test rounds,  94.74% of Permutation tests (Core 14/15, passed_count 18)
 17.54% of Permutation test rounds,  94.74% of Permutation tests (Core 7/15, passed_count 18)
 17.55% of Permutation test rounds,  94.74% of Permutation tests (Core 13/15, passed_count 18)
 17.56% of Permutation test rounds,  94.74% of Permutation tests (Core 6/15, passed_count 18)
 17.57% of Permutation test rounds,  94.74% of Permutation tests (Core 4/15, passed_count 18)
 17.58% of Permutation test rounds,  94.74% of Permutation tests (Core 8/15, passed_count 18)
 17.59% of Permutation test rounds,  94.74% of Permutation tests (Core 2/15, passed_count 18)
 17.60% of Permutation test rounds,  94.74% of Permutation tests (Core 9/15, passed_count 18)
 17.61% of Permutation test rounds,  94.74% of Permutation tests (Core 0/15, passed_count 18)
 17.62% of Permutation test rounds,  94.74% of Permutation tests (Core 5/15, passed_count 18)
 17.63% of Permutation test rounds,  94.74% of Permutation tests (Core 15/15, passed_count 18)
 17.64% of Permutation test rounds,  94.74% of Permutation tests (Core 10/15, passed_count 18)
 17.65% of Permutation test rounds,  94.74% of Permutation tests (Core 1/15, passed_count 18)
 17.66% of Permutation test rounds,  94.74% of Permutation tests (Core 3/15, passed_count 18)
 17.67% of Permutation test rounds,  94.74% of Permutation tests (Core 14/15, passed_count 18)
 17.68% of Permutation test rounds,  94.74% of Permutation tests (Core 6/15, passed_count 18)
 17.69% of Permutation test rounds,  94.74% of Permutation tests (Core 11/15, passed_count 18)
 17.70% of Permutation test rounds,  94.74% of Permutation tests (Core 12/15, passed_count 18)
 17.71% of Permutation test rounds,  94.74% of Permutation tests (Core 7/15, passed_count 18)
 17.72% of Permutation test rounds,  94.74% of Permutation tests (Core 2/15, passed_count 18)
 17.73% of Permutation test rounds,  94.74% of Permutation tests (Core 9/15, passed_count 18)
 17.74% of Permutation test rounds,  94.74% of Permutation tests (Core 13/15, passed_count 18)
 17.75% of Permutation test rounds,  94.74% of Permutation tests (Core 4/15, passed_count 18)
 17.76% of Permutation test rounds,  94.74% of Permutation tests (Core 8/15, passed_count 18)
 17.77% of Permutation test rounds,  94.74% of Permutation tests (Core 0/15, passed_count 18)
 17.78% of Permutation test rounds,  94.74% of Permutation tests (Core 5/15, passed_count 18)
 17.79% of Permutation test rounds,  94.74% of Permutation tests (Core 10/15, passed_count 18)
 17.80% of Permutation test rounds,  94.74% of Permutation tests (Core 15/15, passed_count 18)
 17.81% of Permutation test rounds,  94.74% of Permutation tests (Core 1/15, passed_count 18)
 17.82% of Permutation test rounds,  94.74% of Permutation tests (Core 3/15, passed_count 18)
 17.83% of Permutation test rounds,  94.74% of Permutation tests (Core 14/15, passed_count 18)
 17.84% of Permutation test rounds,  94.74% of Permutation tests (Core 6/15, passed_count 18)
 17.85% of Permutation test rounds,  94.74% of Permutation tests (Core 2/15, passed_count 18)
 17.86% of Permutation test rounds,  94.74% of Permutation tests (Core 11/15, passed_count 18)
 17.87% of Permutation test rounds,  94.74% of Permutation tests (Core 12/15, passed_count 18)
 17.88% of Permutation test rounds,  94.74% of Permutation tests (Core 9/15, passed_count 18)
 17.89% of Permutation test rounds,  94.74% of Permutation tests (Core 7/15, passed_count 18)
 17.90% of Permutation test rounds,  94.74% of Permutation tests (Core 13/15, passed_count 18)
 17.91% of Permutation test rounds,  94.74% of Permutation tests (Core 8/15, passed_count 18)
 17.92% of Permutation test rounds,  94.74% of Permutation tests (Core 4/15, passed_count 18)
 17.93% of Permutation test rounds,  94.74% of Permutation tests (Core 0/15, passed_count 18)
 17.94% of Permutation test rounds,  94.74% of Permutation tests (Core 10/15, passed_count 18)
 17.95% of Permutation test rounds,  94.74% of Permutation tests (Core 15/15, passed_count 18)
 17.96% of Permutation test rounds,  94.74% of Permutation tests (Core 1/15, passed_count 18)
 17.97% of Permutation test rounds,  94.74% of Permutation tests (Core 5/15, passed_count 18)
 17.98% of Permutation test rounds,  94.74% of Permutation tests (Core 14/15, passed_count 18)
 17.99% of Permutation test rounds,  94.74% of Permutation tests (Core 3/15, passed_count 18)
 18.00% of Permutation test rounds,  94.74% of Permutation tests (Core 6/15, passed_count 18)
 18.01% of Permutation test rounds,  94.74% of Permutation tests (Core 2/15, passed_count 18)
 18.02% of Permutation test rounds,  94.74% of Permutation tests (Core 9/15, passed_count 18)
 18.03% of Permutation test rounds,  94.74% of Permutation tests (Core 11/15, passed_count 18)
 18.04% of Permutation test rounds,  94.74% of Permutation tests (Core 12/15, passed_count 18)
 18.05% of Permutation test rounds,  94.74% of Permutation tests (Core 0/15, passed_count 18)
 18.06% of Permutation test rounds,  94.74% of Permutation tests (Core 7/15, passed_count 18)
 18.07% of Permutation test rounds,  94.74% of Permutation tests (Core 13/15, passed_count 18)
 18.08% of Permutation test rounds,  94.74% of Permutation tests (Core 8/15, passed_count 18)
 18.09% of Permutation test rounds,  94.74% of Permutation tests (Core 15/15, passed_count 18)
 18.10% of Permutation test rounds,  94.74% of Permutation tests (Core 4/15, passed_count 18)
 18.11% of Permutation test rounds,  94.74% of Permutation tests (Core 10/15, passed_count 18)
 18.12% of Permutation test rounds,  94.74% of Permutation tests (Core 1/15, passed_count 18)
 18.13% of Permutation test rounds,  94.74% of Permutation tests (Core 14/15, passed_count 18)
 18.14% of Permutation test rounds,  94.74% of Permutation tests (Core 5/15, passed_count 18)
 18.15% of Permutation test rounds,  94.74% of Permutation tests (Core 6/15, passed_count 18)
 18.16% of Permutation test rounds,  94.74% of Permutation tests (Core 3/15, passed_count 18)
 18.17% of Permutation test rounds,  94.74% of Permutation tests (Core 2/15, passed_count 18)
 18.18% of Permutation test rounds,  94.74% of Permutation tests (Core 9/15, passed_count 18)
 18.19% of Permutation test rounds,  94.74% of Permutation tests (Core 0/15, passed_count 18)
 18.20% of Permutation test rounds,  94.74% of Permutation tests (Core 11/15, passed_count 18)
 18.21% of Permutation test rounds,  94.74% of Permutation tests (Core 12/15, passed_count 18)
 18.22% of Permutation test rounds,  94.74% of Permutation tests (Core 7/15, passed_count 18)
 18.23% of Permutation test rounds,  94.74% of Permutation tests (Core 15/15, passed_count 18)
 18.24% of Permutation test rounds,  94.74% of Permutation tests (Core 13/15, passed_count 18)
 18.25% of Permutation test rounds,  94.74% of Permutation tests (Core 10/15, passed_count 18)
 18.26% of Permutation test rounds,  94.74% of Permutation tests (Core 1/15, passed_count 18)
 18.27% of Permutation test rounds,  94.74% of Permutation tests (Core 4/15, passed_count 18)
 18.28% of Permutation test rounds,  94.74% of Permutation tests (Core 8/15, passed_count 18)
 18.29% of Permutation test rounds,  94.74% of Permutation tests (Core 14/15, passed_count 18)
 18.30% of Permutation test rounds,  94.74% of Permutation tests (Core 6/15, passed_count 18)
 18.31% of Permutation test rounds,  94.74% of Permutation tests (Core 5/15, passed_count 18)
 18.32% of Permutation test rounds,  94.74% of Permutation tests (Core 2/15, passed_count 18)
 18.33% of Permutation test rounds,  94.74% of Permutation tests (Core 3/15, passed_count 18)
 18.34% of Permutation test rounds,  94.74% of Permutation tests (Core 9/15, passed_count 18)
 18.35% of Permutation test rounds,  94.74% of Permutation tests (Core 0/15, passed_count 18)
 18.36% of Permutation test rounds,  94.74% of Permutation tests (Core 12/15, passed_count 18)
 18.37% of Permutation test rounds,  94.74% of Permutation tests (Core 11/15, passed_count 18)
 18.38% of Permutation test rounds,  94.74% of Permutation tests (Core 15/15, passed_count 18)
 18.39% of Permutation test rounds,  94.74% of Permutation tests (Core 7/15, passed_count 18)
 18.40% of Permutation test rounds,  94.74% of Permutation tests (Core 10/15, passed_count 18)
 18.41% of Permutation test rounds,  94.74% of Permutation tests (Core 13/15, passed_count 18)
 18.42% of Permutation test rounds,  94.74% of Permutation tests (Core 1/15, passed_count 18)
 18.43% of Permutation test rounds,  94.74% of Permutation tests (Core 8/15, passed_count 18)
 18.44% of Permutation test rounds,  94.74% of Permutation tests (Core 4/15, passed_count 18)
 18.45% of Permutation test rounds,  94.74% of Permutation tests (Core 14/15, passed_count 18)
 18.46% of Permutation test rounds,  94.74% of Permutation tests (Core 6/15, passed_count 18)
 18.47% of Permutation test rounds,  94.74% of Permutation tests (Core 2/15, passed_count 18)
 18.48% of Permutation test rounds,  94.74% of Permutation tests (Core 9/15, passed_count 18)
 18.49% of Permutation test rounds,  94.74% of Permutation tests (Core 5/15, passed_count 18)
 18.50% of Permutation test rounds,  94.74% of Permutation tests (Core 0/15, passed_count 18)
 18.51% of Permutation test rounds,  94.74% of Permutation tests (Core 3/15, passed_count 18)
 18.52% of Permutation test rounds,  94.74% of Permutation tests (Core 15/15, passed_count 18)
 18.53% of Permutation test rounds,  94.74% of Permutation tests (Core 10/15, passed_count 18)
 18.54% of Permutation test rounds,  94.74% of Permutation tests (Core 1/15, passed_count 18)
 18.55% of Permutation test rounds,  94.74% of Permutation tests (Core 12/15, passed_count 18)
 18.56% of Permutation test rounds,  94.74% of Permutation tests (Core 14/15, passed_count 18)
 18.57% of Permutation test rounds,  94.74% of Permutation tests (Core 11/15, passed_count 18)
 18.58% of Permutation test rounds,  94.74% of Permutation tests (Core 7/15, passed_count 18)
 18.59% of Permutation test rounds,  94.74% of Permutation tests (Core 6/15, passed_count 18)
 18.60% of Permutation test rounds,  94.74% of Permutation tests (Core 13/15, passed_count 18)
 18.61% of Permutation test rounds,  94.74% of Permutation tests (Core 2/15, passed_count 18)
 18.62% of Permutation test rounds,  94.74% of Permutation tests (Core 4/15, passed_count 18)
 18.63% of Permutation test rounds,  94.74% of Permutation tests (Core 8/15, passed_count 18)
 18.64% of Permutation test rounds,  94.74% of Permutation tests (Core 9/15, passed_count 18)
 18.65% of Permutation test rounds,  94.74% of Permutation tests (Core 0/15, passed_count 18)
 18.66% of Permutation test rounds,  94.74% of Permutation tests (Core 5/15, passed_count 18)
 18.67% of Permutation test rounds,  94.74% of Permutation tests (Core 15/15, passed_count 18)
 18.68% of Permutation test rounds,  94.74% of Permutation tests (Core 3/15, passed_count 18)
 18.69% of Permutation test rounds,  94.74% of Permutation tests (Core 10/15, passed_count 18)
 18.70% of Permutation test rounds,  94.74% of Permutation tests (Core 1/15, passed_count 18)
 18.71% of Permutation test rounds,  94.74% of Permutation tests (Core 14/15, passed_count 18)
 18.72% of Permutation test rounds,  94.74% of Permutation tests (Core 12/15, passed_count 18)
 18.73% of Permutation test rounds,  94.74% of Permutation tests (Core 6/15, passed_count 18)
 18.74% of Permutation test rounds,  94.74% of Permutation tests (Core 11/15, passed_count 18)
 18.75% of Permutation test rounds,  94.74% of Permutation tests (Core 2/15, passed_count 18)
 18.76% of Permutation test rounds,  94.74% of Permutation tests (Core 7/15, passed_count 18)
 18.77% of Permutation test rounds,  94.74% of Permutation tests (Core 13/15, passed_count 18)
 18.78% of Permutation test rounds,  94.74% of Permutation tests (Core 0/15, passed_count 18)
 18.79% of Permutation test rounds,  94.74% of Permutation tests (Core 8/15, passed_count 18)
 18.80% of Permutation test rounds,  94.74% of Permutation tests (Core 4/15, passed_count 18)
 18.81% of Permutation test rounds,  94.74% of Permutation tests (Core 9/15, passed_count 18)
 18.82% of Permutation test rounds,  94.74% of Permutation tests (Core 15/15, passed_count 18)
 18.83% of Permutation test rounds,  94.74% of Permutation tests (Core 1/15, passed_count 18)
 18.84% of Permutation test rounds,  94.74% of Permutation tests (Core 5/15, passed_count 18)
 18.85% of Permutation test rounds,  94.74% of Permutation tests (Core 10/15, passed_count 18)
 18.86% of Permutation test rounds,  94.74% of Permutation tests (Core 14/15, passed_count 18)
 18.87% of Permutation test rounds,  94.74% of Permutation tests (Core 3/15, passed_count 18)
 18.88% of Permutation test rounds,  94.74% of Permutation tests (Core 6/15, passed_count 18)
 18.89% of Permutation test rounds,  94.74% of Permutation tests (Core 2/15, passed_count 18)
 18.90% of Permutation test rounds,  94.74% of Permutation tests (Core 12/15, passed_count 18)
 18.91% of Permutation test rounds,  94.74% of Permutation tests (Core 0/15, passed_count 18)
 18.92% of Permutation test rounds,  94.74% of Permutation tests (Core 11/15, passed_count 18)
 18.93% of Permutation test rounds,  94.74% of Permutation tests (Core 9/15, passed_count 18)
 18.94% of Permutation test rounds,  94.74% of Permutation tests (Core 7/15, passed_count 18)
 18.95% of Permutation test rounds,  94.74% of Permutation tests (Core 13/15, passed_count 18)
 18.96% of Permutation test rounds,  94.74% of Permutation tests (Core 8/15, passed_count 18)
 18.97% of Permutation test rounds,  94.74% of Permutation tests (Core 4/15, passed_count 18)
 18.98% of Permutation test rounds,  94.74% of Permutation tests (Core 15/15, passed_count 18)
 18.99% of Permutation test rounds,  94.74% of Permutation tests (Core 14/15, passed_count 18)
 19.00% of Permutation test rounds,  94.74% of Permutation tests (Core 10/15, passed_count 18)
 19.01% of Permutation test rounds,  94.74% of Permutation tests (Core 1/15, passed_count 18)
 19.02% of Permutation test rounds,  94.74% of Permutation tests (Core 5/15, passed_count 18)
 19.03% of Permutation test rounds,  94.74% of Permutation tests (Core 3/15, passed_count 18)
 19.04% of Permutation test rounds,  94.74% of Permutation tests (Core 6/15, passed_count 18)
 19.05% of Permutation test rounds,  94.74% of Permutation tests (Core 2/15, passed_count 18)
 19.06% of Permutation test rounds,  94.74% of Permutation tests (Core 0/15, passed_count 18)
 19.07% of Permutation test rounds,  94.74% of Permutation tests (Core 12/15, passed_count 18)
 19.08% of Permutation test rounds,  94.74% of Permutation tests (Core 11/15, passed_count 18)
 19.09% of Permutation test rounds,  94.74% of Permutation tests (Core 9/15, passed_count 18)
 19.10% of Permutation test rounds,  94.74% of Permutation tests (Core 7/15, passed_count 18)
 19.11% of Permutation test rounds,  94.74% of Permutation tests (Core 13/15, passed_count 18)
 19.12% of Permutation test rounds,  94.74% of Permutation tests (Core 15/15, passed_count 18)
 19.13% of Permutation test rounds,  94.74% of Permutation tests (Core 8/15, passed_count 18)
 19.14% of Permutation test rounds,  94.74% of Permutation tests (Core 4/15, passed_count 18)
 19.15% of Permutation test rounds,  94.74% of Permutation tests (Core 14/15, passed_count 18)
 19.16% of Permutation test rounds,  94.74% of Permutation tests (Core 1/15, passed_count 18)
 19.17% of Permutation test rounds,  94.74% of Permutation tests (Core 10/15, passed_count 18)
 19.18% of Permutation test rounds,  94.74% of Permutation tests (Core 3/15, passed_count 18)
 19.19% of Permutation test rounds,  94.74% of Permutation tests (Core 5/15, passed_count 18)
 19.20% of Permutation test rounds,  94.74% of Permutation tests (Core 2/15, passed_count 18)
 19.21% of Permutation test rounds,  94.74% of Permutation tests (Core 6/15, passed_count 18)
 19.22% of Permutation test rounds,  94.74% of Permutation tests (Core 0/15, passed_count 18)
 19.23% of Permutation test rounds,  94.74% of Permutation tests (Core 12/15, passed_count 18)
 19.24% of Permutation test rounds,  94.74% of Permutation tests (Core 9/15, passed_count 18)
 19.25% of Permutation test rounds,  94.74% of Permutation tests (Core 11/15, passed_count 18)
 19.26% of Permutation test rounds,  94.74% of Permutation tests (Core 15/15, passed_count 18)
 19.27% of Permutation test rounds,  94.74% of Permutation tests (Core 7/15, passed_count 18)
 19.28% of Permutation test rounds,  94.74% of Permutation tests (Core 13/15, passed_count 18)
 19.29% of Permutation test rounds,  94.74% of Permutation tests (Core 1/15, passed_count 18)
 19.30% of Permutation test rounds,  94.74% of Permutation tests (Core 14/15, passed_count 18)
 19.31% of Permutation test rounds,  94.74% of Permutation tests (Core 10/15, passed_count 18)
 19.32% of Permutation test rounds,  94.74% of Permutation tests (Core 8/15, passed_count 18)
 19.33% of Permutation test rounds,  94.74% of Permutation tests (Core 4/15, passed_count 18)
 19.34% of Permutation test rounds,  94.74% of Permutation tests (Core 2/15, passed_count 18)
 19.35% of Permutation test rounds,  94.74% of Permutation tests (Core 0/15, passed_count 18)
 19.36% of Permutation test rounds,  94.74% of Permutation tests (Core 3/15, passed_count 18)
 19.37% of Permutation test rounds,  94.74% of Permutation tests (Core 6/15, passed_count 18)
 19.38% of Permutation test rounds,  94.74% of Permutation tests (Core 5/15, passed_count 18)
 19.39% of Permutation test rounds,  94.74% of Permutation tests (Core 9/15, passed_count 18)
 19.40% of Permutation test rounds,  94.74% of Permutation tests (Core 15/15, passed_count 18)
 19.41% of Permutation test rounds,  94.74% of Permutation tests (Core 12/15, passed_count 18)
 19.42% of Permutation test rounds,  94.74% of Permutation tests (Core 1/15, passed_count 18)
 19.43% of Permutation test rounds,  94.74% of Permutation tests (Core 14/15, passed_count 18)
 19.44% of Permutation test rounds,  94.74% of Permutation tests (Core 11/15, passed_count 18)
 19.45% of Permutation test rounds,  94.74% of Permutation tests (Core 7/15, passed_count 18)
 19.46% of Permutation test rounds,  94.74% of Permutation tests (Core 10/15, passed_count 18)
 19.47% of Permutation test rounds,  94.74% of Permutation tests (Core 13/15, passed_count 18)
 19.48% of Permutation test rounds,  94.74% of Permutation tests (Core 8/15, passed_count 18)
 19.49% of Permutation test rounds,  94.74% of Permutation tests (Core 4/15, passed_count 18)
 19.50% of Permutation test rounds,  94.74% of Permutation tests (Core 0/15, passed_count 18)
 19.51% of Permutation test rounds,  94.74% of Permutation tests (Core 2/15, passed_count 18)
 19.52% of Permutation test rounds,  94.74% of Permutation tests (Core 6/15, passed_count 18)
 19.53% of Permutation test rounds,  94.74% of Permutation tests (Core 3/15, passed_count 18)
 19.54% of Permutation test rounds,  94.74% of Permutation tests (Core 5/15, passed_count 18)
 19.55% of Permutation test rounds,  94.74% of Permutation tests (Core 9/15, passed_count 18)
 19.56% of Permutation test rounds,  94.74% of Permutation tests (Core 15/15, passed_count 18)
 19.57% of Permutation test rounds,  94.74% of Permutation tests (Core 12/15, passed_count 18)
 19.58% of Permutation test rounds,  94.74% of Permutation tests (Core 14/15, passed_count 18)
 19.59% of Permutation test rounds,  94.74% of Permutation tests (Core 1/15, passed_count 18)
 19.60% of Permutation test rounds,  94.74% of Permutation tests (Core 10/15, passed_count 18)
 19.61% of Permutation test rounds,  94.74% of Permutation tests (Core 11/15, passed_count 18)
 19.62% of Permutation test rounds,  94.74% of Permutation tests (Core 7/15, passed_count 18)
 19.63% of Permutation test rounds,  94.74% of Permutation tests (Core 13/15, passed_count 18)
 19.64% of Permutation test rounds,  94.74% of Permutation tests (Core 2/15, passed_count 18)
 19.65% of Permutation test rounds,  94.74% of Permutation tests (Core 8/15, passed_count 18)
 19.66% of Permutation test rounds,  94.74% of Permutation tests (Core 0/15, passed_count 18)
 19.67% of Permutation test rounds,  94.74% of Permutation tests (Core 4/15, passed_count 18)
 19.68% of Permutation test rounds,  94.74% of Permutation tests (Core 6/15, passed_count 18)
 19.69% of Permutation test rounds,  94.74% of Permutation tests (Core 3/15, passed_count 18)
 19.70% of Permutation test rounds,  94.74% of Permutation tests (Core 5/15, passed_count 18)
 19.71% of Permutation test rounds,  94.74% of Permutation tests (Core 9/15, passed_count 18)
 19.72% of Permutation test rounds,  94.74% of Permutation tests (Core 15/15, passed_count 18)
 19.73% of Permutation test rounds,  94.74% of Permutation tests (Core 1/15, passed_count 18)
 19.74% of Permutation test rounds,  94.74% of Permutation tests (Core 14/15, passed_count 18)
 19.75% of Permutation test rounds,  94.74% of Permutation tests (Core 10/15, passed_count 18)
 19.76% of Permutation test rounds,  94.74% of Permutation tests (Core 12/15, passed_count 18)
 19.77% of Permutation test rounds,  94.74% of Permutation tests (Core 11/15, passed_count 18)
 19.78% of Permutation test rounds,  94.74% of Permutation tests (Core 7/15, passed_count 18)
 19.79% of Permutation test rounds,  94.74% of Permutation tests (Core 2/15, passed_count 18)
 19.80% of Permutation test rounds,  94.74% of Permutation tests (Core 0/15, passed_count 18)
 19.81% of Permutation test rounds,  94.74% of Permutation tests (Core 6/15, passed_count 18)
 19.82% of Permutation test rounds,  94.74% of Permutation tests (Core 13/15, passed_count 18)
 19.83% of Permutation test rounds,  94.74% of Permutation tests (Core 8/15, passed_count 18)
 19.84% of Permutation test rounds,  94.74% of Permutation tests (Core 4/15, passed_count 18)
 19.85% of Permutation test rounds,  94.74% of Permutation tests (Core 9/15, passed_count 18)
 19.86% of Permutation test rounds,  94.74% of Permutation tests (Core 15/15, passed_count 18)
 19.87% of Permutation test rounds,  94.74% of Permutation tests (Core 3/15, passed_count 18)
 19.88% of Permutation test rounds,  94.74% of Permutation tests (Core 5/15, passed_count 18)
 19.89% of Permutation test rounds,  94.74% of Permutation tests (Core 1/15, passed_count 18)
 19.90% of Permutation test rounds,  94.74% of Permutation tests (Core 10/15, passed_count 18)
 19.91% of Permutation test rounds,  94.74% of Permutation tests (Core 14/15, passed_count 18)
 19.92% of Permutation test rounds,  94.74% of Permutation tests (Core 2/15, passed_count 18)
 19.93% of Permutation test rounds,  94.74% of Permutation tests (Core 12/15, passed_count 18)
 19.94% of Permutation test rounds,  94.74% of Permutation tests (Core 0/15, passed_count 18)
 19.95% of Permutation test rounds,  94.74% of Permutation tests (Core 11/15, passed_count 18)
 19.96% of Permutation test rounds,  94.74% of Permutation tests (Core 7/15, passed_count 18)
 19.97% of Permutation test rounds,  94.74% of Permutation tests (Core 6/15, passed_count 18)
 19.98% of Permutation test rounds,  94.74% of Permutation tests (Core 13/15, passed_count 18)
 19.99% of Permutation test rounds,  94.74% of Permutation tests (Core 8/15, passed_count 18)
 20.00% of Permutation test rounds,  94.74% of Permutation tests (Core 9/15, passed_count 18)
 20.01% of Permutation test rounds,  94.74% of Permutation tests (Core 4/15, passed_count 18)
 20.02% of Permutation test rounds,  94.74% of Permutation tests (Core 15/15, passed_count 18)
 20.03% of Permutation test rounds,  94.74% of Permutation tests (Core 10/15, passed_count 18)
 20.04% of Permutation test rounds,  94.74% of Permutation tests (Core 1/15, passed_count 18)
 20.05% of Permutation test rounds,  94.74% of Permutation tests (Core 3/15, passed_count 18)
 20.06% of Permutation test rounds,  94.74% of Permutation tests (Core 5/15, passed_count 18)
 20.07% of Permutation test rounds,  94.74% of Permutation tests (Core 14/15, passed_count 18)
 20.08% of Permutation test rounds,  94.74% of Permutation tests (Core 2/15, passed_count 18)
 20.09% of Permutation test rounds,  94.74% of Permutation tests (Core 0/15, passed_count 18)
 20.10% of Permutation test rounds,  94.74% of Permutation tests (Core 12/15, passed_count 18)
 20.11% of Permutation test rounds,  94.74% of Permutation tests (Core 6/15, passed_count 18)
 20.12% of Permutation test rounds,  94.74% of Permutation tests (Core 11/15, passed_count 18)
 20.13% of Permutation test rounds,  94.74% of Permutation tests (Core 7/15, passed_count 18)
 20.14% of Permutation test rounds,  94.74% of Permutation tests (Core 9/15, passed_count 18)
 20.15% of Permutation test rounds,  94.74% of Permutation tests (Core 13/15, passed_count 18)
 20.16% of Permutation test rounds,  94.74% of Permutation tests (Core 8/15, passed_count 18)
 20.17% of Permutation test rounds,  94.74% of Permutation tests (Core 4/15, passed_count 18)
 20.18% of Permutation test rounds,  94.74% of Permutation tests (Core 15/15, passed_count 18)
 20.19% of Permutation test rounds,  94.74% of Permutation tests (Core 1/15, passed_count 18)
 20.20% of Permutation test rounds,  94.74% of Permutation tests (Core 10/15, passed_count 18)
 20.21% of Permutation test rounds,  94.74% of Permutation tests (Core 14/15, passed_count 18)
 20.22% of Permutation test rounds,  94.74% of Permutation tests (Core 5/15, passed_count 18)
 20.23% of Permutation test rounds,  94.74% of Permutation tests (Core 3/15, passed_count 18)
 20.24% of Permutation test rounds,  94.74% of Permutation tests (Core 0/15, passed_count 18)
 20.25% of Permutation test rounds,  94.74% of Permutation tests (Core 2/15, passed_count 18)
 20.26% of Permutation test rounds,  94.74% of Permutation tests (Core 6/15, passed_count 18)
 20.27% of Permutation test rounds,  94.74% of Permutation tests (Core 12/15, passed_count 18)
 20.28% of Permutation test rounds,  94.74% of Permutation tests (Core 11/15, passed_count 18)
 20.29% of Permutation test rounds,  94.74% of Permutation tests (Core 7/15, passed_count 18)
 20.30% of Permutation test rounds,  94.74% of Permutation tests (Core 9/15, passed_count 18)
 20.31% of Permutation test rounds,  94.74% of Permutation tests (Core 13/15, passed_count 18)
 20.32% of Permutation test rounds,  94.74% of Permutation tests (Core 8/15, passed_count 18)
 20.33% of Permutation test rounds,  94.74% of Permutation tests (Core 15/15, passed_count 18)
 20.34% of Permutation test rounds,  94.74% of Permutation tests (Core 1/15, passed_count 18)
 20.35% of Permutation test rounds,  94.74% of Permutation tests (Core 4/15, passed_count 18)
 20.36% of Permutation test rounds,  94.74% of Permutation tests (Core 10/15, passed_count 18)
 20.37% of Permutation test rounds,  94.74% of Permutation tests (Core 14/15, passed_count 18)
 20.38% of Permutation test rounds,  94.74% of Permutation tests (Core 0/15, passed_count 18)
 20.39% of Permutation test rounds,  94.74% of Permutation tests (Core 3/15, passed_count 18)
 20.40% of Permutation test rounds,  94.74% of Permutation tests (Core 2/15, passed_count 18)
 20.41% of Permutation test rounds,  94.74% of Permutation tests (Core 5/15, passed_count 18)
 20.42% of Permutation test rounds,  94.74% of Permutation tests (Core 6/15, passed_count 18)
 20.43% of Permutation test rounds,  94.74% of Permutation tests (Core 12/15, passed_count 18)
 20.44% of Permutation test rounds,  94.74% of Permutation tests (Core 9/15, passed_count 18)
 20.45% of Permutation test rounds,  94.74% of Permutation tests (Core 11/15, passed_count 18)
 20.46% of Permutation test rounds,  94.74% of Permutation tests (Core 7/15, passed_count 18)
 20.47% of Permutation test rounds,  94.74% of Permutation tests (Core 15/15, passed_count 18)
 20.48% of Permutation test rounds,  94.74% of Permutation tests (Core 1/15, passed_count 18)
 20.49% of Permutation test rounds,  94.74% of Permutation tests (Core 13/15, passed_count 18)
 20.50% of Permutation test rounds,  94.74% of Permutation tests (Core 8/15, passed_count 18)
 20.51% of Permutation test rounds,  94.74% of Permutation tests (Core 10/15, passed_count 18)
 20.52% of Permutation test rounds,  94.74% of Permutation tests (Core 4/15, passed_count 18)
 20.53% of Permutation test rounds,  94.74% of Permutation tests (Core 14/15, passed_count 18)
 20.54% of Permutation test rounds,  94.74% of Permutation tests (Core 0/15, passed_count 18)
 20.55% of Permutation test rounds,  94.74% of Permutation tests (Core 3/15, passed_count 18)
 20.56% of Permutation test rounds,  94.74% of Permutation tests (Core 2/15, passed_count 18)
 20.57% of Permutation test rounds,  94.74% of Permutation tests (Core 6/15, passed_count 18)
 20.58% of Permutation test rounds,  94.74% of Permutation tests (Core 5/15, passed_count 18)
 20.59% of Permutation test rounds,  94.74% of Permutation tests (Core 9/15, passed_count 18)
 20.60% of Permutation test rounds,  94.74% of Permutation tests (Core 12/15, passed_count 18)
 20.61% of Permutation test rounds,  94.74% of Permutation tests (Core 11/15, passed_count 18)
 20.62% of Permutation test rounds,  94.74% of Permutation tests (Core 7/15, passed_count 18)
 20.63% of Permutation test rounds,  94.74% of Permutation tests (Core 15/15, passed_count 18)
 20.64% of Permutation test rounds,  94.74% of Permutation tests (Core 1/15, passed_count 18)
 20.65% of Permutation test rounds,  94.74% of Permutation tests (Core 13/15, passed_count 18)
 20.66% of Permutation test rounds,  94.74% of Permutation tests (Core 10/15, passed_count 18)
 20.67% of Permutation test rounds,  94.74% of Permutation tests (Core 8/15, passed_count 18)
 20.68% of Permutation test rounds,  94.74% of Permutation tests (Core 14/15, passed_count 18)
 20.69% of Permutation test rounds,  94.74% of Permutation tests (Core 0/15, passed_count 18)
 20.70% of Permutation test rounds,  94.74% of Permutation tests (Core 4/15, passed_count 18)
 20.71% of Permutation test rounds,  94.74% of Permutation tests (Core 2/15, passed_count 18)
 20.72% of Permutation test rounds,  94.74% of Permutation tests (Core 3/15, passed_count 18)
 20.73% of Permutation test rounds,  94.74% of Permutation tests (Core 6/15, passed_count 18)
 20.74% of Permutation test rounds,  94.74% of Permutation tests (Core 5/15, passed_count 18)
 20.75% of Permutation test rounds,  94.74% of Permutation tests (Core 9/15, passed_count 18)
 20.76% of Permutation test rounds,  94.74% of Permutation tests (Core 15/15, passed_count 18)
 20.77% of Permutation test rounds,  94.74% of Permutation tests (Core 1/15, passed_count 18)
 20.78% of Permutation test rounds,  94.74% of Permutation tests (Core 10/15, passed_count 18)
 20.79% of Permutation test rounds,  94.74% of Permutation tests (Core 12/15, passed_count 18)
 20.80% of Permutation test rounds,  94.74% of Permutation tests (Core 14/15, passed_count 18)
 20.81% of Permutation test rounds,  94.74% of Permutation tests (Core 11/15, passed_count 18)
 20.82% of Permutation test rounds,  94.74% of Permutation tests (Core 7/15, passed_count 18)
 20.83% of Permutation test rounds,  94.74% of Permutation tests (Core 13/15, passed_count 18)
 20.84% of Permutation test rounds,  94.74% of Permutation tests (Core 8/15, passed_count 18)
 20.85% of Permutation test rounds,  94.74% of Permutation tests (Core 0/15, passed_count 18)
 20.86% of Permutation test rounds,  94.74% of Permutation tests (Core 2/15, passed_count 18)
 20.87% of Permutation test rounds,  94.74% of Permutation tests (Core 4/15, passed_count 18)
 20.88% of Permutation test rounds,  94.74% of Permutation tests (Core 6/15, passed_count 18)
 20.89% of Permutation test rounds,  94.74% of Permutation tests (Core 3/15, passed_count 18)
 20.90% of Permutation test rounds,  94.74% of Permutation tests (Core 9/15, passed_count 18)
 20.91% of Permutation test rounds,  94.74% of Permutation tests (Core 15/15, passed_count 18)
 20.92% of Permutation test rounds,  94.74% of Permutation tests (Core 5/15, passed_count 18)
 20.93% of Permutation test rounds,  94.74% of Permutation tests (Core 1/15, passed_count 18)
 20.94% of Permutation test rounds,  94.74% of Permutation tests (Core 10/15, passed_count 18)
 20.95% of Permutation test rounds,  94.74% of Permutation tests (Core 14/15, passed_count 18)
 20.96% of Permutation test rounds,  94.74% of Permutation tests (Core 12/15, passed_count 18)
 20.97% of Permutation test rounds,  94.74% of Permutation tests (Core 11/15, passed_count 18)
 20.98% of Permutation test rounds,  94.74% of Permutation tests (Core 7/15, passed_count 18)
 20.99% of Permutation test rounds,  94.74% of Permutation tests (Core 13/15, passed_count 18)
 21.00% of Permutation test rounds,  94.74% of Permutation tests (Core 0/15, passed_count 18)
 21.01% of Permutation test rounds,  94.74% of Permutation tests (Core 2/15, passed_count 18)
 21.02% of Permutation test rounds,  94.74% of Permutation tests (Core 8/15, passed_count 18)
 21.03% of Permutation test rounds,  94.74% of Permutation tests (Core 6/15, passed_count 18)
 21.04% of Permutation test rounds,  94.74% of Permutation tests (Core 4/15, passed_count 18)
 21.05% of Permutation test rounds,  94.74% of Permutation tests (Core 3/15, passed_count 18)
 21.06% of Permutation test rounds,  94.74% of Permutation tests (Core 9/15, passed_count 18)
 21.07% of Permutation test rounds,  94.74% of Permutation tests (Core 15/15, passed_count 18)
 21.08% of Permutation test rounds,  94.74% of Permutation tests (Core 1/15, passed_count 18)
 21.09% of Permutation test rounds,  94.74% of Permutation tests (Core 10/15, passed_count 18)
 21.10% of Permutation test rounds,  94.74% of Permutation tests (Core 14/15, passed_count 18)
 21.11% of Permutation test rounds,  94.74% of Permutation tests (Core 5/15, passed_count 18)
 21.12% of Permutation test rounds,  94.74% of Permutation tests (Core 12/15, passed_count 18)
 21.13% of Permutation test rounds,  94.74% of Permutation tests (Core 0/15, passed_count 18)
 21.14% of Permutation test rounds,  94.74% of Permutation tests (Core 7/15, passed_count 18)
 21.15% of Permutation test rounds,  94.74% of Permutation tests (Core 11/15, passed_count 18)
 21.16% of Permutation test rounds,  94.74% of Permutation tests (Core 2/15, passed_count 18)
 21.17% of Permutation test rounds,  94.74% of Permutation tests (Core 6/15, passed_count 18)
 21.18% of Permutation test rounds,  94.74% of Permutation tests (Core 13/15, passed_count 18)
 21.19% of Permutation test rounds,  94.74% of Permutation tests (Core 8/15, passed_count 18)
 21.20% of Permutation test rounds,  94.74% of Permutation tests (Core 4/15, passed_count 18)
 21.21% of Permutation test rounds,  94.74% of Permutation tests (Core 9/15, passed_count 18)
 21.22% of Permutation test rounds,  94.74% of Permutation tests (Core 15/15, passed_count 18)
 21.23% of Permutation test rounds,  94.74% of Permutation tests (Core 3/15, passed_count 18)
 21.24% of Permutation test rounds,  94.74% of Permutation tests (Core 1/15, passed_count 18)
 21.25% of Permutation test rounds,  94.74% of Permutation tests (Core 10/15, passed_count 18)
 21.26% of Permutation test rounds,  94.74% of Permutation tests (Core 14/15, passed_count 18)
 21.27% of Permutation test rounds,  94.74% of Permutation tests (Core 5/15, passed_count 18)
 21.28% of Permutation test rounds,  94.74% of Permutation tests (Core 0/15, passed_count 18)
 21.29% of Permutation test rounds,  94.74% of Permutation tests (Core 2/15, passed_count 18)
 21.30% of Permutation test rounds,  94.74% of Permutation tests (Core 12/15, passed_count 18)
 21.31% of Permutation test rounds,  94.74% of Permutation tests (Core 6/15, passed_count 18)
 21.32% of Permutation test rounds,  94.74% of Permutation tests (Core 7/15, passed_count 18)
 21.33% of Permutation test rounds,  94.74% of Permutation tests (Core 11/15, passed_count 18)
 21.34% of Permutation test rounds,  94.74% of Permutation tests (Core 13/15, passed_count 18)
 21.35% of Permutation test rounds,  94.74% of Permutation tests (Core 15/15, passed_count 18)
 21.36% of Permutation test rounds,  94.74% of Permutation tests (Core 9/15, passed_count 18)
 21.37% of Permutation test rounds,  94.74% of Permutation tests (Core 1/15, passed_count 18)
 21.38% of Permutation test rounds,  94.74% of Permutation tests (Core 8/15, passed_count 18)
 21.39% of Permutation test rounds,  94.74% of Permutation tests (Core 4/15, passed_count 18)
 21.40% of Permutation test rounds,  94.74% of Permutation tests (Core 10/15, passed_count 18)
 21.41% of Permutation test rounds,  94.74% of Permutation tests (Core 3/15, passed_count 18)
 21.42% of Permutation test rounds,  94.74% of Permutation tests (Core 14/15, passed_count 18)
 21.43% of Permutation test rounds,  94.74% of Permutation tests (Core 0/15, passed_count 18)
 21.44% of Permutation test rounds,  94.74% of Permutation tests (Core 2/15, passed_count 18)
 21.45% of Permutation test rounds,  94.74% of Permutation tests (Core 5/15, passed_count 18)
 21.46% of Permutation test rounds,  94.74% of Permutation tests (Core 6/15, passed_count 18)
 21.47% of Permutation test rounds,  94.74% of Permutation tests (Core 12/15, passed_count 18)
 21.48% of Permutation test rounds,  94.74% of Permutation tests (Core 11/15, passed_count 18)
 21.49% of Permutation test rounds,  94.74% of Permutation tests (Core 7/15, passed_count 18)
 21.50% of Permutation test rounds,  94.74% of Permutation tests (Core 13/15, passed_count 18)
 21.51% of Permutation test rounds,  94.74% of Permutation tests (Core 15/15, passed_count 18)
 21.52% of Permutation test rounds,  94.74% of Permutation tests (Core 9/15, passed_count 18)
 21.53% of Permutation test rounds,  94.74% of Permutation tests (Core 1/15, passed_count 18)
 21.54% of Permutation test rounds,  94.74% of Permutation tests (Core 8/15, passed_count 18)
 21.55% of Permutation test rounds,  94.74% of Permutation tests (Core 10/15, passed_count 18)
 21.56% of Permutation test rounds,  94.74% of Permutation tests (Core 14/15, passed_count 18)
 21.57% of Permutation test rounds,  94.74% of Permutation tests (Core 3/15, passed_count 18)
 21.58% of Permutation test rounds,  94.74% of Permutation tests (Core 4/15, passed_count 18)
 21.59% of Permutation test rounds,  94.74% of Permutation tests (Core 0/15, passed_count 18)
 21.60% of Permutation test rounds,  94.74% of Permutation tests (Core 2/15, passed_count 18)
 21.61% of Permutation test rounds,  94.74% of Permutation tests (Core 6/15, passed_count 18)
 21.62% of Permutation test rounds,  94.74% of Permutation tests (Core 5/15, passed_count 18)
 21.63% of Permutation test rounds,  94.74% of Permutation tests (Core 15/15, passed_count 18)
 21.64% of Permutation test rounds,  94.74% of Permutation tests (Core 9/15, passed_count 18)
 21.65% of Permutation test rounds,  94.74% of Permutation tests (Core 12/15, passed_count 18)
 21.66% of Permutation test rounds,  94.74% of Permutation tests (Core 1/15, passed_count 18)
 21.67% of Permutation test rounds,  94.74% of Permutation tests (Core 11/15, passed_count 18)
 21.68% of Permutation test rounds,  94.74% of Permutation tests (Core 13/15, passed_count 18)
 21.69% of Permutation test rounds,  94.74% of Permutation tests (Core 7/15, passed_count 18)
 21.70% of Permutation test rounds,  94.74% of Permutation tests (Core 10/15, passed_count 18)
 21.71% of Permutation test rounds,  94.74% of Permutation tests (Core 14/15, passed_count 18)
 21.72% of Permutation test rounds,  94.74% of Permutation tests (Core 8/15, passed_count 18)
 21.73% of Permutation test rounds,  94.74% of Permutation tests (Core 0/15, passed_count 18)
 21.74% of Permutation test rounds,  94.74% of Permutation tests (Core 4/15, passed_count 18)
 21.75% of Permutation test rounds,  94.74% of Permutation tests (Core 6/15, passed_count 18)
 21.76% of Permutation test rounds,  94.74% of Permutation tests (Core 2/15, passed_count 18)
 21.77% of Permutation test rounds,  94.74% of Permutation tests (Core 3/15, passed_count 18)
 21.78% of Permutation test rounds,  94.74% of Permutation tests (Core 5/15, passed_count 18)
 21.79% of Permutation test rounds,  94.74% of Permutation tests (Core 9/15, passed_count 18)
 21.80% of Permutation test rounds,  94.74% of Permutation tests (Core 15/15, passed_count 18)
 21.81% of Permutation test rounds,  94.74% of Permutation tests (Core 1/15, passed_count 18)
 21.82% of Permutation test rounds,  94.74% of Permutation tests (Core 10/15, passed_count 18)
 21.83% of Permutation test rounds,  94.74% of Permutation tests (Core 12/15, passed_count 18)
 21.84% of Permutation test rounds,  94.74% of Permutation tests (Core 11/15, passed_count 18)
 21.85% of Permutation test rounds,  94.74% of Permutation tests (Core 7/15, passed_count 18)
 21.86% of Permutation test rounds,  94.74% of Permutation tests (Core 13/15, passed_count 18)
 21.87% of Permutation test rounds,  94.74% of Permutation tests (Core 14/15, passed_count 18)
 21.88% of Permutation test rounds,  94.74% of Permutation tests (Core 8/15, passed_count 18)
 21.89% of Permutation test rounds,  94.74% of Permutation tests (Core 0/15, passed_count 18)
 21.90% of Permutation test rounds,  94.74% of Permutation tests (Core 2/15, passed_count 18)
 21.91% of Permutation test rounds,  94.74% of Permutation tests (Core 6/15, passed_count 18)
 21.92% of Permutation test rounds,  94.74% of Permutation tests (Core 4/15, passed_count 18)
 21.93% of Permutation test rounds,  94.74% of Permutation tests (Core 3/15, passed_count 18)
 21.94% of Permutation test rounds,  94.74% of Permutation tests (Core 9/15, passed_count 18)
 21.95% of Permutation test rounds,  94.74% of Permutation tests (Core 15/15, passed_count 18)
 21.96% of Permutation test rounds,  94.74% of Permutation tests (Core 5/15, passed_count 18)
 21.97% of Permutation test rounds,  94.74% of Permutation tests (Core 1/15, passed_count 18)
 21.98% of Permutation test rounds,  94.74% of Permutation tests (Core 10/15, passed_count 18)
 21.99% of Permutation test rounds,  94.74% of Permutation tests (Core 14/15, passed_count 18)
 22.00% of Permutation test rounds,  94.74% of Permutation tests (Core 12/15, passed_count 18)
 22.01% of Permutation test rounds,  94.74% of Permutation tests (Core 0/15, passed_count 18)
 22.02% of Permutation test rounds,  94.74% of Permutation tests (Core 11/15, passed_count 18)
 22.03% of Permutation test rounds,  94.74% of Permutation tests (Core 7/15, passed_count 18)
 22.04% of Permutation test rounds,  94.74% of Permutation tests (Core 2/15, passed_count 18)
 22.05% of Permutation test rounds,  94.74% of Permutation tests (Core 13/15, passed_count 18)
 22.06% of Permutation test rounds,  94.74% of Permutation tests (Core 6/15, passed_count 18)
 22.07% of Permutation test rounds,  94.74% of Permutation tests (Core 8/15, passed_count 18)
 22.08% of Permutation test rounds,  94.74% of Permutation tests (Core 4/15, passed_count 18)
 22.09% of Permutation test rounds,  94.74% of Permutation tests (Core 3/15, passed_count 18)
 22.10% of Permutation test rounds,  94.74% of Permutation tests (Core 9/15, passed_count 18)
 22.11% of Permutation test rounds,  94.74% of Permutation tests (Core 15/15, passed_count 18)
 22.12% of Permutation test rounds,  94.74% of Permutation tests (Core 1/15, passed_count 18)
 22.13% of Permutation test rounds,  94.74% of Permutation tests (Core 10/15, passed_count 18)
 22.14% of Permutation test rounds,  94.74% of Permutation tests (Core 5/15, passed_count 18)
 22.15% of Permutation test rounds,  94.74% of Permutation tests (Core 14/15, passed_count 18)
 22.16% of Permutation test rounds,  94.74% of Permutation tests (Core 12/15, passed_count 18)
 22.17% of Permutation test rounds,  94.74% of Permutation tests (Core 2/15, passed_count 18)
 22.18% of Permutation test rounds,  94.74% of Permutation tests (Core 6/15, passed_count 18)
 22.19% of Permutation test rounds,  94.74% of Permutation tests (Core 0/15, passed_count 18)
 22.20% of Permutation test rounds,  94.74% of Permutation tests (Core 7/15, passed_count 18)
 22.21% of Permutation test rounds,  94.74% of Permutation tests (Core 11/15, passed_count 18)
 22.22% of Permutation test rounds,  94.74% of Permutation tests (Core 13/15, passed_count 18)
 22.23% of Permutation test rounds,  94.74% of Permutation tests (Core 8/15, passed_count 18)
 22.24% of Permutation test rounds,  94.74% of Permutation tests (Core 9/15, passed_count 18)
 22.25% of Permutation test rounds,  94.74% of Permutation tests (Core 15/15, passed_count 18)
 22.26% of Permutation test rounds,  94.74% of Permutation tests (Core 3/15, passed_count 18)
 22.27% of Permutation test rounds,  94.74% of Permutation tests (Core 4/15, passed_count 18)
 22.28% of Permutation test rounds,  94.74% of Permutation tests (Core 1/15, passed_count 18)
 22.29% of Permutation test rounds,  94.74% of Permutation tests (Core 10/15, passed_count 18)
 22.30% of Permutation test rounds,  94.74% of Permutation tests (Core 14/15, passed_count 18)
 22.31% of Permutation test rounds,  94.74% of Permutation tests (Core 5/15, passed_count 18)
 22.32% of Permutation test rounds,  94.74% of Permutation tests (Core 6/15, passed_count 18)
 22.33% of Permutation test rounds,  94.74% of Permutation tests (Core 2/15, passed_count 18)
 22.34% of Permutation test rounds,  94.74% of Permutation tests (Core 0/15, passed_count 18)
 22.35% of Permutation test rounds,  94.74% of Permutation tests (Core 12/15, passed_count 18)
 22.36% of Permutation test rounds,  94.74% of Permutation tests (Core 11/15, passed_count 18)
 22.37% of Permutation test rounds,  94.74% of Permutation tests (Core 7/15, passed_count 18)
 22.38% of Permutation test rounds,  94.74% of Permutation tests (Core 13/15, passed_count 18)
 22.39% of Permutation test rounds,  94.74% of Permutation tests (Core 9/15, passed_count 18)
 22.40% of Permutation test rounds,  94.74% of Permutation tests (Core 15/15, passed_count 18)
 22.41% of Permutation test rounds,  94.74% of Permutation tests (Core 8/15, passed_count 18)
 22.42% of Permutation test rounds,  94.74% of Permutation tests (Core 1/15, passed_count 18)
 22.43% of Permutation test rounds,  94.74% of Permutation tests (Core 14/15, passed_count 18)
 22.44% of Permutation test rounds,  94.74% of Permutation tests (Core 10/15, passed_count 18)
 22.45% of Permutation test rounds,  94.74% of Permutation tests (Core 4/15, passed_count 18)
 22.46% of Permutation test rounds,  94.74% of Permutation tests (Core 3/15, passed_count 18)
 22.47% of Permutation test rounds,  94.74% of Permutation tests (Core 2/15, passed_count 18)
 22.48% of Permutation test rounds,  94.74% of Permutation tests (Core 6/15, passed_count 18)
 22.49% of Permutation test rounds,  94.74% of Permutation tests (Core 0/15, passed_count 18)
 22.50% of Permutation test rounds,  94.74% of Permutation tests (Core 5/15, passed_count 18)
 22.51% of Permutation test rounds,  94.74% of Permutation tests (Core 9/15, passed_count 18)
 22.52% of Permutation test rounds,  94.74% of Permutation tests (Core 12/15, passed_count 18)
 22.53% of Permutation test rounds,  94.74% of Permutation tests (Core 15/15, passed_count 18)
 22.54% of Permutation test rounds,  94.74% of Permutation tests (Core 11/15, passed_count 18)
 22.55% of Permutation test rounds,  94.74% of Permutation tests (Core 10/15, passed_count 18)
 22.56% of Permutation test rounds,  94.74% of Permutation tests (Core 7/15, passed_count 18)
 22.57% of Permutation test rounds,  94.74% of Permutation tests (Core 13/15, passed_count 18)
 22.58% of Permutation test rounds,  94.74% of Permutation tests (Core 1/15, passed_count 18)
 22.59% of Permutation test rounds,  94.74% of Permutation tests (Core 8/15, passed_count 18)
 22.60% of Permutation test rounds,  94.74% of Permutation tests (Core 14/15, passed_count 18)
 22.61% of Permutation test rounds,  94.74% of Permutation tests (Core 4/15, passed_count 18)
 22.62% of Permutation test rounds,  94.74% of Permutation tests (Core 3/15, passed_count 18)
 22.63% of Permutation test rounds,  94.74% of Permutation tests (Core 2/15, passed_count 18)
 22.64% of Permutation test rounds,  94.74% of Permutation tests (Core 6/15, passed_count 18)
 22.65% of Permutation test rounds,  94.74% of Permutation tests (Core 0/15, passed_count 18)
 22.66% of Permutation test rounds,  94.74% of Permutation tests (Core 5/15, passed_count 18)
 22.67% of Permutation test rounds,  94.74% of Permutation tests (Core 9/15, passed_count 18)
 22.68% of Permutation test rounds,  94.74% of Permutation tests (Core 15/15, passed_count 18)
 22.69% of Permutation test rounds,  94.74% of Permutation tests (Core 12/15, passed_count 18)
 22.70% of Permutation test rounds,  94.74% of Permutation tests (Core 10/15, passed_count 18)
 22.71% of Permutation test rounds,  94.74% of Permutation tests (Core 1/15, passed_count 18)
 22.72% of Permutation test rounds,  94.74% of Permutation tests (Core 11/15, passed_count 18)
 22.73% of Permutation test rounds,  94.74% of Permutation tests (Core 13/15, passed_count 18)
 22.74% of Permutation test rounds,  94.74% of Permutation tests (Core 7/15, passed_count 18)
 22.75% of Permutation test rounds,  94.74% of Permutation tests (Core 14/15, passed_count 18)
 22.76% of Permutation test rounds,  94.74% of Permutation tests (Core 8/15, passed_count 18)
 22.77% of Permutation test rounds,  94.74% of Permutation tests (Core 2/15, passed_count 18)
 22.78% of Permutation test rounds,  94.74% of Permutation tests (Core 6/15, passed_count 18)
 22.79% of Permutation test rounds,  94.74% of Permutation tests (Core 4/15, passed_count 18)
 22.80% of Permutation test rounds,  94.74% of Permutation tests (Core 3/15, passed_count 18)
 22.81% of Permutation test rounds,  94.74% of Permutation tests (Core 0/15, passed_count 18)
 22.82% of Permutation test rounds,  94.74% of Permutation tests (Core 9/15, passed_count 18)
 22.83% of Permutation test rounds,  94.74% of Permutation tests (Core 15/15, passed_count 18)
 22.84% of Permutation test rounds,  94.74% of Permutation tests (Core 10/15, passed_count 18)
 22.85% of Permutation test rounds,  94.74% of Permutation tests (Core 5/15, passed_count 18)
 22.86% of Permutation test rounds,  94.74% of Permutation tests (Core 1/15, passed_count 18)
 22.87% of Permutation test rounds,  94.74% of Permutation tests (Core 12/15, passed_count 18)
 22.88% of Permutation test rounds,  94.74% of Permutation tests (Core 14/15, passed_count 18)
 22.89% of Permutation test rounds,  94.74% of Permutation tests (Core 13/15, passed_count 18)
 22.90% of Permutation test rounds,  94.74% of Permutation tests (Core 11/15, passed_count 18)
 22.91% of Permutation test rounds,  94.74% of Permutation tests (Core 7/15, passed_count 18)
 22.92% of Permutation test rounds,  94.74% of Permutation tests (Core 6/15, passed_count 18)
 22.93% of Permutation test rounds,  94.74% of Permutation tests (Core 8/15, passed_count 18)
 22.94% of Permutation test rounds,  94.74% of Permutation tests (Core 2/15, passed_count 18)
 22.95% of Permutation test rounds,  94.74% of Permutation tests (Core 4/15, passed_count 18)
 22.96% of Permutation test rounds,  94.74% of Permutation tests (Core 0/15, passed_count 18)
 22.97% of Permutation test rounds,  94.74% of Permutation tests (Core 3/15, passed_count 18)
 22.98% of Permutation test rounds,  94.74% of Permutation tests (Core 10/15, passed_count 18)
 22.99% of Permutation test rounds,  94.74% of Permutation tests (Core 15/15, passed_count 18)
 23.00% of Permutation test rounds,  94.74% of Permutation tests (Core 9/15, passed_count 18)
 23.01% of Permutation test rounds,  94.74% of Permutation tests (Core 1/15, passed_count 18)
 23.02% of Permutation test rounds,  94.74% of Permutation tests (Core 5/15, passed_count 18)
 23.03% of Permutation test rounds,  94.74% of Permutation tests (Core 12/15, passed_count 18)
 23.04% of Permutation test rounds,  94.74% of Permutation tests (Core 14/15, passed_count 18)
 23.05% of Permutation test rounds,  94.74% of Permutation tests (Core 13/15, passed_count 18)
 23.06% of Permutation test rounds,  94.74% of Permutation tests (Core 11/15, passed_count 18)
 23.07% of Permutation test rounds,  94.74% of Permutation tests (Core 7/15, passed_count 18)
 23.08% of Permutation test rounds,  94.74% of Permutation tests (Core 6/15, passed_count 18)
 23.09% of Permutation test rounds,  94.74% of Permutation tests (Core 2/15, passed_count 18)
 23.10% of Permutation test rounds,  94.74% of Permutation tests (Core 0/15, passed_count 18)
 23.11% of Permutation test rounds,  94.74% of Permutation tests (Core 8/15, passed_count 18)
 23.12% of Permutation test rounds,  94.74% of Permutation tests (Core 4/15, passed_count 18)
 23.13% of Permutation test rounds,  94.74% of Permutation tests (Core 3/15, passed_count 18)
 23.14% of Permutation test rounds,  94.74% of Permutation tests (Core 15/15, passed_count 18)
 23.15% of Permutation test rounds,  94.74% of Permutation tests (Core 10/15, passed_count 18)
 23.16% of Permutation test rounds,  94.74% of Permutation tests (Core 9/15, passed_count 18)
 23.17% of Permutation test rounds,  94.74% of Permutation tests (Core 1/15, passed_count 18)
 23.18% of Permutation test rounds,  94.74% of Permutation tests (Core 5/15, passed_count 18)
 23.19% of Permutation test rounds,  94.74% of Permutation tests (Core 14/15, passed_count 18)
 23.20% of Permutation test rounds,  94.74% of Permutation tests (Core 12/15, passed_count 18)
 23.21% of Permutation test rounds,  94.74% of Permutation tests (Core 6/15, passed_count 18)
 23.22% of Permutation test rounds,  94.74% of Permutation tests (Core 2/15, passed_count 18)
 23.23% of Permutation test rounds,  94.74% of Permutation tests (Core 13/15, passed_count 18)
 23.24% of Permutation test rounds,  94.74% of Permutation tests (Core 11/15, passed_count 18)
 23.25% of Permutation test rounds,  94.74% of Permutation tests (Core 0/15, passed_count 18)
 23.26% of Permutation test rounds,  94.74% of Permutation tests (Core 7/15, passed_count 18)
 23.27% of Permutation test rounds,  94.74% of Permutation tests (Core 8/15, passed_count 18)
 23.28% of Permutation test rounds,  94.74% of Permutation tests (Core 15/15, passed_count 18)
 23.29% of Permutation test rounds,  94.74% of Permutation tests (Core 4/15, passed_count 18)
 23.30% of Permutation test rounds,  94.74% of Permutation tests (Core 10/15, passed_count 18)
 23.31% of Permutation test rounds,  94.74% of Permutation tests (Core 3/15, passed_count 18)
 23.32% of Permutation test rounds,  94.74% of Permutation tests (Core 9/15, passed_count 18)
 23.33% of Permutation test rounds,  94.74% of Permutation tests (Core 1/15, passed_count 18)
 23.34% of Permutation test rounds,  94.74% of Permutation tests (Core 14/15, passed_count 18)
 23.35% of Permutation test rounds,  94.74% of Permutation tests (Core 2/15, passed_count 18)
 23.36% of Permutation test rounds,  94.74% of Permutation tests (Core 5/15, passed_count 18)
 23.37% of Permutation test rounds,  94.74% of Permutation tests (Core 6/15, passed_count 18)
 23.38% of Permutation test rounds,  94.74% of Permutation tests (Core 0/15, passed_count 18)
 23.39% of Permutation test rounds,  94.74% of Permutation tests (Core 12/15, passed_count 18)
 23.40% of Permutation test rounds,  94.74% of Permutation tests (Core 13/15, passed_count 18)
 23.41% of Permutation test rounds,  94.74% of Permutation tests (Core 15/15, passed_count 18)
 23.42% of Permutation test rounds,  94.74% of Permutation tests (Core 11/15, passed_count 18)
 23.43% of Permutation test rounds,  94.74% of Permutation tests (Core 7/15, passed_count 18)
 23.44% of Permutation test rounds,  94.74% of Permutation tests (Core 10/15, passed_count 18)
 23.45% of Permutation test rounds,  94.74% of Permutation tests (Core 9/15, passed_count 18)
 23.46% of Permutation test rounds,  94.74% of Permutation tests (Core 8/15, passed_count 18)
 23.47% of Permutation test rounds,  94.74% of Permutation tests (Core 1/15, passed_count 18)
 23.48% of Permutation test rounds,  94.74% of Permutation tests (Core 4/15, passed_count 18)
 23.49% of Permutation test rounds,  94.74% of Permutation tests (Core 3/15, passed_count 18)
 23.50% of Permutation test rounds,  94.74% of Permutation tests (Core 14/15, passed_count 18)
 23.51% of Permutation test rounds,  94.74% of Permutation tests (Core 2/15, passed_count 18)
 23.52% of Permutation test rounds,  94.74% of Permutation tests (Core 0/15, passed_count 18)
 23.53% of Permutation test rounds,  94.74% of Permutation tests (Core 6/15, passed_count 18)
 23.54% of Permutation test rounds,  94.74% of Permutation tests (Core 5/15, passed_count 18)
 23.55% of Permutation test rounds,  94.74% of Permutation tests (Core 15/15, passed_count 18)
 23.56% of Permutation test rounds,  94.74% of Permutation tests (Core 12/15, passed_count 18)
 23.57% of Permutation test rounds,  94.74% of Permutation tests (Core 13/15, passed_count 18)
 23.58% of Permutation test rounds,  94.74% of Permutation tests (Core 11/15, passed_count 18)
 23.59% of Permutation test rounds,  94.74% of Permutation tests (Core 10/15, passed_count 18)
 23.60% of Permutation test rounds,  94.74% of Permutation tests (Core 9/15, passed_count 18)
 23.61% of Permutation test rounds,  94.74% of Permutation tests (Core 7/15, passed_count 18)
 23.62% of Permutation test rounds,  94.74% of Permutation tests (Core 1/15, passed_count 18)
 23.63% of Permutation test rounds,  94.74% of Permutation tests (Core 8/15, passed_count 18)
 23.64% of Permutation test rounds,  94.74% of Permutation tests (Core 4/15, passed_count 18)
 23.65% of Permutation test rounds,  94.74% of Permutation tests (Core 3/15, passed_count 18)
 23.66% of Permutation test rounds,  94.74% of Permutation tests (Core 14/15, passed_count 18)
 23.67% of Permutation test rounds,  94.74% of Permutation tests (Core 2/15, passed_count 18)
 23.68% of Permutation test rounds,  94.74% of Permutation tests (Core 6/15, passed_count 18)
 23.69% of Permutation test rounds,  94.74% of Permutation tests (Core 0/15, passed_count 18)
 23.70% of Permutation test rounds,  94.74% of Permutation tests (Core 5/15, passed_count 18)
 23.71% of Permutation test rounds,  94.74% of Permutation tests (Core 15/15, passed_count 18)
 23.72% of Permutation test rounds,  94.74% of Permutation tests (Core 9/15, passed_count 18)
 23.73% of Permutation test rounds,  94.74% of Permutation tests (Core 10/15, passed_count 18)
 23.74% of Permutation test rounds,  94.74% of Permutation tests (Core 12/15, passed_count 18)
 23.75% of Permutation test rounds,  94.74% of Permutation tests (Core 13/15, passed_count 18)
 23.76% of Permutation test rounds,  94.74% of Permutation tests (Core 1/15, passed_count 18)
 23.77% of Permutation test rounds,  94.74% of Permutation tests (Core 11/15, passed_count 18)
 23.78% of Permutation test rounds,  94.74% of Permutation tests (Core 7/15, passed_count 18)
 23.79% of Permutation test rounds,  94.74% of Permutation tests (Core 8/15, passed_count 18)
 23.80% of Permutation test rounds,  94.74% of Permutation tests (Core 3/15, passed_count 18)
 23.81% of Permutation test rounds,  94.74% of Permutation tests (Core 4/15, passed_count 18)
 23.82% of Permutation test rounds,  94.74% of Permutation tests (Core 14/15, passed_count 18)
 23.83% of Permutation test rounds,  94.74% of Permutation tests (Core 2/15, passed_count 18)
 23.84% of Permutation test rounds,  94.74% of Permutation tests (Core 6/15, passed_count 18)
 23.85% of Permutation test rounds,  94.74% of Permutation tests (Core 0/15, passed_count 18)
 23.86% of Permutation test rounds,  94.74% of Permutation tests (Core 15/15, passed_count 18)
 23.87% of Permutation test rounds,  94.74% of Permutation tests (Core 5/15, passed_count 18)
 23.88% of Permutation test rounds,  94.74% of Permutation tests (Core 9/15, passed_count 18)
 23.89% of Permutation test rounds,  94.74% of Permutation tests (Core 10/15, passed_count 18)
 23.90% of Permutation test rounds,  94.74% of Permutation tests (Core 1/15, passed_count 18)
 23.91% of Permutation test rounds,  94.74% of Permutation tests (Core 12/15, passed_count 18)
 23.92% of Permutation test rounds,  94.74% of Permutation tests (Core 13/15, passed_count 18)
 23.93% of Permutation test rounds,  94.74% of Permutation tests (Core 11/15, passed_count 18)
 23.94% of Permutation test rounds,  94.74% of Permutation tests (Core 7/15, passed_count 18)
 23.95% of Permutation test rounds,  94.74% of Permutation tests (Core 14/15, passed_count 18)
 23.96% of Permutation test rounds,  94.74% of Permutation tests (Core 8/15, passed_count 18)
 23.97% of Permutation test rounds,  94.74% of Permutation tests (Core 3/15, passed_count 18)
 23.98% of Permutation test rounds,  94.74% of Permutation tests (Core 2/15, passed_count 18)
 23.99% of Permutation test rounds,  94.74% of Permutation tests (Core 4/15, passed_count 18)
 24.00% of Permutation test rounds,  94.74% of Permutation tests (Core 6/15, passed_count 18)
 24.01% of Permutation test rounds,  94.74% of Permutation tests (Core 0/15, passed_count 18)
 24.02% of Permutation test rounds,  94.74% of Permutation tests (Core 15/15, passed_count 18)
 24.03% of Permutation test rounds,  94.74% of Permutation tests (Core 9/15, passed_count 18)
 24.04% of Permutation test rounds,  94.74% of Permutation tests (Core 10/15, passed_count 18)
 24.05% of Permutation test rounds,  94.74% of Permutation tests (Core 5/15, passed_count 18)
 24.06% of Permutation test rounds,  94.74% of Permutation tests (Core 1/15, passed_count 18)
 24.07% of Permutation test rounds,  94.74% of Permutation tests (Core 13/15, passed_count 18)
 24.08% of Permutation test rounds,  94.74% of Permutation tests (Core 12/15, passed_count 18)
 24.09% of Permutation test rounds,  94.74% of Permutation tests (Core 14/15, passed_count 18)
 24.10% of Permutation test rounds,  94.74% of Permutation tests (Core 7/15, passed_count 18)
 24.11% of Permutation test rounds,  94.74% of Permutation tests (Core 11/15, passed_count 18)
 24.12% of Permutation test rounds,  94.74% of Permutation tests (Core 2/15, passed_count 18)
 24.13% of Permutation test rounds,  94.74% of Permutation tests (Core 8/15, passed_count 18)
 24.14% of Permutation test rounds,  94.74% of Permutation tests (Core 3/15, passed_count 18)
 24.15% of Permutation test rounds,  94.74% of Permutation tests (Core 6/15, passed_count 18)
 24.16% of Permutation test rounds,  94.74% of Permutation tests (Core 4/15, passed_count 18)
 24.17% of Permutation test rounds,  94.74% of Permutation tests (Core 0/15, passed_count 18)
 24.18% of Permutation test rounds,  94.74% of Permutation tests (Core 15/15, passed_count 18)
 24.19% of Permutation test rounds,  94.74% of Permutation tests (Core 9/15, passed_count 18)
 24.20% of Permutation test rounds,  94.74% of Permutation tests (Core 10/15, passed_count 18)
 24.21% of Permutation test rounds,  94.74% of Permutation tests (Core 1/15, passed_count 18)
 24.22% of Permutation test rounds,  94.74% of Permutation tests (Core 5/15, passed_count 18)
 24.23% of Permutation test rounds,  94.74% of Permutation tests (Core 14/15, passed_count 18)
 24.24% of Permutation test rounds,  94.74% of Permutation tests (Core 13/15, passed_count 18)
 24.25% of Permutation test rounds,  94.74% of Permutation tests (Core 12/15, passed_count 18)
 24.26% of Permutation test rounds,  94.74% of Permutation tests (Core 2/15, passed_count 18)
 24.27% of Permutation test rounds,  94.74% of Permutation tests (Core 7/15, passed_count 18)
 24.28% of Permutation test rounds,  94.74% of Permutation tests (Core 11/15, passed_count 18)
 24.29% of Permutation test rounds,  94.74% of Permutation tests (Core 6/15, passed_count 18)
 24.30% of Permutation test rounds,  94.74% of Permutation tests (Core 8/15, passed_count 18)
 24.31% of Permutation test rounds,  94.74% of Permutation tests (Core 0/15, passed_count 18)
 24.32% of Permutation test rounds,  94.74% of Permutation tests (Core 3/15, passed_count 18)
 24.33% of Permutation test rounds,  94.74% of Permutation tests (Core 4/15, passed_count 18)
 24.34% of Permutation test rounds,  94.74% of Permutation tests (Core 15/15, passed_count 18)
 24.35% of Permutation test rounds,  94.74% of Permutation tests (Core 9/15, passed_count 18)
 24.36% of Permutation test rounds,  94.74% of Permutation tests (Core 10/15, passed_count 18)
 24.37% of Permutation test rounds,  94.74% of Permutation tests (Core 1/15, passed_count 18)
 24.38% of Permutation test rounds,  94.74% of Permutation tests (Core 5/15, passed_count 18)
 24.39% of Permutation test rounds,  94.74% of Permutation tests (Core 14/15, passed_count 18)
 24.40% of Permutation test rounds,  94.74% of Permutation tests (Core 2/15, passed_count 18)
 24.41% of Permutation test rounds,  94.74% of Permutation tests (Core 13/15, passed_count 18)
 24.42% of Permutation test rounds,  94.74% of Permutation tests (Core 12/15, passed_count 18)
 24.43% of Permutation test rounds,  94.74% of Permutation tests (Core 7/15, passed_count 18)
 24.44% of Permutation test rounds,  94.74% of Permutation tests (Core 11/15, passed_count 18)
 24.45% of Permutation test rounds,  94.74% of Permutation tests (Core 6/15, passed_count 18)
 24.46% of Permutation test rounds,  94.74% of Permutation tests (Core 8/15, passed_count 18)
 24.47% of Permutation test rounds,  94.74% of Permutation tests (Core 0/15, passed_count 18)
 24.48% of Permutation test rounds,  94.74% of Permutation tests (Core 3/15, passed_count 18)
 24.49% of Permutation test rounds,  94.74% of Permutation tests (Core 9/15, passed_count 18)
 24.50% of Permutation test rounds,  94.74% of Permutation tests (Core 4/15, passed_count 18)
 24.51% of Permutation test rounds,  94.74% of Permutation tests (Core 15/15, passed_count 18)
 24.52% of Permutation test rounds,  94.74% of Permutation tests (Core 10/15, passed_count 18)
 24.53% of Permutation test rounds,  94.74% of Permutation tests (Core 1/15, passed_count 18)
 24.54% of Permutation test rounds,  94.74% of Permutation tests (Core 14/15, passed_count 18)
 24.55% of Permutation test rounds,  94.74% of Permutation tests (Core 5/15, passed_count 18)
 24.56% of Permutation test rounds,  94.74% of Permutation tests (Core 2/15, passed_count 18)
 24.57% of Permutation test rounds,  94.74% of Permutation tests (Core 13/15, passed_count 18)
 24.58% of Permutation test rounds,  94.74% of Permutation tests (Core 12/15, passed_count 18)
 24.59% of Permutation test rounds,  94.74% of Permutation tests (Core 0/15, passed_count 18)
 24.60% of Permutation test rounds,  94.74% of Permutation tests (Core 6/15, passed_count 18)
 24.61% of Permutation test rounds,  94.74% of Permutation tests (Core 7/15, passed_count 18)
 24.62% of Permutation test rounds,  94.74% of Permutation tests (Core 11/15, passed_count 18)
 24.63% of Permutation test rounds,  94.74% of Permutation tests (Core 10/15, passed_count 18)
 24.64% of Permutation test rounds,  94.74% of Permutation tests (Core 9/15, passed_count 18)
 24.65% of Permutation test rounds,  94.74% of Permutation tests (Core 8/15, passed_count 18)
 24.66% of Permutation test rounds,  94.74% of Permutation tests (Core 15/15, passed_count 18)
 24.67% of Permutation test rounds,  94.74% of Permutation tests (Core 4/15, passed_count 18)
 24.68% of Permutation test rounds,  94.74% of Permutation tests (Core 3/15, passed_count 18)
 24.69% of Permutation test rounds,  94.74% of Permutation tests (Core 1/15, passed_count 18)
 24.70% of Permutation test rounds,  94.74% of Permutation tests (Core 2/15, passed_count 18)
 24.71% of Permutation test rounds,  94.74% of Permutation tests (Core 14/15, passed_count 18)
 24.72% of Permutation test rounds,  94.74% of Permutation tests (Core 5/15, passed_count 18)
 24.73% of Permutation test rounds,  94.74% of Permutation tests (Core 10/15, passed_count 18)
 24.74% of Permutation test rounds,  94.74% of Permutation tests (Core 0/15, passed_count 18)
 24.75% of Permutation test rounds,  94.74% of Permutation tests (Core 6/15, passed_count 18)
 24.76% of Permutation test rounds,  94.74% of Permutation tests (Core 12/15, passed_count 18)
 24.77% of Permutation test rounds,  94.74% of Permutation tests (Core 9/15, passed_count 18)
 24.78% of Permutation test rounds,  94.74% of Permutation tests (Core 13/15, passed_count 18)
 24.79% of Permutation test rounds,  94.74% of Permutation tests (Core 7/15, passed_count 18)
 24.80% of Permutation test rounds,  94.74% of Permutation tests (Core 11/15, passed_count 18)
 24.81% of Permutation test rounds,  94.74% of Permutation tests (Core 15/15, passed_count 18)
 24.82% of Permutation test rounds,  94.74% of Permutation tests (Core 8/15, passed_count 18)
 24.83% of Permutation test rounds,  94.74% of Permutation tests (Core 4/15, passed_count 18)
 24.84% of Permutation test rounds,  94.74% of Permutation tests (Core 3/15, passed_count 18)
 24.85% of Permutation test rounds,  94.74% of Permutation tests (Core 1/15, passed_count 18)
 24.86% of Permutation test rounds,  94.74% of Permutation tests (Core 14/15, passed_count 18)
 24.87% of Permutation test rounds,  94.74% of Permutation tests (Core 2/15, passed_count 18)
 24.88% of Permutation test rounds,  94.74% of Permutation tests (Core 5/15, passed_count 18)
 24.89% of Permutation test rounds,  94.74% of Permutation tests (Core 0/15, passed_count 18)
 24.90% of Permutation test rounds,  94.74% of Permutation tests (Core 10/15, passed_count 18)
 24.91% of Permutation test rounds,  94.74% of Permutation tests (Core 9/15, passed_count 18)
 24.92% of Permutation test rounds,  94.74% of Permutation tests (Core 6/15, passed_count 18)
 24.93% of Permutation test rounds,  94.74% of Permutation tests (Core 15/15, passed_count 18)
 24.94% of Permutation test rounds,  94.74% of Permutation tests (Core 7/15, passed_count 18)
 24.95% of Permutation test rounds,  94.74% of Permutation tests (Core 12/15, passed_count 18)
 24.96% of Permutation test rounds,  94.74% of Permutation tests (Core 13/15, passed_count 18)
 24.97% of Permutation test rounds,  94.74% of Permutation tests (Core 11/15, passed_count 18)
 24.98% of Permutation test rounds,  94.74% of Permutation tests (Core 8/15, passed_count 18)
 24.99% of Permutation test rounds,  94.74% of Permutation tests (Core 4/15, passed_count 18)
 25.00% of Permutation test rounds,  94.74% of Permutation tests (Core 3/15, passed_count 18)
 25.01% of Permutation test rounds,  94.74% of Permutation tests (Core 1/15, passed_count 18)
 25.02% of Permutation test rounds,  94.74% of Permutation tests (Core 14/15, passed_count 18)
 25.03% of Permutation test rounds,  94.74% of Permutation tests (Core 2/15, passed_count 18)
 25.04% of Permutation test rounds,  94.74% of Permutation tests (Core 9/15, passed_count 18)
 25.05% of Permutation test rounds,  94.74% of Permutation tests (Core 5/15, passed_count 18)
 25.06% of Permutation test rounds,  94.74% of Permutation tests (Core 10/15, passed_count 18)
 25.07% of Permutation test rounds,  94.74% of Permutation tests (Core 6/15, passed_count 18)
 25.08% of Permutation test rounds,  94.74% of Permutation tests (Core 15/15, passed_count 18)
 25.09% of Permutation test rounds,  94.74% of Permutation tests (Core 0/15, passed_count 18)
 25.10% of Permutation test rounds,  94.74% of Permutation tests (Core 7/15, passed_count 18)
 25.11% of Permutation test rounds,  94.74% of Permutation tests (Core 12/15, passed_count 18)
 25.12% of Permutation test rounds,  94.74% of Permutation tests (Core 11/15, passed_count 18)
 25.13% of Permutation test rounds,  94.74% of Permutation tests (Core 13/15, passed_count 18)
 25.14% of Permutation test rounds, 100.00% of Permutation tests (Core 4/15, passed_count 19)
 29.95% of Permutation test rounds, 100.00% of Permutation tests (Core 1/15, passed_count 19)
 34.50% of Permutation test rounds, 100.00% of Permutation tests (Core 8/15, passed_count 19)
 39.31% of Permutation test rounds, 100.00% of Permutation tests (Core 3/15, passed_count 19)
 44.11% of Permutation test rounds, 100.00% of Permutation tests (Core 14/15, passed_count 19)
 48.67% of Permutation test rounds, 100.00% of Permutation tests (Core 2/15, passed_count 19)
 53.23% of Permutation test rounds, 100.00% of Permutation tests (Core 9/15, passed_count 19)
 57.79% of Permutation test rounds, 100.00% of Permutation tests (Core 10/15, passed_count 19)
 62.34% of Permutation test rounds, 100.00% of Permutation tests (Core 6/15, passed_count 19)
 66.90% of Permutation test rounds, 100.00% of Permutation tests (Core 5/15, passed_count 19)
 71.71% of Permutation test rounds, 100.00% of Permutation tests (Core 15/15, passed_count 19)
 76.26% of Permutation test rounds, 100.00% of Permutation tests (Core 0/15, passed_count 19)
 80.81% of Permutation test rounds, 100.00% of Permutation tests (Core 7/15, passed_count 19)
 85.61% of Permutation test rounds, 100.00% of Permutation tests (Core 13/15, passed_count 19)
 90.41% of Permutation test rounds, 100.00% of Permutation tests (Core 12/15, passed_count 19)
 95.21% of Permutation test rounds, 100.00% of Permutation tests (Core 11/15, passed_count 19)


                statistic  C[i][0]  C[i][1]  C[i][2]
----------------------------------------------------
                excursion       8       0       6
       numDirectionalRuns      33       0       6
       lenDirectionalRuns       6       5       1
    numIncreasesDecreases       6       0      11
            numRunsMedian      29       0       6
            lenRunsMedian       3       3      58
             avgCollision       6       0       6
             maxCollision       8       1       5
           periodicity(1)       6       0      14
           periodicity(2)       6       0       7
           periodicity(8)      38       0       6
          periodicity(16)     561       0       6
          periodicity(32)      57       0       6
            covariance(1)       6       0      41
            covariance(2)       9       0       6
            covariance(8)       6       0      13
           covariance(16)      23       0       6
           covariance(32)       7       0       6
              compression    2508       0       6
(* denotes failed test)

** Passed IID permutation tests

your 131072x1 screen size is bogus. expect trouble
your 131072x1 screen size is bogus. expect trouble
Identity added: /home/mmggjj/.ssh/id_ed25519 (mariogj.03@gmail.com)
tiempo_s=125.64 maxrss_kB=165504
