Agent pid 423
Opening file: '/mnt/c/Users/mario/Documents/TFM_RNG/tfm_esp32_rng/results/condA_rep1.bin' (SHA-256 hash be60443540effef3a1d2ec5895093817307d0efc140eb27db9991b971b49db5f)
Loaded 125000 samples of 256 distinct 8-bit-wide symbols
Number of Binary samples: 1000000

*** Warning: data contains less than 1000000 samples ***

Calculating baseline statistics...
	Raw Mean: 128.185392
	Median: 129.000000
	Binary: false

Literal MCV Estimate: mode = 548, p-hat = 0.0043839999999999999, p_u = 0.0048653323116216764
Bitstring MCV Estimate: mode = 500791, p-hat = 0.50079099999999999, p_u = 0.50207891368408297
H_original: 7.683246
H_bitstring: 0.994014
min(H_original, 8 X H_bitstring): 7.683246
Chi square independence
	score = 11165.769940
	degrees of freedom = 11117
	p-value = 0.370298

Chi square goodness of fit
	score = 2244.565815
	degrees of freedom = 2295
	p-value = 0.770376

** Passed chi square tests

Literal Longest Repeated Substring results
	P_col: 0.003914
	Length of LRS: 4
	Pr(X >= 1): 0.840199
** Passed length of longest repeated substring test

Beginning initial tests...

Initial test results
              excursion: 17609.3
     numDirectionalRuns: 83487
     lenDirectionalRuns: 7
  numIncreasesDecreases: 62508
          numRunsMedian: 62571
          lenRunsMedian: 17
           avgCollision: 20.7672
           maxCollision: 65
         periodicity(1): 512
         periodicity(2): 477
         periodicity(8): 484
        periodicity(16): 474
        periodicity(32): 498
          covariance(1): 2.05167e+09
          covariance(2): 2.05445e+09
          covariance(8): 2.05666e+09
         covariance(16): 2.05288e+09
         covariance(32): 2.05272e+09
            compression: 133298

Beginning permutation tests... these may take some time
  0.01% of Permutation test rounds,   0.00% of Permutation tests (Core 0/15, passed_count 0)
  0.02% of Permutation test rounds,   0.00% of Permutation tests (Core 12/15, passed_count 0)
  0.03% of Permutation test rounds,   0.00% of Permutation tests (Core 1/15, passed_count 0)
  0.04% of Permutation test rounds,   0.00% of Permutation tests (Core 11/15, passed_count 0)
  0.05% of Permutation test rounds,   0.00% of Permutation tests (Core 14/15, passed_count 0)
  0.06% of Permutation test rounds,   0.00% of Permutation tests (Core 10/15, passed_count 0)
  0.07% of Permutation test rounds,   0.00% of Permutation tests (Core 3/15, passed_count 0)
  0.08% of Permutation test rounds,   0.00% of Permutation tests (Core 6/15, passed_count 0)
  0.09% of Permutation test rounds,   0.00% of Permutation tests (Core 15/15, passed_count 0)
  0.10% of Permutation test rounds,   0.00% of Permutation tests (Core 8/15, passed_count 0)
  0.11% of Permutation test rounds,  15.79% of Permutation tests (Core 4/15, passed_count 3)
  0.12% of Permutation test rounds,  15.79% of Permutation tests (Core 5/15, passed_count 3)
  0.13% of Permutation test rounds,  26.32% of Permutation tests (Core 9/15, passed_count 5)
  0.14% of Permutation test rounds,  31.58% of Permutation tests (Core 2/15, passed_count 6)
  0.15% of Permutation test rounds,  36.84% of Permutation tests (Core 7/15, passed_count 7)
  0.16% of Permutation test rounds,  36.84% of Permutation tests (Core 13/15, passed_count 7)
  0.17% of Permutation test rounds,  42.11% of Permutation tests (Core 0/15, passed_count 8)
  0.18% of Permutation test rounds,  42.11% of Permutation tests (Core 12/15, passed_count 8)
  0.19% of Permutation test rounds,  42.11% of Permutation tests (Core 1/15, passed_count 8)
  0.20% of Permutation test rounds,  47.37% of Permutation tests (Core 11/15, passed_count 9)
  0.21% of Permutation test rounds,  47.37% of Permutation tests (Core 14/15, passed_count 9)
  0.22% of Permutation test rounds,  52.63% of Permutation tests (Core 3/15, passed_count 10)
  0.23% of Permutation test rounds,  52.63% of Permutation tests (Core 6/15, passed_count 10)
  0.24% of Permutation test rounds,  63.16% of Permutation tests (Core 10/15, passed_count 12)
  0.25% of Permutation test rounds,  63.16% of Permutation tests (Core 13/15, passed_count 12)
  0.26% of Permutation test rounds,  63.16% of Permutation tests (Core 4/15, passed_count 12)
  0.27% of Permutation test rounds,  73.68% of Permutation tests (Core 15/15, passed_count 14)
  0.28% of Permutation test rounds,  78.95% of Permutation tests (Core 8/15, passed_count 15)
  0.29% of Permutation test rounds,  78.95% of Permutation tests (Core 5/15, passed_count 15)
  0.30% of Permutation test rounds,  78.95% of Permutation tests (Core 7/15, passed_count 15)
  0.31% of Permutation test rounds,  78.95% of Permutation tests (Core 9/15, passed_count 15)
  0.32% of Permutation test rounds,  78.95% of Permutation tests (Core 2/15, passed_count 15)
  0.33% of Permutation test rounds,  78.95% of Permutation tests (Core 0/15, passed_count 15)
  0.34% of Permutation test rounds,  78.95% of Permutation tests (Core 12/15, passed_count 15)
  0.35% of Permutation test rounds,  78.95% of Permutation tests (Core 1/15, passed_count 15)
  0.36% of Permutation test rounds,  78.95% of Permutation tests (Core 14/15, passed_count 15)
  0.37% of Permutation test rounds,  78.95% of Permutation tests (Core 6/15, passed_count 15)
  0.38% of Permutation test rounds,  78.95% of Permutation tests (Core 11/15, passed_count 15)
  0.39% of Permutation test rounds,  78.95% of Permutation tests (Core 3/15, passed_count 15)
  0.40% of Permutation test rounds,  78.95% of Permutation tests (Core 13/15, passed_count 15)
  0.41% of Permutation test rounds,  78.95% of Permutation tests (Core 10/15, passed_count 15)
  0.42% of Permutation test rounds,  78.95% of Permutation tests (Core 0/15, passed_count 15)
  0.43% of Permutation test rounds,  78.95% of Permutation tests (Core 4/15, passed_count 15)
  0.44% of Permutation test rounds,  78.95% of Permutation tests (Core 15/15, passed_count 15)
  0.45% of Permutation test rounds,  78.95% of Permutation tests (Core 8/15, passed_count 15)
  0.46% of Permutation test rounds,  78.95% of Permutation tests (Core 9/15, passed_count 15)
  0.47% of Permutation test rounds,  78.95% of Permutation tests (Core 12/15, passed_count 15)
  0.48% of Permutation test rounds,  78.95% of Permutation tests (Core 1/15, passed_count 15)
  0.49% of Permutation test rounds,  78.95% of Permutation tests (Core 5/15, passed_count 15)
  0.50% of Permutation test rounds,  78.95% of Permutation tests (Core 14/15, passed_count 15)
  0.51% of Permutation test rounds,  78.95% of Permutation tests (Core 7/15, passed_count 15)
  0.52% of Permutation test rounds,  78.95% of Permutation tests (Core 2/15, passed_count 15)
  0.53% of Permutation test rounds,  78.95% of Permutation tests (Core 6/15, passed_count 15)
  0.54% of Permutation test rounds,  78.95% of Permutation tests (Core 3/15, passed_count 15)
  0.55% of Permutation test rounds,  78.95% of Permutation tests (Core 11/15, passed_count 15)
  0.56% of Permutation test rounds,  78.95% of Permutation tests (Core 13/15, passed_count 15)
  0.57% of Permutation test rounds,  78.95% of Permutation tests (Core 10/15, passed_count 15)
  0.58% of Permutation test rounds,  78.95% of Permutation tests (Core 9/15, passed_count 15)
  0.59% of Permutation test rounds,  78.95% of Permutation tests (Core 1/15, passed_count 15)
  0.60% of Permutation test rounds,  78.95% of Permutation tests (Core 14/15, passed_count 15)
  0.61% of Permutation test rounds,  78.95% of Permutation tests (Core 0/15, passed_count 15)
  0.62% of Permutation test rounds,  78.95% of Permutation tests (Core 6/15, passed_count 15)
  0.63% of Permutation test rounds,  78.95% of Permutation tests (Core 2/15, passed_count 15)
  0.64% of Permutation test rounds,  78.95% of Permutation tests (Core 4/15, passed_count 15)
  0.65% of Permutation test rounds,  78.95% of Permutation tests (Core 15/15, passed_count 15)
  0.66% of Permutation test rounds,  78.95% of Permutation tests (Core 8/15, passed_count 15)
  0.67% of Permutation test rounds,  78.95% of Permutation tests (Core 12/15, passed_count 15)
  0.68% of Permutation test rounds,  78.95% of Permutation tests (Core 5/15, passed_count 15)
  0.69% of Permutation test rounds,  78.95% of Permutation tests (Core 7/15, passed_count 15)
  0.70% of Permutation test rounds,  78.95% of Permutation tests (Core 11/15, passed_count 15)
  0.71% of Permutation test rounds,  78.95% of Permutation tests (Core 13/15, passed_count 15)
  0.72% of Permutation test rounds,  78.95% of Permutation tests (Core 3/15, passed_count 15)
  0.73% of Permutation test rounds,  78.95% of Permutation tests (Core 10/15, passed_count 15)
  0.74% of Permutation test rounds,  78.95% of Permutation tests (Core 9/15, passed_count 15)
  0.75% of Permutation test rounds,  78.95% of Permutation tests (Core 1/15, passed_count 15)
  0.76% of Permutation test rounds,  78.95% of Permutation tests (Core 14/15, passed_count 15)
  0.77% of Permutation test rounds,  78.95% of Permutation tests (Core 6/15, passed_count 15)
  0.78% of Permutation test rounds,  78.95% of Permutation tests (Core 12/15, passed_count 15)
  0.79% of Permutation test rounds,  78.95% of Permutation tests (Core 4/15, passed_count 15)
  0.80% of Permutation test rounds,  78.95% of Permutation tests (Core 0/15, passed_count 15)
  0.81% of Permutation test rounds,  78.95% of Permutation tests (Core 13/15, passed_count 15)
  0.82% of Permutation test rounds,  78.95% of Permutation tests (Core 2/15, passed_count 15)
  0.83% of Permutation test rounds,  78.95% of Permutation tests (Core 15/15, passed_count 15)
  0.84% of Permutation test rounds,  78.95% of Permutation tests (Core 8/15, passed_count 15)
  0.85% of Permutation test rounds,  78.95% of Permutation tests (Core 3/15, passed_count 15)
  0.86% of Permutation test rounds,  78.95% of Permutation tests (Core 7/15, passed_count 15)
  0.87% of Permutation test rounds,  78.95% of Permutation tests (Core 5/15, passed_count 15)
  0.88% of Permutation test rounds,  78.95% of Permutation tests (Core 10/15, passed_count 15)
  0.89% of Permutation test rounds,  78.95% of Permutation tests (Core 11/15, passed_count 15)
  0.90% of Permutation test rounds,  84.21% of Permutation tests (Core 9/15, passed_count 16)
  0.91% of Permutation test rounds,  84.21% of Permutation tests (Core 1/15, passed_count 16)
  0.92% of Permutation test rounds,  84.21% of Permutation tests (Core 14/15, passed_count 16)
  0.93% of Permutation test rounds,  84.21% of Permutation tests (Core 6/15, passed_count 16)
  0.94% of Permutation test rounds,  84.21% of Permutation tests (Core 13/15, passed_count 16)
  0.95% of Permutation test rounds,  84.21% of Permutation tests (Core 3/15, passed_count 16)
  0.96% of Permutation test rounds,  89.47% of Permutation tests (Core 0/15, passed_count 17)
  0.97% of Permutation test rounds,  89.47% of Permutation tests (Core 7/15, passed_count 17)
  0.98% of Permutation test rounds,  89.47% of Permutation tests (Core 12/15, passed_count 17)
  0.99% of Permutation test rounds,  89.47% of Permutation tests (Core 4/15, passed_count 17)
  1.00% of Permutation test rounds,  89.47% of Permutation tests (Core 10/15, passed_count 17)
  1.01% of Permutation test rounds,  89.47% of Permutation tests (Core 15/15, passed_count 17)
  1.02% of Permutation test rounds,  89.47% of Permutation tests (Core 2/15, passed_count 17)
  1.03% of Permutation test rounds,  89.47% of Permutation tests (Core 8/15, passed_count 17)
  1.04% of Permutation test rounds,  89.47% of Permutation tests (Core 5/15, passed_count 17)
  1.05% of Permutation test rounds,  89.47% of Permutation tests (Core 11/15, passed_count 17)
  1.06% of Permutation test rounds,  89.47% of Permutation tests (Core 1/15, passed_count 17)
  1.07% of Permutation test rounds,  89.47% of Permutation tests (Core 14/15, passed_count 17)
  1.08% of Permutation test rounds,  89.47% of Permutation tests (Core 6/15, passed_count 17)
  1.09% of Permutation test rounds,  89.47% of Permutation tests (Core 9/15, passed_count 17)
  1.10% of Permutation test rounds,  89.47% of Permutation tests (Core 3/15, passed_count 17)
  1.11% of Permutation test rounds,  89.47% of Permutation tests (Core 13/15, passed_count 17)
  1.12% of Permutation test rounds,  89.47% of Permutation tests (Core 0/15, passed_count 17)
  1.13% of Permutation test rounds,  89.47% of Permutation tests (Core 10/15, passed_count 17)
  1.14% of Permutation test rounds,  89.47% of Permutation tests (Core 15/15, passed_count 17)
  1.15% of Permutation test rounds,  89.47% of Permutation tests (Core 12/15, passed_count 17)
  1.16% of Permutation test rounds,  89.47% of Permutation tests (Core 7/15, passed_count 17)
  1.17% of Permutation test rounds,  89.47% of Permutation tests (Core 1/15, passed_count 17)
  1.18% of Permutation test rounds,  89.47% of Permutation tests (Core 4/15, passed_count 17)
  1.19% of Permutation test rounds,  89.47% of Permutation tests (Core 14/15, passed_count 17)
  1.20% of Permutation test rounds,  89.47% of Permutation tests (Core 2/15, passed_count 17)
  1.21% of Permutation test rounds,  89.47% of Permutation tests (Core 8/15, passed_count 17)
  1.22% of Permutation test rounds,  89.47% of Permutation tests (Core 6/15, passed_count 17)
  1.23% of Permutation test rounds,  89.47% of Permutation tests (Core 11/15, passed_count 17)
  1.24% of Permutation test rounds,  89.47% of Permutation tests (Core 5/15, passed_count 17)
  1.25% of Permutation test rounds,  89.47% of Permutation tests (Core 3/15, passed_count 17)
  1.26% of Permutation test rounds,  89.47% of Permutation tests (Core 10/15, passed_count 17)
  1.27% of Permutation test rounds,  89.47% of Permutation tests (Core 0/15, passed_count 17)
  1.28% of Permutation test rounds,  89.47% of Permutation tests (Core 9/15, passed_count 17)
  1.29% of Permutation test rounds,  89.47% of Permutation tests (Core 13/15, passed_count 17)
  1.30% of Permutation test rounds,  89.47% of Permutation tests (Core 12/15, passed_count 17)
  1.31% of Permutation test rounds,  89.47% of Permutation tests (Core 14/15, passed_count 17)
  1.32% of Permutation test rounds,  89.47% of Permutation tests (Core 15/15, passed_count 17)
  1.33% of Permutation test rounds,  89.47% of Permutation tests (Core 8/15, passed_count 17)
  1.34% of Permutation test rounds,  89.47% of Permutation tests (Core 1/15, passed_count 17)
  1.35% of Permutation test rounds,  89.47% of Permutation tests (Core 7/15, passed_count 17)
  1.36% of Permutation test rounds,  89.47% of Permutation tests (Core 6/15, passed_count 17)
  1.37% of Permutation test rounds,  89.47% of Permutation tests (Core 4/15, passed_count 17)
  1.38% of Permutation test rounds,  89.47% of Permutation tests (Core 2/15, passed_count 17)
  1.39% of Permutation test rounds,  89.47% of Permutation tests (Core 11/15, passed_count 17)
  1.40% of Permutation test rounds,  89.47% of Permutation tests (Core 3/15, passed_count 17)
  1.41% of Permutation test rounds,  89.47% of Permutation tests (Core 10/15, passed_count 17)
  1.42% of Permutation test rounds,  89.47% of Permutation tests (Core 9/15, passed_count 17)
  1.43% of Permutation test rounds,  89.47% of Permutation tests (Core 5/15, passed_count 17)
  1.44% of Permutation test rounds,  89.47% of Permutation tests (Core 0/15, passed_count 17)
  1.45% of Permutation test rounds,  89.47% of Permutation tests (Core 12/15, passed_count 17)
  1.46% of Permutation test rounds,  89.47% of Permutation tests (Core 13/15, passed_count 17)
  1.47% of Permutation test rounds,  89.47% of Permutation tests (Core 14/15, passed_count 17)
  1.48% of Permutation test rounds,  89.47% of Permutation tests (Core 1/15, passed_count 17)
  1.49% of Permutation test rounds,  89.47% of Permutation tests (Core 6/15, passed_count 17)
  1.50% of Permutation test rounds,  89.47% of Permutation tests (Core 8/15, passed_count 17)
  1.51% of Permutation test rounds,  89.47% of Permutation tests (Core 15/15, passed_count 17)
  1.52% of Permutation test rounds,  89.47% of Permutation tests (Core 2/15, passed_count 17)
  1.53% of Permutation test rounds,  89.47% of Permutation tests (Core 10/15, passed_count 17)
  1.54% of Permutation test rounds,  89.47% of Permutation tests (Core 7/15, passed_count 17)
  1.55% of Permutation test rounds,  89.47% of Permutation tests (Core 4/15, passed_count 17)
  1.56% of Permutation test rounds,  89.47% of Permutation tests (Core 3/15, passed_count 17)
  1.57% of Permutation test rounds,  89.47% of Permutation tests (Core 9/15, passed_count 17)
  1.58% of Permutation test rounds,  89.47% of Permutation tests (Core 11/15, passed_count 17)
  1.59% of Permutation test rounds,  89.47% of Permutation tests (Core 5/15, passed_count 17)
  1.60% of Permutation test rounds,  89.47% of Permutation tests (Core 12/15, passed_count 17)
  1.61% of Permutation test rounds,  89.47% of Permutation tests (Core 1/15, passed_count 17)
  1.62% of Permutation test rounds,  89.47% of Permutation tests (Core 8/15, passed_count 17)
  1.63% of Permutation test rounds,  89.47% of Permutation tests (Core 6/15, passed_count 17)
  1.64% of Permutation test rounds,  89.47% of Permutation tests (Core 14/15, passed_count 17)
  1.65% of Permutation test rounds,  89.47% of Permutation tests (Core 0/15, passed_count 17)
  1.66% of Permutation test rounds,  89.47% of Permutation tests (Core 10/15, passed_count 17)
  1.67% of Permutation test rounds,  89.47% of Permutation tests (Core 2/15, passed_count 17)
  1.68% of Permutation test rounds,  89.47% of Permutation tests (Core 15/15, passed_count 17)
  1.69% of Permutation test rounds,  89.47% of Permutation tests (Core 13/15, passed_count 17)
  1.70% of Permutation test rounds,  89.47% of Permutation tests (Core 3/15, passed_count 17)
  1.71% of Permutation test rounds,  89.47% of Permutation tests (Core 9/15, passed_count 17)
  1.72% of Permutation test rounds,  89.47% of Permutation tests (Core 7/15, passed_count 17)
  1.73% of Permutation test rounds,  89.47% of Permutation tests (Core 4/15, passed_count 17)
  1.74% of Permutation test rounds,  89.47% of Permutation tests (Core 12/15, passed_count 17)
  1.75% of Permutation test rounds,  89.47% of Permutation tests (Core 1/15, passed_count 17)
  1.76% of Permutation test rounds,  89.47% of Permutation tests (Core 8/15, passed_count 17)
  1.77% of Permutation test rounds,  89.47% of Permutation tests (Core 6/15, passed_count 17)
  1.78% of Permutation test rounds,  89.47% of Permutation tests (Core 14/15, passed_count 17)
  1.79% of Permutation test rounds,  89.47% of Permutation tests (Core 11/15, passed_count 17)
  1.80% of Permutation test rounds,  89.47% of Permutation tests (Core 10/15, passed_count 17)
  1.81% of Permutation test rounds,  89.47% of Permutation tests (Core 5/15, passed_count 17)
  1.82% of Permutation test rounds,  89.47% of Permutation tests (Core 0/15, passed_count 17)
  1.83% of Permutation test rounds,  89.47% of Permutation tests (Core 2/15, passed_count 17)
  1.84% of Permutation test rounds,  89.47% of Permutation tests (Core 3/15, passed_count 17)
  1.85% of Permutation test rounds,  89.47% of Permutation tests (Core 15/15, passed_count 17)
  1.86% of Permutation test rounds,  89.47% of Permutation tests (Core 9/15, passed_count 17)
  1.87% of Permutation test rounds,  89.47% of Permutation tests (Core 13/15, passed_count 17)
  1.88% of Permutation test rounds,  89.47% of Permutation tests (Core 12/15, passed_count 17)
  1.89% of Permutation test rounds,  89.47% of Permutation tests (Core 8/15, passed_count 17)
  1.90% of Permutation test rounds,  89.47% of Permutation tests (Core 1/15, passed_count 17)
  1.91% of Permutation test rounds,  89.47% of Permutation tests (Core 7/15, passed_count 17)
  1.92% of Permutation test rounds,  89.47% of Permutation tests (Core 6/15, passed_count 17)
  1.93% of Permutation test rounds,  89.47% of Permutation tests (Core 4/15, passed_count 17)
  1.94% of Permutation test rounds,  89.47% of Permutation tests (Core 14/15, passed_count 17)
  1.95% of Permutation test rounds,  89.47% of Permutation tests (Core 10/15, passed_count 17)
  1.96% of Permutation test rounds,  89.47% of Permutation tests (Core 11/15, passed_count 17)
  1.97% of Permutation test rounds,  89.47% of Permutation tests (Core 5/15, passed_count 17)
  1.98% of Permutation test rounds,  89.47% of Permutation tests (Core 0/15, passed_count 17)
  1.99% of Permutation test rounds,  89.47% of Permutation tests (Core 3/15, passed_count 17)
  2.00% of Permutation test rounds,  89.47% of Permutation tests (Core 2/15, passed_count 17)
  2.01% of Permutation test rounds,  89.47% of Permutation tests (Core 12/15, passed_count 17)
  2.02% of Permutation test rounds,  89.47% of Permutation tests (Core 15/15, passed_count 17)
  2.03% of Permutation test rounds,  89.47% of Permutation tests (Core 9/15, passed_count 17)
  2.04% of Permutation test rounds,  89.47% of Permutation tests (Core 1/15, passed_count 17)
  2.05% of Permutation test rounds,  89.47% of Permutation tests (Core 6/15, passed_count 17)
  2.06% of Permutation test rounds,  89.47% of Permutation tests (Core 13/15, passed_count 17)
  2.07% of Permutation test rounds,  89.47% of Permutation tests (Core 7/15, passed_count 17)
  2.08% of Permutation test rounds,  89.47% of Permutation tests (Core 14/15, passed_count 17)
  2.09% of Permutation test rounds,  89.47% of Permutation tests (Core 8/15, passed_count 17)
  2.10% of Permutation test rounds,  89.47% of Permutation tests (Core 10/15, passed_count 17)
  2.11% of Permutation test rounds,  89.47% of Permutation tests (Core 4/15, passed_count 17)
  2.12% of Permutation test rounds,  89.47% of Permutation tests (Core 11/15, passed_count 17)
  2.13% of Permutation test rounds,  89.47% of Permutation tests (Core 0/15, passed_count 17)
  2.14% of Permutation test rounds,  89.47% of Permutation tests (Core 3/15, passed_count 17)
  2.15% of Permutation test rounds,  89.47% of Permutation tests (Core 5/15, passed_count 17)
  2.16% of Permutation test rounds,  89.47% of Permutation tests (Core 12/15, passed_count 17)
  2.17% of Permutation test rounds,  89.47% of Permutation tests (Core 15/15, passed_count 17)
  2.18% of Permutation test rounds,  89.47% of Permutation tests (Core 1/15, passed_count 17)
  2.19% of Permutation test rounds,  89.47% of Permutation tests (Core 2/15, passed_count 17)
  2.20% of Permutation test rounds,  89.47% of Permutation tests (Core 14/15, passed_count 17)
  2.21% of Permutation test rounds,  89.47% of Permutation tests (Core 10/15, passed_count 17)
  2.22% of Permutation test rounds,  89.47% of Permutation tests (Core 4/15, passed_count 17)
  2.23% of Permutation test rounds,  89.47% of Permutation tests (Core 9/15, passed_count 17)
  2.24% of Permutation test rounds,  89.47% of Permutation tests (Core 8/15, passed_count 17)
  2.25% of Permutation test rounds,  89.47% of Permutation tests (Core 13/15, passed_count 17)
  2.26% of Permutation test rounds,  89.47% of Permutation tests (Core 6/15, passed_count 17)
  2.27% of Permutation test rounds,  89.47% of Permutation tests (Core 7/15, passed_count 17)
  2.28% of Permutation test rounds,  89.47% of Permutation tests (Core 0/15, passed_count 17)
  2.29% of Permutation test rounds,  89.47% of Permutation tests (Core 3/15, passed_count 17)
  2.30% of Permutation test rounds,  89.47% of Permutation tests (Core 5/15, passed_count 17)
  2.31% of Permutation test rounds,  89.47% of Permutation tests (Core 11/15, passed_count 17)
  2.32% of Permutation test rounds,  89.47% of Permutation tests (Core 1/15, passed_count 17)
  2.33% of Permutation test rounds,  89.47% of Permutation tests (Core 14/15, passed_count 17)
  2.34% of Permutation test rounds,  89.47% of Permutation tests (Core 12/15, passed_count 17)
  2.35% of Permutation test rounds,  89.47% of Permutation tests (Core 15/15, passed_count 17)
  2.36% of Permutation test rounds,  89.47% of Permutation tests (Core 10/15, passed_count 17)
  2.37% of Permutation test rounds,  89.47% of Permutation tests (Core 8/15, passed_count 17)
  2.38% of Permutation test rounds,  89.47% of Permutation tests (Core 7/15, passed_count 17)
  2.39% of Permutation test rounds,  89.47% of Permutation tests (Core 6/15, passed_count 17)
  2.40% of Permutation test rounds,  89.47% of Permutation tests (Core 2/15, passed_count 17)
  2.41% of Permutation test rounds,  89.47% of Permutation tests (Core 4/15, passed_count 17)
  2.42% of Permutation test rounds,  89.47% of Permutation tests (Core 9/15, passed_count 17)
  2.43% of Permutation test rounds,  89.47% of Permutation tests (Core 0/15, passed_count 17)
  2.44% of Permutation test rounds,  89.47% of Permutation tests (Core 13/15, passed_count 17)
  2.45% of Permutation test rounds,  89.47% of Permutation tests (Core 3/15, passed_count 17)
  2.46% of Permutation test rounds,  89.47% of Permutation tests (Core 5/15, passed_count 17)
  2.47% of Permutation test rounds,  89.47% of Permutation tests (Core 1/15, passed_count 17)
  2.48% of Permutation test rounds,  89.47% of Permutation tests (Core 14/15, passed_count 17)
  2.49% of Permutation test rounds,  89.47% of Permutation tests (Core 11/15, passed_count 17)
  2.50% of Permutation test rounds,  89.47% of Permutation tests (Core 10/15, passed_count 17)
  2.51% of Permutation test rounds,  89.47% of Permutation tests (Core 7/15, passed_count 17)
  2.52% of Permutation test rounds,  89.47% of Permutation tests (Core 2/15, passed_count 17)
  2.53% of Permutation test rounds,  89.47% of Permutation tests (Core 12/15, passed_count 17)
  2.54% of Permutation test rounds,  89.47% of Permutation tests (Core 15/15, passed_count 17)
  2.55% of Permutation test rounds,  89.47% of Permutation tests (Core 8/15, passed_count 17)
  2.56% of Permutation test rounds,  89.47% of Permutation tests (Core 6/15, passed_count 17)
  2.57% of Permutation test rounds,  89.47% of Permutation tests (Core 0/15, passed_count 17)
  2.58% of Permutation test rounds,  89.47% of Permutation tests (Core 3/15, passed_count 17)
  2.59% of Permutation test rounds,  89.47% of Permutation tests (Core 9/15, passed_count 17)
  2.60% of Permutation test rounds,  89.47% of Permutation tests (Core 4/15, passed_count 17)
  2.61% of Permutation test rounds,  89.47% of Permutation tests (Core 5/15, passed_count 17)
  2.62% of Permutation test rounds,  89.47% of Permutation tests (Core 13/15, passed_count 17)
  2.63% of Permutation test rounds,  89.47% of Permutation tests (Core 14/15, passed_count 17)
  2.64% of Permutation test rounds,  89.47% of Permutation tests (Core 1/15, passed_count 17)
  2.65% of Permutation test rounds,  89.47% of Permutation tests (Core 10/15, passed_count 17)
  2.66% of Permutation test rounds,  89.47% of Permutation tests (Core 11/15, passed_count 17)
  2.67% of Permutation test rounds,  89.47% of Permutation tests (Core 2/15, passed_count 17)
  2.68% of Permutation test rounds,  89.47% of Permutation tests (Core 12/15, passed_count 17)
  2.69% of Permutation test rounds,  89.47% of Permutation tests (Core 0/15, passed_count 17)
  2.70% of Permutation test rounds,  89.47% of Permutation tests (Core 7/15, passed_count 17)
  2.71% of Permutation test rounds,  89.47% of Permutation tests (Core 15/15, passed_count 17)
  2.72% of Permutation test rounds,  89.47% of Permutation tests (Core 3/15, passed_count 17)
  2.73% of Permutation test rounds,  89.47% of Permutation tests (Core 8/15, passed_count 17)
  2.74% of Permutation test rounds,  89.47% of Permutation tests (Core 5/15, passed_count 17)
  2.75% of Permutation test rounds,  89.47% of Permutation tests (Core 6/15, passed_count 17)
  2.76% of Permutation test rounds,  89.47% of Permutation tests (Core 9/15, passed_count 17)
  2.77% of Permutation test rounds,  89.47% of Permutation tests (Core 4/15, passed_count 17)
  2.78% of Permutation test rounds,  89.47% of Permutation tests (Core 14/15, passed_count 17)
  2.79% of Permutation test rounds,  89.47% of Permutation tests (Core 13/15, passed_count 17)
  2.80% of Permutation test rounds,  89.47% of Permutation tests (Core 10/15, passed_count 17)
  2.81% of Permutation test rounds,  89.47% of Permutation tests (Core 2/15, passed_count 17)
  2.82% of Permutation test rounds,  89.47% of Permutation tests (Core 1/15, passed_count 17)
  2.83% of Permutation test rounds,  89.47% of Permutation tests (Core 12/15, passed_count 17)
  2.84% of Permutation test rounds,  89.47% of Permutation tests (Core 0/15, passed_count 17)
  2.85% of Permutation test rounds,  89.47% of Permutation tests (Core 11/15, passed_count 17)
  2.86% of Permutation test rounds,  89.47% of Permutation tests (Core 8/15, passed_count 17)
  2.87% of Permutation test rounds,  89.47% of Permutation tests (Core 15/15, passed_count 17)
  2.88% of Permutation test rounds,  89.47% of Permutation tests (Core 5/15, passed_count 17)
  2.89% of Permutation test rounds,  89.47% of Permutation tests (Core 7/15, passed_count 17)
  2.90% of Permutation test rounds,  89.47% of Permutation tests (Core 3/15, passed_count 17)
  2.91% of Permutation test rounds,  89.47% of Permutation tests (Core 6/15, passed_count 17)
  2.92% of Permutation test rounds,  89.47% of Permutation tests (Core 14/15, passed_count 17)
  2.93% of Permutation test rounds,  89.47% of Permutation tests (Core 10/15, passed_count 17)
  2.94% of Permutation test rounds,  89.47% of Permutation tests (Core 9/15, passed_count 17)
  2.95% of Permutation test rounds,  89.47% of Permutation tests (Core 4/15, passed_count 17)
  2.96% of Permutation test rounds,  89.47% of Permutation tests (Core 13/15, passed_count 17)
  2.97% of Permutation test rounds,  89.47% of Permutation tests (Core 2/15, passed_count 17)
  2.98% of Permutation test rounds,  89.47% of Permutation tests (Core 12/15, passed_count 17)
  2.99% of Permutation test rounds,  89.47% of Permutation tests (Core 0/15, passed_count 17)
  3.00% of Permutation test rounds,  89.47% of Permutation tests (Core 1/15, passed_count 17)
  3.01% of Permutation test rounds,  89.47% of Permutation tests (Core 8/15, passed_count 17)
  3.02% of Permutation test rounds,  89.47% of Permutation tests (Core 5/15, passed_count 17)
  3.03% of Permutation test rounds,  89.47% of Permutation tests (Core 15/15, passed_count 17)
  3.04% of Permutation test rounds,  89.47% of Permutation tests (Core 3/15, passed_count 17)
  3.05% of Permutation test rounds,  89.47% of Permutation tests (Core 11/15, passed_count 17)
  3.06% of Permutation test rounds,  89.47% of Permutation tests (Core 7/15, passed_count 17)
  3.07% of Permutation test rounds,  89.47% of Permutation tests (Core 6/15, passed_count 17)
  3.08% of Permutation test rounds,  89.47% of Permutation tests (Core 14/15, passed_count 17)
  3.09% of Permutation test rounds,  89.47% of Permutation tests (Core 10/15, passed_count 17)
  3.10% of Permutation test rounds,  89.47% of Permutation tests (Core 4/15, passed_count 17)
  3.11% of Permutation test rounds,  89.47% of Permutation tests (Core 2/15, passed_count 17)
  3.12% of Permutation test rounds,  89.47% of Permutation tests (Core 12/15, passed_count 17)
  3.13% of Permutation test rounds,  89.47% of Permutation tests (Core 9/15, passed_count 17)
  3.14% of Permutation test rounds,  89.47% of Permutation tests (Core 0/15, passed_count 17)
  3.15% of Permutation test rounds,  89.47% of Permutation tests (Core 8/15, passed_count 17)
  3.16% of Permutation test rounds,  89.47% of Permutation tests (Core 13/15, passed_count 17)
  3.17% of Permutation test rounds,  89.47% of Permutation tests (Core 3/15, passed_count 17)
  3.18% of Permutation test rounds,  89.47% of Permutation tests (Core 1/15, passed_count 17)
  3.19% of Permutation test rounds,  89.47% of Permutation tests (Core 5/15, passed_count 17)
  3.20% of Permutation test rounds,  89.47% of Permutation tests (Core 14/15, passed_count 17)
  3.21% of Permutation test rounds,  89.47% of Permutation tests (Core 10/15, passed_count 17)
  3.22% of Permutation test rounds,  89.47% of Permutation tests (Core 6/15, passed_count 17)
  3.23% of Permutation test rounds,  89.47% of Permutation tests (Core 15/15, passed_count 17)
  3.24% of Permutation test rounds,  89.47% of Permutation tests (Core 11/15, passed_count 17)
  3.25% of Permutation test rounds,  89.47% of Permutation tests (Core 7/15, passed_count 17)
  3.26% of Permutation test rounds,  89.47% of Permutation tests (Core 12/15, passed_count 17)
  3.27% of Permutation test rounds,  89.47% of Permutation tests (Core 8/15, passed_count 17)
  3.28% of Permutation test rounds,  89.47% of Permutation tests (Core 4/15, passed_count 17)
  3.29% of Permutation test rounds,  89.47% of Permutation tests (Core 9/15, passed_count 17)
  3.30% of Permutation test rounds,  89.47% of Permutation tests (Core 0/15, passed_count 17)
  3.31% of Permutation test rounds,  94.74% of Permutation tests (Core 2/15, passed_count 18)
  3.32% of Permutation test rounds,  94.74% of Permutation tests (Core 0/15, passed_count 18)
  3.33% of Permutation test rounds,  94.74% of Permutation tests (Core 2/15, passed_count 18)
  3.34% of Permutation test rounds,  94.74% of Permutation tests (Core 0/15, passed_count 18)
  3.35% of Permutation test rounds,  94.74% of Permutation tests (Core 1/15, passed_count 18)
  3.36% of Permutation test rounds,  94.74% of Permutation tests (Core 2/15, passed_count 18)
  3.37% of Permutation test rounds,  94.74% of Permutation tests (Core 1/15, passed_count 18)
  3.38% of Permutation test rounds,  94.74% of Permutation tests (Core 3/15, passed_count 18)
  3.39% of Permutation test rounds,  94.74% of Permutation tests (Core 0/15, passed_count 18)
  3.40% of Permutation test rounds,  94.74% of Permutation tests (Core 2/15, passed_count 18)
  3.41% of Permutation test rounds,  94.74% of Permutation tests (Core 1/15, passed_count 18)
  3.42% of Permutation test rounds,  94.74% of Permutation tests (Core 3/15, passed_count 18)
  3.43% of Permutation test rounds,  94.74% of Permutation tests (Core 0/15, passed_count 18)
  3.44% of Permutation test rounds,  94.74% of Permutation tests (Core 2/15, passed_count 18)
  3.45% of Permutation test rounds,  94.74% of Permutation tests (Core 1/15, passed_count 18)
  3.46% of Permutation test rounds,  94.74% of Permutation tests (Core 13/15, passed_count 18)
  3.47% of Permutation test rounds,  94.74% of Permutation tests (Core 3/15, passed_count 18)
  3.48% of Permutation test rounds,  94.74% of Permutation tests (Core 0/15, passed_count 18)
  3.49% of Permutation test rounds,  94.74% of Permutation tests (Core 2/15, passed_count 18)
  3.50% of Permutation test rounds,  94.74% of Permutation tests (Core 1/15, passed_count 18)
  3.51% of Permutation test rounds,  94.74% of Permutation tests (Core 13/15, passed_count 18)
  3.52% of Permutation test rounds,  94.74% of Permutation tests (Core 3/15, passed_count 18)
  3.53% of Permutation test rounds,  94.74% of Permutation tests (Core 0/15, passed_count 18)
  3.54% of Permutation test rounds,  94.74% of Permutation tests (Core 10/15, passed_count 18)
  3.55% of Permutation test rounds,  94.74% of Permutation tests (Core 2/15, passed_count 18)
  3.56% of Permutation test rounds,  94.74% of Permutation tests (Core 1/15, passed_count 18)
  3.57% of Permutation test rounds,  94.74% of Permutation tests (Core 13/15, passed_count 18)
  3.58% of Permutation test rounds,  94.74% of Permutation tests (Core 14/15, passed_count 18)
  3.59% of Permutation test rounds,  94.74% of Permutation tests (Core 3/15, passed_count 18)
  3.60% of Permutation test rounds,  94.74% of Permutation tests (Core 5/15, passed_count 18)
  3.61% of Permutation test rounds,  94.74% of Permutation tests (Core 0/15, passed_count 18)
  3.62% of Permutation test rounds,  94.74% of Permutation tests (Core 10/15, passed_count 18)
  3.63% of Permutation test rounds,  94.74% of Permutation tests (Core 2/15, passed_count 18)
  3.64% of Permutation test rounds,  94.74% of Permutation tests (Core 6/15, passed_count 18)
  3.65% of Permutation test rounds,  94.74% of Permutation tests (Core 1/15, passed_count 18)
  3.66% of Permutation test rounds,  94.74% of Permutation tests (Core 13/15, passed_count 18)
  3.67% of Permutation test rounds,  94.74% of Permutation tests (Core 14/15, passed_count 18)
  3.68% of Permutation test rounds,  94.74% of Permutation tests (Core 3/15, passed_count 18)
  3.69% of Permutation test rounds,  94.74% of Permutation tests (Core 5/15, passed_count 18)
  3.70% of Permutation test rounds,  94.74% of Permutation tests (Core 0/15, passed_count 18)
  3.71% of Permutation test rounds,  94.74% of Permutation tests (Core 10/15, passed_count 18)
  3.72% of Permutation test rounds,  94.74% of Permutation tests (Core 2/15, passed_count 18)
  3.73% of Permutation test rounds,  94.74% of Permutation tests (Core 6/15, passed_count 18)
  3.74% of Permutation test rounds,  94.74% of Permutation tests (Core 7/15, passed_count 18)
  3.75% of Permutation test rounds,  94.74% of Permutation tests (Core 1/15, passed_count 18)
  3.76% of Permutation test rounds,  94.74% of Permutation tests (Core 11/15, passed_count 18)
  3.77% of Permutation test rounds,  94.74% of Permutation tests (Core 13/15, passed_count 18)
  3.78% of Permutation test rounds,  94.74% of Permutation tests (Core 14/15, passed_count 18)
  3.79% of Permutation test rounds,  94.74% of Permutation tests (Core 3/15, passed_count 18)
  3.80% of Permutation test rounds,  94.74% of Permutation tests (Core 15/15, passed_count 18)
  3.81% of Permutation test rounds,  94.74% of Permutation tests (Core 5/15, passed_count 18)
  3.82% of Permutation test rounds,  94.74% of Permutation tests (Core 0/15, passed_count 18)
  3.83% of Permutation test rounds,  94.74% of Permutation tests (Core 8/15, passed_count 18)
  3.84% of Permutation test rounds,  94.74% of Permutation tests (Core 10/15, passed_count 18)
  3.85% of Permutation test rounds,  94.74% of Permutation tests (Core 12/15, passed_count 18)
  3.86% of Permutation test rounds,  94.74% of Permutation tests (Core 2/15, passed_count 18)
  3.87% of Permutation test rounds,  94.74% of Permutation tests (Core 6/15, passed_count 18)
  3.88% of Permutation test rounds,  94.74% of Permutation tests (Core 7/15, passed_count 18)
  3.89% of Permutation test rounds,  94.74% of Permutation tests (Core 1/15, passed_count 18)
  3.90% of Permutation test rounds,  94.74% of Permutation tests (Core 11/15, passed_count 18)
  3.91% of Permutation test rounds,  94.74% of Permutation tests (Core 13/15, passed_count 18)
  3.92% of Permutation test rounds,  94.74% of Permutation tests (Core 14/15, passed_count 18)
  3.93% of Permutation test rounds,  94.74% of Permutation tests (Core 3/15, passed_count 18)
  3.94% of Permutation test rounds,  94.74% of Permutation tests (Core 9/15, passed_count 18)
  3.95% of Permutation test rounds,  94.74% of Permutation tests (Core 15/15, passed_count 18)
  3.96% of Permutation test rounds,  94.74% of Permutation tests (Core 5/15, passed_count 18)
  3.97% of Permutation test rounds,  94.74% of Permutation tests (Core 0/15, passed_count 18)
  3.98% of Permutation test rounds,  94.74% of Permutation tests (Core 8/15, passed_count 18)
  3.99% of Permutation test rounds,  94.74% of Permutation tests (Core 10/15, passed_count 18)
  4.00% of Permutation test rounds,  94.74% of Permutation tests (Core 12/15, passed_count 18)
  4.01% of Permutation test rounds,  94.74% of Permutation tests (Core 2/15, passed_count 18)
  4.02% of Permutation test rounds,  94.74% of Permutation tests (Core 6/15, passed_count 18)
  4.03% of Permutation test rounds,  94.74% of Permutation tests (Core 7/15, passed_count 18)
  4.04% of Permutation test rounds,  94.74% of Permutation tests (Core 1/15, passed_count 18)
  4.05% of Permutation test rounds,  94.74% of Permutation tests (Core 11/15, passed_count 18)
  4.06% of Permutation test rounds,  94.74% of Permutation tests (Core 13/15, passed_count 18)
  4.07% of Permutation test rounds,  94.74% of Permutation tests (Core 14/15, passed_count 18)
  4.08% of Permutation test rounds,  94.74% of Permutation tests (Core 3/15, passed_count 18)
  4.09% of Permutation test rounds,  94.74% of Permutation tests (Core 4/15, passed_count 18)
  4.10% of Permutation test rounds,  94.74% of Permutation tests (Core 9/15, passed_count 18)
  4.11% of Permutation test rounds,  94.74% of Permutation tests (Core 15/15, passed_count 18)
  4.12% of Permutation test rounds,  94.74% of Permutation tests (Core 5/15, passed_count 18)
  4.13% of Permutation test rounds,  94.74% of Permutation tests (Core 0/15, passed_count 18)
  4.14% of Permutation test rounds,  94.74% of Permutation tests (Core 8/15, passed_count 18)
  4.15% of Permutation test rounds,  94.74% of Permutation tests (Core 10/15, passed_count 18)
  4.16% of Permutation test rounds,  94.74% of Permutation tests (Core 12/15, passed_count 18)
  4.17% of Permutation test rounds,  94.74% of Permutation tests (Core 2/15, passed_count 18)
  4.18% of Permutation test rounds,  94.74% of Permutation tests (Core 6/15, passed_count 18)
  4.19% of Permutation test rounds,  94.74% of Permutation tests (Core 7/15, passed_count 18)
  4.20% of Permutation test rounds,  94.74% of Permutation tests (Core 1/15, passed_count 18)
  4.21% of Permutation test rounds,  94.74% of Permutation tests (Core 11/15, passed_count 18)
  4.22% of Permutation test rounds,  94.74% of Permutation tests (Core 13/15, passed_count 18)
  4.23% of Permutation test rounds,  94.74% of Permutation tests (Core 14/15, passed_count 18)
  4.24% of Permutation test rounds,  94.74% of Permutation tests (Core 3/15, passed_count 18)
  4.25% of Permutation test rounds,  94.74% of Permutation tests (Core 4/15, passed_count 18)
  4.26% of Permutation test rounds,  94.74% of Permutation tests (Core 9/15, passed_count 18)
  4.27% of Permutation test rounds,  94.74% of Permutation tests (Core 15/15, passed_count 18)
  4.28% of Permutation test rounds,  94.74% of Permutation tests (Core 5/15, passed_count 18)
  4.29% of Permutation test rounds,  94.74% of Permutation tests (Core 0/15, passed_count 18)
  4.30% of Permutation test rounds,  94.74% of Permutation tests (Core 8/15, passed_count 18)
  4.31% of Permutation test rounds,  94.74% of Permutation tests (Core 10/15, passed_count 18)
  4.32% of Permutation test rounds,  94.74% of Permutation tests (Core 12/15, passed_count 18)
  4.33% of Permutation test rounds,  94.74% of Permutation tests (Core 2/15, passed_count 18)
  4.34% of Permutation test rounds,  94.74% of Permutation tests (Core 6/15, passed_count 18)
  4.35% of Permutation test rounds,  94.74% of Permutation tests (Core 7/15, passed_count 18)
  4.36% of Permutation test rounds,  94.74% of Permutation tests (Core 1/15, passed_count 18)
  4.37% of Permutation test rounds,  94.74% of Permutation tests (Core 11/15, passed_count 18)
  4.38% of Permutation test rounds,  94.74% of Permutation tests (Core 13/15, passed_count 18)
  4.39% of Permutation test rounds,  94.74% of Permutation tests (Core 14/15, passed_count 18)
  4.40% of Permutation test rounds,  94.74% of Permutation tests (Core 3/15, passed_count 18)
  4.41% of Permutation test rounds,  94.74% of Permutation tests (Core 4/15, passed_count 18)
  4.42% of Permutation test rounds,  94.74% of Permutation tests (Core 9/15, passed_count 18)
  4.43% of Permutation test rounds,  94.74% of Permutation tests (Core 15/15, passed_count 18)
  4.44% of Permutation test rounds,  94.74% of Permutation tests (Core 5/15, passed_count 18)
  4.45% of Permutation test rounds,  94.74% of Permutation tests (Core 0/15, passed_count 18)
  4.46% of Permutation test rounds,  94.74% of Permutation tests (Core 8/15, passed_count 18)
  4.47% of Permutation test rounds,  94.74% of Permutation tests (Core 10/15, passed_count 18)
  4.48% of Permutation test rounds,  94.74% of Permutation tests (Core 12/15, passed_count 18)
  4.49% of Permutation test rounds,  94.74% of Permutation tests (Core 2/15, passed_count 18)
  4.50% of Permutation test rounds,  94.74% of Permutation tests (Core 6/15, passed_count 18)
  4.51% of Permutation test rounds,  94.74% of Permutation tests (Core 7/15, passed_count 18)
  4.52% of Permutation test rounds,  94.74% of Permutation tests (Core 1/15, passed_count 18)
  4.53% of Permutation test rounds,  94.74% of Permutation tests (Core 11/15, passed_count 18)
  4.54% of Permutation test rounds,  94.74% of Permutation tests (Core 13/15, passed_count 18)
  4.55% of Permutation test rounds,  94.74% of Permutation tests (Core 14/15, passed_count 18)
  4.56% of Permutation test rounds,  94.74% of Permutation tests (Core 3/15, passed_count 18)
  4.57% of Permutation test rounds,  94.74% of Permutation tests (Core 4/15, passed_count 18)
  4.58% of Permutation test rounds,  94.74% of Permutation tests (Core 9/15, passed_count 18)
  4.59% of Permutation test rounds,  94.74% of Permutation tests (Core 15/15, passed_count 18)
  4.60% of Permutation test rounds,  94.74% of Permutation tests (Core 5/15, passed_count 18)
  4.61% of Permutation test rounds,  94.74% of Permutation tests (Core 0/15, passed_count 18)
  4.62% of Permutation test rounds,  94.74% of Permutation tests (Core 8/15, passed_count 18)
  4.63% of Permutation test rounds,  94.74% of Permutation tests (Core 10/15, passed_count 18)
  4.64% of Permutation test rounds,  94.74% of Permutation tests (Core 12/15, passed_count 18)
  4.65% of Permutation test rounds,  94.74% of Permutation tests (Core 2/15, passed_count 18)
  4.66% of Permutation test rounds,  94.74% of Permutation tests (Core 6/15, passed_count 18)
  4.67% of Permutation test rounds,  94.74% of Permutation tests (Core 7/15, passed_count 18)
  4.68% of Permutation test rounds,  94.74% of Permutation tests (Core 1/15, passed_count 18)
  4.69% of Permutation test rounds,  94.74% of Permutation tests (Core 11/15, passed_count 18)
  4.70% of Permutation test rounds,  94.74% of Permutation tests (Core 13/15, passed_count 18)
  4.71% of Permutation test rounds,  94.74% of Permutation tests (Core 14/15, passed_count 18)
  4.72% of Permutation test rounds,  94.74% of Permutation tests (Core 3/15, passed_count 18)
  4.73% of Permutation test rounds,  94.74% of Permutation tests (Core 4/15, passed_count 18)
  4.74% of Permutation test rounds,  94.74% of Permutation tests (Core 9/15, passed_count 18)
  4.75% of Permutation test rounds,  94.74% of Permutation tests (Core 15/15, passed_count 18)
  4.76% of Permutation test rounds,  94.74% of Permutation tests (Core 5/15, passed_count 18)
  4.77% of Permutation test rounds,  94.74% of Permutation tests (Core 0/15, passed_count 18)
  4.78% of Permutation test rounds,  94.74% of Permutation tests (Core 8/15, passed_count 18)
  4.79% of Permutation test rounds,  94.74% of Permutation tests (Core 10/15, passed_count 18)
  4.80% of Permutation test rounds,  94.74% of Permutation tests (Core 12/15, passed_count 18)
  4.81% of Permutation test rounds,  94.74% of Permutation tests (Core 2/15, passed_count 18)
  4.82% of Permutation test rounds,  94.74% of Permutation tests (Core 6/15, passed_count 18)
  4.83% of Permutation test rounds,  94.74% of Permutation tests (Core 7/15, passed_count 18)
  4.84% of Permutation test rounds,  94.74% of Permutation tests (Core 1/15, passed_count 18)
  4.85% of Permutation test rounds,  94.74% of Permutation tests (Core 11/15, passed_count 18)
  4.86% of Permutation test rounds,  94.74% of Permutation tests (Core 13/15, passed_count 18)
  4.87% of Permutation test rounds,  94.74% of Permutation tests (Core 14/15, passed_count 18)
  4.88% of Permutation test rounds,  94.74% of Permutation tests (Core 3/15, passed_count 18)
  4.89% of Permutation test rounds,  94.74% of Permutation tests (Core 4/15, passed_count 18)
  4.90% of Permutation test rounds,  94.74% of Permutation tests (Core 9/15, passed_count 18)
  4.91% of Permutation test rounds,  94.74% of Permutation tests (Core 15/15, passed_count 18)
  4.92% of Permutation test rounds,  94.74% of Permutation tests (Core 5/15, passed_count 18)
  4.93% of Permutation test rounds,  94.74% of Permutation tests (Core 0/15, passed_count 18)
  4.94% of Permutation test rounds,  94.74% of Permutation tests (Core 8/15, passed_count 18)
  4.95% of Permutation test rounds,  94.74% of Permutation tests (Core 10/15, passed_count 18)
  4.96% of Permutation test rounds,  94.74% of Permutation tests (Core 12/15, passed_count 18)
  4.97% of Permutation test rounds,  94.74% of Permutation tests (Core 2/15, passed_count 18)
  4.98% of Permutation test rounds,  94.74% of Permutation tests (Core 6/15, passed_count 18)
  4.99% of Permutation test rounds,  94.74% of Permutation tests (Core 7/15, passed_count 18)
  5.00% of Permutation test rounds,  94.74% of Permutation tests (Core 1/15, passed_count 18)
  5.01% of Permutation test rounds,  94.74% of Permutation tests (Core 11/15, passed_count 18)
  5.02% of Permutation test rounds,  94.74% of Permutation tests (Core 13/15, passed_count 18)
  5.03% of Permutation test rounds,  94.74% of Permutation tests (Core 14/15, passed_count 18)
  5.04% of Permutation test rounds,  94.74% of Permutation tests (Core 3/15, passed_count 18)
  5.05% of Permutation test rounds,  94.74% of Permutation tests (Core 4/15, passed_count 18)
  5.06% of Permutation test rounds,  94.74% of Permutation tests (Core 9/15, passed_count 18)
  5.07% of Permutation test rounds,  94.74% of Permutation tests (Core 15/15, passed_count 18)
  5.08% of Permutation test rounds,  94.74% of Permutation tests (Core 5/15, passed_count 18)
  5.09% of Permutation test rounds,  94.74% of Permutation tests (Core 0/15, passed_count 18)
  5.10% of Permutation test rounds,  94.74% of Permutation tests (Core 8/15, passed_count 18)
  5.11% of Permutation test rounds,  94.74% of Permutation tests (Core 10/15, passed_count 18)
  5.12% of Permutation test rounds,  94.74% of Permutation tests (Core 12/15, passed_count 18)
  5.13% of Permutation test rounds,  94.74% of Permutation tests (Core 2/15, passed_count 18)
  5.14% of Permutation test rounds,  94.74% of Permutation tests (Core 6/15, passed_count 18)
  5.15% of Permutation test rounds,  94.74% of Permutation tests (Core 7/15, passed_count 18)
  5.16% of Permutation test rounds,  94.74% of Permutation tests (Core 1/15, passed_count 18)
  5.17% of Permutation test rounds,  94.74% of Permutation tests (Core 11/15, passed_count 18)
  5.18% of Permutation test rounds,  94.74% of Permutation tests (Core 13/15, passed_count 18)
  5.19% of Permutation test rounds,  94.74% of Permutation tests (Core 14/15, passed_count 18)
  5.20% of Permutation test rounds,  94.74% of Permutation tests (Core 3/15, passed_count 18)
  5.21% of Permutation test rounds,  94.74% of Permutation tests (Core 4/15, passed_count 18)
  5.22% of Permutation test rounds,  94.74% of Permutation tests (Core 9/15, passed_count 18)
  5.23% of Permutation test rounds,  94.74% of Permutation tests (Core 15/15, passed_count 18)
  5.24% of Permutation test rounds,  94.74% of Permutation tests (Core 5/15, passed_count 18)
  5.25% of Permutation test rounds,  94.74% of Permutation tests (Core 0/15, passed_count 18)
  5.26% of Permutation test rounds,  94.74% of Permutation tests (Core 8/15, passed_count 18)
  5.27% of Permutation test rounds,  94.74% of Permutation tests (Core 10/15, passed_count 18)
  5.28% of Permutation test rounds,  94.74% of Permutation tests (Core 12/15, passed_count 18)
  5.29% of Permutation test rounds,  94.74% of Permutation tests (Core 2/15, passed_count 18)
  5.30% of Permutation test rounds,  94.74% of Permutation tests (Core 6/15, passed_count 18)
  5.31% of Permutation test rounds,  94.74% of Permutation tests (Core 7/15, passed_count 18)
  5.32% of Permutation test rounds,  94.74% of Permutation tests (Core 1/15, passed_count 18)
  5.33% of Permutation test rounds,  94.74% of Permutation tests (Core 11/15, passed_count 18)
  5.34% of Permutation test rounds,  94.74% of Permutation tests (Core 13/15, passed_count 18)
  5.35% of Permutation test rounds,  94.74% of Permutation tests (Core 14/15, passed_count 18)
  5.36% of Permutation test rounds,  94.74% of Permutation tests (Core 3/15, passed_count 18)
  5.37% of Permutation test rounds,  94.74% of Permutation tests (Core 4/15, passed_count 18)
  5.38% of Permutation test rounds,  94.74% of Permutation tests (Core 9/15, passed_count 18)
  5.39% of Permutation test rounds,  94.74% of Permutation tests (Core 15/15, passed_count 18)
  5.40% of Permutation test rounds,  94.74% of Permutation tests (Core 5/15, passed_count 18)
  5.41% of Permutation test rounds,  94.74% of Permutation tests (Core 0/15, passed_count 18)
  5.42% of Permutation test rounds,  94.74% of Permutation tests (Core 8/15, passed_count 18)
  5.43% of Permutation test rounds,  94.74% of Permutation tests (Core 10/15, passed_count 18)
  5.44% of Permutation test rounds,  94.74% of Permutation tests (Core 12/15, passed_count 18)
  5.45% of Permutation test rounds,  94.74% of Permutation tests (Core 2/15, passed_count 18)
  5.46% of Permutation test rounds,  94.74% of Permutation tests (Core 6/15, passed_count 18)
  5.47% of Permutation test rounds,  94.74% of Permutation tests (Core 7/15, passed_count 18)
  5.48% of Permutation test rounds,  94.74% of Permutation tests (Core 1/15, passed_count 18)
  5.49% of Permutation test rounds,  94.74% of Permutation tests (Core 11/15, passed_count 18)
  5.50% of Permutation test rounds,  94.74% of Permutation tests (Core 13/15, passed_count 18)
  5.51% of Permutation test rounds,  94.74% of Permutation tests (Core 14/15, passed_count 18)
  5.52% of Permutation test rounds,  94.74% of Permutation tests (Core 3/15, passed_count 18)
  5.53% of Permutation test rounds,  94.74% of Permutation tests (Core 4/15, passed_count 18)
  5.54% of Permutation test rounds,  94.74% of Permutation tests (Core 9/15, passed_count 18)
  5.55% of Permutation test rounds,  94.74% of Permutation tests (Core 15/15, passed_count 18)
  5.56% of Permutation test rounds,  94.74% of Permutation tests (Core 5/15, passed_count 18)
  5.57% of Permutation test rounds,  94.74% of Permutation tests (Core 0/15, passed_count 18)
  5.58% of Permutation test rounds,  94.74% of Permutation tests (Core 8/15, passed_count 18)
  5.59% of Permutation test rounds,  94.74% of Permutation tests (Core 10/15, passed_count 18)
  5.60% of Permutation test rounds,  94.74% of Permutation tests (Core 12/15, passed_count 18)
  5.61% of Permutation test rounds,  94.74% of Permutation tests (Core 2/15, passed_count 18)
  5.62% of Permutation test rounds,  94.74% of Permutation tests (Core 6/15, passed_count 18)
  5.63% of Permutation test rounds,  94.74% of Permutation tests (Core 7/15, passed_count 18)
  5.64% of Permutation test rounds,  94.74% of Permutation tests (Core 1/15, passed_count 18)
  5.65% of Permutation test rounds,  94.74% of Permutation tests (Core 11/15, passed_count 18)
  5.66% of Permutation test rounds,  94.74% of Permutation tests (Core 13/15, passed_count 18)
  5.67% of Permutation test rounds,  94.74% of Permutation tests (Core 14/15, passed_count 18)
  5.68% of Permutation test rounds,  94.74% of Permutation tests (Core 3/15, passed_count 18)
  5.69% of Permutation test rounds,  94.74% of Permutation tests (Core 4/15, passed_count 18)
  5.70% of Permutation test rounds,  94.74% of Permutation tests (Core 9/15, passed_count 18)
  5.71% of Permutation test rounds,  94.74% of Permutation tests (Core 15/15, passed_count 18)
  5.72% of Permutation test rounds,  94.74% of Permutation tests (Core 5/15, passed_count 18)
  5.73% of Permutation test rounds,  94.74% of Permutation tests (Core 0/15, passed_count 18)
  5.74% of Permutation test rounds,  94.74% of Permutation tests (Core 8/15, passed_count 18)
  5.75% of Permutation test rounds,  94.74% of Permutation tests (Core 10/15, passed_count 18)
  5.76% of Permutation test rounds,  94.74% of Permutation tests (Core 12/15, passed_count 18)
  5.77% of Permutation test rounds,  94.74% of Permutation tests (Core 2/15, passed_count 18)
  5.78% of Permutation test rounds,  94.74% of Permutation tests (Core 6/15, passed_count 18)
  5.79% of Permutation test rounds,  94.74% of Permutation tests (Core 7/15, passed_count 18)
  5.80% of Permutation test rounds,  94.74% of Permutation tests (Core 1/15, passed_count 18)
  5.81% of Permutation test rounds,  94.74% of Permutation tests (Core 11/15, passed_count 18)
  5.82% of Permutation test rounds,  94.74% of Permutation tests (Core 13/15, passed_count 18)
  5.83% of Permutation test rounds,  94.74% of Permutation tests (Core 14/15, passed_count 18)
  5.84% of Permutation test rounds,  94.74% of Permutation tests (Core 3/15, passed_count 18)
  5.85% of Permutation test rounds,  94.74% of Permutation tests (Core 4/15, passed_count 18)
  5.86% of Permutation test rounds,  94.74% of Permutation tests (Core 9/15, passed_count 18)
  5.87% of Permutation test rounds,  94.74% of Permutation tests (Core 15/15, passed_count 18)
  5.88% of Permutation test rounds,  94.74% of Permutation tests (Core 5/15, passed_count 18)
  5.89% of Permutation test rounds,  94.74% of Permutation tests (Core 0/15, passed_count 18)
  5.90% of Permutation test rounds,  94.74% of Permutation tests (Core 8/15, passed_count 18)
  5.91% of Permutation test rounds,  94.74% of Permutation tests (Core 10/15, passed_count 18)
  5.92% of Permutation test rounds,  94.74% of Permutation tests (Core 12/15, passed_count 18)
  5.93% of Permutation test rounds,  94.74% of Permutation tests (Core 2/15, passed_count 18)
  5.94% of Permutation test rounds,  94.74% of Permutation tests (Core 6/15, passed_count 18)
  5.95% of Permutation test rounds,  94.74% of Permutation tests (Core 7/15, passed_count 18)
  5.96% of Permutation test rounds,  94.74% of Permutation tests (Core 1/15, passed_count 18)
  5.97% of Permutation test rounds,  94.74% of Permutation tests (Core 11/15, passed_count 18)
  5.98% of Permutation test rounds,  94.74% of Permutation tests (Core 13/15, passed_count 18)
  5.99% of Permutation test rounds,  94.74% of Permutation tests (Core 14/15, passed_count 18)
  6.00% of Permutation test rounds,  94.74% of Permutation tests (Core 3/15, passed_count 18)
  6.01% of Permutation test rounds,  94.74% of Permutation tests (Core 4/15, passed_count 18)
  6.02% of Permutation test rounds,  94.74% of Permutation tests (Core 9/15, passed_count 18)
  6.03% of Permutation test rounds,  94.74% of Permutation tests (Core 15/15, passed_count 18)
  6.04% of Permutation test rounds,  94.74% of Permutation tests (Core 5/15, passed_count 18)
  6.05% of Permutation test rounds,  94.74% of Permutation tests (Core 0/15, passed_count 18)
  6.06% of Permutation test rounds,  94.74% of Permutation tests (Core 8/15, passed_count 18)
  6.07% of Permutation test rounds,  94.74% of Permutation tests (Core 10/15, passed_count 18)
  6.08% of Permutation test rounds,  94.74% of Permutation tests (Core 12/15, passed_count 18)
  6.09% of Permutation test rounds,  94.74% of Permutation tests (Core 2/15, passed_count 18)
  6.10% of Permutation test rounds,  94.74% of Permutation tests (Core 6/15, passed_count 18)
  6.11% of Permutation test rounds,  94.74% of Permutation tests (Core 7/15, passed_count 18)
  6.12% of Permutation test rounds,  94.74% of Permutation tests (Core 1/15, passed_count 18)
  6.13% of Permutation test rounds,  94.74% of Permutation tests (Core 11/15, passed_count 18)
  6.14% of Permutation test rounds,  94.74% of Permutation tests (Core 13/15, passed_count 18)
  6.15% of Permutation test rounds,  94.74% of Permutation tests (Core 14/15, passed_count 18)
  6.16% of Permutation test rounds,  94.74% of Permutation tests (Core 3/15, passed_count 18)
  6.17% of Permutation test rounds,  94.74% of Permutation tests (Core 4/15, passed_count 18)
  6.18% of Permutation test rounds,  94.74% of Permutation tests (Core 9/15, passed_count 18)
  6.19% of Permutation test rounds,  94.74% of Permutation tests (Core 15/15, passed_count 18)
  6.20% of Permutation test rounds,  94.74% of Permutation tests (Core 5/15, passed_count 18)
  6.21% of Permutation test rounds,  94.74% of Permutation tests (Core 0/15, passed_count 18)
  6.22% of Permutation test rounds,  94.74% of Permutation tests (Core 8/15, passed_count 18)
  6.23% of Permutation test rounds,  94.74% of Permutation tests (Core 10/15, passed_count 18)
  6.24% of Permutation test rounds,  94.74% of Permutation tests (Core 12/15, passed_count 18)
  6.25% of Permutation test rounds,  94.74% of Permutation tests (Core 2/15, passed_count 18)
  6.26% of Permutation test rounds,  94.74% of Permutation tests (Core 6/15, passed_count 18)
  6.27% of Permutation test rounds,  94.74% of Permutation tests (Core 7/15, passed_count 18)
  6.28% of Permutation test rounds,  94.74% of Permutation tests (Core 1/15, passed_count 18)
  6.29% of Permutation test rounds,  94.74% of Permutation tests (Core 11/15, passed_count 18)
  6.30% of Permutation test rounds,  94.74% of Permutation tests (Core 13/15, passed_count 18)
  6.31% of Permutation test rounds,  94.74% of Permutation tests (Core 14/15, passed_count 18)
  6.32% of Permutation test rounds,  94.74% of Permutation tests (Core 3/15, passed_count 18)
  6.33% of Permutation test rounds,  94.74% of Permutation tests (Core 4/15, passed_count 18)
  6.34% of Permutation test rounds,  94.74% of Permutation tests (Core 9/15, passed_count 18)
  6.35% of Permutation test rounds,  94.74% of Permutation tests (Core 15/15, passed_count 18)
  6.36% of Permutation test rounds,  94.74% of Permutation tests (Core 5/15, passed_count 18)
  6.37% of Permutation test rounds,  94.74% of Permutation tests (Core 0/15, passed_count 18)
  6.38% of Permutation test rounds,  94.74% of Permutation tests (Core 8/15, passed_count 18)
  6.39% of Permutation test rounds,  94.74% of Permutation tests (Core 10/15, passed_count 18)
  6.40% of Permutation test rounds,  94.74% of Permutation tests (Core 12/15, passed_count 18)
  6.41% of Permutation test rounds,  94.74% of Permutation tests (Core 2/15, passed_count 18)
  6.42% of Permutation test rounds,  94.74% of Permutation tests (Core 6/15, passed_count 18)
  6.43% of Permutation test rounds,  94.74% of Permutation tests (Core 7/15, passed_count 18)
  6.44% of Permutation test rounds,  94.74% of Permutation tests (Core 1/15, passed_count 18)
  6.45% of Permutation test rounds,  94.74% of Permutation tests (Core 11/15, passed_count 18)
  6.46% of Permutation test rounds,  94.74% of Permutation tests (Core 13/15, passed_count 18)
  6.47% of Permutation test rounds,  94.74% of Permutation tests (Core 14/15, passed_count 18)
  6.48% of Permutation test rounds,  94.74% of Permutation tests (Core 3/15, passed_count 18)
  6.49% of Permutation test rounds,  94.74% of Permutation tests (Core 4/15, passed_count 18)
  6.50% of Permutation test rounds,  94.74% of Permutation tests (Core 9/15, passed_count 18)
  6.51% of Permutation test rounds,  94.74% of Permutation tests (Core 15/15, passed_count 18)
  6.52% of Permutation test rounds,  94.74% of Permutation tests (Core 5/15, passed_count 18)
  6.53% of Permutation test rounds,  94.74% of Permutation tests (Core 0/15, passed_count 18)
  6.54% of Permutation test rounds,  94.74% of Permutation tests (Core 8/15, passed_count 18)
  6.55% of Permutation test rounds,  94.74% of Permutation tests (Core 10/15, passed_count 18)
  6.56% of Permutation test rounds,  94.74% of Permutation tests (Core 12/15, passed_count 18)
  6.57% of Permutation test rounds,  94.74% of Permutation tests (Core 2/15, passed_count 18)
  6.58% of Permutation test rounds,  94.74% of Permutation tests (Core 6/15, passed_count 18)
  6.59% of Permutation test rounds,  94.74% of Permutation tests (Core 7/15, passed_count 18)
  6.60% of Permutation test rounds,  94.74% of Permutation tests (Core 1/15, passed_count 18)
  6.61% of Permutation test rounds,  94.74% of Permutation tests (Core 11/15, passed_count 18)
  6.62% of Permutation test rounds,  94.74% of Permutation tests (Core 13/15, passed_count 18)
  6.63% of Permutation test rounds,  94.74% of Permutation tests (Core 14/15, passed_count 18)
  6.64% of Permutation test rounds,  94.74% of Permutation tests (Core 3/15, passed_count 18)
  6.65% of Permutation test rounds,  94.74% of Permutation tests (Core 4/15, passed_count 18)
  6.66% of Permutation test rounds,  94.74% of Permutation tests (Core 9/15, passed_count 18)
  6.67% of Permutation test rounds,  94.74% of Permutation tests (Core 15/15, passed_count 18)
  6.68% of Permutation test rounds,  94.74% of Permutation tests (Core 5/15, passed_count 18)
  6.69% of Permutation test rounds,  94.74% of Permutation tests (Core 0/15, passed_count 18)
  6.70% of Permutation test rounds,  94.74% of Permutation tests (Core 8/15, passed_count 18)
  6.71% of Permutation test rounds,  94.74% of Permutation tests (Core 10/15, passed_count 18)
  6.72% of Permutation test rounds,  94.74% of Permutation tests (Core 12/15, passed_count 18)
  6.73% of Permutation test rounds,  94.74% of Permutation tests (Core 2/15, passed_count 18)
  6.74% of Permutation test rounds,  94.74% of Permutation tests (Core 6/15, passed_count 18)
  6.75% of Permutation test rounds,  94.74% of Permutation tests (Core 7/15, passed_count 18)
  6.76% of Permutation test rounds,  94.74% of Permutation tests (Core 1/15, passed_count 18)
  6.77% of Permutation test rounds,  94.74% of Permutation tests (Core 11/15, passed_count 18)
  6.78% of Permutation test rounds,  94.74% of Permutation tests (Core 13/15, passed_count 18)
  6.79% of Permutation test rounds,  94.74% of Permutation tests (Core 14/15, passed_count 18)
  6.80% of Permutation test rounds,  94.74% of Permutation tests (Core 3/15, passed_count 18)
  6.81% of Permutation test rounds,  94.74% of Permutation tests (Core 4/15, passed_count 18)
  6.82% of Permutation test rounds,  94.74% of Permutation tests (Core 9/15, passed_count 18)
  6.83% of Permutation test rounds,  94.74% of Permutation tests (Core 15/15, passed_count 18)
  6.84% of Permutation test rounds,  94.74% of Permutation tests (Core 5/15, passed_count 18)
  6.85% of Permutation test rounds,  94.74% of Permutation tests (Core 0/15, passed_count 18)
  6.86% of Permutation test rounds,  94.74% of Permutation tests (Core 8/15, passed_count 18)
  6.87% of Permutation test rounds,  94.74% of Permutation tests (Core 10/15, passed_count 18)
  6.88% of Permutation test rounds,  94.74% of Permutation tests (Core 12/15, passed_count 18)
  6.89% of Permutation test rounds,  94.74% of Permutation tests (Core 2/15, passed_count 18)
  6.90% of Permutation test rounds,  94.74% of Permutation tests (Core 6/15, passed_count 18)
  6.91% of Permutation test rounds,  94.74% of Permutation tests (Core 7/15, passed_count 18)
  6.92% of Permutation test rounds,  94.74% of Permutation tests (Core 1/15, passed_count 18)
  6.93% of Permutation test rounds,  94.74% of Permutation tests (Core 11/15, passed_count 18)
  6.94% of Permutation test rounds,  94.74% of Permutation tests (Core 13/15, passed_count 18)
  6.95% of Permutation test rounds,  94.74% of Permutation tests (Core 14/15, passed_count 18)
  6.96% of Permutation test rounds,  94.74% of Permutation tests (Core 3/15, passed_count 18)
  6.97% of Permutation test rounds,  94.74% of Permutation tests (Core 4/15, passed_count 18)
  6.98% of Permutation test rounds,  94.74% of Permutation tests (Core 9/15, passed_count 18)
  6.99% of Permutation test rounds,  94.74% of Permutation tests (Core 15/15, passed_count 18)
  7.00% of Permutation test rounds,  94.74% of Permutation tests (Core 15/15, passed_count 18)
  7.01% of Permutation test rounds,  94.74% of Permutation tests (Core 0/15, passed_count 18)
  7.02% of Permutation test rounds,  94.74% of Permutation tests (Core 8/15, passed_count 18)
  7.03% of Permutation test rounds,  94.74% of Permutation tests (Core 10/15, passed_count 18)
  7.04% of Permutation test rounds,  94.74% of Permutation tests (Core 12/15, passed_count 18)
  7.05% of Permutation test rounds,  94.74% of Permutation tests (Core 2/15, passed_count 18)
  7.06% of Permutation test rounds,  94.74% of Permutation tests (Core 6/15, passed_count 18)
  7.07% of Permutation test rounds,  94.74% of Permutation tests (Core 7/15, passed_count 18)
  7.08% of Permutation test rounds,  94.74% of Permutation tests (Core 1/15, passed_count 18)
  7.09% of Permutation test rounds,  94.74% of Permutation tests (Core 11/15, passed_count 18)
  7.10% of Permutation test rounds,  94.74% of Permutation tests (Core 13/15, passed_count 18)
  7.11% of Permutation test rounds,  94.74% of Permutation tests (Core 14/15, passed_count 18)
  7.12% of Permutation test rounds,  94.74% of Permutation tests (Core 3/15, passed_count 18)
  7.13% of Permutation test rounds,  94.74% of Permutation tests (Core 4/15, passed_count 18)
  7.14% of Permutation test rounds,  94.74% of Permutation tests (Core 9/15, passed_count 18)
  7.15% of Permutation test rounds,  94.74% of Permutation tests (Core 5/15, passed_count 18)
  7.16% of Permutation test rounds,  94.74% of Permutation tests (Core 15/15, passed_count 18)
  7.17% of Permutation test rounds,  94.74% of Permutation tests (Core 0/15, passed_count 18)
  7.18% of Permutation test rounds,  94.74% of Permutation tests (Core 8/15, passed_count 18)
  7.19% of Permutation test rounds,  94.74% of Permutation tests (Core 10/15, passed_count 18)
  7.20% of Permutation test rounds,  94.74% of Permutation tests (Core 12/15, passed_count 18)
  7.21% of Permutation test rounds,  94.74% of Permutation tests (Core 2/15, passed_count 18)
  7.22% of Permutation test rounds,  94.74% of Permutation tests (Core 6/15, passed_count 18)
  7.23% of Permutation test rounds,  94.74% of Permutation tests (Core 7/15, passed_count 18)
  7.24% of Permutation test rounds,  94.74% of Permutation tests (Core 1/15, passed_count 18)
  7.25% of Permutation test rounds,  94.74% of Permutation tests (Core 11/15, passed_count 18)
  7.26% of Permutation test rounds,  94.74% of Permutation tests (Core 13/15, passed_count 18)
  7.27% of Permutation test rounds,  94.74% of Permutation tests (Core 14/15, passed_count 18)
  7.28% of Permutation test rounds,  94.74% of Permutation tests (Core 3/15, passed_count 18)
  7.29% of Permutation test rounds,  94.74% of Permutation tests (Core 4/15, passed_count 18)
  7.30% of Permutation test rounds,  94.74% of Permutation tests (Core 9/15, passed_count 18)
  7.31% of Permutation test rounds,  94.74% of Permutation tests (Core 5/15, passed_count 18)
  7.32% of Permutation test rounds,  94.74% of Permutation tests (Core 15/15, passed_count 18)
  7.33% of Permutation test rounds,  94.74% of Permutation tests (Core 0/15, passed_count 18)
  7.34% of Permutation test rounds,  94.74% of Permutation tests (Core 8/15, passed_count 18)
  7.35% of Permutation test rounds,  94.74% of Permutation tests (Core 10/15, passed_count 18)
  7.36% of Permutation test rounds,  94.74% of Permutation tests (Core 12/15, passed_count 18)
  7.37% of Permutation test rounds,  94.74% of Permutation tests (Core 2/15, passed_count 18)
  7.38% of Permutation test rounds,  94.74% of Permutation tests (Core 6/15, passed_count 18)
  7.39% of Permutation test rounds,  94.74% of Permutation tests (Core 7/15, passed_count 18)
  7.40% of Permutation test rounds,  94.74% of Permutation tests (Core 1/15, passed_count 18)
  7.41% of Permutation test rounds,  94.74% of Permutation tests (Core 11/15, passed_count 18)
  7.42% of Permutation test rounds,  94.74% of Permutation tests (Core 13/15, passed_count 18)
  7.43% of Permutation test rounds,  94.74% of Permutation tests (Core 14/15, passed_count 18)
  7.44% of Permutation test rounds,  94.74% of Permutation tests (Core 3/15, passed_count 18)
  7.45% of Permutation test rounds,  94.74% of Permutation tests (Core 4/15, passed_count 18)
  7.46% of Permutation test rounds,  94.74% of Permutation tests (Core 9/15, passed_count 18)
  7.47% of Permutation test rounds,  94.74% of Permutation tests (Core 5/15, passed_count 18)
  7.48% of Permutation test rounds,  94.74% of Permutation tests (Core 15/15, passed_count 18)
  7.49% of Permutation test rounds,  94.74% of Permutation tests (Core 0/15, passed_count 18)
  7.50% of Permutation test rounds,  94.74% of Permutation tests (Core 8/15, passed_count 18)
  7.51% of Permutation test rounds,  94.74% of Permutation tests (Core 10/15, passed_count 18)
  7.52% of Permutation test rounds,  94.74% of Permutation tests (Core 12/15, passed_count 18)
  7.53% of Permutation test rounds,  94.74% of Permutation tests (Core 2/15, passed_count 18)
  7.54% of Permutation test rounds,  94.74% of Permutation tests (Core 6/15, passed_count 18)
  7.55% of Permutation test rounds,  94.74% of Permutation tests (Core 7/15, passed_count 18)
  7.56% of Permutation test rounds,  94.74% of Permutation tests (Core 1/15, passed_count 18)
  7.57% of Permutation test rounds,  94.74% of Permutation tests (Core 11/15, passed_count 18)
  7.58% of Permutation test rounds,  94.74% of Permutation tests (Core 13/15, passed_count 18)
  7.59% of Permutation test rounds,  94.74% of Permutation tests (Core 14/15, passed_count 18)
  7.60% of Permutation test rounds,  94.74% of Permutation tests (Core 3/15, passed_count 18)
  7.61% of Permutation test rounds,  94.74% of Permutation tests (Core 4/15, passed_count 18)
  7.62% of Permutation test rounds,  94.74% of Permutation tests (Core 9/15, passed_count 18)
  7.63% of Permutation test rounds,  94.74% of Permutation tests (Core 5/15, passed_count 18)
  7.64% of Permutation test rounds,  94.74% of Permutation tests (Core 15/15, passed_count 18)
  7.65% of Permutation test rounds,  94.74% of Permutation tests (Core 0/15, passed_count 18)
  7.66% of Permutation test rounds,  94.74% of Permutation tests (Core 8/15, passed_count 18)
  7.67% of Permutation test rounds,  94.74% of Permutation tests (Core 10/15, passed_count 18)
  7.68% of Permutation test rounds,  94.74% of Permutation tests (Core 12/15, passed_count 18)
  7.69% of Permutation test rounds,  94.74% of Permutation tests (Core 2/15, passed_count 18)
  7.70% of Permutation test rounds,  94.74% of Permutation tests (Core 6/15, passed_count 18)
  7.71% of Permutation test rounds,  94.74% of Permutation tests (Core 7/15, passed_count 18)
  7.72% of Permutation test rounds,  94.74% of Permutation tests (Core 1/15, passed_count 18)
  7.73% of Permutation test rounds,  94.74% of Permutation tests (Core 11/15, passed_count 18)
  7.74% of Permutation test rounds,  94.74% of Permutation tests (Core 13/15, passed_count 18)
  7.75% of Permutation test rounds,  94.74% of Permutation tests (Core 14/15, passed_count 18)
  7.76% of Permutation test rounds,  94.74% of Permutation tests (Core 3/15, passed_count 18)
  7.77% of Permutation test rounds,  94.74% of Permutation tests (Core 4/15, passed_count 18)
  7.78% of Permutation test rounds,  94.74% of Permutation tests (Core 9/15, passed_count 18)
  7.79% of Permutation test rounds,  94.74% of Permutation tests (Core 5/15, passed_count 18)
  7.80% of Permutation test rounds,  94.74% of Permutation tests (Core 15/15, passed_count 18)
  7.81% of Permutation test rounds,  94.74% of Permutation tests (Core 0/15, passed_count 18)
  7.82% of Permutation test rounds,  94.74% of Permutation tests (Core 8/15, passed_count 18)
  7.83% of Permutation test rounds,  94.74% of Permutation tests (Core 10/15, passed_count 18)
  7.84% of Permutation test rounds,  94.74% of Permutation tests (Core 12/15, passed_count 18)
  7.85% of Permutation test rounds,  94.74% of Permutation tests (Core 2/15, passed_count 18)
  7.86% of Permutation test rounds,  94.74% of Permutation tests (Core 6/15, passed_count 18)
  7.87% of Permutation test rounds,  94.74% of Permutation tests (Core 7/15, passed_count 18)
  7.88% of Permutation test rounds,  94.74% of Permutation tests (Core 1/15, passed_count 18)
  7.89% of Permutation test rounds,  94.74% of Permutation tests (Core 11/15, passed_count 18)
  7.90% of Permutation test rounds,  94.74% of Permutation tests (Core 13/15, passed_count 18)
  7.91% of Permutation test rounds,  94.74% of Permutation tests (Core 14/15, passed_count 18)
  7.92% of Permutation test rounds,  94.74% of Permutation tests (Core 3/15, passed_count 18)
  7.93% of Permutation test rounds,  94.74% of Permutation tests (Core 4/15, passed_count 18)
  7.94% of Permutation test rounds,  94.74% of Permutation tests (Core 9/15, passed_count 18)
  7.95% of Permutation test rounds,  94.74% of Permutation tests (Core 5/15, passed_count 18)
  7.96% of Permutation test rounds,  94.74% of Permutation tests (Core 15/15, passed_count 18)
  7.97% of Permutation test rounds,  94.74% of Permutation tests (Core 0/15, passed_count 18)
  7.98% of Permutation test rounds,  94.74% of Permutation tests (Core 8/15, passed_count 18)
  7.99% of Permutation test rounds,  94.74% of Permutation tests (Core 10/15, passed_count 18)
  8.00% of Permutation test rounds,  94.74% of Permutation tests (Core 12/15, passed_count 18)
  8.01% of Permutation test rounds,  94.74% of Permutation tests (Core 2/15, passed_count 18)
  8.02% of Permutation test rounds,  94.74% of Permutation tests (Core 6/15, passed_count 18)
  8.03% of Permutation test rounds,  94.74% of Permutation tests (Core 7/15, passed_count 18)
  8.04% of Permutation test rounds,  94.74% of Permutation tests (Core 1/15, passed_count 18)
  8.05% of Permutation test rounds,  94.74% of Permutation tests (Core 11/15, passed_count 18)
  8.06% of Permutation test rounds,  94.74% of Permutation tests (Core 13/15, passed_count 18)
  8.07% of Permutation test rounds,  94.74% of Permutation tests (Core 14/15, passed_count 18)
  8.08% of Permutation test rounds,  94.74% of Permutation tests (Core 3/15, passed_count 18)
  8.09% of Permutation test rounds,  94.74% of Permutation tests (Core 4/15, passed_count 18)
  8.10% of Permutation test rounds,  94.74% of Permutation tests (Core 9/15, passed_count 18)
  8.11% of Permutation test rounds,  94.74% of Permutation tests (Core 5/15, passed_count 18)
  8.12% of Permutation test rounds,  94.74% of Permutation tests (Core 15/15, passed_count 18)
  8.13% of Permutation test rounds,  94.74% of Permutation tests (Core 0/15, passed_count 18)
  8.14% of Permutation test rounds,  94.74% of Permutation tests (Core 8/15, passed_count 18)
  8.15% of Permutation test rounds,  94.74% of Permutation tests (Core 10/15, passed_count 18)
  8.16% of Permutation test rounds,  94.74% of Permutation tests (Core 12/15, passed_count 18)
  8.17% of Permutation test rounds,  94.74% of Permutation tests (Core 2/15, passed_count 18)
  8.18% of Permutation test rounds,  94.74% of Permutation tests (Core 6/15, passed_count 18)
  8.19% of Permutation test rounds,  94.74% of Permutation tests (Core 7/15, passed_count 18)
  8.20% of Permutation test rounds,  94.74% of Permutation tests (Core 1/15, passed_count 18)
  8.21% of Permutation test rounds,  94.74% of Permutation tests (Core 11/15, passed_count 18)
  8.22% of Permutation test rounds,  94.74% of Permutation tests (Core 13/15, passed_count 18)
  8.23% of Permutation test rounds,  94.74% of Permutation tests (Core 14/15, passed_count 18)
  8.24% of Permutation test rounds,  94.74% of Permutation tests (Core 3/15, passed_count 18)
  8.25% of Permutation test rounds,  94.74% of Permutation tests (Core 4/15, passed_count 18)
  8.26% of Permutation test rounds,  94.74% of Permutation tests (Core 9/15, passed_count 18)
  8.27% of Permutation test rounds,  94.74% of Permutation tests (Core 5/15, passed_count 18)
  8.28% of Permutation test rounds,  94.74% of Permutation tests (Core 15/15, passed_count 18)
  8.29% of Permutation test rounds,  94.74% of Permutation tests (Core 0/15, passed_count 18)
  8.30% of Permutation test rounds,  94.74% of Permutation tests (Core 8/15, passed_count 18)
  8.31% of Permutation test rounds,  94.74% of Permutation tests (Core 10/15, passed_count 18)
  8.32% of Permutation test rounds,  94.74% of Permutation tests (Core 12/15, passed_count 18)
  8.33% of Permutation test rounds,  94.74% of Permutation tests (Core 2/15, passed_count 18)
  8.34% of Permutation test rounds,  94.74% of Permutation tests (Core 6/15, passed_count 18)
  8.35% of Permutation test rounds,  94.74% of Permutation tests (Core 7/15, passed_count 18)
  8.36% of Permutation test rounds,  94.74% of Permutation tests (Core 1/15, passed_count 18)
  8.37% of Permutation test rounds,  94.74% of Permutation tests (Core 11/15, passed_count 18)
  8.38% of Permutation test rounds,  94.74% of Permutation tests (Core 13/15, passed_count 18)
  8.39% of Permutation test rounds,  94.74% of Permutation tests (Core 14/15, passed_count 18)
  8.40% of Permutation test rounds,  94.74% of Permutation tests (Core 3/15, passed_count 18)
  8.41% of Permutation test rounds,  94.74% of Permutation tests (Core 4/15, passed_count 18)
  8.42% of Permutation test rounds,  94.74% of Permutation tests (Core 9/15, passed_count 18)
  8.43% of Permutation test rounds,  94.74% of Permutation tests (Core 5/15, passed_count 18)
  8.44% of Permutation test rounds,  94.74% of Permutation tests (Core 15/15, passed_count 18)
  8.45% of Permutation test rounds,  94.74% of Permutation tests (Core 0/15, passed_count 18)
  8.46% of Permutation test rounds,  94.74% of Permutation tests (Core 8/15, passed_count 18)
  8.47% of Permutation test rounds,  94.74% of Permutation tests (Core 10/15, passed_count 18)
  8.48% of Permutation test rounds,  94.74% of Permutation tests (Core 12/15, passed_count 18)
  8.49% of Permutation test rounds,  94.74% of Permutation tests (Core 2/15, passed_count 18)
  8.50% of Permutation test rounds,  94.74% of Permutation tests (Core 6/15, passed_count 18)
  8.51% of Permutation test rounds,  94.74% of Permutation tests (Core 7/15, passed_count 18)
  8.52% of Permutation test rounds,  94.74% of Permutation tests (Core 1/15, passed_count 18)
  8.53% of Permutation test rounds,  94.74% of Permutation tests (Core 11/15, passed_count 18)
  8.54% of Permutation test rounds,  94.74% of Permutation tests (Core 13/15, passed_count 18)
  8.55% of Permutation test rounds,  94.74% of Permutation tests (Core 14/15, passed_count 18)
  8.56% of Permutation test rounds,  94.74% of Permutation tests (Core 3/15, passed_count 18)
  8.57% of Permutation test rounds,  94.74% of Permutation tests (Core 4/15, passed_count 18)
  8.58% of Permutation test rounds,  94.74% of Permutation tests (Core 9/15, passed_count 18)
  8.59% of Permutation test rounds,  94.74% of Permutation tests (Core 5/15, passed_count 18)
  8.60% of Permutation test rounds,  94.74% of Permutation tests (Core 15/15, passed_count 18)
  8.61% of Permutation test rounds,  94.74% of Permutation tests (Core 0/15, passed_count 18)
  8.62% of Permutation test rounds,  94.74% of Permutation tests (Core 8/15, passed_count 18)
  8.63% of Permutation test rounds,  94.74% of Permutation tests (Core 10/15, passed_count 18)
  8.64% of Permutation test rounds,  94.74% of Permutation tests (Core 12/15, passed_count 18)
  8.65% of Permutation test rounds,  94.74% of Permutation tests (Core 2/15, passed_count 18)
  8.66% of Permutation test rounds,  94.74% of Permutation tests (Core 6/15, passed_count 18)
  8.67% of Permutation test rounds,  94.74% of Permutation tests (Core 7/15, passed_count 18)
  8.68% of Permutation test rounds,  94.74% of Permutation tests (Core 1/15, passed_count 18)
  8.69% of Permutation test rounds,  94.74% of Permutation tests (Core 11/15, passed_count 18)
  8.70% of Permutation test rounds,  94.74% of Permutation tests (Core 13/15, passed_count 18)
  8.71% of Permutation test rounds,  94.74% of Permutation tests (Core 14/15, passed_count 18)
  8.72% of Permutation test rounds,  94.74% of Permutation tests (Core 3/15, passed_count 18)
  8.73% of Permutation test rounds,  94.74% of Permutation tests (Core 4/15, passed_count 18)
  8.74% of Permutation test rounds,  94.74% of Permutation tests (Core 9/15, passed_count 18)
  8.75% of Permutation test rounds,  94.74% of Permutation tests (Core 5/15, passed_count 18)
  8.76% of Permutation test rounds,  94.74% of Permutation tests (Core 15/15, passed_count 18)
  8.77% of Permutation test rounds,  94.74% of Permutation tests (Core 0/15, passed_count 18)
  8.78% of Permutation test rounds,  94.74% of Permutation tests (Core 8/15, passed_count 18)
  8.79% of Permutation test rounds,  94.74% of Permutation tests (Core 10/15, passed_count 18)
  8.80% of Permutation test rounds,  94.74% of Permutation tests (Core 12/15, passed_count 18)
  8.81% of Permutation test rounds,  94.74% of Permutation tests (Core 2/15, passed_count 18)
  8.82% of Permutation test rounds,  94.74% of Permutation tests (Core 6/15, passed_count 18)
  8.83% of Permutation test rounds,  94.74% of Permutation tests (Core 7/15, passed_count 18)
  8.84% of Permutation test rounds,  94.74% of Permutation tests (Core 1/15, passed_count 18)
  8.85% of Permutation test rounds,  94.74% of Permutation tests (Core 11/15, passed_count 18)
  8.86% of Permutation test rounds,  94.74% of Permutation tests (Core 13/15, passed_count 18)
  8.87% of Permutation test rounds,  94.74% of Permutation tests (Core 14/15, passed_count 18)
  8.88% of Permutation test rounds,  94.74% of Permutation tests (Core 3/15, passed_count 18)
  8.89% of Permutation test rounds,  94.74% of Permutation tests (Core 4/15, passed_count 18)
  8.90% of Permutation test rounds,  94.74% of Permutation tests (Core 9/15, passed_count 18)
  8.91% of Permutation test rounds,  94.74% of Permutation tests (Core 5/15, passed_count 18)
  8.92% of Permutation test rounds,  94.74% of Permutation tests (Core 15/15, passed_count 18)
  8.93% of Permutation test rounds,  94.74% of Permutation tests (Core 0/15, passed_count 18)
  8.94% of Permutation test rounds,  94.74% of Permutation tests (Core 8/15, passed_count 18)
  8.95% of Permutation test rounds,  94.74% of Permutation tests (Core 10/15, passed_count 18)
  8.96% of Permutation test rounds,  94.74% of Permutation tests (Core 12/15, passed_count 18)
  8.97% of Permutation test rounds,  94.74% of Permutation tests (Core 2/15, passed_count 18)
  8.98% of Permutation test rounds,  94.74% of Permutation tests (Core 6/15, passed_count 18)
  8.99% of Permutation test rounds,  94.74% of Permutation tests (Core 7/15, passed_count 18)
  9.00% of Permutation test rounds,  94.74% of Permutation tests (Core 1/15, passed_count 18)
  9.01% of Permutation test rounds,  94.74% of Permutation tests (Core 11/15, passed_count 18)
  9.02% of Permutation test rounds,  94.74% of Permutation tests (Core 13/15, passed_count 18)
  9.03% of Permutation test rounds,  94.74% of Permutation tests (Core 14/15, passed_count 18)
  9.04% of Permutation test rounds,  94.74% of Permutation tests (Core 3/15, passed_count 18)
  9.05% of Permutation test rounds,  94.74% of Permutation tests (Core 4/15, passed_count 18)
  9.06% of Permutation test rounds,  94.74% of Permutation tests (Core 9/15, passed_count 18)
  9.07% of Permutation test rounds,  94.74% of Permutation tests (Core 5/15, passed_count 18)
  9.08% of Permutation test rounds,  94.74% of Permutation tests (Core 15/15, passed_count 18)
  9.09% of Permutation test rounds,  94.74% of Permutation tests (Core 0/15, passed_count 18)
  9.10% of Permutation test rounds,  94.74% of Permutation tests (Core 8/15, passed_count 18)
  9.11% of Permutation test rounds,  94.74% of Permutation tests (Core 10/15, passed_count 18)
  9.12% of Permutation test rounds,  94.74% of Permutation tests (Core 12/15, passed_count 18)
  9.13% of Permutation test rounds,  94.74% of Permutation tests (Core 2/15, passed_count 18)
  9.14% of Permutation test rounds,  94.74% of Permutation tests (Core 6/15, passed_count 18)
  9.15% of Permutation test rounds,  94.74% of Permutation tests (Core 7/15, passed_count 18)
  9.16% of Permutation test rounds,  94.74% of Permutation tests (Core 1/15, passed_count 18)
  9.17% of Permutation test rounds,  94.74% of Permutation tests (Core 11/15, passed_count 18)
  9.18% of Permutation test rounds,  94.74% of Permutation tests (Core 13/15, passed_count 18)
  9.19% of Permutation test rounds,  94.74% of Permutation tests (Core 14/15, passed_count 18)
  9.20% of Permutation test rounds,  94.74% of Permutation tests (Core 3/15, passed_count 18)
  9.21% of Permutation test rounds,  94.74% of Permutation tests (Core 4/15, passed_count 18)
  9.22% of Permutation test rounds,  94.74% of Permutation tests (Core 9/15, passed_count 18)
  9.23% of Permutation test rounds,  94.74% of Permutation tests (Core 5/15, passed_count 18)
  9.24% of Permutation test rounds,  94.74% of Permutation tests (Core 15/15, passed_count 18)
  9.25% of Permutation test rounds,  94.74% of Permutation tests (Core 0/15, passed_count 18)
  9.26% of Permutation test rounds,  94.74% of Permutation tests (Core 8/15, passed_count 18)
  9.27% of Permutation test rounds,  94.74% of Permutation tests (Core 10/15, passed_count 18)
  9.28% of Permutation test rounds,  94.74% of Permutation tests (Core 12/15, passed_count 18)
  9.29% of Permutation test rounds,  94.74% of Permutation tests (Core 2/15, passed_count 18)
  9.30% of Permutation test rounds,  94.74% of Permutation tests (Core 6/15, passed_count 18)
  9.31% of Permutation test rounds,  94.74% of Permutation tests (Core 7/15, passed_count 18)
  9.32% of Permutation test rounds,  94.74% of Permutation tests (Core 1/15, passed_count 18)
  9.33% of Permutation test rounds,  94.74% of Permutation tests (Core 11/15, passed_count 18)
  9.34% of Permutation test rounds,  94.74% of Permutation tests (Core 13/15, passed_count 18)
  9.35% of Permutation test rounds,  94.74% of Permutation tests (Core 14/15, passed_count 18)
  9.36% of Permutation test rounds,  94.74% of Permutation tests (Core 3/15, passed_count 18)
  9.37% of Permutation test rounds,  94.74% of Permutation tests (Core 4/15, passed_count 18)
  9.38% of Permutation test rounds,  94.74% of Permutation tests (Core 9/15, passed_count 18)
  9.39% of Permutation test rounds,  94.74% of Permutation tests (Core 5/15, passed_count 18)
  9.40% of Permutation test rounds,  94.74% of Permutation tests (Core 15/15, passed_count 18)
  9.41% of Permutation test rounds,  94.74% of Permutation tests (Core 0/15, passed_count 18)
  9.42% of Permutation test rounds,  94.74% of Permutation tests (Core 8/15, passed_count 18)
  9.43% of Permutation test rounds,  94.74% of Permutation tests (Core 10/15, passed_count 18)
  9.44% of Permutation test rounds,  94.74% of Permutation tests (Core 12/15, passed_count 18)
  9.45% of Permutation test rounds,  94.74% of Permutation tests (Core 2/15, passed_count 18)
  9.46% of Permutation test rounds,  94.74% of Permutation tests (Core 6/15, passed_count 18)
  9.47% of Permutation test rounds,  94.74% of Permutation tests (Core 7/15, passed_count 18)
  9.48% of Permutation test rounds,  94.74% of Permutation tests (Core 1/15, passed_count 18)
  9.49% of Permutation test rounds,  94.74% of Permutation tests (Core 11/15, passed_count 18)
  9.50% of Permutation test rounds,  94.74% of Permutation tests (Core 13/15, passed_count 18)
  9.51% of Permutation test rounds,  94.74% of Permutation tests (Core 14/15, passed_count 18)
  9.52% of Permutation test rounds,  94.74% of Permutation tests (Core 3/15, passed_count 18)
  9.53% of Permutation test rounds,  94.74% of Permutation tests (Core 4/15, passed_count 18)
  9.54% of Permutation test rounds,  94.74% of Permutation tests (Core 9/15, passed_count 18)
  9.55% of Permutation test rounds,  94.74% of Permutation tests (Core 5/15, passed_count 18)
  9.56% of Permutation test rounds,  94.74% of Permutation tests (Core 15/15, passed_count 18)
  9.57% of Permutation test rounds,  94.74% of Permutation tests (Core 0/15, passed_count 18)
  9.58% of Permutation test rounds,  94.74% of Permutation tests (Core 8/15, passed_count 18)
  9.59% of Permutation test rounds,  94.74% of Permutation tests (Core 10/15, passed_count 18)
  9.60% of Permutation test rounds,  94.74% of Permutation tests (Core 12/15, passed_count 18)
  9.61% of Permutation test rounds,  94.74% of Permutation tests (Core 2/15, passed_count 18)
  9.62% of Permutation test rounds,  94.74% of Permutation tests (Core 6/15, passed_count 18)
  9.63% of Permutation test rounds,  94.74% of Permutation tests (Core 7/15, passed_count 18)
  9.64% of Permutation test rounds,  94.74% of Permutation tests (Core 1/15, passed_count 18)
  9.65% of Permutation test rounds,  94.74% of Permutation tests (Core 11/15, passed_count 18)
  9.66% of Permutation test rounds,  94.74% of Permutation tests (Core 13/15, passed_count 18)
  9.67% of Permutation test rounds,  94.74% of Permutation tests (Core 14/15, passed_count 18)
  9.68% of Permutation test rounds,  94.74% of Permutation tests (Core 3/15, passed_count 18)
  9.69% of Permutation test rounds,  94.74% of Permutation tests (Core 4/15, passed_count 18)
  9.70% of Permutation test rounds,  94.74% of Permutation tests (Core 9/15, passed_count 18)
  9.71% of Permutation test rounds,  94.74% of Permutation tests (Core 5/15, passed_count 18)
  9.72% of Permutation test rounds,  94.74% of Permutation tests (Core 15/15, passed_count 18)
  9.73% of Permutation test rounds,  94.74% of Permutation tests (Core 0/15, passed_count 18)
  9.74% of Permutation test rounds,  94.74% of Permutation tests (Core 8/15, passed_count 18)
  9.75% of Permutation test rounds,  94.74% of Permutation tests (Core 10/15, passed_count 18)
  9.76% of Permutation test rounds,  94.74% of Permutation tests (Core 12/15, passed_count 18)
  9.77% of Permutation test rounds,  94.74% of Permutation tests (Core 2/15, passed_count 18)
  9.78% of Permutation test rounds,  94.74% of Permutation tests (Core 6/15, passed_count 18)
  9.79% of Permutation test rounds,  94.74% of Permutation tests (Core 7/15, passed_count 18)
  9.80% of Permutation test rounds,  94.74% of Permutation tests (Core 1/15, passed_count 18)
  9.81% of Permutation test rounds,  94.74% of Permutation tests (Core 11/15, passed_count 18)
  9.82% of Permutation test rounds,  94.74% of Permutation tests (Core 13/15, passed_count 18)
  9.83% of Permutation test rounds,  94.74% of Permutation tests (Core 14/15, passed_count 18)
  9.84% of Permutation test rounds,  94.74% of Permutation tests (Core 3/15, passed_count 18)
  9.85% of Permutation test rounds,  94.74% of Permutation tests (Core 4/15, passed_count 18)
  9.86% of Permutation test rounds,  94.74% of Permutation tests (Core 9/15, passed_count 18)
  9.87% of Permutation test rounds,  94.74% of Permutation tests (Core 5/15, passed_count 18)
  9.88% of Permutation test rounds,  94.74% of Permutation tests (Core 15/15, passed_count 18)
  9.89% of Permutation test rounds,  94.74% of Permutation tests (Core 0/15, passed_count 18)
  9.90% of Permutation test rounds,  94.74% of Permutation tests (Core 8/15, passed_count 18)
  9.91% of Permutation test rounds,  94.74% of Permutation tests (Core 10/15, passed_count 18)
  9.92% of Permutation test rounds,  94.74% of Permutation tests (Core 12/15, passed_count 18)
  9.93% of Permutation test rounds,  94.74% of Permutation tests (Core 2/15, passed_count 18)
  9.94% of Permutation test rounds,  94.74% of Permutation tests (Core 6/15, passed_count 18)
  9.95% of Permutation test rounds,  94.74% of Permutation tests (Core 7/15, passed_count 18)
  9.96% of Permutation test rounds,  94.74% of Permutation tests (Core 1/15, passed_count 18)
  9.97% of Permutation test rounds,  94.74% of Permutation tests (Core 11/15, passed_count 18)
  9.98% of Permutation test rounds,  94.74% of Permutation tests (Core 13/15, passed_count 18)
  9.99% of Permutation test rounds,  94.74% of Permutation tests (Core 14/15, passed_count 18)
 10.00% of Permutation test rounds,  94.74% of Permutation tests (Core 3/15, passed_count 18)
 10.01% of Permutation test rounds,  94.74% of Permutation tests (Core 4/15, passed_count 18)
 10.02% of Permutation test rounds,  94.74% of Permutation tests (Core 9/15, passed_count 18)
 10.03% of Permutation test rounds,  94.74% of Permutation tests (Core 5/15, passed_count 18)
 10.04% of Permutation test rounds,  94.74% of Permutation tests (Core 15/15, passed_count 18)
 10.05% of Permutation test rounds,  94.74% of Permutation tests (Core 0/15, passed_count 18)
 10.06% of Permutation test rounds,  94.74% of Permutation tests (Core 8/15, passed_count 18)
 10.07% of Permutation test rounds,  94.74% of Permutation tests (Core 10/15, passed_count 18)
 10.08% of Permutation test rounds,  94.74% of Permutation tests (Core 12/15, passed_count 18)
 10.09% of Permutation test rounds,  94.74% of Permutation tests (Core 2/15, passed_count 18)
 10.10% of Permutation test rounds,  94.74% of Permutation tests (Core 6/15, passed_count 18)
 10.11% of Permutation test rounds,  94.74% of Permutation tests (Core 7/15, passed_count 18)
 10.12% of Permutation test rounds,  94.74% of Permutation tests (Core 1/15, passed_count 18)
 10.13% of Permutation test rounds,  94.74% of Permutation tests (Core 11/15, passed_count 18)
 10.14% of Permutation test rounds,  94.74% of Permutation tests (Core 13/15, passed_count 18)
 10.15% of Permutation test rounds,  94.74% of Permutation tests (Core 14/15, passed_count 18)
 10.16% of Permutation test rounds,  94.74% of Permutation tests (Core 3/15, passed_count 18)
 10.17% of Permutation test rounds,  94.74% of Permutation tests (Core 4/15, passed_count 18)
 10.18% of Permutation test rounds,  94.74% of Permutation tests (Core 9/15, passed_count 18)
 10.19% of Permutation test rounds,  94.74% of Permutation tests (Core 5/15, passed_count 18)
 10.20% of Permutation test rounds,  94.74% of Permutation tests (Core 15/15, passed_count 18)
 10.21% of Permutation test rounds,  94.74% of Permutation tests (Core 0/15, passed_count 18)
 10.22% of Permutation test rounds,  94.74% of Permutation tests (Core 8/15, passed_count 18)
 10.23% of Permutation test rounds,  94.74% of Permutation tests (Core 10/15, passed_count 18)
 10.24% of Permutation test rounds,  94.74% of Permutation tests (Core 12/15, passed_count 18)
 10.25% of Permutation test rounds,  94.74% of Permutation tests (Core 2/15, passed_count 18)
 10.26% of Permutation test rounds,  94.74% of Permutation tests (Core 6/15, passed_count 18)
 10.27% of Permutation test rounds,  94.74% of Permutation tests (Core 7/15, passed_count 18)
 10.28% of Permutation test rounds,  94.74% of Permutation tests (Core 1/15, passed_count 18)
 10.29% of Permutation test rounds,  94.74% of Permutation tests (Core 11/15, passed_count 18)
 10.30% of Permutation test rounds,  94.74% of Permutation tests (Core 13/15, passed_count 18)
 10.31% of Permutation test rounds,  94.74% of Permutation tests (Core 14/15, passed_count 18)
 10.32% of Permutation test rounds,  94.74% of Permutation tests (Core 3/15, passed_count 18)
 10.33% of Permutation test rounds,  94.74% of Permutation tests (Core 4/15, passed_count 18)
 10.34% of Permutation test rounds,  94.74% of Permutation tests (Core 9/15, passed_count 18)
 10.35% of Permutation test rounds,  94.74% of Permutation tests (Core 5/15, passed_count 18)
 10.36% of Permutation test rounds,  94.74% of Permutation tests (Core 15/15, passed_count 18)
 10.37% of Permutation test rounds,  94.74% of Permutation tests (Core 0/15, passed_count 18)
 10.38% of Permutation test rounds,  94.74% of Permutation tests (Core 8/15, passed_count 18)
 10.39% of Permutation test rounds,  94.74% of Permutation tests (Core 10/15, passed_count 18)
 10.40% of Permutation test rounds,  94.74% of Permutation tests (Core 12/15, passed_count 18)
 10.41% of Permutation test rounds,  94.74% of Permutation tests (Core 2/15, passed_count 18)
 10.42% of Permutation test rounds,  94.74% of Permutation tests (Core 6/15, passed_count 18)
 10.43% of Permutation test rounds,  94.74% of Permutation tests (Core 7/15, passed_count 18)
 10.44% of Permutation test rounds,  94.74% of Permutation tests (Core 1/15, passed_count 18)
 10.45% of Permutation test rounds,  94.74% of Permutation tests (Core 11/15, passed_count 18)
 10.46% of Permutation test rounds,  94.74% of Permutation tests (Core 13/15, passed_count 18)
 10.47% of Permutation test rounds,  94.74% of Permutation tests (Core 14/15, passed_count 18)
 10.48% of Permutation test rounds,  94.74% of Permutation tests (Core 3/15, passed_count 18)
 10.49% of Permutation test rounds,  94.74% of Permutation tests (Core 4/15, passed_count 18)
 10.50% of Permutation test rounds,  94.74% of Permutation tests (Core 9/15, passed_count 18)
 10.51% of Permutation test rounds,  94.74% of Permutation tests (Core 5/15, passed_count 18)
 10.52% of Permutation test rounds,  94.74% of Permutation tests (Core 15/15, passed_count 18)
 10.53% of Permutation test rounds,  94.74% of Permutation tests (Core 0/15, passed_count 18)
 10.54% of Permutation test rounds,  94.74% of Permutation tests (Core 8/15, passed_count 18)
 10.55% of Permutation test rounds,  94.74% of Permutation tests (Core 10/15, passed_count 18)
 10.56% of Permutation test rounds,  94.74% of Permutation tests (Core 12/15, passed_count 18)
 10.57% of Permutation test rounds,  94.74% of Permutation tests (Core 2/15, passed_count 18)
 10.58% of Permutation test rounds,  94.74% of Permutation tests (Core 6/15, passed_count 18)
 10.59% of Permutation test rounds,  94.74% of Permutation tests (Core 7/15, passed_count 18)
 10.60% of Permutation test rounds,  94.74% of Permutation tests (Core 1/15, passed_count 18)
 10.61% of Permutation test rounds,  94.74% of Permutation tests (Core 11/15, passed_count 18)
 10.62% of Permutation test rounds,  94.74% of Permutation tests (Core 13/15, passed_count 18)
 10.63% of Permutation test rounds,  94.74% of Permutation tests (Core 14/15, passed_count 18)
 10.64% of Permutation test rounds,  94.74% of Permutation tests (Core 3/15, passed_count 18)
 10.65% of Permutation test rounds,  94.74% of Permutation tests (Core 4/15, passed_count 18)
 10.66% of Permutation test rounds,  94.74% of Permutation tests (Core 9/15, passed_count 18)
 10.67% of Permutation test rounds,  94.74% of Permutation tests (Core 5/15, passed_count 18)
 10.68% of Permutation test rounds,  94.74% of Permutation tests (Core 15/15, passed_count 18)
 10.69% of Permutation test rounds,  94.74% of Permutation tests (Core 0/15, passed_count 18)
 10.70% of Permutation test rounds,  94.74% of Permutation tests (Core 8/15, passed_count 18)
 10.71% of Permutation test rounds,  94.74% of Permutation tests (Core 10/15, passed_count 18)
 10.72% of Permutation test rounds,  94.74% of Permutation tests (Core 12/15, passed_count 18)
 10.73% of Permutation test rounds,  94.74% of Permutation tests (Core 2/15, passed_count 18)
 10.74% of Permutation test rounds,  94.74% of Permutation tests (Core 6/15, passed_count 18)
 10.75% of Permutation test rounds,  94.74% of Permutation tests (Core 7/15, passed_count 18)
 10.76% of Permutation test rounds,  94.74% of Permutation tests (Core 1/15, passed_count 18)
 10.77% of Permutation test rounds,  94.74% of Permutation tests (Core 11/15, passed_count 18)
 10.78% of Permutation test rounds,  94.74% of Permutation tests (Core 13/15, passed_count 18)
 10.79% of Permutation test rounds,  94.74% of Permutation tests (Core 14/15, passed_count 18)
 10.80% of Permutation test rounds,  94.74% of Permutation tests (Core 3/15, passed_count 18)
 10.81% of Permutation test rounds,  94.74% of Permutation tests (Core 4/15, passed_count 18)
 10.82% of Permutation test rounds,  94.74% of Permutation tests (Core 9/15, passed_count 18)
 10.83% of Permutation test rounds,  94.74% of Permutation tests (Core 5/15, passed_count 18)
 10.84% of Permutation test rounds,  94.74% of Permutation tests (Core 15/15, passed_count 18)
 10.85% of Permutation test rounds,  94.74% of Permutation tests (Core 0/15, passed_count 18)
 10.86% of Permutation test rounds,  94.74% of Permutation tests (Core 8/15, passed_count 18)
 10.87% of Permutation test rounds,  94.74% of Permutation tests (Core 10/15, passed_count 18)
 10.88% of Permutation test rounds,  94.74% of Permutation tests (Core 12/15, passed_count 18)
 10.89% of Permutation test rounds,  94.74% of Permutation tests (Core 2/15, passed_count 18)
 10.90% of Permutation test rounds,  94.74% of Permutation tests (Core 6/15, passed_count 18)
 10.91% of Permutation test rounds,  94.74% of Permutation tests (Core 7/15, passed_count 18)
 10.92% of Permutation test rounds,  94.74% of Permutation tests (Core 1/15, passed_count 18)
 10.93% of Permutation test rounds,  94.74% of Permutation tests (Core 11/15, passed_count 18)
 10.94% of Permutation test rounds,  94.74% of Permutation tests (Core 13/15, passed_count 18)
 10.95% of Permutation test rounds,  94.74% of Permutation tests (Core 14/15, passed_count 18)
 10.96% of Permutation test rounds,  94.74% of Permutation tests (Core 3/15, passed_count 18)
 10.97% of Permutation test rounds,  94.74% of Permutation tests (Core 4/15, passed_count 18)
 10.98% of Permutation test rounds,  94.74% of Permutation tests (Core 9/15, passed_count 18)
 10.99% of Permutation test rounds,  94.74% of Permutation tests (Core 5/15, passed_count 18)
 11.00% of Permutation test rounds,  94.74% of Permutation tests (Core 15/15, passed_count 18)
 11.01% of Permutation test rounds,  94.74% of Permutation tests (Core 0/15, passed_count 18)
 11.02% of Permutation test rounds,  94.74% of Permutation tests (Core 8/15, passed_count 18)
 11.03% of Permutation test rounds,  94.74% of Permutation tests (Core 10/15, passed_count 18)
 11.04% of Permutation test rounds,  94.74% of Permutation tests (Core 12/15, passed_count 18)
 11.05% of Permutation test rounds,  94.74% of Permutation tests (Core 2/15, passed_count 18)
 11.06% of Permutation test rounds,  94.74% of Permutation tests (Core 6/15, passed_count 18)
 11.07% of Permutation test rounds,  94.74% of Permutation tests (Core 7/15, passed_count 18)
 11.08% of Permutation test rounds,  94.74% of Permutation tests (Core 1/15, passed_count 18)
 11.09% of Permutation test rounds,  94.74% of Permutation tests (Core 11/15, passed_count 18)
 11.10% of Permutation test rounds,  94.74% of Permutation tests (Core 13/15, passed_count 18)
 11.11% of Permutation test rounds,  94.74% of Permutation tests (Core 14/15, passed_count 18)
 11.12% of Permutation test rounds,  94.74% of Permutation tests (Core 3/15, passed_count 18)
 11.13% of Permutation test rounds,  94.74% of Permutation tests (Core 4/15, passed_count 18)
 11.14% of Permutation test rounds,  94.74% of Permutation tests (Core 9/15, passed_count 18)
 11.15% of Permutation test rounds,  94.74% of Permutation tests (Core 5/15, passed_count 18)
 11.16% of Permutation test rounds,  94.74% of Permutation tests (Core 15/15, passed_count 18)
 11.17% of Permutation test rounds,  94.74% of Permutation tests (Core 0/15, passed_count 18)
 11.18% of Permutation test rounds,  94.74% of Permutation tests (Core 8/15, passed_count 18)
 11.19% of Permutation test rounds,  94.74% of Permutation tests (Core 10/15, passed_count 18)
 11.20% of Permutation test rounds,  94.74% of Permutation tests (Core 12/15, passed_count 18)
 11.21% of Permutation test rounds,  94.74% of Permutation tests (Core 2/15, passed_count 18)
 11.22% of Permutation test rounds,  94.74% of Permutation tests (Core 6/15, passed_count 18)
 11.23% of Permutation test rounds,  94.74% of Permutation tests (Core 7/15, passed_count 18)
 11.24% of Permutation test rounds,  94.74% of Permutation tests (Core 1/15, passed_count 18)
 11.25% of Permutation test rounds,  94.74% of Permutation tests (Core 11/15, passed_count 18)
 11.26% of Permutation test rounds,  94.74% of Permutation tests (Core 13/15, passed_count 18)
 11.27% of Permutation test rounds,  94.74% of Permutation tests (Core 14/15, passed_count 18)
 11.28% of Permutation test rounds,  94.74% of Permutation tests (Core 3/15, passed_count 18)
 11.29% of Permutation test rounds,  94.74% of Permutation tests (Core 4/15, passed_count 18)
 11.30% of Permutation test rounds,  94.74% of Permutation tests (Core 9/15, passed_count 18)
 11.31% of Permutation test rounds,  94.74% of Permutation tests (Core 5/15, passed_count 18)
 11.32% of Permutation test rounds,  94.74% of Permutation tests (Core 15/15, passed_count 18)
 11.33% of Permutation test rounds,  94.74% of Permutation tests (Core 0/15, passed_count 18)
 11.34% of Permutation test rounds,  94.74% of Permutation tests (Core 8/15, passed_count 18)
 11.35% of Permutation test rounds,  94.74% of Permutation tests (Core 10/15, passed_count 18)
 11.36% of Permutation test rounds,  94.74% of Permutation tests (Core 12/15, passed_count 18)
 11.37% of Permutation test rounds,  94.74% of Permutation tests (Core 2/15, passed_count 18)
 11.38% of Permutation test rounds,  94.74% of Permutation tests (Core 6/15, passed_count 18)
 11.39% of Permutation test rounds,  94.74% of Permutation tests (Core 7/15, passed_count 18)
 11.40% of Permutation test rounds,  94.74% of Permutation tests (Core 1/15, passed_count 18)
 11.41% of Permutation test rounds,  94.74% of Permutation tests (Core 11/15, passed_count 18)
 11.42% of Permutation test rounds,  94.74% of Permutation tests (Core 13/15, passed_count 18)
 11.43% of Permutation test rounds,  94.74% of Permutation tests (Core 14/15, passed_count 18)
 11.44% of Permutation test rounds,  94.74% of Permutation tests (Core 3/15, passed_count 18)
 11.45% of Permutation test rounds,  94.74% of Permutation tests (Core 4/15, passed_count 18)
 11.46% of Permutation test rounds,  94.74% of Permutation tests (Core 9/15, passed_count 18)
 11.47% of Permutation test rounds,  94.74% of Permutation tests (Core 5/15, passed_count 18)
 11.48% of Permutation test rounds,  94.74% of Permutation tests (Core 15/15, passed_count 18)
 11.49% of Permutation test rounds,  94.74% of Permutation tests (Core 0/15, passed_count 18)
 11.50% of Permutation test rounds,  94.74% of Permutation tests (Core 8/15, passed_count 18)
 11.51% of Permutation test rounds,  94.74% of Permutation tests (Core 10/15, passed_count 18)
 11.52% of Permutation test rounds,  94.74% of Permutation tests (Core 12/15, passed_count 18)
 11.53% of Permutation test rounds,  94.74% of Permutation tests (Core 2/15, passed_count 18)
 11.54% of Permutation test rounds,  94.74% of Permutation tests (Core 6/15, passed_count 18)
 11.55% of Permutation test rounds,  94.74% of Permutation tests (Core 7/15, passed_count 18)
 11.56% of Permutation test rounds,  94.74% of Permutation tests (Core 1/15, passed_count 18)
 11.57% of Permutation test rounds,  94.74% of Permutation tests (Core 11/15, passed_count 18)
 11.58% of Permutation test rounds,  94.74% of Permutation tests (Core 13/15, passed_count 18)
 11.59% of Permutation test rounds,  94.74% of Permutation tests (Core 14/15, passed_count 18)
 11.60% of Permutation test rounds,  94.74% of Permutation tests (Core 3/15, passed_count 18)
 11.61% of Permutation test rounds,  94.74% of Permutation tests (Core 4/15, passed_count 18)
 11.62% of Permutation test rounds,  94.74% of Permutation tests (Core 9/15, passed_count 18)
 11.63% of Permutation test rounds,  94.74% of Permutation tests (Core 5/15, passed_count 18)
 11.64% of Permutation test rounds,  94.74% of Permutation tests (Core 15/15, passed_count 18)
 11.65% of Permutation test rounds,  94.74% of Permutation tests (Core 0/15, passed_count 18)
 11.66% of Permutation test rounds,  94.74% of Permutation tests (Core 8/15, passed_count 18)
 11.67% of Permutation test rounds,  94.74% of Permutation tests (Core 10/15, passed_count 18)
 11.68% of Permutation test rounds,  94.74% of Permutation tests (Core 12/15, passed_count 18)
 11.69% of Permutation test rounds,  94.74% of Permutation tests (Core 2/15, passed_count 18)
 11.70% of Permutation test rounds,  94.74% of Permutation tests (Core 2/15, passed_count 18)
 11.71% of Permutation test rounds,  94.74% of Permutation tests (Core 7/15, passed_count 18)
 11.72% of Permutation test rounds,  94.74% of Permutation tests (Core 1/15, passed_count 18)
 11.73% of Permutation test rounds,  94.74% of Permutation tests (Core 11/15, passed_count 18)
 11.74% of Permutation test rounds,  94.74% of Permutation tests (Core 13/15, passed_count 18)
 11.75% of Permutation test rounds,  94.74% of Permutation tests (Core 14/15, passed_count 18)
 11.76% of Permutation test rounds,  94.74% of Permutation tests (Core 3/15, passed_count 18)
 11.77% of Permutation test rounds,  94.74% of Permutation tests (Core 4/15, passed_count 18)
 11.78% of Permutation test rounds,  94.74% of Permutation tests (Core 9/15, passed_count 18)
 11.79% of Permutation test rounds,  94.74% of Permutation tests (Core 5/15, passed_count 18)
 11.80% of Permutation test rounds,  94.74% of Permutation tests (Core 15/15, passed_count 18)
 11.81% of Permutation test rounds,  94.74% of Permutation tests (Core 0/15, passed_count 18)
 11.82% of Permutation test rounds,  94.74% of Permutation tests (Core 8/15, passed_count 18)
 11.83% of Permutation test rounds,  94.74% of Permutation tests (Core 10/15, passed_count 18)
 11.84% of Permutation test rounds,  94.74% of Permutation tests (Core 12/15, passed_count 18)
 11.85% of Permutation test rounds,  94.74% of Permutation tests (Core 6/15, passed_count 18)
 11.86% of Permutation test rounds,  94.74% of Permutation tests (Core 2/15, passed_count 18)
 11.87% of Permutation test rounds,  94.74% of Permutation tests (Core 7/15, passed_count 18)
 11.88% of Permutation test rounds, 100.00% of Permutation tests (Core 1/15, passed_count 19)
 17.33% of Permutation test rounds, 100.00% of Permutation tests (Core 11/15, passed_count 19)
 22.88% of Permutation test rounds, 100.00% of Permutation tests (Core 13/15, passed_count 19)
 28.39% of Permutation test rounds, 100.00% of Permutation tests (Core 14/15, passed_count 19)
 33.88% of Permutation test rounds, 100.00% of Permutation tests (Core 3/15, passed_count 19)
 39.34% of Permutation test rounds, 100.00% of Permutation tests (Core 4/15, passed_count 19)
 44.91% of Permutation test rounds, 100.00% of Permutation tests (Core 9/15, passed_count 19)
 50.46% of Permutation test rounds, 100.00% of Permutation tests (Core 5/15, passed_count 19)
 56.00% of Permutation test rounds, 100.00% of Permutation tests (Core 15/15, passed_count 19)
 61.54% of Permutation test rounds, 100.00% of Permutation tests (Core 0/15, passed_count 19)
 66.98% of Permutation test rounds, 100.00% of Permutation tests (Core 8/15, passed_count 19)
 72.51% of Permutation test rounds, 100.00% of Permutation tests (Core 10/15, passed_count 19)
 77.99% of Permutation test rounds, 100.00% of Permutation tests (Core 12/15, passed_count 19)
 83.51% of Permutation test rounds, 100.00% of Permutation tests (Core 6/15, passed_count 19)
 89.02% of Permutation test rounds, 100.00% of Permutation tests (Core 2/15, passed_count 19)
 94.47% of Permutation test rounds, 100.00% of Permutation tests (Core 7/15, passed_count 19)


                statistic  C[i][0]  C[i][1]  C[i][2]
----------------------------------------------------
                excursion       6       0       8
       numDirectionalRuns       5       1      21
       lenDirectionalRuns       5       6       0
    numIncreasesDecreases    1182       1       5
            numRunsMedian       6       0      14
            lenRunsMedian       5       3       3
             avgCollision       6       0       9
             maxCollision       3       3       5
           periodicity(1)       5       1      22
           periodicity(2)      18       0       6
           periodicity(8)      18       0       6
          periodicity(16)      11       0       6
          periodicity(32)       6       0      16
            covariance(1)      90       0       6
            covariance(2)       6       0       7
            covariance(8)       6       0      84
           covariance(16)       6       0       7
           covariance(32)      21       0       6
              compression     325       0       6
(* denotes failed test)

** Passed IID permutation tests

your 131072x1 screen size is bogus. expect trouble
your 131072x1 screen size is bogus. expect trouble
Identity added: /home/mmggjj/.ssh/id_ed25519 (mariogj.03@gmail.com)
tiempo_s=1.93 maxrss_kB=76832
