--- condA_rep2_noniid_b8: exit 0, 8 s ---
Agent pid 423
Opening file: '/mnt/c/Users/mario/Documents/TFM_FPGA_CRYPTO/results/esp32_campana_rng/condA_rep2.bin' (SHA-256 hash 10c3271fcc849e214185e9cbe14bb52d6de82188bef6262be3fb472e50389699)
Loaded 125000 samples of 256 distinct 8-bit-wide symbols
Number of Binary Symbols: 1000000

*** Warning: data contains less than 1000000 samples ***


Running non-IID tests...

Running Most Common Value Estimate...
Bitstring MCV Estimate: mode = 500310, p-hat = 0.50031000000000003, p_u = 0.50159791504819495
	Most Common Value Estimate (bit string) = 0.995397 / 1 bit(s)
Literal MCV Estimate: mode = 542, p-hat = 0.0043359999999999996, p_u = 0.004814701567294296
	Most Common Value Estimate = 7.698338 / 8 bit(s)

Running Entropic Statistic Estimates (bit strings only)...
Bitstring Collision Estimate: X-bar = 2.501094228725067, sigma-hat = 0.49999942793529684, p = 0.52170928848292353
	Collision Test Estimate (bit string) = 0.938682 / 1 bit(s)
Bitstring Markov Estimate: P_0 = 0.49969000000000002, P_1 = 0.50031000000000003, P_0,0 = 0.4988983147517756, P_0,1 = 0.5011016852482244, P_1,0 = 0.50048170134516601, P_1,1 = 0.49951829865483399, p_max = 3.5926390778834259e-39
	Markov Test Estimate (bit string) = 0.997736 / 1 bit(s)
Bitstring Compression Estimate: X-bar = 5.2182073978457959, sigma-hat = 1.0151326620277676, p = 0.028511228562249413
	Compression Test Estimate (bit string) = 0.855388 / 1 bit(s)

Running Tuple Estimates...
Bitstring t-Tuple Estimate: t = 15, p-hat_max = 0.5230507414148808378266, p_u = 0.524337287349360094222
Bitstring LRS Estimate: u = 16, v = 39, p-hat = 0.50132031109936277, p_u = 0.50260822190484419
	T-Tuple Test Estimate (bit string) = 0.931433 / 1 bit(s)
Literal t-Tuple Estimate: t = 1, p-hat_max = 0.004335999999999999999876, p_u = 0.004814701567294296266485
Literal LRS Estimate: u = 2, v = 4, p-hat = 0.0047568950570268933, p_u = 0.005258186376420035
	T-Tuple Test Estimate = 7.698338 / 8 bit(s)
	LRS Test Estimate (bit string) = 0.992494 / 1 bit(s)
	LRS Test Estimate = 7.571219 / 8 bit(s)

Running Predictor Estimates...
Bitstring MultiMCW Prediction Estimate: N = 999937, Pglobal' = 0.50167047958912037 (C = 500351) Plocal can't affect result (r = 20)
	Multi Most Common in Window (MultiMCW) Prediction Test Estimate (bit string) = 0.995188 / 1 bit(s)
Literal MultiMCW Prediction Estimate: N = 124937, Pglobal' = 0.0043266494270806496 (C = 484) Plocal can't affect result (r = 3)
	Multi Most Common in Window (MultiMCW) Prediction Test Estimate = 7.852534 / 8 bit(s)
Bitstring Lag Prediction Estimate: N = 999999, Pglobal' = 0.50032641259687227 (C = 499038) Plocal can't affect result (r = 21)
	Lag Prediction Test Estimate (bit string) = 0.999058 / 1 bit(s)
Literal Lag Prediction Estimate: N = 124999, Pglobal' = 0.0044006753978674557 (C = 493) Plocal can't affect result (r = 2)
	Lag Prediction Test Estimate = 7.828059 / 8 bit(s)
Bitstring MultiMMC Prediction Estimate: N = 999998, Pglobal' = 0.50157491694548217 (C = 500286) Plocal can't affect result (r = 21)
	Multi Markov Model with Counting (MultiMMC) Prediction Test Estimate (bit string) = 0.995463 / 1 bit(s)
Literal MultiMMC Prediction Estimate: N = 124998, Pglobal' = 0.0043753241832392214 (C = 490) Plocal can't affect result (r = 3)
	Multi Markov Model with Counting (MultiMMC) Prediction Test Estimate = 7.836394 / 8 bit(s)
Bitstring LZ78Y Prediction Estimate: N = 999983, Pglobal' = 0.50179543420735984 (C = 500499) Plocal can't affect result (r = 21)
	LZ78Y Prediction Test Estimate (bit string) = 0.994829 / 1 bit(s)
Literal LZ78Y Prediction Estimate: N = 124983, Pglobal' = 0.0043589204933929199 (C = 488) Plocal can't affect result (r = 3)
	LZ78Y Prediction Test Estimate = 7.841813 / 8 bit(s)

H_original: 7.571219
H_bitstring: 0.855388
min(H_original, 8 X H_bitstring): 6.843101
your 131072x1 screen size is bogus. expect trouble
your 131072x1 screen size is bogus. expect trouble
Identity added: /home/mmggjj/.ssh/id_ed25519 (mariogj.03@gmail.com)
tiempo_s=6.94 maxrss_kB=288752
--- condA_rep2_iid_b8: exit 0, 1 s ---
Agent pid 423
Opening file: '/mnt/c/Users/mario/Documents/TFM_FPGA_CRYPTO/results/esp32_campana_rng/condA_rep2.bin' (SHA-256 hash 10c3271fcc849e214185e9cbe14bb52d6de82188bef6262be3fb472e50389699)
Loaded 125000 samples of 256 distinct 8-bit-wide symbols
Number of Binary samples: 1000000

*** Warning: data contains less than 1000000 samples ***

Calculating baseline statistics...
	Raw Mean: 127.870896
	Median: 128.000000
	Binary: false

Literal MCV Estimate: mode = 542, p-hat = 0.0043359999999999996, p_u = 0.004814701567294296
Bitstring MCV Estimate: mode = 500310, p-hat = 0.50031000000000003, p_u = 0.50159791504819495
H_original: 7.698338
H_bitstring: 0.995397
min(H_original, 8 X H_bitstring): 7.698338
Chi square independence
	score = 11160.513816
	degrees of freedom = 11089
	p-value = 0.314316

Chi square goodness of fit
	score = 2305.684955
	degrees of freedom = 2295
	p-value = 0.433565

** Passed chi square tests

Literal Longest Repeated Substring results
	P_col: 0.003913
	Length of LRS: 4
	Pr(X >= 1): 0.839812
** Passed length of longest repeated substring test

Beginning initial tests...

Initial test results
              excursion: 21452.9
     numDirectionalRuns: 83436
     lenDirectionalRuns: 8
  numIncreasesDecreases: 62642
          numRunsMedian: 62556
          lenRunsMedian: 17
           avgCollision: 20.7607
           maxCollision: 68
         periodicity(1): 496
         periodicity(2): 489
         periodicity(8): 511
        periodicity(16): 509
        periodicity(32): 511
          covariance(1): 2.04164e+09
          covariance(2): 2.04447e+09
          covariance(8): 2.04572e+09
         covariance(16): 2.04221e+09
         covariance(32): 2.04276e+09
            compression: 133522

Beginning permutation tests... these may take some time
  0.01% of Permutation test rounds,   0.00% of Permutation tests (Core 8/15, passed_count 0)
  0.02% of Permutation test rounds,   0.00% of Permutation tests (Core 5/15, passed_count 0)
  0.03% of Permutation test rounds,   0.00% of Permutation tests (Core 12/15, passed_count 0)
  0.04% of Permutation test rounds,   0.00% of Permutation tests (Core 6/15, passed_count 0)
  0.05% of Permutation test rounds,   0.00% of Permutation tests (Core 0/15, passed_count 0)
  0.06% of Permutation test rounds,   0.00% of Permutation tests (Core 3/15, passed_count 0)
  0.07% of Permutation test rounds,   0.00% of Permutation tests (Core 10/15, passed_count 0)
  0.08% of Permutation test rounds,   0.00% of Permutation tests (Core 14/15, passed_count 0)
  0.09% of Permutation test rounds,   0.00% of Permutation tests (Core 2/15, passed_count 0)
  0.10% of Permutation test rounds,   0.00% of Permutation tests (Core 13/15, passed_count 0)
  0.11% of Permutation test rounds,   0.00% of Permutation tests (Core 11/15, passed_count 0)
  0.12% of Permutation test rounds,  10.53% of Permutation tests (Core 15/15, passed_count 2)
  0.13% of Permutation test rounds,  21.05% of Permutation tests (Core 4/15, passed_count 4)
  0.14% of Permutation test rounds,  36.84% of Permutation tests (Core 7/15, passed_count 7)
  0.15% of Permutation test rounds,  47.37% of Permutation tests (Core 1/15, passed_count 9)
  0.16% of Permutation test rounds,  52.63% of Permutation tests (Core 9/15, passed_count 10)
  0.17% of Permutation test rounds,  52.63% of Permutation tests (Core 1/15, passed_count 10)
  0.18% of Permutation test rounds,  57.89% of Permutation tests (Core 1/15, passed_count 11)
  0.19% of Permutation test rounds,  63.16% of Permutation tests (Core 1/15, passed_count 12)
  0.20% of Permutation test rounds,  63.16% of Permutation tests (Core 9/15, passed_count 12)
  0.21% of Permutation test rounds,  68.42% of Permutation tests (Core 1/15, passed_count 13)
  0.22% of Permutation test rounds,  68.42% of Permutation tests (Core 1/15, passed_count 13)
  0.23% of Permutation test rounds,  68.42% of Permutation tests (Core 1/15, passed_count 13)
  0.24% of Permutation test rounds,  68.42% of Permutation tests (Core 9/15, passed_count 13)
  0.25% of Permutation test rounds,  68.42% of Permutation tests (Core 1/15, passed_count 13)
  0.26% of Permutation test rounds,  73.68% of Permutation tests (Core 9/15, passed_count 14)
  0.27% of Permutation test rounds,  78.95% of Permutation tests (Core 1/15, passed_count 15)
  0.28% of Permutation test rounds,  78.95% of Permutation tests (Core 9/15, passed_count 15)
  0.29% of Permutation test rounds,  78.95% of Permutation tests (Core 1/15, passed_count 15)
  0.30% of Permutation test rounds,  78.95% of Permutation tests (Core 9/15, passed_count 15)
  0.31% of Permutation test rounds,  78.95% of Permutation tests (Core 1/15, passed_count 15)
  0.32% of Permutation test rounds,  84.21% of Permutation tests (Core 9/15, passed_count 16)
  0.33% of Permutation test rounds,  84.21% of Permutation tests (Core 1/15, passed_count 16)
  0.34% of Permutation test rounds,  89.47% of Permutation tests (Core 9/15, passed_count 17)
  0.35% of Permutation test rounds,  89.47% of Permutation tests (Core 1/15, passed_count 17)
  0.36% of Permutation test rounds,  94.74% of Permutation tests (Core 9/15, passed_count 18)
  0.37% of Permutation test rounds,  94.74% of Permutation tests (Core 1/15, passed_count 18)
  0.38% of Permutation test rounds,  94.74% of Permutation tests (Core 9/15, passed_count 18)
  0.39% of Permutation test rounds,  94.74% of Permutation tests (Core 1/15, passed_count 18)
  0.40% of Permutation test rounds,  94.74% of Permutation tests (Core 9/15, passed_count 18)
  0.41% of Permutation test rounds,  94.74% of Permutation tests (Core 9/15, passed_count 18)
  0.42% of Permutation test rounds,  94.74% of Permutation tests (Core 9/15, passed_count 18)
  0.43% of Permutation test rounds,  94.74% of Permutation tests (Core 9/15, passed_count 18)
  0.44% of Permutation test rounds,  94.74% of Permutation tests (Core 9/15, passed_count 18)
  0.45% of Permutation test rounds, 100.00% of Permutation tests (Core 9/15, passed_count 19)
  6.55% of Permutation test rounds, 100.00% of Permutation tests (Core 1/15, passed_count 19)
 12.65% of Permutation test rounds, 100.00% of Permutation tests (Core 6/15, passed_count 19)
 18.89% of Permutation test rounds, 100.00% of Permutation tests (Core 12/15, passed_count 19)
 25.13% of Permutation test rounds, 100.00% of Permutation tests (Core 5/15, passed_count 19)
 25.14% of Permutation test rounds, 100.00% of Permutation tests (Core 8/15, passed_count 19)
 37.61% of Permutation test rounds, 100.00% of Permutation tests (Core 10/15, passed_count 19)
 43.85% of Permutation test rounds, 100.00% of Permutation tests (Core 2/15, passed_count 19)
 50.09% of Permutation test rounds, 100.00% of Permutation tests (Core 15/15, passed_count 19)
 56.33% of Permutation test rounds, 100.00% of Permutation tests (Core 14/15, passed_count 19)
 62.57% of Permutation test rounds, 100.00% of Permutation tests (Core 11/15, passed_count 19)
 68.81% of Permutation test rounds, 100.00% of Permutation tests (Core 0/15, passed_count 19)
 75.05% of Permutation test rounds, 100.00% of Permutation tests (Core 13/15, passed_count 19)
 81.29% of Permutation test rounds, 100.00% of Permutation tests (Core 4/15, passed_count 19)
 87.53% of Permutation test rounds, 100.00% of Permutation tests (Core 3/15, passed_count 19)
 93.77% of Permutation test rounds, 100.00% of Permutation tests (Core 7/15, passed_count 19)


                statistic  C[i][0]  C[i][1]  C[i][2]
----------------------------------------------------
                excursion      13       0       6
       numDirectionalRuns       6       0      15
       lenDirectionalRuns       0       6       7
    numIncreasesDecreases       8       0       6
            numRunsMedian      10       0       6
            lenRunsMedian       8       2       4
             avgCollision       6       0       8
             maxCollision       6       0       6
           periodicity(1)       6       0       6
           periodicity(2)       7       0       6
           periodicity(8)       6       0      39
          periodicity(16)       6       0      28
          periodicity(32)       6       0      20
            covariance(1)      21       0       6
            covariance(2)       6       0      12
            covariance(8)       6       0      30
           covariance(16)      26       0       6
           covariance(32)       6       0       9
              compression       6       0       9
(* denotes failed test)

** Passed IID permutation tests

your 131072x1 screen size is bogus. expect trouble
your 131072x1 screen size is bogus. expect trouble
Identity added: /home/mmggjj/.ssh/id_ed25519 (mariogj.03@gmail.com)
tiempo_s=0.36 maxrss_kB=75204
--- condA_rep2_noniid_b1: exit 0, 1 s ---
Agent pid 423
Opening file: '/mnt/c/Users/mario/Documents/TFM_FPGA_CRYPTO/results/entropia90b/bits/condA_rep2.bits' (SHA-256 hash dc39f99668b5842eb0e00667d9b0f10f5903228908ea2018338531dcf03c57f7)
Loaded 1000000 samples of 2 distinct 1-bit-wide symbols

Running non-IID tests...

Running Most Common Value Estimate...
Literal MCV Estimate: mode = 500310, p-hat = 0.50031000000000003, p_u = 0.50159791504819495
	Most Common Value Estimate = 0.995397 / 1 bit(s)

Running Entropic Statistic Estimates (bit strings only)...
Literal Collision Estimate: X-bar = 2.501094228725067, sigma-hat = 0.49999942793529684, p = 0.52170928848292353
	Collision Test Estimate = 0.938682 / 1 bit(s)
Literal Markov Estimate: P_0 = 0.49969000000000002, P_1 = 0.50031000000000003, P_0,0 = 0.4988983147517756, P_0,1 = 0.5011016852482244, P_1,0 = 0.50048170134516601, P_1,1 = 0.49951829865483399, p_max = 3.5926390778834259e-39
	Markov Test Estimate = 0.997736 / 1 bit(s)
Literal Compression Estimate: X-bar = 5.2182073978457959, sigma-hat = 1.0151326620277676, p = 0.028511228562249413
	Compression Test Estimate = 0.855388 / 1 bit(s)

Running Tuple Estimates...
Literal t-Tuple Estimate: t = 15, p-hat_max = 0.5230507414148808378266, p_u = 0.524337287349360094222
Literal LRS Estimate: u = 16, v = 39, p-hat = 0.50132031109936277, p_u = 0.50260822190484419
	T-Tuple Test Estimate = 0.931433 / 1 bit(s)
	LRS Test Estimate = 0.992494 / 1 bit(s)

Running Predictor Estimates...
Literal MultiMCW Prediction Estimate: N = 999937, Pglobal' = 0.50167047958912037 (C = 500351) Plocal can't affect result (r = 20)
	Multi Most Common in Window (MultiMCW) Prediction Test Estimate = 0.995188 / 1 bit(s)
Literal Lag Prediction Estimate: N = 999999, Pglobal' = 0.50032641259687227 (C = 499038) Plocal can't affect result (r = 21)
	Lag Prediction Test Estimate = 0.999058 / 1 bit(s)
Literal MultiMMC Prediction Estimate: N = 999998, Pglobal' = 0.50157491694548217 (C = 500286) Plocal can't affect result (r = 21)
	Multi Markov Model with Counting (MultiMMC) Prediction Test Estimate = 0.995463 / 1 bit(s)
Literal LZ78Y Prediction Estimate: N = 999983, Pglobal' = 0.50179543420735984 (C = 500499) Plocal can't affect result (r = 21)
	LZ78Y Prediction Test Estimate = 0.994829 / 1 bit(s)

H_original: 0.855388
your 131072x1 screen size is bogus. expect trouble
your 131072x1 screen size is bogus. expect trouble
Identity added: /home/mmggjj/.ssh/id_ed25519 (mariogj.03@gmail.com)
tiempo_s=0.93 maxrss_kB=22744
--- condA_rep2_iid_b1: exit 0, 3 s ---
Agent pid 423
Opening file: '/mnt/c/Users/mario/Documents/TFM_FPGA_CRYPTO/results/entropia90b/bits/condA_rep2.bits' (SHA-256 hash dc39f99668b5842eb0e00667d9b0f10f5903228908ea2018338531dcf03c57f7)
Loaded 1000000 samples of 2 distinct 1-bit-wide symbols
Calculating baseline statistics...
	Raw Mean: 0.500310
	Median: 0.500000
	Binary: true

Literal MCV Estimate: mode = 500310, p-hat = 0.50031000000000003, p_u = 0.50159791504819495
H_original: 0.995397
Chi square independence
	score = 1984.988669
	degrees of freedom = 2046
	p-value = 0.829697

Chi square goodness of fit
	score = 7.691763
	degrees of freedom = 9
	p-value = 0.565482

** Passed chi square tests

Literal Longest Repeated Substring results
	P_col: 0.500000
	Length of LRS: 39
	Pr(X >= 1): 0.597250
** Passed length of longest repeated substring test

Beginning initial tests...

Initial test results
              excursion: 364.754
     numDirectionalRuns: 79892
     lenDirectionalRuns: 10
  numIncreasesDecreases: 74645
          numRunsMedian: 500792
          lenRunsMedian: 20
           avgCollision: 20.7607
           maxCollision: 68
         periodicity(1): 24309
         periodicity(2): 24338
         periodicity(8): 24525
        periodicity(16): 24577
        periodicity(32): 24814
          covariance(1): 2.00175e+06
          covariance(2): 2.00367e+06
          covariance(8): 2.0036e+06
         covariance(16): 2.00261e+06
         covariance(32): 2.00221e+06
            compression: 155884

Beginning permutation tests... these may take some time
  0.01% of Permutation test rounds,   0.00% of Permutation tests (Core 11/15, passed_count 0)
  0.02% of Permutation test rounds,   0.00% of Permutation tests (Core 4/15, passed_count 0)
  0.03% of Permutation test rounds,   0.00% of Permutation tests (Core 0/15, passed_count 0)
  0.04% of Permutation test rounds,   0.00% of Permutation tests (Core 14/15, passed_count 0)
  0.05% of Permutation test rounds,   0.00% of Permutation tests (Core 15/15, passed_count 0)
  0.06% of Permutation test rounds,   0.00% of Permutation tests (Core 9/15, passed_count 0)
  0.07% of Permutation test rounds,   0.00% of Permutation tests (Core 10/15, passed_count 0)
  0.08% of Permutation test rounds,   0.00% of Permutation tests (Core 5/15, passed_count 0)
  0.09% of Permutation test rounds,   0.00% of Permutation tests (Core 1/15, passed_count 0)
  0.10% of Permutation test rounds,   0.00% of Permutation tests (Core 12/15, passed_count 0)
  0.11% of Permutation test rounds,   0.00% of Permutation tests (Core 6/15, passed_count 0)
  0.12% of Permutation test rounds,   5.26% of Permutation tests (Core 7/15, passed_count 1)
  0.13% of Permutation test rounds,  10.53% of Permutation tests (Core 8/15, passed_count 2)
  0.14% of Permutation test rounds,  21.05% of Permutation tests (Core 13/15, passed_count 4)
  0.15% of Permutation test rounds,  26.32% of Permutation tests (Core 7/15, passed_count 5)
  0.16% of Permutation test rounds,  36.84% of Permutation tests (Core 8/15, passed_count 7)
  0.17% of Permutation test rounds,  36.84% of Permutation tests (Core 3/15, passed_count 7)
  0.18% of Permutation test rounds,  36.84% of Permutation tests (Core 2/15, passed_count 7)
  0.19% of Permutation test rounds,  42.11% of Permutation tests (Core 13/15, passed_count 8)
  0.20% of Permutation test rounds,  42.11% of Permutation tests (Core 7/15, passed_count 8)
  0.21% of Permutation test rounds,  42.11% of Permutation tests (Core 8/15, passed_count 8)
  0.22% of Permutation test rounds,  47.37% of Permutation tests (Core 3/15, passed_count 9)
  0.23% of Permutation test rounds,  47.37% of Permutation tests (Core 2/15, passed_count 9)
  0.24% of Permutation test rounds,  47.37% of Permutation tests (Core 13/15, passed_count 9)
  0.25% of Permutation test rounds,  47.37% of Permutation tests (Core 7/15, passed_count 9)
  0.26% of Permutation test rounds,  52.63% of Permutation tests (Core 8/15, passed_count 10)
  0.27% of Permutation test rounds,  52.63% of Permutation tests (Core 3/15, passed_count 10)
  0.28% of Permutation test rounds,  52.63% of Permutation tests (Core 2/15, passed_count 10)
  0.29% of Permutation test rounds,  52.63% of Permutation tests (Core 13/15, passed_count 10)
  0.30% of Permutation test rounds,  52.63% of Permutation tests (Core 7/15, passed_count 10)
  0.31% of Permutation test rounds,  52.63% of Permutation tests (Core 8/15, passed_count 10)
  0.32% of Permutation test rounds,  52.63% of Permutation tests (Core 3/15, passed_count 10)
  0.33% of Permutation test rounds,  57.89% of Permutation tests (Core 2/15, passed_count 11)
  0.34% of Permutation test rounds,  57.89% of Permutation tests (Core 13/15, passed_count 11)
  0.35% of Permutation test rounds,  57.89% of Permutation tests (Core 7/15, passed_count 11)
  0.36% of Permutation test rounds,  57.89% of Permutation tests (Core 8/15, passed_count 11)
  0.37% of Permutation test rounds,  57.89% of Permutation tests (Core 3/15, passed_count 11)
  0.38% of Permutation test rounds,  57.89% of Permutation tests (Core 2/15, passed_count 11)
  0.39% of Permutation test rounds,  57.89% of Permutation tests (Core 13/15, passed_count 11)
  0.40% of Permutation test rounds,  57.89% of Permutation tests (Core 7/15, passed_count 11)
  0.41% of Permutation test rounds,  57.89% of Permutation tests (Core 8/15, passed_count 11)
  0.42% of Permutation test rounds,  57.89% of Permutation tests (Core 3/15, passed_count 11)
  0.43% of Permutation test rounds,  57.89% of Permutation tests (Core 2/15, passed_count 11)
  0.44% of Permutation test rounds,  57.89% of Permutation tests (Core 13/15, passed_count 11)
  0.45% of Permutation test rounds,  57.89% of Permutation tests (Core 7/15, passed_count 11)
  0.46% of Permutation test rounds,  57.89% of Permutation tests (Core 8/15, passed_count 11)
  0.47% of Permutation test rounds,  63.16% of Permutation tests (Core 3/15, passed_count 12)
  0.48% of Permutation test rounds,  63.16% of Permutation tests (Core 2/15, passed_count 12)
  0.49% of Permutation test rounds,  68.42% of Permutation tests (Core 13/15, passed_count 13)
  0.50% of Permutation test rounds,  68.42% of Permutation tests (Core 7/15, passed_count 13)
  0.51% of Permutation test rounds,  68.42% of Permutation tests (Core 8/15, passed_count 13)
  0.52% of Permutation test rounds,  68.42% of Permutation tests (Core 3/15, passed_count 13)
  0.53% of Permutation test rounds,  68.42% of Permutation tests (Core 2/15, passed_count 13)
  0.54% of Permutation test rounds,  68.42% of Permutation tests (Core 13/15, passed_count 13)
  0.55% of Permutation test rounds,  68.42% of Permutation tests (Core 7/15, passed_count 13)
  0.56% of Permutation test rounds,  68.42% of Permutation tests (Core 8/15, passed_count 13)
  0.57% of Permutation test rounds,  68.42% of Permutation tests (Core 3/15, passed_count 13)
  0.58% of Permutation test rounds,  68.42% of Permutation tests (Core 2/15, passed_count 13)
  0.59% of Permutation test rounds,  68.42% of Permutation tests (Core 13/15, passed_count 13)
  0.60% of Permutation test rounds,  68.42% of Permutation tests (Core 7/15, passed_count 13)
  0.61% of Permutation test rounds,  68.42% of Permutation tests (Core 8/15, passed_count 13)
  0.62% of Permutation test rounds,  68.42% of Permutation tests (Core 3/15, passed_count 13)
  0.63% of Permutation test rounds,  68.42% of Permutation tests (Core 2/15, passed_count 13)
  0.64% of Permutation test rounds,  68.42% of Permutation tests (Core 13/15, passed_count 13)
  0.65% of Permutation test rounds,  68.42% of Permutation tests (Core 7/15, passed_count 13)
  0.66% of Permutation test rounds,  68.42% of Permutation tests (Core 8/15, passed_count 13)
  0.67% of Permutation test rounds,  73.68% of Permutation tests (Core 3/15, passed_count 14)
  0.68% of Permutation test rounds,  73.68% of Permutation tests (Core 2/15, passed_count 14)
  0.69% of Permutation test rounds,  73.68% of Permutation tests (Core 13/15, passed_count 14)
  0.70% of Permutation test rounds,  73.68% of Permutation tests (Core 7/15, passed_count 14)
  0.71% of Permutation test rounds,  73.68% of Permutation tests (Core 8/15, passed_count 14)
  0.72% of Permutation test rounds,  73.68% of Permutation tests (Core 11/15, passed_count 14)
  0.73% of Permutation test rounds,  73.68% of Permutation tests (Core 3/15, passed_count 14)
  0.74% of Permutation test rounds,  73.68% of Permutation tests (Core 2/15, passed_count 14)
  0.75% of Permutation test rounds,  73.68% of Permutation tests (Core 13/15, passed_count 14)
  0.76% of Permutation test rounds,  73.68% of Permutation tests (Core 7/15, passed_count 14)
  0.77% of Permutation test rounds,  73.68% of Permutation tests (Core 8/15, passed_count 14)
  0.78% of Permutation test rounds,  73.68% of Permutation tests (Core 11/15, passed_count 14)
  0.79% of Permutation test rounds,  73.68% of Permutation tests (Core 3/15, passed_count 14)
  0.80% of Permutation test rounds,  78.95% of Permutation tests (Core 2/15, passed_count 15)
  0.81% of Permutation test rounds,  78.95% of Permutation tests (Core 4/15, passed_count 15)
  0.82% of Permutation test rounds,  78.95% of Permutation tests (Core 13/15, passed_count 15)
  0.83% of Permutation test rounds,  78.95% of Permutation tests (Core 0/15, passed_count 15)
  0.84% of Permutation test rounds,  78.95% of Permutation tests (Core 7/15, passed_count 15)
  0.85% of Permutation test rounds,  78.95% of Permutation tests (Core 8/15, passed_count 15)
  0.86% of Permutation test rounds,  78.95% of Permutation tests (Core 11/15, passed_count 15)
  0.87% of Permutation test rounds,  78.95% of Permutation tests (Core 3/15, passed_count 15)
  0.88% of Permutation test rounds,  78.95% of Permutation tests (Core 14/15, passed_count 15)
  0.89% of Permutation test rounds,  78.95% of Permutation tests (Core 2/15, passed_count 15)
  0.90% of Permutation test rounds,  78.95% of Permutation tests (Core 4/15, passed_count 15)
  0.91% of Permutation test rounds,  78.95% of Permutation tests (Core 13/15, passed_count 15)
  0.92% of Permutation test rounds,  78.95% of Permutation tests (Core 10/15, passed_count 15)
  0.93% of Permutation test rounds,  78.95% of Permutation tests (Core 0/15, passed_count 15)
  0.94% of Permutation test rounds,  78.95% of Permutation tests (Core 5/15, passed_count 15)
  0.95% of Permutation test rounds,  78.95% of Permutation tests (Core 9/15, passed_count 15)
  0.96% of Permutation test rounds,  78.95% of Permutation tests (Core 1/15, passed_count 15)
  0.97% of Permutation test rounds,  78.95% of Permutation tests (Core 7/15, passed_count 15)
  0.98% of Permutation test rounds,  78.95% of Permutation tests (Core 1/15, passed_count 15)
  0.99% of Permutation test rounds,  78.95% of Permutation tests (Core 7/15, passed_count 15)
  1.00% of Permutation test rounds,  78.95% of Permutation tests (Core 15/15, passed_count 15)
  1.01% of Permutation test rounds,  78.95% of Permutation tests (Core 12/15, passed_count 15)
  1.02% of Permutation test rounds,  78.95% of Permutation tests (Core 3/15, passed_count 15)
  1.03% of Permutation test rounds,  78.95% of Permutation tests (Core 14/15, passed_count 15)
  1.04% of Permutation test rounds,  78.95% of Permutation tests (Core 2/15, passed_count 15)
  1.05% of Permutation test rounds,  78.95% of Permutation tests (Core 6/15, passed_count 15)
  1.06% of Permutation test rounds,  78.95% of Permutation tests (Core 4/15, passed_count 15)
  1.07% of Permutation test rounds,  78.95% of Permutation tests (Core 13/15, passed_count 15)
  1.08% of Permutation test rounds,  84.21% of Permutation tests (Core 10/15, passed_count 16)
  1.09% of Permutation test rounds,  84.21% of Permutation tests (Core 0/15, passed_count 16)
  1.10% of Permutation test rounds,  84.21% of Permutation tests (Core 5/15, passed_count 16)
  1.11% of Permutation test rounds,  84.21% of Permutation tests (Core 9/15, passed_count 16)
  1.12% of Permutation test rounds,  84.21% of Permutation tests (Core 8/15, passed_count 16)
  1.13% of Permutation test rounds,  84.21% of Permutation tests (Core 11/15, passed_count 16)
  1.14% of Permutation test rounds,  84.21% of Permutation tests (Core 1/15, passed_count 16)
  1.15% of Permutation test rounds,  84.21% of Permutation tests (Core 7/15, passed_count 16)
  1.16% of Permutation test rounds,  84.21% of Permutation tests (Core 15/15, passed_count 16)
  1.17% of Permutation test rounds,  84.21% of Permutation tests (Core 12/15, passed_count 16)
  1.18% of Permutation test rounds,  84.21% of Permutation tests (Core 3/15, passed_count 16)
  1.19% of Permutation test rounds,  84.21% of Permutation tests (Core 14/15, passed_count 16)
  1.20% of Permutation test rounds,  84.21% of Permutation tests (Core 2/15, passed_count 16)
  1.21% of Permutation test rounds,  84.21% of Permutation tests (Core 6/15, passed_count 16)
  1.22% of Permutation test rounds,  84.21% of Permutation tests (Core 4/15, passed_count 16)
  1.23% of Permutation test rounds,  84.21% of Permutation tests (Core 13/15, passed_count 16)
  1.24% of Permutation test rounds,  84.21% of Permutation tests (Core 10/15, passed_count 16)
  1.25% of Permutation test rounds,  84.21% of Permutation tests (Core 0/15, passed_count 16)
  1.26% of Permutation test rounds,  84.21% of Permutation tests (Core 5/15, passed_count 16)
  1.27% of Permutation test rounds,  84.21% of Permutation tests (Core 9/15, passed_count 16)
  1.28% of Permutation test rounds,  84.21% of Permutation tests (Core 8/15, passed_count 16)
  1.29% of Permutation test rounds,  84.21% of Permutation tests (Core 11/15, passed_count 16)
  1.30% of Permutation test rounds,  84.21% of Permutation tests (Core 1/15, passed_count 16)
  1.31% of Permutation test rounds,  84.21% of Permutation tests (Core 7/15, passed_count 16)
  1.32% of Permutation test rounds,  84.21% of Permutation tests (Core 15/15, passed_count 16)
  1.33% of Permutation test rounds,  84.21% of Permutation tests (Core 12/15, passed_count 16)
  1.34% of Permutation test rounds,  84.21% of Permutation tests (Core 3/15, passed_count 16)
  1.35% of Permutation test rounds,  89.47% of Permutation tests (Core 14/15, passed_count 17)
  1.36% of Permutation test rounds,  89.47% of Permutation tests (Core 2/15, passed_count 17)
  1.37% of Permutation test rounds,  89.47% of Permutation tests (Core 6/15, passed_count 17)
  1.38% of Permutation test rounds,  89.47% of Permutation tests (Core 4/15, passed_count 17)
  1.39% of Permutation test rounds,  89.47% of Permutation tests (Core 13/15, passed_count 17)
  1.40% of Permutation test rounds,  94.74% of Permutation tests (Core 10/15, passed_count 18)
  1.41% of Permutation test rounds,  94.74% of Permutation tests (Core 0/15, passed_count 18)
  1.42% of Permutation test rounds,  94.74% of Permutation tests (Core 5/15, passed_count 18)
  1.43% of Permutation test rounds,  94.74% of Permutation tests (Core 9/15, passed_count 18)
  1.44% of Permutation test rounds,  94.74% of Permutation tests (Core 8/15, passed_count 18)
  1.45% of Permutation test rounds,  94.74% of Permutation tests (Core 11/15, passed_count 18)
  1.46% of Permutation test rounds,  94.74% of Permutation tests (Core 1/15, passed_count 18)
  1.47% of Permutation test rounds,  94.74% of Permutation tests (Core 7/15, passed_count 18)
  1.48% of Permutation test rounds,  94.74% of Permutation tests (Core 15/15, passed_count 18)
  1.49% of Permutation test rounds,  94.74% of Permutation tests (Core 12/15, passed_count 18)
  1.50% of Permutation test rounds,  94.74% of Permutation tests (Core 3/15, passed_count 18)
  1.51% of Permutation test rounds,  94.74% of Permutation tests (Core 14/15, passed_count 18)
  1.52% of Permutation test rounds,  94.74% of Permutation tests (Core 2/15, passed_count 18)
  1.53% of Permutation test rounds,  94.74% of Permutation tests (Core 6/15, passed_count 18)
  1.54% of Permutation test rounds,  94.74% of Permutation tests (Core 4/15, passed_count 18)
  1.55% of Permutation test rounds,  94.74% of Permutation tests (Core 13/15, passed_count 18)
  1.56% of Permutation test rounds,  94.74% of Permutation tests (Core 10/15, passed_count 18)
  1.57% of Permutation test rounds,  94.74% of Permutation tests (Core 0/15, passed_count 18)
  1.58% of Permutation test rounds,  94.74% of Permutation tests (Core 5/15, passed_count 18)
  1.59% of Permutation test rounds,  94.74% of Permutation tests (Core 9/15, passed_count 18)
  1.60% of Permutation test rounds,  94.74% of Permutation tests (Core 8/15, passed_count 18)
  1.61% of Permutation test rounds,  94.74% of Permutation tests (Core 11/15, passed_count 18)
  1.62% of Permutation test rounds,  94.74% of Permutation tests (Core 1/15, passed_count 18)
  1.63% of Permutation test rounds,  94.74% of Permutation tests (Core 7/15, passed_count 18)
  1.64% of Permutation test rounds,  94.74% of Permutation tests (Core 15/15, passed_count 18)
  1.65% of Permutation test rounds,  94.74% of Permutation tests (Core 12/15, passed_count 18)
  1.66% of Permutation test rounds,  94.74% of Permutation tests (Core 3/15, passed_count 18)
  1.67% of Permutation test rounds,  94.74% of Permutation tests (Core 14/15, passed_count 18)
  1.68% of Permutation test rounds,  94.74% of Permutation tests (Core 2/15, passed_count 18)
  1.69% of Permutation test rounds,  94.74% of Permutation tests (Core 6/15, passed_count 18)
  1.70% of Permutation test rounds,  94.74% of Permutation tests (Core 4/15, passed_count 18)
  1.71% of Permutation test rounds,  94.74% of Permutation tests (Core 13/15, passed_count 18)
  1.72% of Permutation test rounds,  94.74% of Permutation tests (Core 10/15, passed_count 18)
  1.73% of Permutation test rounds,  94.74% of Permutation tests (Core 0/15, passed_count 18)
  1.74% of Permutation test rounds,  94.74% of Permutation tests (Core 5/15, passed_count 18)
  1.75% of Permutation test rounds,  94.74% of Permutation tests (Core 9/15, passed_count 18)
  1.76% of Permutation test rounds,  94.74% of Permutation tests (Core 8/15, passed_count 18)
  1.77% of Permutation test rounds,  94.74% of Permutation tests (Core 11/15, passed_count 18)
  1.78% of Permutation test rounds,  94.74% of Permutation tests (Core 1/15, passed_count 18)
  1.79% of Permutation test rounds,  94.74% of Permutation tests (Core 7/15, passed_count 18)
  1.80% of Permutation test rounds,  94.74% of Permutation tests (Core 15/15, passed_count 18)
  1.81% of Permutation test rounds, 100.00% of Permutation tests (Core 12/15, passed_count 19)
  8.00% of Permutation test rounds, 100.00% of Permutation tests (Core 3/15, passed_count 19)
 14.06% of Permutation test rounds, 100.00% of Permutation tests (Core 14/15, passed_count 19)
 20.24% of Permutation test rounds, 100.00% of Permutation tests (Core 2/15, passed_count 19)
 26.30% of Permutation test rounds, 100.00% of Permutation tests (Core 6/15, passed_count 19)
 32.49% of Permutation test rounds, 100.00% of Permutation tests (Core 4/15, passed_count 19)
 38.66% of Permutation test rounds, 100.00% of Permutation tests (Core 13/15, passed_count 19)
 44.71% of Permutation test rounds, 100.00% of Permutation tests (Core 10/15, passed_count 19)
 50.89% of Permutation test rounds, 100.00% of Permutation tests (Core 0/15, passed_count 19)
 57.06% of Permutation test rounds, 100.00% of Permutation tests (Core 5/15, passed_count 19)
 63.24% of Permutation test rounds, 100.00% of Permutation tests (Core 9/15, passed_count 19)
 69.42% of Permutation test rounds, 100.00% of Permutation tests (Core 8/15, passed_count 19)
 75.47% of Permutation test rounds, 100.00% of Permutation tests (Core 11/15, passed_count 19)
 81.63% of Permutation test rounds, 100.00% of Permutation tests (Core 1/15, passed_count 19)
 87.80% of Permutation test rounds, 100.00% of Permutation tests (Core 7/15, passed_count 19)
 93.83% of Permutation test rounds, 100.00% of Permutation tests (Core 15/15, passed_count 19)


                statistic  C[i][0]  C[i][1]  C[i][2]
----------------------------------------------------
                excursion      10       0       6
       numDirectionalRuns       6       0      61
       lenDirectionalRuns       9       6       0
    numIncreasesDecreases      41       0       6
            numRunsMedian       6       0      74
            lenRunsMedian       6       3       3
             avgCollision       6       0       7
             maxCollision       3       3      20
           periodicity(1)     129       1       5
           periodicity(2)      43       0       6
           periodicity(8)       8       0       6
          periodicity(16)       6       0      10
          periodicity(32)       6       0     134
            covariance(1)      27       0       6
            covariance(2)       6       0     175
            covariance(8)       6       0     102
           covariance(16)       6       0      16
           covariance(32)       6       0      13
              compression       8       0       6
(* denotes failed test)

** Passed IID permutation tests

your 131072x1 screen size is bogus. expect trouble
your 131072x1 screen size is bogus. expect trouble
Identity added: /home/mmggjj/.ssh/id_ed25519 (mariogj.03@gmail.com)
tiempo_s=5.59 maxrss_kB=162892
--- condB_rep2_noniid_b8: exit 0, 7 s ---
Agent pid 423
Opening file: '/mnt/c/Users/mario/Documents/TFM_FPGA_CRYPTO/results/esp32_campana_rng/condB_rep2.bin' (SHA-256 hash cd02b518d990fadfeaea6ae023d35715656b42c817de74462917a33b79ef681f)
Loaded 125000 samples of 256 distinct 8-bit-wide symbols
Number of Binary Symbols: 1000000

*** Warning: data contains less than 1000000 samples ***


Running non-IID tests...

Running Most Common Value Estimate...
Bitstring MCV Estimate: mode = 500190, p-hat = 0.50019000000000002, p_u = 0.50147791520274476
	Most Common Value Estimate (bit string) = 0.995742 / 1 bit(s)
Literal MCV Estimate: mode = 546, p-hat = 0.0043680000000000004, p_u = 0.0048484570256475991
	Most Common Value Estimate = 7.688259 / 8 bit(s)

Running Entropic Statistic Estimates (bit strings only)...
Bitstring Collision Estimate: X-bar = 2.4993626625210572, sigma-hat = 0.50000021864210198, p = 0.53656125440469637
	Collision Test Estimate (bit string) = 0.898185 / 1 bit(s)
Bitstring Markov Estimate: P_0 = 0.50019000000000002, P_1 = 0.49980999999999998, P_0,0 = 0.5001609391649956, P_0,1 = 0.4998390608350044, P_1,0 = 0.50021808287149117, P_1,1 = 0.49978191712850883, p_max = 3.062499502047168e-39
	Markov Test Estimate (bit string) = 0.999535 / 1 bit(s)
Bitstring Compression Estimate: X-bar = 5.2174043544548345, sigma-hat = 1.0152318552219912, p = 0.029449259308052866
	Compression Test Estimate (bit string) = 0.847604 / 1 bit(s)

Running Tuple Estimates...
Bitstring t-Tuple Estimate: t = 15, p-hat_max = 0.5200254334221196312227, p_u = 0.5213123153488957853881
Bitstring LRS Estimate: u = 16, v = 40, p-hat = 0.51020649795350425, p_u = 0.51149414489030685
	T-Tuple Test Estimate (bit string) = 0.939780 / 1 bit(s)
Literal t-Tuple Estimate: t = 1, p-hat_max = 0.004368000000000000000122, p_u = 0.004848457025647598254284
Literal LRS Estimate: u = 2, v = 4, p-hat = 0.0041565218478810678, p_u = 0.0046252536129262319
	T-Tuple Test Estimate = 7.688259 / 8 bit(s)
	LRS Test Estimate (bit string) = 0.967210 / 1 bit(s)
	LRS Test Estimate = 7.756252 / 8 bit(s)

Running Predictor Estimates...
Bitstring MultiMCW Prediction Estimate: N = 999937, Pglobal' = 0.50172548293815034 (C = 500406) Plocal can't affect result (r = 20)
	Multi Most Common in Window (MultiMCW) Prediction Test Estimate (bit string) = 0.995030 / 1 bit(s)
Literal MultiMCW Prediction Estimate: N = 124937, Pglobal' = 0.0043520568751168835 (C = 487) Plocal can't affect result (r = 3)
	Multi Most Common in Window (MultiMCW) Prediction Test Estimate = 7.844087 / 8 bit(s)
Bitstring Lag Prediction Estimate: N = 999999, Pglobal' = 0.50061741411117011 (C = 499329) Plocal can't affect result (r = 22)
	Lag Prediction Test Estimate (bit string) = 0.998220 / 1 bit(s)
Literal Lag Prediction Estimate: N = 124999, Pglobal' = 0.0044768086165827611 (C = 502) Plocal can't affect result (r = 3)
	Lag Prediction Test Estimate = 7.803314 / 8 bit(s)
Bitstring MultiMMC Prediction Estimate: N = 999998, Pglobal' = 0.5015829169494892 (C = 500294) Plocal can't affect result (r = 19)
	Multi Markov Model with Counting (MultiMMC) Prediction Test Estimate (bit string) = 0.995440 / 1 bit(s)
Literal MultiMMC Prediction Estimate: N = 124998, Pglobal' = 0.004333003919185288 (C = 485) Plocal can't affect result (r = 3)
	Multi Markov Model with Counting (MultiMMC) Prediction Test Estimate = 7.850417 / 8 bit(s)
Bitstring LZ78Y Prediction Estimate: N = 999983, Pglobal' = 0.50051241151026682 (C = 499216) Plocal can't affect result (r = 20)
	LZ78Y Prediction Test Estimate (bit string) = 0.998522 / 1 bit(s)
Literal LZ78Y Prediction Estimate: N = 124983, Pglobal' = 0.0043335238447129078 (C = 485) Plocal can't affect result (r = 3)
	LZ78Y Prediction Test Estimate = 7.850244 / 8 bit(s)

H_original: 7.688259
H_bitstring: 0.847604
min(H_original, 8 X H_bitstring): 6.780833
your 131072x1 screen size is bogus. expect trouble
your 131072x1 screen size is bogus. expect trouble
Identity added: /home/mmggjj/.ssh/id_ed25519 (mariogj.03@gmail.com)
tiempo_s=6.07 maxrss_kB=288752
--- condB_rep2_iid_b8: exit 0, 1 s ---
Agent pid 423
Opening file: '/mnt/c/Users/mario/Documents/TFM_FPGA_CRYPTO/results/esp32_campana_rng/condB_rep2.bin' (SHA-256 hash cd02b518d990fadfeaea6ae023d35715656b42c817de74462917a33b79ef681f)
Loaded 125000 samples of 256 distinct 8-bit-wide symbols
Number of Binary samples: 1000000

*** Warning: data contains less than 1000000 samples ***

Calculating baseline statistics...
	Raw Mean: 127.418032
	Median: 127.000000
	Binary: false

Literal MCV Estimate: mode = 546, p-hat = 0.0043680000000000004, p_u = 0.0048484570256475991
Bitstring MCV Estimate: mode = 500190, p-hat = 0.50019000000000002, p_u = 0.50147791520274476
H_original: 7.688259
H_bitstring: 0.995742
min(H_original, 8 X H_bitstring): 7.688259
Chi square independence
	score = 11099.696439
	degrees of freedom = 11105
	p-value = 0.512413

Chi square goodness of fit
	score = 2359.954576
	degrees of freedom = 2295
	p-value = 0.168612

** Passed chi square tests

Literal Longest Repeated Substring results
	P_col: 0.003914
	Length of LRS: 4
	Pr(X >= 1): 0.840078
** Passed length of longest repeated substring test

Beginning initial tests...

Initial test results
              excursion: 12815.9
     numDirectionalRuns: 83314
     lenDirectionalRuns: 8
  numIncreasesDecreases: 62727
          numRunsMedian: 62282
          lenRunsMedian: 14
           avgCollision: 20.7089
           maxCollision: 64
         periodicity(1): 484
         periodicity(2): 487
         periodicity(8): 484
        periodicity(16): 513
        periodicity(32): 499
          covariance(1): 2.03123e+09
          covariance(2): 2.02865e+09
          covariance(8): 2.02656e+09
         covariance(16): 2.02829e+09
         covariance(32): 2.02624e+09
            compression: 133478

Beginning permutation tests... these may take some time
  0.01% of Permutation test rounds,   0.00% of Permutation tests (Core 5/15, passed_count 0)
  0.02% of Permutation test rounds,   0.00% of Permutation tests (Core 14/15, passed_count 0)
  0.03% of Permutation test rounds,   0.00% of Permutation tests (Core 8/15, passed_count 0)
  0.04% of Permutation test rounds,   0.00% of Permutation tests (Core 4/15, passed_count 0)
  0.05% of Permutation test rounds,   0.00% of Permutation tests (Core 13/15, passed_count 0)
  0.06% of Permutation test rounds,   0.00% of Permutation tests (Core 7/15, passed_count 0)
  0.07% of Permutation test rounds,   0.00% of Permutation tests (Core 10/15, passed_count 0)
  0.08% of Permutation test rounds,   0.00% of Permutation tests (Core 2/15, passed_count 0)
  0.09% of Permutation test rounds,   0.00% of Permutation tests (Core 6/15, passed_count 0)
  0.10% of Permutation test rounds,   0.00% of Permutation tests (Core 11/15, passed_count 0)
  0.11% of Permutation test rounds,   0.00% of Permutation tests (Core 15/15, passed_count 0)
  0.12% of Permutation test rounds,  21.05% of Permutation tests (Core 0/15, passed_count 4)
  0.13% of Permutation test rounds,  36.84% of Permutation tests (Core 12/15, passed_count 7)
  0.14% of Permutation test rounds,  47.37% of Permutation tests (Core 3/15, passed_count 9)
  0.15% of Permutation test rounds,  47.37% of Permutation tests (Core 12/15, passed_count 9)
  0.16% of Permutation test rounds,  52.63% of Permutation tests (Core 9/15, passed_count 10)
  0.17% of Permutation test rounds,  52.63% of Permutation tests (Core 3/15, passed_count 10)
  0.18% of Permutation test rounds,  52.63% of Permutation tests (Core 12/15, passed_count 10)
  0.19% of Permutation test rounds,  52.63% of Permutation tests (Core 1/15, passed_count 10)
  0.20% of Permutation test rounds,  57.89% of Permutation tests (Core 9/15, passed_count 11)
  0.21% of Permutation test rounds,  57.89% of Permutation tests (Core 12/15, passed_count 11)
  0.22% of Permutation test rounds,  63.16% of Permutation tests (Core 3/15, passed_count 12)
  0.23% of Permutation test rounds,  68.42% of Permutation tests (Core 1/15, passed_count 13)
  0.24% of Permutation test rounds,  68.42% of Permutation tests (Core 12/15, passed_count 13)
  0.25% of Permutation test rounds,  73.68% of Permutation tests (Core 9/15, passed_count 14)
  0.26% of Permutation test rounds,  73.68% of Permutation tests (Core 1/15, passed_count 14)
  0.27% of Permutation test rounds,  78.95% of Permutation tests (Core 3/15, passed_count 15)
  0.28% of Permutation test rounds,  78.95% of Permutation tests (Core 12/15, passed_count 15)
  0.29% of Permutation test rounds,  78.95% of Permutation tests (Core 9/15, passed_count 15)
  0.30% of Permutation test rounds,  78.95% of Permutation tests (Core 1/15, passed_count 15)
  0.31% of Permutation test rounds,  78.95% of Permutation tests (Core 3/15, passed_count 15)
  0.32% of Permutation test rounds,  78.95% of Permutation tests (Core 9/15, passed_count 15)
  0.33% of Permutation test rounds,  78.95% of Permutation tests (Core 1/15, passed_count 15)
  0.34% of Permutation test rounds,  78.95% of Permutation tests (Core 12/15, passed_count 15)
  0.35% of Permutation test rounds,  78.95% of Permutation tests (Core 3/15, passed_count 15)
  0.36% of Permutation test rounds,  78.95% of Permutation tests (Core 9/15, passed_count 15)
  0.37% of Permutation test rounds,  78.95% of Permutation tests (Core 1/15, passed_count 15)
  0.38% of Permutation test rounds,  78.95% of Permutation tests (Core 12/15, passed_count 15)
  0.39% of Permutation test rounds,  78.95% of Permutation tests (Core 3/15, passed_count 15)
  0.40% of Permutation test rounds,  78.95% of Permutation tests (Core 9/15, passed_count 15)
  0.41% of Permutation test rounds,  78.95% of Permutation tests (Core 1/15, passed_count 15)
  0.42% of Permutation test rounds,  78.95% of Permutation tests (Core 3/15, passed_count 15)
  0.43% of Permutation test rounds,  78.95% of Permutation tests (Core 9/15, passed_count 15)
  0.44% of Permutation test rounds,  78.95% of Permutation tests (Core 1/15, passed_count 15)
  0.45% of Permutation test rounds,  78.95% of Permutation tests (Core 12/15, passed_count 15)
  0.46% of Permutation test rounds,  78.95% of Permutation tests (Core 3/15, passed_count 15)
  0.47% of Permutation test rounds,  78.95% of Permutation tests (Core 9/15, passed_count 15)
  0.48% of Permutation test rounds,  78.95% of Permutation tests (Core 12/15, passed_count 15)
  0.49% of Permutation test rounds,  78.95% of Permutation tests (Core 1/15, passed_count 15)
  0.50% of Permutation test rounds,  78.95% of Permutation tests (Core 3/15, passed_count 15)
  0.51% of Permutation test rounds,  78.95% of Permutation tests (Core 9/15, passed_count 15)
  0.52% of Permutation test rounds,  78.95% of Permutation tests (Core 5/15, passed_count 15)
  0.53% of Permutation test rounds,  78.95% of Permutation tests (Core 1/15, passed_count 15)
  0.54% of Permutation test rounds,  78.95% of Permutation tests (Core 12/15, passed_count 15)
  0.55% of Permutation test rounds,  78.95% of Permutation tests (Core 3/15, passed_count 15)
  0.56% of Permutation test rounds,  78.95% of Permutation tests (Core 5/15, passed_count 15)
  0.57% of Permutation test rounds,  78.95% of Permutation tests (Core 9/15, passed_count 15)
  0.58% of Permutation test rounds,  78.95% of Permutation tests (Core 1/15, passed_count 15)
  0.59% of Permutation test rounds,  78.95% of Permutation tests (Core 14/15, passed_count 15)
  0.60% of Permutation test rounds,  78.95% of Permutation tests (Core 3/15, passed_count 15)
  0.61% of Permutation test rounds,  78.95% of Permutation tests (Core 5/15, passed_count 15)
  0.62% of Permutation test rounds,  78.95% of Permutation tests (Core 11/15, passed_count 15)
  0.63% of Permutation test rounds,  78.95% of Permutation tests (Core 12/15, passed_count 15)
  0.64% of Permutation test rounds,  78.95% of Permutation tests (Core 9/15, passed_count 15)
  0.65% of Permutation test rounds,  78.95% of Permutation tests (Core 1/15, passed_count 15)
  0.66% of Permutation test rounds,  78.95% of Permutation tests (Core 14/15, passed_count 15)
  0.67% of Permutation test rounds,  78.95% of Permutation tests (Core 8/15, passed_count 15)
  0.68% of Permutation test rounds,  78.95% of Permutation tests (Core 3/15, passed_count 15)
  0.69% of Permutation test rounds,  78.95% of Permutation tests (Core 10/15, passed_count 15)
  0.70% of Permutation test rounds,  78.95% of Permutation tests (Core 13/15, passed_count 15)
  0.71% of Permutation test rounds,  78.95% of Permutation tests (Core 7/15, passed_count 15)
  0.72% of Permutation test rounds,  78.95% of Permutation tests (Core 5/15, passed_count 15)
  0.73% of Permutation test rounds,  78.95% of Permutation tests (Core 14/15, passed_count 15)
  0.74% of Permutation test rounds,  78.95% of Permutation tests (Core 12/15, passed_count 15)
  0.75% of Permutation test rounds,  78.95% of Permutation tests (Core 9/15, passed_count 15)
  0.76% of Permutation test rounds,  78.95% of Permutation tests (Core 12/15, passed_count 15)
  0.77% of Permutation test rounds,  78.95% of Permutation tests (Core 9/15, passed_count 15)
  0.78% of Permutation test rounds,  78.95% of Permutation tests (Core 15/15, passed_count 15)
  0.79% of Permutation test rounds,  78.95% of Permutation tests (Core 3/15, passed_count 15)
  0.80% of Permutation test rounds,  78.95% of Permutation tests (Core 13/15, passed_count 15)
  0.81% of Permutation test rounds,  78.95% of Permutation tests (Core 10/15, passed_count 15)
  0.82% of Permutation test rounds,  78.95% of Permutation tests (Core 2/15, passed_count 15)
  0.83% of Permutation test rounds,  78.95% of Permutation tests (Core 7/15, passed_count 15)
  0.84% of Permutation test rounds,  78.95% of Permutation tests (Core 4/15, passed_count 15)
  0.85% of Permutation test rounds,  78.95% of Permutation tests (Core 1/15, passed_count 15)
  0.86% of Permutation test rounds,  78.95% of Permutation tests (Core 5/15, passed_count 15)
  0.87% of Permutation test rounds,  78.95% of Permutation tests (Core 14/15, passed_count 15)
  0.88% of Permutation test rounds,  78.95% of Permutation tests (Core 11/15, passed_count 15)
  0.89% of Permutation test rounds,  84.21% of Permutation tests (Core 14/15, passed_count 16)
  0.90% of Permutation test rounds,  84.21% of Permutation tests (Core 8/15, passed_count 16)
  0.91% of Permutation test rounds,  84.21% of Permutation tests (Core 9/15, passed_count 16)
  0.92% of Permutation test rounds,  84.21% of Permutation tests (Core 15/15, passed_count 16)
  0.93% of Permutation test rounds,  84.21% of Permutation tests (Core 0/15, passed_count 16)
  0.94% of Permutation test rounds,  84.21% of Permutation tests (Core 3/15, passed_count 16)
  0.95% of Permutation test rounds,  84.21% of Permutation tests (Core 13/15, passed_count 16)
  0.96% of Permutation test rounds,  84.21% of Permutation tests (Core 10/15, passed_count 16)
  0.97% of Permutation test rounds,  84.21% of Permutation tests (Core 2/15, passed_count 16)
  0.98% of Permutation test rounds,  84.21% of Permutation tests (Core 7/15, passed_count 16)
  0.99% of Permutation test rounds,  84.21% of Permutation tests (Core 4/15, passed_count 16)
  1.00% of Permutation test rounds,  84.21% of Permutation tests (Core 1/15, passed_count 16)
  1.01% of Permutation test rounds,  84.21% of Permutation tests (Core 6/15, passed_count 16)
  1.02% of Permutation test rounds,  84.21% of Permutation tests (Core 5/15, passed_count 16)
  1.03% of Permutation test rounds,  84.21% of Permutation tests (Core 12/15, passed_count 16)
  1.04% of Permutation test rounds,  84.21% of Permutation tests (Core 11/15, passed_count 16)
  1.05% of Permutation test rounds,  84.21% of Permutation tests (Core 14/15, passed_count 16)
  1.06% of Permutation test rounds,  84.21% of Permutation tests (Core 8/15, passed_count 16)
  1.07% of Permutation test rounds,  84.21% of Permutation tests (Core 9/15, passed_count 16)
  1.08% of Permutation test rounds,  84.21% of Permutation tests (Core 15/15, passed_count 16)
  1.09% of Permutation test rounds,  84.21% of Permutation tests (Core 0/15, passed_count 16)
  1.10% of Permutation test rounds,  84.21% of Permutation tests (Core 3/15, passed_count 16)
  1.11% of Permutation test rounds,  84.21% of Permutation tests (Core 13/15, passed_count 16)
  1.12% of Permutation test rounds,  84.21% of Permutation tests (Core 10/15, passed_count 16)
  1.13% of Permutation test rounds,  84.21% of Permutation tests (Core 2/15, passed_count 16)
  1.14% of Permutation test rounds,  84.21% of Permutation tests (Core 7/15, passed_count 16)
  1.15% of Permutation test rounds,  84.21% of Permutation tests (Core 4/15, passed_count 16)
  1.16% of Permutation test rounds,  84.21% of Permutation tests (Core 1/15, passed_count 16)
  1.17% of Permutation test rounds,  84.21% of Permutation tests (Core 6/15, passed_count 16)
  1.18% of Permutation test rounds,  84.21% of Permutation tests (Core 5/15, passed_count 16)
  1.19% of Permutation test rounds,  89.47% of Permutation tests (Core 12/15, passed_count 17)
  1.20% of Permutation test rounds,  89.47% of Permutation tests (Core 11/15, passed_count 17)
  1.21% of Permutation test rounds,  89.47% of Permutation tests (Core 14/15, passed_count 17)
  1.22% of Permutation test rounds,  89.47% of Permutation tests (Core 8/15, passed_count 17)
  1.23% of Permutation test rounds,  89.47% of Permutation tests (Core 9/15, passed_count 17)
  1.24% of Permutation test rounds,  89.47% of Permutation tests (Core 14/15, passed_count 17)
  1.25% of Permutation test rounds,  89.47% of Permutation tests (Core 0/15, passed_count 17)
  1.26% of Permutation test rounds,  89.47% of Permutation tests (Core 3/15, passed_count 17)
  1.27% of Permutation test rounds,  89.47% of Permutation tests (Core 13/15, passed_count 17)
  1.28% of Permutation test rounds,  89.47% of Permutation tests (Core 10/15, passed_count 17)
  1.29% of Permutation test rounds,  89.47% of Permutation tests (Core 2/15, passed_count 17)
  1.30% of Permutation test rounds,  89.47% of Permutation tests (Core 7/15, passed_count 17)
  1.31% of Permutation test rounds,  89.47% of Permutation tests (Core 10/15, passed_count 17)
  1.32% of Permutation test rounds,  89.47% of Permutation tests (Core 1/15, passed_count 17)
  1.33% of Permutation test rounds,  89.47% of Permutation tests (Core 7/15, passed_count 17)
  1.34% of Permutation test rounds,  89.47% of Permutation tests (Core 10/15, passed_count 17)
  1.35% of Permutation test rounds,  89.47% of Permutation tests (Core 12/15, passed_count 17)
  1.36% of Permutation test rounds,  89.47% of Permutation tests (Core 7/15, passed_count 17)
  1.37% of Permutation test rounds,  89.47% of Permutation tests (Core 10/15, passed_count 17)
  1.38% of Permutation test rounds,  89.47% of Permutation tests (Core 8/15, passed_count 17)
  1.39% of Permutation test rounds,  89.47% of Permutation tests (Core 9/15, passed_count 17)
  1.40% of Permutation test rounds,  89.47% of Permutation tests (Core 14/15, passed_count 17)
  1.41% of Permutation test rounds,  94.74% of Permutation tests (Core 0/15, passed_count 18)
  1.42% of Permutation test rounds,  94.74% of Permutation tests (Core 3/15, passed_count 18)
  1.43% of Permutation test rounds,  94.74% of Permutation tests (Core 13/15, passed_count 18)
  1.44% of Permutation test rounds,  94.74% of Permutation tests (Core 4/15, passed_count 18)
  1.45% of Permutation test rounds,  94.74% of Permutation tests (Core 2/15, passed_count 18)
  1.46% of Permutation test rounds,  94.74% of Permutation tests (Core 6/15, passed_count 18)
  1.47% of Permutation test rounds,  94.74% of Permutation tests (Core 5/15, passed_count 18)
  1.48% of Permutation test rounds,  94.74% of Permutation tests (Core 1/15, passed_count 18)
  1.49% of Permutation test rounds,  94.74% of Permutation tests (Core 11/15, passed_count 18)
  1.50% of Permutation test rounds,  94.74% of Permutation tests (Core 15/15, passed_count 18)
  1.51% of Permutation test rounds,  94.74% of Permutation tests (Core 12/15, passed_count 18)
  1.52% of Permutation test rounds,  94.74% of Permutation tests (Core 7/15, passed_count 18)
  1.53% of Permutation test rounds,  94.74% of Permutation tests (Core 10/15, passed_count 18)
  1.54% of Permutation test rounds,  94.74% of Permutation tests (Core 9/15, passed_count 18)
  1.55% of Permutation test rounds,  94.74% of Permutation tests (Core 14/15, passed_count 18)
  1.56% of Permutation test rounds,  94.74% of Permutation tests (Core 0/15, passed_count 18)
  1.57% of Permutation test rounds,  94.74% of Permutation tests (Core 3/15, passed_count 18)
  1.58% of Permutation test rounds,  94.74% of Permutation tests (Core 8/15, passed_count 18)
  1.59% of Permutation test rounds,  94.74% of Permutation tests (Core 13/15, passed_count 18)
  1.60% of Permutation test rounds,  94.74% of Permutation tests (Core 4/15, passed_count 18)
  1.61% of Permutation test rounds,  94.74% of Permutation tests (Core 2/15, passed_count 18)
  1.62% of Permutation test rounds,  94.74% of Permutation tests (Core 6/15, passed_count 18)
  1.63% of Permutation test rounds,  94.74% of Permutation tests (Core 5/15, passed_count 18)
  1.64% of Permutation test rounds,  94.74% of Permutation tests (Core 1/15, passed_count 18)
  1.65% of Permutation test rounds,  94.74% of Permutation tests (Core 11/15, passed_count 18)
  1.66% of Permutation test rounds,  94.74% of Permutation tests (Core 15/15, passed_count 18)
  1.67% of Permutation test rounds,  94.74% of Permutation tests (Core 12/15, passed_count 18)
  1.68% of Permutation test rounds,  94.74% of Permutation tests (Core 7/15, passed_count 18)
  1.69% of Permutation test rounds,  94.74% of Permutation tests (Core 10/15, passed_count 18)
  1.70% of Permutation test rounds,  94.74% of Permutation tests (Core 14/15, passed_count 18)
  1.71% of Permutation test rounds,  94.74% of Permutation tests (Core 0/15, passed_count 18)
  1.72% of Permutation test rounds,  94.74% of Permutation tests (Core 3/15, passed_count 18)
  1.73% of Permutation test rounds,  94.74% of Permutation tests (Core 8/15, passed_count 18)
  1.74% of Permutation test rounds,  94.74% of Permutation tests (Core 13/15, passed_count 18)
  1.75% of Permutation test rounds,  94.74% of Permutation tests (Core 4/15, passed_count 18)
  1.76% of Permutation test rounds,  94.74% of Permutation tests (Core 2/15, passed_count 18)
  1.77% of Permutation test rounds,  94.74% of Permutation tests (Core 9/15, passed_count 18)
  1.78% of Permutation test rounds,  94.74% of Permutation tests (Core 6/15, passed_count 18)
  1.79% of Permutation test rounds,  94.74% of Permutation tests (Core 2/15, passed_count 18)
  1.80% of Permutation test rounds,  94.74% of Permutation tests (Core 1/15, passed_count 18)
  1.81% of Permutation test rounds,  94.74% of Permutation tests (Core 11/15, passed_count 18)
  1.82% of Permutation test rounds,  94.74% of Permutation tests (Core 15/15, passed_count 18)
  1.83% of Permutation test rounds,  94.74% of Permutation tests (Core 12/15, passed_count 18)
  1.84% of Permutation test rounds,  94.74% of Permutation tests (Core 7/15, passed_count 18)
  1.85% of Permutation test rounds,  94.74% of Permutation tests (Core 10/15, passed_count 18)
  1.86% of Permutation test rounds,  94.74% of Permutation tests (Core 14/15, passed_count 18)
  1.87% of Permutation test rounds,  94.74% of Permutation tests (Core 0/15, passed_count 18)
  1.88% of Permutation test rounds,  94.74% of Permutation tests (Core 3/15, passed_count 18)
  1.89% of Permutation test rounds,  94.74% of Permutation tests (Core 8/15, passed_count 18)
  1.90% of Permutation test rounds,  94.74% of Permutation tests (Core 13/15, passed_count 18)
  1.91% of Permutation test rounds,  94.74% of Permutation tests (Core 4/15, passed_count 18)
  1.92% of Permutation test rounds,  94.74% of Permutation tests (Core 5/15, passed_count 18)
  1.93% of Permutation test rounds,  94.74% of Permutation tests (Core 9/15, passed_count 18)
  1.94% of Permutation test rounds,  94.74% of Permutation tests (Core 6/15, passed_count 18)
  1.95% of Permutation test rounds,  94.74% of Permutation tests (Core 2/15, passed_count 18)
  1.96% of Permutation test rounds,  94.74% of Permutation tests (Core 1/15, passed_count 18)
  1.97% of Permutation test rounds,  94.74% of Permutation tests (Core 11/15, passed_count 18)
  1.98% of Permutation test rounds,  94.74% of Permutation tests (Core 15/15, passed_count 18)
  1.99% of Permutation test rounds,  94.74% of Permutation tests (Core 12/15, passed_count 18)
  2.00% of Permutation test rounds,  94.74% of Permutation tests (Core 7/15, passed_count 18)
  2.01% of Permutation test rounds,  94.74% of Permutation tests (Core 10/15, passed_count 18)
  2.02% of Permutation test rounds,  94.74% of Permutation tests (Core 14/15, passed_count 18)
  2.03% of Permutation test rounds,  94.74% of Permutation tests (Core 0/15, passed_count 18)
  2.04% of Permutation test rounds,  94.74% of Permutation tests (Core 3/15, passed_count 18)
  2.05% of Permutation test rounds,  94.74% of Permutation tests (Core 8/15, passed_count 18)
  2.06% of Permutation test rounds,  94.74% of Permutation tests (Core 13/15, passed_count 18)
  2.07% of Permutation test rounds,  94.74% of Permutation tests (Core 8/15, passed_count 18)
  2.08% of Permutation test rounds,  94.74% of Permutation tests (Core 5/15, passed_count 18)
  2.09% of Permutation test rounds,  94.74% of Permutation tests (Core 9/15, passed_count 18)
  2.10% of Permutation test rounds,  94.74% of Permutation tests (Core 6/15, passed_count 18)
  2.11% of Permutation test rounds,  94.74% of Permutation tests (Core 2/15, passed_count 18)
  2.12% of Permutation test rounds,  94.74% of Permutation tests (Core 1/15, passed_count 18)
  2.13% of Permutation test rounds,  94.74% of Permutation tests (Core 11/15, passed_count 18)
  2.14% of Permutation test rounds,  94.74% of Permutation tests (Core 15/15, passed_count 18)
  2.15% of Permutation test rounds,  94.74% of Permutation tests (Core 12/15, passed_count 18)
  2.16% of Permutation test rounds,  94.74% of Permutation tests (Core 7/15, passed_count 18)
  2.17% of Permutation test rounds,  94.74% of Permutation tests (Core 10/15, passed_count 18)
  2.18% of Permutation test rounds,  94.74% of Permutation tests (Core 14/15, passed_count 18)
  2.19% of Permutation test rounds,  94.74% of Permutation tests (Core 0/15, passed_count 18)
  2.20% of Permutation test rounds,  94.74% of Permutation tests (Core 14/15, passed_count 18)
  2.21% of Permutation test rounds,  94.74% of Permutation tests (Core 4/15, passed_count 18)
  2.22% of Permutation test rounds,  94.74% of Permutation tests (Core 13/15, passed_count 18)
  2.23% of Permutation test rounds,  94.74% of Permutation tests (Core 8/15, passed_count 18)
  2.24% of Permutation test rounds,  94.74% of Permutation tests (Core 5/15, passed_count 18)
  2.25% of Permutation test rounds,  94.74% of Permutation tests (Core 9/15, passed_count 18)
  2.26% of Permutation test rounds,  94.74% of Permutation tests (Core 5/15, passed_count 18)
  2.27% of Permutation test rounds,  94.74% of Permutation tests (Core 2/15, passed_count 18)
  2.28% of Permutation test rounds,  94.74% of Permutation tests (Core 1/15, passed_count 18)
  2.29% of Permutation test rounds,  94.74% of Permutation tests (Core 11/15, passed_count 18)
  2.30% of Permutation test rounds,  94.74% of Permutation tests (Core 15/15, passed_count 18)
  2.31% of Permutation test rounds,  94.74% of Permutation tests (Core 12/15, passed_count 18)
  2.32% of Permutation test rounds,  94.74% of Permutation tests (Core 7/15, passed_count 18)
  2.33% of Permutation test rounds,  94.74% of Permutation tests (Core 10/15, passed_count 18)
  2.34% of Permutation test rounds,  94.74% of Permutation tests (Core 3/15, passed_count 18)
  2.35% of Permutation test rounds,  94.74% of Permutation tests (Core 0/15, passed_count 18)
  2.36% of Permutation test rounds,  94.74% of Permutation tests (Core 14/15, passed_count 18)
  2.37% of Permutation test rounds,  94.74% of Permutation tests (Core 13/15, passed_count 18)
  2.38% of Permutation test rounds,  94.74% of Permutation tests (Core 4/15, passed_count 18)
  2.39% of Permutation test rounds,  94.74% of Permutation tests (Core 8/15, passed_count 18)
  2.40% of Permutation test rounds,  94.74% of Permutation tests (Core 6/15, passed_count 18)
  2.41% of Permutation test rounds,  94.74% of Permutation tests (Core 4/15, passed_count 18)
  2.42% of Permutation test rounds,  94.74% of Permutation tests (Core 5/15, passed_count 18)
  2.43% of Permutation test rounds,  94.74% of Permutation tests (Core 2/15, passed_count 18)
  2.44% of Permutation test rounds,  94.74% of Permutation tests (Core 1/15, passed_count 18)
  2.45% of Permutation test rounds,  94.74% of Permutation tests (Core 11/15, passed_count 18)
  2.46% of Permutation test rounds,  94.74% of Permutation tests (Core 15/15, passed_count 18)
  2.47% of Permutation test rounds,  94.74% of Permutation tests (Core 7/15, passed_count 18)
  2.48% of Permutation test rounds,  94.74% of Permutation tests (Core 10/15, passed_count 18)
  2.49% of Permutation test rounds,  94.74% of Permutation tests (Core 3/15, passed_count 18)
  2.50% of Permutation test rounds,  94.74% of Permutation tests (Core 0/15, passed_count 18)
  2.51% of Permutation test rounds,  94.74% of Permutation tests (Core 12/15, passed_count 18)
  2.52% of Permutation test rounds,  94.74% of Permutation tests (Core 14/15, passed_count 18)
  2.53% of Permutation test rounds,  94.74% of Permutation tests (Core 13/15, passed_count 18)
  2.54% of Permutation test rounds,  94.74% of Permutation tests (Core 9/15, passed_count 18)
  2.55% of Permutation test rounds,  94.74% of Permutation tests (Core 8/15, passed_count 18)
  2.56% of Permutation test rounds,  94.74% of Permutation tests (Core 6/15, passed_count 18)
  2.57% of Permutation test rounds,  94.74% of Permutation tests (Core 4/15, passed_count 18)
  2.58% of Permutation test rounds,  94.74% of Permutation tests (Core 5/15, passed_count 18)
  2.59% of Permutation test rounds,  94.74% of Permutation tests (Core 2/15, passed_count 18)
  2.60% of Permutation test rounds,  94.74% of Permutation tests (Core 1/15, passed_count 18)
  2.61% of Permutation test rounds,  94.74% of Permutation tests (Core 11/15, passed_count 18)
  2.62% of Permutation test rounds,  94.74% of Permutation tests (Core 15/15, passed_count 18)
  2.63% of Permutation test rounds,  94.74% of Permutation tests (Core 7/15, passed_count 18)
  2.64% of Permutation test rounds,  94.74% of Permutation tests (Core 10/15, passed_count 18)
  2.65% of Permutation test rounds,  94.74% of Permutation tests (Core 3/15, passed_count 18)
  2.66% of Permutation test rounds,  94.74% of Permutation tests (Core 0/15, passed_count 18)
  2.67% of Permutation test rounds,  94.74% of Permutation tests (Core 12/15, passed_count 18)
  2.68% of Permutation test rounds,  94.74% of Permutation tests (Core 14/15, passed_count 18)
  2.69% of Permutation test rounds,  94.74% of Permutation tests (Core 13/15, passed_count 18)
  2.70% of Permutation test rounds,  94.74% of Permutation tests (Core 9/15, passed_count 18)
  2.71% of Permutation test rounds,  94.74% of Permutation tests (Core 8/15, passed_count 18)
  2.72% of Permutation test rounds,  94.74% of Permutation tests (Core 6/15, passed_count 18)
  2.73% of Permutation test rounds,  94.74% of Permutation tests (Core 4/15, passed_count 18)
  2.74% of Permutation test rounds,  94.74% of Permutation tests (Core 5/15, passed_count 18)
  2.75% of Permutation test rounds,  94.74% of Permutation tests (Core 2/15, passed_count 18)
  2.76% of Permutation test rounds,  94.74% of Permutation tests (Core 1/15, passed_count 18)
  2.77% of Permutation test rounds,  94.74% of Permutation tests (Core 11/15, passed_count 18)
  2.78% of Permutation test rounds,  94.74% of Permutation tests (Core 15/15, passed_count 18)
  2.79% of Permutation test rounds,  94.74% of Permutation tests (Core 7/15, passed_count 18)
  2.80% of Permutation test rounds,  94.74% of Permutation tests (Core 10/15, passed_count 18)
  2.81% of Permutation test rounds,  94.74% of Permutation tests (Core 3/15, passed_count 18)
  2.82% of Permutation test rounds,  94.74% of Permutation tests (Core 0/15, passed_count 18)
  2.83% of Permutation test rounds,  94.74% of Permutation tests (Core 12/15, passed_count 18)
  2.84% of Permutation test rounds,  94.74% of Permutation tests (Core 14/15, passed_count 18)
  2.85% of Permutation test rounds,  94.74% of Permutation tests (Core 13/15, passed_count 18)
  2.86% of Permutation test rounds,  94.74% of Permutation tests (Core 9/15, passed_count 18)
  2.87% of Permutation test rounds,  94.74% of Permutation tests (Core 8/15, passed_count 18)
  2.88% of Permutation test rounds,  94.74% of Permutation tests (Core 6/15, passed_count 18)
  2.89% of Permutation test rounds,  94.74% of Permutation tests (Core 4/15, passed_count 18)
  2.90% of Permutation test rounds,  94.74% of Permutation tests (Core 5/15, passed_count 18)
  2.91% of Permutation test rounds,  94.74% of Permutation tests (Core 2/15, passed_count 18)
  2.92% of Permutation test rounds,  94.74% of Permutation tests (Core 1/15, passed_count 18)
  2.93% of Permutation test rounds,  94.74% of Permutation tests (Core 2/15, passed_count 18)
  2.94% of Permutation test rounds,  94.74% of Permutation tests (Core 15/15, passed_count 18)
  2.95% of Permutation test rounds,  94.74% of Permutation tests (Core 7/15, passed_count 18)
  2.96% of Permutation test rounds,  94.74% of Permutation tests (Core 10/15, passed_count 18)
  2.97% of Permutation test rounds,  94.74% of Permutation tests (Core 3/15, passed_count 18)
  2.98% of Permutation test rounds,  94.74% of Permutation tests (Core 0/15, passed_count 18)
  2.99% of Permutation test rounds,  94.74% of Permutation tests (Core 12/15, passed_count 18)
  3.00% of Permutation test rounds,  94.74% of Permutation tests (Core 14/15, passed_count 18)
  3.01% of Permutation test rounds,  94.74% of Permutation tests (Core 13/15, passed_count 18)
  3.02% of Permutation test rounds,  94.74% of Permutation tests (Core 9/15, passed_count 18)
  3.03% of Permutation test rounds,  94.74% of Permutation tests (Core 8/15, passed_count 18)
  3.04% of Permutation test rounds,  94.74% of Permutation tests (Core 6/15, passed_count 18)
  3.05% of Permutation test rounds,  94.74% of Permutation tests (Core 4/15, passed_count 18)
  3.06% of Permutation test rounds,  94.74% of Permutation tests (Core 5/15, passed_count 18)
  3.07% of Permutation test rounds,  94.74% of Permutation tests (Core 4/15, passed_count 18)
  3.08% of Permutation test rounds,  94.74% of Permutation tests (Core 1/15, passed_count 18)
  3.09% of Permutation test rounds,  94.74% of Permutation tests (Core 2/15, passed_count 18)
  3.10% of Permutation test rounds,  94.74% of Permutation tests (Core 15/15, passed_count 18)
  3.11% of Permutation test rounds,  94.74% of Permutation tests (Core 7/15, passed_count 18)
  3.12% of Permutation test rounds,  94.74% of Permutation tests (Core 10/15, passed_count 18)
  3.13% of Permutation test rounds,  94.74% of Permutation tests (Core 3/15, passed_count 18)
  3.14% of Permutation test rounds,  94.74% of Permutation tests (Core 0/15, passed_count 18)
  3.15% of Permutation test rounds,  94.74% of Permutation tests (Core 3/15, passed_count 18)
  3.16% of Permutation test rounds,  94.74% of Permutation tests (Core 14/15, passed_count 18)
  3.17% of Permutation test rounds,  94.74% of Permutation tests (Core 13/15, passed_count 18)
  3.18% of Permutation test rounds,  94.74% of Permutation tests (Core 9/15, passed_count 18)
  3.19% of Permutation test rounds,  94.74% of Permutation tests (Core 8/15, passed_count 18)
  3.20% of Permutation test rounds,  94.74% of Permutation tests (Core 6/15, passed_count 18)
  3.21% of Permutation test rounds,  94.74% of Permutation tests (Core 5/15, passed_count 18)
  3.22% of Permutation test rounds,  94.74% of Permutation tests (Core 4/15, passed_count 18)
  3.23% of Permutation test rounds,  94.74% of Permutation tests (Core 1/15, passed_count 18)
  3.24% of Permutation test rounds,  94.74% of Permutation tests (Core 2/15, passed_count 18)
  3.25% of Permutation test rounds,  94.74% of Permutation tests (Core 11/15, passed_count 18)
  3.26% of Permutation test rounds,  94.74% of Permutation tests (Core 15/15, passed_count 18)
  3.27% of Permutation test rounds,  94.74% of Permutation tests (Core 7/15, passed_count 18)
  3.28% of Permutation test rounds,  94.74% of Permutation tests (Core 10/15, passed_count 18)
  3.29% of Permutation test rounds,  94.74% of Permutation tests (Core 12/15, passed_count 18)
  3.30% of Permutation test rounds,  94.74% of Permutation tests (Core 0/15, passed_count 18)
  3.31% of Permutation test rounds,  94.74% of Permutation tests (Core 3/15, passed_count 18)
  3.32% of Permutation test rounds,  94.74% of Permutation tests (Core 14/15, passed_count 18)
  3.33% of Permutation test rounds,  94.74% of Permutation tests (Core 13/15, passed_count 18)
  3.34% of Permutation test rounds,  94.74% of Permutation tests (Core 9/15, passed_count 18)
  3.35% of Permutation test rounds,  94.74% of Permutation tests (Core 8/15, passed_count 18)
  3.36% of Permutation test rounds,  94.74% of Permutation tests (Core 6/15, passed_count 18)
  3.37% of Permutation test rounds,  94.74% of Permutation tests (Core 5/15, passed_count 18)
  3.38% of Permutation test rounds,  94.74% of Permutation tests (Core 4/15, passed_count 18)
  3.39% of Permutation test rounds,  94.74% of Permutation tests (Core 1/15, passed_count 18)
  3.40% of Permutation test rounds,  94.74% of Permutation tests (Core 2/15, passed_count 18)
  3.41% of Permutation test rounds,  94.74% of Permutation tests (Core 11/15, passed_count 18)
  3.42% of Permutation test rounds,  94.74% of Permutation tests (Core 15/15, passed_count 18)
  3.43% of Permutation test rounds,  94.74% of Permutation tests (Core 7/15, passed_count 18)
  3.44% of Permutation test rounds,  94.74% of Permutation tests (Core 10/15, passed_count 18)
  3.45% of Permutation test rounds,  94.74% of Permutation tests (Core 12/15, passed_count 18)
  3.46% of Permutation test rounds,  94.74% of Permutation tests (Core 0/15, passed_count 18)
  3.47% of Permutation test rounds,  94.74% of Permutation tests (Core 3/15, passed_count 18)
  3.48% of Permutation test rounds,  94.74% of Permutation tests (Core 14/15, passed_count 18)
  3.49% of Permutation test rounds,  94.74% of Permutation tests (Core 13/15, passed_count 18)
  3.50% of Permutation test rounds,  94.74% of Permutation tests (Core 9/15, passed_count 18)
  3.51% of Permutation test rounds,  94.74% of Permutation tests (Core 8/15, passed_count 18)
  3.52% of Permutation test rounds,  94.74% of Permutation tests (Core 6/15, passed_count 18)
  3.53% of Permutation test rounds,  94.74% of Permutation tests (Core 5/15, passed_count 18)
  3.54% of Permutation test rounds,  94.74% of Permutation tests (Core 4/15, passed_count 18)
  3.55% of Permutation test rounds,  94.74% of Permutation tests (Core 1/15, passed_count 18)
  3.56% of Permutation test rounds,  94.74% of Permutation tests (Core 2/15, passed_count 18)
  3.57% of Permutation test rounds,  94.74% of Permutation tests (Core 11/15, passed_count 18)
  3.58% of Permutation test rounds,  94.74% of Permutation tests (Core 15/15, passed_count 18)
  3.59% of Permutation test rounds,  94.74% of Permutation tests (Core 7/15, passed_count 18)
  3.60% of Permutation test rounds,  94.74% of Permutation tests (Core 10/15, passed_count 18)
  3.61% of Permutation test rounds,  94.74% of Permutation tests (Core 12/15, passed_count 18)
  3.62% of Permutation test rounds,  94.74% of Permutation tests (Core 0/15, passed_count 18)
  3.63% of Permutation test rounds,  94.74% of Permutation tests (Core 3/15, passed_count 18)
  3.64% of Permutation test rounds,  94.74% of Permutation tests (Core 14/15, passed_count 18)
  3.65% of Permutation test rounds,  94.74% of Permutation tests (Core 13/15, passed_count 18)
  3.66% of Permutation test rounds,  94.74% of Permutation tests (Core 9/15, passed_count 18)
  3.67% of Permutation test rounds,  94.74% of Permutation tests (Core 8/15, passed_count 18)
  3.68% of Permutation test rounds,  94.74% of Permutation tests (Core 6/15, passed_count 18)
  3.69% of Permutation test rounds,  94.74% of Permutation tests (Core 5/15, passed_count 18)
  3.70% of Permutation test rounds,  94.74% of Permutation tests (Core 4/15, passed_count 18)
  3.71% of Permutation test rounds,  94.74% of Permutation tests (Core 1/15, passed_count 18)
  3.72% of Permutation test rounds,  94.74% of Permutation tests (Core 2/15, passed_count 18)
  3.73% of Permutation test rounds,  94.74% of Permutation tests (Core 11/15, passed_count 18)
  3.74% of Permutation test rounds,  94.74% of Permutation tests (Core 2/15, passed_count 18)
  3.75% of Permutation test rounds,  94.74% of Permutation tests (Core 7/15, passed_count 18)
  3.76% of Permutation test rounds,  94.74% of Permutation tests (Core 10/15, passed_count 18)
  3.77% of Permutation test rounds,  94.74% of Permutation tests (Core 12/15, passed_count 18)
  3.78% of Permutation test rounds,  94.74% of Permutation tests (Core 0/15, passed_count 18)
  3.79% of Permutation test rounds,  94.74% of Permutation tests (Core 3/15, passed_count 18)
  3.80% of Permutation test rounds,  94.74% of Permutation tests (Core 14/15, passed_count 18)
  3.81% of Permutation test rounds,  94.74% of Permutation tests (Core 3/15, passed_count 18)
  3.82% of Permutation test rounds,  94.74% of Permutation tests (Core 9/15, passed_count 18)
  3.83% of Permutation test rounds,  94.74% of Permutation tests (Core 8/15, passed_count 18)
  3.84% of Permutation test rounds,  94.74% of Permutation tests (Core 9/15, passed_count 18)
  3.85% of Permutation test rounds,  94.74% of Permutation tests (Core 8/15, passed_count 18)
  3.86% of Permutation test rounds,  94.74% of Permutation tests (Core 9/15, passed_count 18)
  3.87% of Permutation test rounds,  94.74% of Permutation tests (Core 5/15, passed_count 18)
  3.88% of Permutation test rounds,  94.74% of Permutation tests (Core 4/15, passed_count 18)
  3.89% of Permutation test rounds,  94.74% of Permutation tests (Core 1/15, passed_count 18)
  3.90% of Permutation test rounds,  94.74% of Permutation tests (Core 15/15, passed_count 18)
  3.91% of Permutation test rounds,  94.74% of Permutation tests (Core 11/15, passed_count 18)
  3.92% of Permutation test rounds,  94.74% of Permutation tests (Core 2/15, passed_count 18)
  3.93% of Permutation test rounds,  94.74% of Permutation tests (Core 7/15, passed_count 18)
  3.94% of Permutation test rounds,  94.74% of Permutation tests (Core 10/15, passed_count 18)
  3.95% of Permutation test rounds,  94.74% of Permutation tests (Core 12/15, passed_count 18)
  3.96% of Permutation test rounds,  94.74% of Permutation tests (Core 0/15, passed_count 18)
  3.97% of Permutation test rounds,  94.74% of Permutation tests (Core 13/15, passed_count 18)
  3.98% of Permutation test rounds,  94.74% of Permutation tests (Core 3/15, passed_count 18)
  3.99% of Permutation test rounds,  94.74% of Permutation tests (Core 6/15, passed_count 18)
  4.00% of Permutation test rounds,  94.74% of Permutation tests (Core 8/15, passed_count 18)
  4.01% of Permutation test rounds,  94.74% of Permutation tests (Core 9/15, passed_count 18)
  4.02% of Permutation test rounds,  94.74% of Permutation tests (Core 5/15, passed_count 18)
  4.03% of Permutation test rounds,  94.74% of Permutation tests (Core 9/15, passed_count 18)
  4.04% of Permutation test rounds,  94.74% of Permutation tests (Core 5/15, passed_count 18)
  4.05% of Permutation test rounds,  94.74% of Permutation tests (Core 9/15, passed_count 18)
  4.06% of Permutation test rounds,  94.74% of Permutation tests (Core 5/15, passed_count 18)
  4.07% of Permutation test rounds,  94.74% of Permutation tests (Core 9/15, passed_count 18)
  4.08% of Permutation test rounds,  94.74% of Permutation tests (Core 5/15, passed_count 18)
  4.09% of Permutation test rounds,  94.74% of Permutation tests (Core 14/15, passed_count 18)
  4.10% of Permutation test rounds,  94.74% of Permutation tests (Core 9/15, passed_count 18)
  4.11% of Permutation test rounds,  94.74% of Permutation tests (Core 5/15, passed_count 18)
  4.12% of Permutation test rounds,  94.74% of Permutation tests (Core 15/15, passed_count 18)
  4.13% of Permutation test rounds,  94.74% of Permutation tests (Core 11/15, passed_count 18)
  4.14% of Permutation test rounds,  94.74% of Permutation tests (Core 2/15, passed_count 18)
  4.15% of Permutation test rounds,  94.74% of Permutation tests (Core 7/15, passed_count 18)
  4.16% of Permutation test rounds,  94.74% of Permutation tests (Core 10/15, passed_count 18)
  4.17% of Permutation test rounds,  94.74% of Permutation tests (Core 12/15, passed_count 18)
  4.18% of Permutation test rounds,  94.74% of Permutation tests (Core 0/15, passed_count 18)
  4.19% of Permutation test rounds,  94.74% of Permutation tests (Core 13/15, passed_count 18)
  4.20% of Permutation test rounds,  94.74% of Permutation tests (Core 3/15, passed_count 18)
  4.21% of Permutation test rounds,  94.74% of Permutation tests (Core 6/15, passed_count 18)
  4.22% of Permutation test rounds,  94.74% of Permutation tests (Core 8/15, passed_count 18)
  4.23% of Permutation test rounds,  94.74% of Permutation tests (Core 4/15, passed_count 18)
  4.24% of Permutation test rounds,  94.74% of Permutation tests (Core 1/15, passed_count 18)
  4.25% of Permutation test rounds,  94.74% of Permutation tests (Core 14/15, passed_count 18)
  4.26% of Permutation test rounds,  94.74% of Permutation tests (Core 1/15, passed_count 18)
  4.27% of Permutation test rounds,  94.74% of Permutation tests (Core 5/15, passed_count 18)
  4.28% of Permutation test rounds,  94.74% of Permutation tests (Core 15/15, passed_count 18)
  4.29% of Permutation test rounds,  94.74% of Permutation tests (Core 11/15, passed_count 18)
  4.30% of Permutation test rounds,  94.74% of Permutation tests (Core 2/15, passed_count 18)
  4.31% of Permutation test rounds,  94.74% of Permutation tests (Core 7/15, passed_count 18)
  4.32% of Permutation test rounds,  94.74% of Permutation tests (Core 10/15, passed_count 18)
  4.33% of Permutation test rounds,  94.74% of Permutation tests (Core 12/15, passed_count 18)
  4.34% of Permutation test rounds,  94.74% of Permutation tests (Core 0/15, passed_count 18)
  4.35% of Permutation test rounds,  94.74% of Permutation tests (Core 13/15, passed_count 18)
  4.36% of Permutation test rounds,  94.74% of Permutation tests (Core 3/15, passed_count 18)
  4.37% of Permutation test rounds,  94.74% of Permutation tests (Core 6/15, passed_count 18)
  4.38% of Permutation test rounds,  94.74% of Permutation tests (Core 8/15, passed_count 18)
  4.39% of Permutation test rounds,  94.74% of Permutation tests (Core 4/15, passed_count 18)
  4.40% of Permutation test rounds,  94.74% of Permutation tests (Core 9/15, passed_count 18)
  4.41% of Permutation test rounds,  94.74% of Permutation tests (Core 14/15, passed_count 18)
  4.42% of Permutation test rounds,  94.74% of Permutation tests (Core 1/15, passed_count 18)
  4.43% of Permutation test rounds,  94.74% of Permutation tests (Core 5/15, passed_count 18)
  4.44% of Permutation test rounds,  94.74% of Permutation tests (Core 15/15, passed_count 18)
  4.45% of Permutation test rounds,  94.74% of Permutation tests (Core 11/15, passed_count 18)
  4.46% of Permutation test rounds,  94.74% of Permutation tests (Core 2/15, passed_count 18)
  4.47% of Permutation test rounds,  94.74% of Permutation tests (Core 7/15, passed_count 18)
  4.48% of Permutation test rounds,  94.74% of Permutation tests (Core 10/15, passed_count 18)
  4.49% of Permutation test rounds,  94.74% of Permutation tests (Core 12/15, passed_count 18)
  4.50% of Permutation test rounds,  94.74% of Permutation tests (Core 0/15, passed_count 18)
  4.51% of Permutation test rounds,  94.74% of Permutation tests (Core 13/15, passed_count 18)
  4.52% of Permutation test rounds,  94.74% of Permutation tests (Core 3/15, passed_count 18)
  4.53% of Permutation test rounds,  94.74% of Permutation tests (Core 6/15, passed_count 18)
  4.54% of Permutation test rounds,  94.74% of Permutation tests (Core 8/15, passed_count 18)
  4.55% of Permutation test rounds,  94.74% of Permutation tests (Core 4/15, passed_count 18)
  4.56% of Permutation test rounds,  94.74% of Permutation tests (Core 9/15, passed_count 18)
  4.57% of Permutation test rounds,  94.74% of Permutation tests (Core 14/15, passed_count 18)
  4.58% of Permutation test rounds,  94.74% of Permutation tests (Core 1/15, passed_count 18)
  4.59% of Permutation test rounds,  94.74% of Permutation tests (Core 5/15, passed_count 18)
  4.60% of Permutation test rounds,  94.74% of Permutation tests (Core 15/15, passed_count 18)
  4.61% of Permutation test rounds,  94.74% of Permutation tests (Core 11/15, passed_count 18)
  4.62% of Permutation test rounds,  94.74% of Permutation tests (Core 2/15, passed_count 18)
  4.63% of Permutation test rounds,  94.74% of Permutation tests (Core 7/15, passed_count 18)
  4.64% of Permutation test rounds,  94.74% of Permutation tests (Core 10/15, passed_count 18)
  4.65% of Permutation test rounds,  94.74% of Permutation tests (Core 0/15, passed_count 18)
  4.66% of Permutation test rounds,  94.74% of Permutation tests (Core 13/15, passed_count 18)
  4.67% of Permutation test rounds,  94.74% of Permutation tests (Core 3/15, passed_count 18)
  4.68% of Permutation test rounds,  94.74% of Permutation tests (Core 6/15, passed_count 18)
  4.69% of Permutation test rounds,  94.74% of Permutation tests (Core 8/15, passed_count 18)
  4.70% of Permutation test rounds,  94.74% of Permutation tests (Core 12/15, passed_count 18)
  4.71% of Permutation test rounds,  94.74% of Permutation tests (Core 4/15, passed_count 18)
  4.72% of Permutation test rounds,  94.74% of Permutation tests (Core 9/15, passed_count 18)
  4.73% of Permutation test rounds,  94.74% of Permutation tests (Core 14/15, passed_count 18)
  4.74% of Permutation test rounds,  94.74% of Permutation tests (Core 1/15, passed_count 18)
  4.75% of Permutation test rounds,  94.74% of Permutation tests (Core 5/15, passed_count 18)
  4.76% of Permutation test rounds,  94.74% of Permutation tests (Core 15/15, passed_count 18)
  4.77% of Permutation test rounds,  94.74% of Permutation tests (Core 11/15, passed_count 18)
  4.78% of Permutation test rounds,  94.74% of Permutation tests (Core 2/15, passed_count 18)
  4.79% of Permutation test rounds,  94.74% of Permutation tests (Core 7/15, passed_count 18)
  4.80% of Permutation test rounds,  94.74% of Permutation tests (Core 10/15, passed_count 18)
  4.81% of Permutation test rounds,  94.74% of Permutation tests (Core 0/15, passed_count 18)
  4.82% of Permutation test rounds,  94.74% of Permutation tests (Core 13/15, passed_count 18)
  4.83% of Permutation test rounds,  94.74% of Permutation tests (Core 3/15, passed_count 18)
  4.84% of Permutation test rounds,  94.74% of Permutation tests (Core 6/15, passed_count 18)
  4.85% of Permutation test rounds,  94.74% of Permutation tests (Core 8/15, passed_count 18)
  4.86% of Permutation test rounds,  94.74% of Permutation tests (Core 6/15, passed_count 18)
  4.87% of Permutation test rounds,  94.74% of Permutation tests (Core 4/15, passed_count 18)
  4.88% of Permutation test rounds,  94.74% of Permutation tests (Core 9/15, passed_count 18)
  4.89% of Permutation test rounds,  94.74% of Permutation tests (Core 14/15, passed_count 18)
  4.90% of Permutation test rounds,  94.74% of Permutation tests (Core 1/15, passed_count 18)
  4.91% of Permutation test rounds,  94.74% of Permutation tests (Core 5/15, passed_count 18)
  4.92% of Permutation test rounds, 100.00% of Permutation tests (Core 15/15, passed_count 19)
 10.93% of Permutation test rounds, 100.00% of Permutation tests (Core 11/15, passed_count 19)
 10.94% of Permutation test rounds, 100.00% of Permutation tests (Core 2/15, passed_count 19)
 22.90% of Permutation test rounds, 100.00% of Permutation tests (Core 7/15, passed_count 19)
 28.86% of Permutation test rounds, 100.00% of Permutation tests (Core 10/15, passed_count 19)
 34.81% of Permutation test rounds, 100.00% of Permutation tests (Core 0/15, passed_count 19)
 40.80% of Permutation test rounds, 100.00% of Permutation tests (Core 13/15, passed_count 19)
 46.78% of Permutation test rounds, 100.00% of Permutation tests (Core 3/15, passed_count 19)
 52.63% of Permutation test rounds, 100.00% of Permutation tests (Core 12/15, passed_count 19)
 58.52% of Permutation test rounds, 100.00% of Permutation tests (Core 8/15, passed_count 19)
 64.48% of Permutation test rounds, 100.00% of Permutation tests (Core 6/15, passed_count 19)
 70.49% of Permutation test rounds, 100.00% of Permutation tests (Core 4/15, passed_count 19)
 76.48% of Permutation test rounds, 100.00% of Permutation tests (Core 9/15, passed_count 19)
 82.30% of Permutation test rounds, 100.00% of Permutation tests (Core 14/15, passed_count 19)
 88.23% of Permutation test rounds, 100.00% of Permutation tests (Core 1/15, passed_count 19)
 94.10% of Permutation test rounds, 100.00% of Permutation tests (Core 5/15, passed_count 19)


                statistic  C[i][0]  C[i][1]  C[i][2]
----------------------------------------------------
                excursion     135       0       6
       numDirectionalRuns       6       0       6
       lenDirectionalRuns       2       4       7
    numIncreasesDecreases      19       0       6
            numRunsMedian      21       0       6
            lenRunsMedian     486       6       0
             avgCollision       8       0       6
             maxCollision       7       3       3
           periodicity(1)       6       0       6
           periodicity(2)       6       0       6
           periodicity(8)       7       0       6
          periodicity(16)       6       0      16
          periodicity(32)       4       2      14
            covariance(1)       6       0      17
            covariance(2)      10       0       6
            covariance(8)     113       0       6
           covariance(16)       6       0       6
           covariance(32)      83       0       6
              compression       6       0       8
(* denotes failed test)

** Passed IID permutation tests

your 131072x1 screen size is bogus. expect trouble
your 131072x1 screen size is bogus. expect trouble
Identity added: /home/mmggjj/.ssh/id_ed25519 (mariogj.03@gmail.com)
tiempo_s=0.52 maxrss_kB=75560
--- condB_rep2_noniid_b1: exit 0, 1 s ---
Agent pid 423
Opening file: '/mnt/c/Users/mario/Documents/TFM_FPGA_CRYPTO/results/entropia90b/bits/condB_rep2.bits' (SHA-256 hash 66da485b91e16a2f48a667e57fa26880dc659c8238c5245559c76c92e371fdb6)
Loaded 1000000 samples of 2 distinct 1-bit-wide symbols

Running non-IID tests...

Running Most Common Value Estimate...
Literal MCV Estimate: mode = 500190, p-hat = 0.50019000000000002, p_u = 0.50147791520274476
	Most Common Value Estimate = 0.995742 / 1 bit(s)

Running Entropic Statistic Estimates (bit strings only)...
Literal Collision Estimate: X-bar = 2.4993626625210572, sigma-hat = 0.50000021864210198, p = 0.53656125440469637
	Collision Test Estimate = 0.898185 / 1 bit(s)
Literal Markov Estimate: P_0 = 0.50019000000000002, P_1 = 0.49980999999999998, P_0,0 = 0.5001609391649956, P_0,1 = 0.4998390608350044, P_1,0 = 0.50021808287149117, P_1,1 = 0.49978191712850883, p_max = 3.062499502047168e-39
	Markov Test Estimate = 0.999535 / 1 bit(s)
Literal Compression Estimate: X-bar = 5.2174043544548345, sigma-hat = 1.0152318552219912, p = 0.029449259308052866
	Compression Test Estimate = 0.847604 / 1 bit(s)

Running Tuple Estimates...
Literal t-Tuple Estimate: t = 15, p-hat_max = 0.5200254334221196312227, p_u = 0.5213123153488957853881
Literal LRS Estimate: u = 16, v = 40, p-hat = 0.51020649795350425, p_u = 0.51149414489030685
	T-Tuple Test Estimate = 0.939780 / 1 bit(s)
	LRS Test Estimate = 0.967210 / 1 bit(s)

Running Predictor Estimates...
Literal MultiMCW Prediction Estimate: N = 999937, Pglobal' = 0.50172548293815034 (C = 500406) Plocal can't affect result (r = 20)
	Multi Most Common in Window (MultiMCW) Prediction Test Estimate = 0.995030 / 1 bit(s)
Literal Lag Prediction Estimate: N = 999999, Pglobal' = 0.50061741411117011 (C = 499329) Plocal can't affect result (r = 22)
	Lag Prediction Test Estimate = 0.998220 / 1 bit(s)
Literal MultiMMC Prediction Estimate: N = 999998, Pglobal' = 0.5015829169494892 (C = 500294) Plocal can't affect result (r = 19)
	Multi Markov Model with Counting (MultiMMC) Prediction Test Estimate = 0.995440 / 1 bit(s)
Literal LZ78Y Prediction Estimate: N = 999983, Pglobal' = 0.50051241151026682 (C = 499216) Plocal can't affect result (r = 20)
	LZ78Y Prediction Test Estimate = 0.998522 / 1 bit(s)

H_original: 0.847604
your 131072x1 screen size is bogus. expect trouble
your 131072x1 screen size is bogus. expect trouble
Identity added: /home/mmggjj/.ssh/id_ed25519 (mariogj.03@gmail.com)
tiempo_s=0.78 maxrss_kB=22744
--- condB_rep2_iid_b1: exit 0, 23 s ---
Agent pid 423
Opening file: '/mnt/c/Users/mario/Documents/TFM_FPGA_CRYPTO/results/entropia90b/bits/condB_rep2.bits' (SHA-256 hash 66da485b91e16a2f48a667e57fa26880dc659c8238c5245559c76c92e371fdb6)
Loaded 1000000 samples of 2 distinct 1-bit-wide symbols
Calculating baseline statistics...
	Raw Mean: 0.499810
	Median: 0.500000
	Binary: true

Literal MCV Estimate: mode = 500190, p-hat = 0.50019000000000002, p_u = 0.50147791520274476
H_original: 0.995742
Chi square independence
	score = 2053.474081
	degrees of freedom = 2046
	p-value = 0.449424

Chi square goodness of fit
	score = 9.642881
	degrees of freedom = 9
	p-value = 0.380162

** Passed chi square tests

Literal Longest Repeated Substring results
	P_col: 0.500000
	Length of LRS: 40
	Pr(X >= 1): 0.365371
** Passed length of longest repeated substring test

Beginning initial tests...

Initial test results
              excursion: 534.694
     numDirectionalRuns: 79460
     lenDirectionalRuns: 11
  numIncreasesDecreases: 74730
          numRunsMedian: 500029
          lenRunsMedian: 20
           avgCollision: 20.7089
           maxCollision: 64
         periodicity(1): 24360
         periodicity(2): 24448
         periodicity(8): 24638
        periodicity(16): 24419
        periodicity(32): 24540
          covariance(1): 1.9996e+06
          covariance(2): 1.99933e+06
          covariance(8): 1.9982e+06
         covariance(16): 1.99613e+06
         covariance(32): 1.9974e+06
            compression: 155854

Beginning permutation tests... these may take some time
  0.01% of Permutation test rounds,   0.00% of Permutation tests (Core 7/15, passed_count 0)
  0.02% of Permutation test rounds,   0.00% of Permutation tests (Core 15/15, passed_count 0)
  0.03% of Permutation test rounds,   0.00% of Permutation tests (Core 6/15, passed_count 0)
  0.04% of Permutation test rounds,   0.00% of Permutation tests (Core 14/15, passed_count 0)
  0.05% of Permutation test rounds,   0.00% of Permutation tests (Core 0/15, passed_count 0)
  0.06% of Permutation test rounds,   0.00% of Permutation tests (Core 13/15, passed_count 0)
  0.07% of Permutation test rounds,   0.00% of Permutation tests (Core 1/15, passed_count 0)
  0.08% of Permutation test rounds,   0.00% of Permutation tests (Core 3/15, passed_count 0)
  0.09% of Permutation test rounds,   0.00% of Permutation tests (Core 4/15, passed_count 0)
  0.10% of Permutation test rounds,  10.53% of Permutation tests (Core 8/15, passed_count 2)
  0.11% of Permutation test rounds,  10.53% of Permutation tests (Core 2/15, passed_count 2)
  0.12% of Permutation test rounds,  15.79% of Permutation tests (Core 5/15, passed_count 3)
  0.13% of Permutation test rounds,  15.79% of Permutation tests (Core 9/15, passed_count 3)
  0.14% of Permutation test rounds,  15.79% of Permutation tests (Core 11/15, passed_count 3)
  0.15% of Permutation test rounds,  26.32% of Permutation tests (Core 10/15, passed_count 5)
  0.16% of Permutation test rounds,  36.84% of Permutation tests (Core 12/15, passed_count 7)
  0.17% of Permutation test rounds,  47.37% of Permutation tests (Core 11/15, passed_count 9)
  0.18% of Permutation test rounds,  52.63% of Permutation tests (Core 10/15, passed_count 10)
  0.19% of Permutation test rounds,  52.63% of Permutation tests (Core 12/15, passed_count 10)
  0.20% of Permutation test rounds,  52.63% of Permutation tests (Core 11/15, passed_count 10)
  0.21% of Permutation test rounds,  52.63% of Permutation tests (Core 10/15, passed_count 10)
  0.22% of Permutation test rounds,  52.63% of Permutation tests (Core 12/15, passed_count 10)
  0.23% of Permutation test rounds,  52.63% of Permutation tests (Core 11/15, passed_count 10)
  0.24% of Permutation test rounds,  57.89% of Permutation tests (Core 10/15, passed_count 11)
  0.25% of Permutation test rounds,  57.89% of Permutation tests (Core 12/15, passed_count 11)
  0.26% of Permutation test rounds,  63.16% of Permutation tests (Core 11/15, passed_count 12)
  0.27% of Permutation test rounds,  63.16% of Permutation tests (Core 10/15, passed_count 12)
  0.28% of Permutation test rounds,  68.42% of Permutation tests (Core 12/15, passed_count 13)
  0.29% of Permutation test rounds,  68.42% of Permutation tests (Core 11/15, passed_count 13)
  0.30% of Permutation test rounds,  68.42% of Permutation tests (Core 10/15, passed_count 13)
  0.31% of Permutation test rounds,  68.42% of Permutation tests (Core 12/15, passed_count 13)
  0.32% of Permutation test rounds,  68.42% of Permutation tests (Core 11/15, passed_count 13)
  0.33% of Permutation test rounds,  68.42% of Permutation tests (Core 10/15, passed_count 13)
  0.34% of Permutation test rounds,  68.42% of Permutation tests (Core 12/15, passed_count 13)
  0.35% of Permutation test rounds,  68.42% of Permutation tests (Core 11/15, passed_count 13)
  0.36% of Permutation test rounds,  68.42% of Permutation tests (Core 10/15, passed_count 13)
  0.37% of Permutation test rounds,  68.42% of Permutation tests (Core 12/15, passed_count 13)
  0.38% of Permutation test rounds,  68.42% of Permutation tests (Core 11/15, passed_count 13)
  0.39% of Permutation test rounds,  68.42% of Permutation tests (Core 10/15, passed_count 13)
  0.40% of Permutation test rounds,  68.42% of Permutation tests (Core 12/15, passed_count 13)
  0.41% of Permutation test rounds,  68.42% of Permutation tests (Core 11/15, passed_count 13)
  0.42% of Permutation test rounds,  68.42% of Permutation tests (Core 10/15, passed_count 13)
  0.43% of Permutation test rounds,  73.68% of Permutation tests (Core 12/15, passed_count 14)
  0.44% of Permutation test rounds,  73.68% of Permutation tests (Core 11/15, passed_count 14)
  0.45% of Permutation test rounds,  73.68% of Permutation tests (Core 10/15, passed_count 14)
  0.46% of Permutation test rounds,  73.68% of Permutation tests (Core 12/15, passed_count 14)
  0.47% of Permutation test rounds,  73.68% of Permutation tests (Core 11/15, passed_count 14)
  0.48% of Permutation test rounds,  73.68% of Permutation tests (Core 10/15, passed_count 14)
  0.49% of Permutation test rounds,  73.68% of Permutation tests (Core 12/15, passed_count 14)
  0.50% of Permutation test rounds,  73.68% of Permutation tests (Core 11/15, passed_count 14)
  0.51% of Permutation test rounds,  73.68% of Permutation tests (Core 10/15, passed_count 14)
  0.52% of Permutation test rounds,  73.68% of Permutation tests (Core 12/15, passed_count 14)
  0.53% of Permutation test rounds,  73.68% of Permutation tests (Core 11/15, passed_count 14)
  0.54% of Permutation test rounds,  73.68% of Permutation tests (Core 10/15, passed_count 14)
  0.55% of Permutation test rounds,  73.68% of Permutation tests (Core 12/15, passed_count 14)
  0.56% of Permutation test rounds,  73.68% of Permutation tests (Core 11/15, passed_count 14)
  0.57% of Permutation test rounds,  73.68% of Permutation tests (Core 10/15, passed_count 14)
  0.58% of Permutation test rounds,  78.95% of Permutation tests (Core 12/15, passed_count 15)
  0.59% of Permutation test rounds,  78.95% of Permutation tests (Core 11/15, passed_count 15)
  0.60% of Permutation test rounds,  78.95% of Permutation tests (Core 10/15, passed_count 15)
  0.61% of Permutation test rounds,  78.95% of Permutation tests (Core 12/15, passed_count 15)
  0.62% of Permutation test rounds,  78.95% of Permutation tests (Core 11/15, passed_count 15)
  0.63% of Permutation test rounds,  78.95% of Permutation tests (Core 10/15, passed_count 15)
  0.64% of Permutation test rounds,  78.95% of Permutation tests (Core 12/15, passed_count 15)
  0.65% of Permutation test rounds,  78.95% of Permutation tests (Core 11/15, passed_count 15)
  0.66% of Permutation test rounds,  78.95% of Permutation tests (Core 10/15, passed_count 15)
  0.67% of Permutation test rounds,  78.95% of Permutation tests (Core 12/15, passed_count 15)
  0.68% of Permutation test rounds,  78.95% of Permutation tests (Core 11/15, passed_count 15)
  0.69% of Permutation test rounds,  78.95% of Permutation tests (Core 10/15, passed_count 15)
  0.70% of Permutation test rounds,  78.95% of Permutation tests (Core 12/15, passed_count 15)
  0.71% of Permutation test rounds,  78.95% of Permutation tests (Core 11/15, passed_count 15)
  0.72% of Permutation test rounds,  78.95% of Permutation tests (Core 10/15, passed_count 15)
  0.73% of Permutation test rounds,  78.95% of Permutation tests (Core 15/15, passed_count 15)
  0.74% of Permutation test rounds,  78.95% of Permutation tests (Core 7/15, passed_count 15)
  0.75% of Permutation test rounds,  78.95% of Permutation tests (Core 12/15, passed_count 15)
  0.76% of Permutation test rounds,  78.95% of Permutation tests (Core 11/15, passed_count 15)
  0.77% of Permutation test rounds,  78.95% of Permutation tests (Core 10/15, passed_count 15)
  0.78% of Permutation test rounds,  78.95% of Permutation tests (Core 15/15, passed_count 15)
  0.79% of Permutation test rounds,  78.95% of Permutation tests (Core 7/15, passed_count 15)
  0.80% of Permutation test rounds,  78.95% of Permutation tests (Core 14/15, passed_count 15)
  0.81% of Permutation test rounds,  78.95% of Permutation tests (Core 0/15, passed_count 15)
  0.82% of Permutation test rounds,  78.95% of Permutation tests (Core 12/15, passed_count 15)
  0.83% of Permutation test rounds,  78.95% of Permutation tests (Core 11/15, passed_count 15)
  0.84% of Permutation test rounds,  78.95% of Permutation tests (Core 10/15, passed_count 15)
  0.85% of Permutation test rounds,  78.95% of Permutation tests (Core 6/15, passed_count 15)
  0.86% of Permutation test rounds,  78.95% of Permutation tests (Core 15/15, passed_count 15)
  0.87% of Permutation test rounds,  78.95% of Permutation tests (Core 1/15, passed_count 15)
  0.88% of Permutation test rounds,  78.95% of Permutation tests (Core 7/15, passed_count 15)
  0.89% of Permutation test rounds,  78.95% of Permutation tests (Core 13/15, passed_count 15)
  0.90% of Permutation test rounds,  78.95% of Permutation tests (Core 14/15, passed_count 15)
  0.91% of Permutation test rounds,  78.95% of Permutation tests (Core 3/15, passed_count 15)
  0.92% of Permutation test rounds,  78.95% of Permutation tests (Core 8/15, passed_count 15)
  0.93% of Permutation test rounds,  78.95% of Permutation tests (Core 0/15, passed_count 15)
  0.94% of Permutation test rounds,  78.95% of Permutation tests (Core 12/15, passed_count 15)
  0.95% of Permutation test rounds,  78.95% of Permutation tests (Core 11/15, passed_count 15)
  0.96% of Permutation test rounds,  78.95% of Permutation tests (Core 10/15, passed_count 15)
  0.97% of Permutation test rounds,  78.95% of Permutation tests (Core 9/15, passed_count 15)
  0.98% of Permutation test rounds,  78.95% of Permutation tests (Core 6/15, passed_count 15)
  0.99% of Permutation test rounds,  78.95% of Permutation tests (Core 4/15, passed_count 15)
  1.00% of Permutation test rounds,  84.21% of Permutation tests (Core 2/15, passed_count 16)
  1.01% of Permutation test rounds,  84.21% of Permutation tests (Core 15/15, passed_count 16)
  1.02% of Permutation test rounds,  84.21% of Permutation tests (Core 1/15, passed_count 16)
  1.03% of Permutation test rounds,  84.21% of Permutation tests (Core 5/15, passed_count 16)
  1.04% of Permutation test rounds,  84.21% of Permutation tests (Core 7/15, passed_count 16)
  1.05% of Permutation test rounds,  84.21% of Permutation tests (Core 13/15, passed_count 16)
  1.06% of Permutation test rounds,  84.21% of Permutation tests (Core 14/15, passed_count 16)
  1.07% of Permutation test rounds,  84.21% of Permutation tests (Core 3/15, passed_count 16)
  1.08% of Permutation test rounds,  84.21% of Permutation tests (Core 8/15, passed_count 16)
  1.09% of Permutation test rounds,  84.21% of Permutation tests (Core 0/15, passed_count 16)
  1.10% of Permutation test rounds,  84.21% of Permutation tests (Core 12/15, passed_count 16)
  1.11% of Permutation test rounds,  84.21% of Permutation tests (Core 11/15, passed_count 16)
  1.12% of Permutation test rounds,  84.21% of Permutation tests (Core 10/15, passed_count 16)
  1.13% of Permutation test rounds,  89.47% of Permutation tests (Core 9/15, passed_count 17)
  1.14% of Permutation test rounds,  89.47% of Permutation tests (Core 6/15, passed_count 17)
  1.15% of Permutation test rounds,  89.47% of Permutation tests (Core 4/15, passed_count 17)
  1.16% of Permutation test rounds,  89.47% of Permutation tests (Core 2/15, passed_count 17)
  1.17% of Permutation test rounds,  89.47% of Permutation tests (Core 15/15, passed_count 17)
  1.18% of Permutation test rounds,  89.47% of Permutation tests (Core 1/15, passed_count 17)
  1.19% of Permutation test rounds,  89.47% of Permutation tests (Core 5/15, passed_count 17)
  1.20% of Permutation test rounds,  94.74% of Permutation tests (Core 7/15, passed_count 18)
  1.21% of Permutation test rounds,  94.74% of Permutation tests (Core 13/15, passed_count 18)
  1.22% of Permutation test rounds,  94.74% of Permutation tests (Core 14/15, passed_count 18)
  1.23% of Permutation test rounds,  94.74% of Permutation tests (Core 3/15, passed_count 18)
  1.24% of Permutation test rounds,  94.74% of Permutation tests (Core 8/15, passed_count 18)
  1.25% of Permutation test rounds,  94.74% of Permutation tests (Core 0/15, passed_count 18)
  1.26% of Permutation test rounds,  94.74% of Permutation tests (Core 12/15, passed_count 18)
  1.27% of Permutation test rounds,  94.74% of Permutation tests (Core 11/15, passed_count 18)
  1.28% of Permutation test rounds,  94.74% of Permutation tests (Core 10/15, passed_count 18)
  1.29% of Permutation test rounds,  94.74% of Permutation tests (Core 9/15, passed_count 18)
  1.30% of Permutation test rounds,  94.74% of Permutation tests (Core 6/15, passed_count 18)
  1.31% of Permutation test rounds,  94.74% of Permutation tests (Core 4/15, passed_count 18)
  1.32% of Permutation test rounds,  94.74% of Permutation tests (Core 2/15, passed_count 18)
  1.33% of Permutation test rounds,  94.74% of Permutation tests (Core 15/15, passed_count 18)
  1.34% of Permutation test rounds,  94.74% of Permutation tests (Core 1/15, passed_count 18)
  1.35% of Permutation test rounds,  94.74% of Permutation tests (Core 5/15, passed_count 18)
  1.36% of Permutation test rounds,  94.74% of Permutation tests (Core 7/15, passed_count 18)
  1.37% of Permutation test rounds,  94.74% of Permutation tests (Core 13/15, passed_count 18)
  1.38% of Permutation test rounds,  94.74% of Permutation tests (Core 14/15, passed_count 18)
  1.39% of Permutation test rounds,  94.74% of Permutation tests (Core 3/15, passed_count 18)
  1.40% of Permutation test rounds,  94.74% of Permutation tests (Core 8/15, passed_count 18)
  1.41% of Permutation test rounds,  94.74% of Permutation tests (Core 0/15, passed_count 18)
  1.42% of Permutation test rounds,  94.74% of Permutation tests (Core 12/15, passed_count 18)
  1.43% of Permutation test rounds,  94.74% of Permutation tests (Core 11/15, passed_count 18)
  1.44% of Permutation test rounds,  94.74% of Permutation tests (Core 10/15, passed_count 18)
  1.45% of Permutation test rounds,  94.74% of Permutation tests (Core 9/15, passed_count 18)
  1.46% of Permutation test rounds,  94.74% of Permutation tests (Core 6/15, passed_count 18)
  1.47% of Permutation test rounds,  94.74% of Permutation tests (Core 4/15, passed_count 18)
  1.48% of Permutation test rounds,  94.74% of Permutation tests (Core 2/15, passed_count 18)
  1.49% of Permutation test rounds,  94.74% of Permutation tests (Core 15/15, passed_count 18)
  1.50% of Permutation test rounds,  94.74% of Permutation tests (Core 1/15, passed_count 18)
  1.51% of Permutation test rounds,  94.74% of Permutation tests (Core 5/15, passed_count 18)
  1.52% of Permutation test rounds,  94.74% of Permutation tests (Core 7/15, passed_count 18)
  1.53% of Permutation test rounds,  94.74% of Permutation tests (Core 13/15, passed_count 18)
  1.54% of Permutation test rounds,  94.74% of Permutation tests (Core 14/15, passed_count 18)
  1.55% of Permutation test rounds,  94.74% of Permutation tests (Core 3/15, passed_count 18)
  1.56% of Permutation test rounds,  94.74% of Permutation tests (Core 8/15, passed_count 18)
  1.57% of Permutation test rounds,  94.74% of Permutation tests (Core 0/15, passed_count 18)
  1.58% of Permutation test rounds,  94.74% of Permutation tests (Core 12/15, passed_count 18)
  1.59% of Permutation test rounds,  94.74% of Permutation tests (Core 11/15, passed_count 18)
  1.60% of Permutation test rounds,  94.74% of Permutation tests (Core 10/15, passed_count 18)
  1.61% of Permutation test rounds,  94.74% of Permutation tests (Core 9/15, passed_count 18)
  1.62% of Permutation test rounds,  94.74% of Permutation tests (Core 6/15, passed_count 18)
  1.63% of Permutation test rounds,  94.74% of Permutation tests (Core 4/15, passed_count 18)
  1.64% of Permutation test rounds,  94.74% of Permutation tests (Core 2/15, passed_count 18)
  1.65% of Permutation test rounds,  94.74% of Permutation tests (Core 15/15, passed_count 18)
  1.66% of Permutation test rounds,  94.74% of Permutation tests (Core 1/15, passed_count 18)
  1.67% of Permutation test rounds,  94.74% of Permutation tests (Core 5/15, passed_count 18)
  1.68% of Permutation test rounds,  94.74% of Permutation tests (Core 7/15, passed_count 18)
  1.69% of Permutation test rounds,  94.74% of Permutation tests (Core 13/15, passed_count 18)
  1.70% of Permutation test rounds,  94.74% of Permutation tests (Core 14/15, passed_count 18)
  1.71% of Permutation test rounds,  94.74% of Permutation tests (Core 3/15, passed_count 18)
  1.72% of Permutation test rounds,  94.74% of Permutation tests (Core 8/15, passed_count 18)
  1.73% of Permutation test rounds,  94.74% of Permutation tests (Core 0/15, passed_count 18)
  1.74% of Permutation test rounds,  94.74% of Permutation tests (Core 12/15, passed_count 18)
  1.75% of Permutation test rounds,  94.74% of Permutation tests (Core 11/15, passed_count 18)
  1.76% of Permutation test rounds,  94.74% of Permutation tests (Core 10/15, passed_count 18)
  1.77% of Permutation test rounds,  94.74% of Permutation tests (Core 9/15, passed_count 18)
  1.78% of Permutation test rounds,  94.74% of Permutation tests (Core 6/15, passed_count 18)
  1.79% of Permutation test rounds,  94.74% of Permutation tests (Core 4/15, passed_count 18)
  1.80% of Permutation test rounds,  94.74% of Permutation tests (Core 2/15, passed_count 18)
  1.81% of Permutation test rounds,  94.74% of Permutation tests (Core 15/15, passed_count 18)
  1.82% of Permutation test rounds,  94.74% of Permutation tests (Core 1/15, passed_count 18)
  1.83% of Permutation test rounds,  94.74% of Permutation tests (Core 5/15, passed_count 18)
  1.84% of Permutation test rounds,  94.74% of Permutation tests (Core 7/15, passed_count 18)
  1.85% of Permutation test rounds,  94.74% of Permutation tests (Core 13/15, passed_count 18)
  1.86% of Permutation test rounds,  94.74% of Permutation tests (Core 14/15, passed_count 18)
  1.87% of Permutation test rounds,  94.74% of Permutation tests (Core 3/15, passed_count 18)
  1.88% of Permutation test rounds,  94.74% of Permutation tests (Core 8/15, passed_count 18)
  1.89% of Permutation test rounds,  94.74% of Permutation tests (Core 0/15, passed_count 18)
  1.90% of Permutation test rounds,  94.74% of Permutation tests (Core 12/15, passed_count 18)
  1.91% of Permutation test rounds,  94.74% of Permutation tests (Core 11/15, passed_count 18)
  1.92% of Permutation test rounds,  94.74% of Permutation tests (Core 10/15, passed_count 18)
  1.93% of Permutation test rounds,  94.74% of Permutation tests (Core 9/15, passed_count 18)
  1.94% of Permutation test rounds,  94.74% of Permutation tests (Core 6/15, passed_count 18)
  1.95% of Permutation test rounds,  94.74% of Permutation tests (Core 4/15, passed_count 18)
  1.96% of Permutation test rounds,  94.74% of Permutation tests (Core 2/15, passed_count 18)
  1.97% of Permutation test rounds,  94.74% of Permutation tests (Core 15/15, passed_count 18)
  1.98% of Permutation test rounds,  94.74% of Permutation tests (Core 1/15, passed_count 18)
  1.99% of Permutation test rounds,  94.74% of Permutation tests (Core 5/15, passed_count 18)
  2.00% of Permutation test rounds,  94.74% of Permutation tests (Core 7/15, passed_count 18)
  2.01% of Permutation test rounds,  94.74% of Permutation tests (Core 13/15, passed_count 18)
  2.02% of Permutation test rounds,  94.74% of Permutation tests (Core 14/15, passed_count 18)
  2.03% of Permutation test rounds,  94.74% of Permutation tests (Core 3/15, passed_count 18)
  2.04% of Permutation test rounds,  94.74% of Permutation tests (Core 8/15, passed_count 18)
  2.05% of Permutation test rounds,  94.74% of Permutation tests (Core 0/15, passed_count 18)
  2.06% of Permutation test rounds,  94.74% of Permutation tests (Core 12/15, passed_count 18)
  2.07% of Permutation test rounds,  94.74% of Permutation tests (Core 11/15, passed_count 18)
  2.08% of Permutation test rounds,  94.74% of Permutation tests (Core 10/15, passed_count 18)
  2.09% of Permutation test rounds,  94.74% of Permutation tests (Core 9/15, passed_count 18)
  2.10% of Permutation test rounds,  94.74% of Permutation tests (Core 6/15, passed_count 18)
  2.11% of Permutation test rounds,  94.74% of Permutation tests (Core 4/15, passed_count 18)
  2.12% of Permutation test rounds,  94.74% of Permutation tests (Core 2/15, passed_count 18)
  2.13% of Permutation test rounds,  94.74% of Permutation tests (Core 15/15, passed_count 18)
  2.14% of Permutation test rounds,  94.74% of Permutation tests (Core 1/15, passed_count 18)
  2.15% of Permutation test rounds,  94.74% of Permutation tests (Core 5/15, passed_count 18)
  2.16% of Permutation test rounds,  94.74% of Permutation tests (Core 7/15, passed_count 18)
  2.17% of Permutation test rounds,  94.74% of Permutation tests (Core 13/15, passed_count 18)
  2.18% of Permutation test rounds,  94.74% of Permutation tests (Core 14/15, passed_count 18)
  2.19% of Permutation test rounds,  94.74% of Permutation tests (Core 3/15, passed_count 18)
  2.20% of Permutation test rounds,  94.74% of Permutation tests (Core 8/15, passed_count 18)
  2.21% of Permutation test rounds,  94.74% of Permutation tests (Core 0/15, passed_count 18)
  2.22% of Permutation test rounds,  94.74% of Permutation tests (Core 12/15, passed_count 18)
  2.23% of Permutation test rounds,  94.74% of Permutation tests (Core 11/15, passed_count 18)
  2.24% of Permutation test rounds,  94.74% of Permutation tests (Core 10/15, passed_count 18)
  2.25% of Permutation test rounds,  94.74% of Permutation tests (Core 9/15, passed_count 18)
  2.26% of Permutation test rounds,  94.74% of Permutation tests (Core 6/15, passed_count 18)
  2.27% of Permutation test rounds,  94.74% of Permutation tests (Core 4/15, passed_count 18)
  2.28% of Permutation test rounds,  94.74% of Permutation tests (Core 2/15, passed_count 18)
  2.29% of Permutation test rounds,  94.74% of Permutation tests (Core 15/15, passed_count 18)
  2.30% of Permutation test rounds,  94.74% of Permutation tests (Core 1/15, passed_count 18)
  2.31% of Permutation test rounds,  94.74% of Permutation tests (Core 5/15, passed_count 18)
  2.32% of Permutation test rounds,  94.74% of Permutation tests (Core 7/15, passed_count 18)
  2.33% of Permutation test rounds,  94.74% of Permutation tests (Core 13/15, passed_count 18)
  2.34% of Permutation test rounds,  94.74% of Permutation tests (Core 14/15, passed_count 18)
  2.35% of Permutation test rounds,  94.74% of Permutation tests (Core 3/15, passed_count 18)
  2.36% of Permutation test rounds,  94.74% of Permutation tests (Core 8/15, passed_count 18)
  2.37% of Permutation test rounds,  94.74% of Permutation tests (Core 0/15, passed_count 18)
  2.38% of Permutation test rounds,  94.74% of Permutation tests (Core 12/15, passed_count 18)
  2.39% of Permutation test rounds,  94.74% of Permutation tests (Core 11/15, passed_count 18)
  2.40% of Permutation test rounds,  94.74% of Permutation tests (Core 10/15, passed_count 18)
  2.41% of Permutation test rounds,  94.74% of Permutation tests (Core 9/15, passed_count 18)
  2.42% of Permutation test rounds,  94.74% of Permutation tests (Core 6/15, passed_count 18)
  2.43% of Permutation test rounds,  94.74% of Permutation tests (Core 4/15, passed_count 18)
  2.44% of Permutation test rounds,  94.74% of Permutation tests (Core 4/15, passed_count 18)
  2.45% of Permutation test rounds,  94.74% of Permutation tests (Core 15/15, passed_count 18)
  2.46% of Permutation test rounds,  94.74% of Permutation tests (Core 1/15, passed_count 18)
  2.47% of Permutation test rounds,  94.74% of Permutation tests (Core 5/15, passed_count 18)
  2.48% of Permutation test rounds,  94.74% of Permutation tests (Core 7/15, passed_count 18)
  2.49% of Permutation test rounds,  94.74% of Permutation tests (Core 13/15, passed_count 18)
  2.50% of Permutation test rounds,  94.74% of Permutation tests (Core 14/15, passed_count 18)
  2.51% of Permutation test rounds,  94.74% of Permutation tests (Core 3/15, passed_count 18)
  2.52% of Permutation test rounds,  94.74% of Permutation tests (Core 8/15, passed_count 18)
  2.53% of Permutation test rounds,  94.74% of Permutation tests (Core 0/15, passed_count 18)
  2.54% of Permutation test rounds,  94.74% of Permutation tests (Core 12/15, passed_count 18)
  2.55% of Permutation test rounds,  94.74% of Permutation tests (Core 11/15, passed_count 18)
  2.56% of Permutation test rounds,  94.74% of Permutation tests (Core 10/15, passed_count 18)
  2.57% of Permutation test rounds,  94.74% of Permutation tests (Core 9/15, passed_count 18)
  2.58% of Permutation test rounds,  94.74% of Permutation tests (Core 6/15, passed_count 18)
  2.59% of Permutation test rounds,  94.74% of Permutation tests (Core 2/15, passed_count 18)
  2.60% of Permutation test rounds,  94.74% of Permutation tests (Core 4/15, passed_count 18)
  2.61% of Permutation test rounds,  94.74% of Permutation tests (Core 15/15, passed_count 18)
  2.62% of Permutation test rounds,  94.74% of Permutation tests (Core 1/15, passed_count 18)
  2.63% of Permutation test rounds,  94.74% of Permutation tests (Core 5/15, passed_count 18)
  2.64% of Permutation test rounds,  94.74% of Permutation tests (Core 7/15, passed_count 18)
  2.65% of Permutation test rounds,  94.74% of Permutation tests (Core 13/15, passed_count 18)
  2.66% of Permutation test rounds,  94.74% of Permutation tests (Core 14/15, passed_count 18)
  2.67% of Permutation test rounds,  94.74% of Permutation tests (Core 3/15, passed_count 18)
  2.68% of Permutation test rounds,  94.74% of Permutation tests (Core 8/15, passed_count 18)
  2.69% of Permutation test rounds,  94.74% of Permutation tests (Core 0/15, passed_count 18)
  2.70% of Permutation test rounds,  94.74% of Permutation tests (Core 12/15, passed_count 18)
  2.71% of Permutation test rounds,  94.74% of Permutation tests (Core 11/15, passed_count 18)
  2.72% of Permutation test rounds,  94.74% of Permutation tests (Core 10/15, passed_count 18)
  2.73% of Permutation test rounds,  94.74% of Permutation tests (Core 9/15, passed_count 18)
  2.74% of Permutation test rounds,  94.74% of Permutation tests (Core 6/15, passed_count 18)
  2.75% of Permutation test rounds,  94.74% of Permutation tests (Core 2/15, passed_count 18)
  2.76% of Permutation test rounds,  94.74% of Permutation tests (Core 4/15, passed_count 18)
  2.77% of Permutation test rounds,  94.74% of Permutation tests (Core 15/15, passed_count 18)
  2.78% of Permutation test rounds,  94.74% of Permutation tests (Core 1/15, passed_count 18)
  2.79% of Permutation test rounds,  94.74% of Permutation tests (Core 5/15, passed_count 18)
  2.80% of Permutation test rounds,  94.74% of Permutation tests (Core 7/15, passed_count 18)
  2.81% of Permutation test rounds,  94.74% of Permutation tests (Core 13/15, passed_count 18)
  2.82% of Permutation test rounds,  94.74% of Permutation tests (Core 14/15, passed_count 18)
  2.83% of Permutation test rounds,  94.74% of Permutation tests (Core 3/15, passed_count 18)
  2.84% of Permutation test rounds,  94.74% of Permutation tests (Core 8/15, passed_count 18)
  2.85% of Permutation test rounds,  94.74% of Permutation tests (Core 0/15, passed_count 18)
  2.86% of Permutation test rounds,  94.74% of Permutation tests (Core 12/15, passed_count 18)
  2.87% of Permutation test rounds,  94.74% of Permutation tests (Core 11/15, passed_count 18)
  2.88% of Permutation test rounds,  94.74% of Permutation tests (Core 10/15, passed_count 18)
  2.89% of Permutation test rounds,  94.74% of Permutation tests (Core 9/15, passed_count 18)
  2.90% of Permutation test rounds,  94.74% of Permutation tests (Core 6/15, passed_count 18)
  2.91% of Permutation test rounds,  94.74% of Permutation tests (Core 2/15, passed_count 18)
  2.92% of Permutation test rounds,  94.74% of Permutation tests (Core 4/15, passed_count 18)
  2.93% of Permutation test rounds,  94.74% of Permutation tests (Core 15/15, passed_count 18)
  2.94% of Permutation test rounds,  94.74% of Permutation tests (Core 1/15, passed_count 18)
  2.95% of Permutation test rounds,  94.74% of Permutation tests (Core 5/15, passed_count 18)
  2.96% of Permutation test rounds,  94.74% of Permutation tests (Core 7/15, passed_count 18)
  2.97% of Permutation test rounds,  94.74% of Permutation tests (Core 13/15, passed_count 18)
  2.98% of Permutation test rounds,  94.74% of Permutation tests (Core 14/15, passed_count 18)
  2.99% of Permutation test rounds,  94.74% of Permutation tests (Core 3/15, passed_count 18)
  3.00% of Permutation test rounds,  94.74% of Permutation tests (Core 8/15, passed_count 18)
  3.01% of Permutation test rounds,  94.74% of Permutation tests (Core 0/15, passed_count 18)
  3.02% of Permutation test rounds,  94.74% of Permutation tests (Core 12/15, passed_count 18)
  3.03% of Permutation test rounds,  94.74% of Permutation tests (Core 11/15, passed_count 18)
  3.04% of Permutation test rounds,  94.74% of Permutation tests (Core 10/15, passed_count 18)
  3.05% of Permutation test rounds,  94.74% of Permutation tests (Core 9/15, passed_count 18)
  3.06% of Permutation test rounds,  94.74% of Permutation tests (Core 6/15, passed_count 18)
  3.07% of Permutation test rounds,  94.74% of Permutation tests (Core 2/15, passed_count 18)
  3.08% of Permutation test rounds,  94.74% of Permutation tests (Core 4/15, passed_count 18)
  3.09% of Permutation test rounds,  94.74% of Permutation tests (Core 15/15, passed_count 18)
  3.10% of Permutation test rounds,  94.74% of Permutation tests (Core 1/15, passed_count 18)
  3.11% of Permutation test rounds,  94.74% of Permutation tests (Core 5/15, passed_count 18)
  3.12% of Permutation test rounds,  94.74% of Permutation tests (Core 7/15, passed_count 18)
  3.13% of Permutation test rounds,  94.74% of Permutation tests (Core 13/15, passed_count 18)
  3.14% of Permutation test rounds,  94.74% of Permutation tests (Core 14/15, passed_count 18)
  3.15% of Permutation test rounds,  94.74% of Permutation tests (Core 3/15, passed_count 18)
  3.16% of Permutation test rounds,  94.74% of Permutation tests (Core 8/15, passed_count 18)
  3.17% of Permutation test rounds,  94.74% of Permutation tests (Core 0/15, passed_count 18)
  3.18% of Permutation test rounds,  94.74% of Permutation tests (Core 12/15, passed_count 18)
  3.19% of Permutation test rounds,  94.74% of Permutation tests (Core 11/15, passed_count 18)
  3.20% of Permutation test rounds,  94.74% of Permutation tests (Core 10/15, passed_count 18)
  3.21% of Permutation test rounds,  94.74% of Permutation tests (Core 9/15, passed_count 18)
  3.22% of Permutation test rounds,  94.74% of Permutation tests (Core 6/15, passed_count 18)
  3.23% of Permutation test rounds,  94.74% of Permutation tests (Core 2/15, passed_count 18)
  3.24% of Permutation test rounds,  94.74% of Permutation tests (Core 4/15, passed_count 18)
  3.25% of Permutation test rounds,  94.74% of Permutation tests (Core 15/15, passed_count 18)
  3.26% of Permutation test rounds,  94.74% of Permutation tests (Core 1/15, passed_count 18)
  3.27% of Permutation test rounds,  94.74% of Permutation tests (Core 5/15, passed_count 18)
  3.28% of Permutation test rounds,  94.74% of Permutation tests (Core 7/15, passed_count 18)
  3.29% of Permutation test rounds,  94.74% of Permutation tests (Core 13/15, passed_count 18)
  3.30% of Permutation test rounds,  94.74% of Permutation tests (Core 14/15, passed_count 18)
  3.31% of Permutation test rounds,  94.74% of Permutation tests (Core 3/15, passed_count 18)
  3.32% of Permutation test rounds,  94.74% of Permutation tests (Core 8/15, passed_count 18)
  3.33% of Permutation test rounds,  94.74% of Permutation tests (Core 0/15, passed_count 18)
  3.34% of Permutation test rounds,  94.74% of Permutation tests (Core 12/15, passed_count 18)
  3.35% of Permutation test rounds,  94.74% of Permutation tests (Core 11/15, passed_count 18)
  3.36% of Permutation test rounds,  94.74% of Permutation tests (Core 10/15, passed_count 18)
  3.37% of Permutation test rounds,  94.74% of Permutation tests (Core 9/15, passed_count 18)
  3.38% of Permutation test rounds,  94.74% of Permutation tests (Core 6/15, passed_count 18)
  3.39% of Permutation test rounds,  94.74% of Permutation tests (Core 2/15, passed_count 18)
  3.40% of Permutation test rounds,  94.74% of Permutation tests (Core 4/15, passed_count 18)
  3.41% of Permutation test rounds,  94.74% of Permutation tests (Core 15/15, passed_count 18)
  3.42% of Permutation test rounds,  94.74% of Permutation tests (Core 1/15, passed_count 18)
  3.43% of Permutation test rounds,  94.74% of Permutation tests (Core 5/15, passed_count 18)
  3.44% of Permutation test rounds,  94.74% of Permutation tests (Core 7/15, passed_count 18)
  3.45% of Permutation test rounds,  94.74% of Permutation tests (Core 13/15, passed_count 18)
  3.46% of Permutation test rounds,  94.74% of Permutation tests (Core 14/15, passed_count 18)
  3.47% of Permutation test rounds,  94.74% of Permutation tests (Core 3/15, passed_count 18)
  3.48% of Permutation test rounds,  94.74% of Permutation tests (Core 8/15, passed_count 18)
  3.49% of Permutation test rounds,  94.74% of Permutation tests (Core 0/15, passed_count 18)
  3.50% of Permutation test rounds,  94.74% of Permutation tests (Core 12/15, passed_count 18)
  3.51% of Permutation test rounds,  94.74% of Permutation tests (Core 11/15, passed_count 18)
  3.52% of Permutation test rounds,  94.74% of Permutation tests (Core 10/15, passed_count 18)
  3.53% of Permutation test rounds,  94.74% of Permutation tests (Core 9/15, passed_count 18)
  3.54% of Permutation test rounds,  94.74% of Permutation tests (Core 6/15, passed_count 18)
  3.55% of Permutation test rounds,  94.74% of Permutation tests (Core 2/15, passed_count 18)
  3.56% of Permutation test rounds,  94.74% of Permutation tests (Core 4/15, passed_count 18)
  3.57% of Permutation test rounds,  94.74% of Permutation tests (Core 15/15, passed_count 18)
  3.58% of Permutation test rounds,  94.74% of Permutation tests (Core 1/15, passed_count 18)
  3.59% of Permutation test rounds,  94.74% of Permutation tests (Core 5/15, passed_count 18)
  3.60% of Permutation test rounds,  94.74% of Permutation tests (Core 7/15, passed_count 18)
  3.61% of Permutation test rounds,  94.74% of Permutation tests (Core 13/15, passed_count 18)
  3.62% of Permutation test rounds,  94.74% of Permutation tests (Core 14/15, passed_count 18)
  3.63% of Permutation test rounds,  94.74% of Permutation tests (Core 3/15, passed_count 18)
  3.64% of Permutation test rounds,  94.74% of Permutation tests (Core 8/15, passed_count 18)
  3.65% of Permutation test rounds,  94.74% of Permutation tests (Core 0/15, passed_count 18)
  3.66% of Permutation test rounds,  94.74% of Permutation tests (Core 12/15, passed_count 18)
  3.67% of Permutation test rounds,  94.74% of Permutation tests (Core 11/15, passed_count 18)
  3.68% of Permutation test rounds,  94.74% of Permutation tests (Core 10/15, passed_count 18)
  3.69% of Permutation test rounds,  94.74% of Permutation tests (Core 9/15, passed_count 18)
  3.70% of Permutation test rounds,  94.74% of Permutation tests (Core 6/15, passed_count 18)
  3.71% of Permutation test rounds,  94.74% of Permutation tests (Core 2/15, passed_count 18)
  3.72% of Permutation test rounds,  94.74% of Permutation tests (Core 4/15, passed_count 18)
  3.73% of Permutation test rounds,  94.74% of Permutation tests (Core 15/15, passed_count 18)
  3.74% of Permutation test rounds,  94.74% of Permutation tests (Core 1/15, passed_count 18)
  3.75% of Permutation test rounds,  94.74% of Permutation tests (Core 5/15, passed_count 18)
  3.76% of Permutation test rounds,  94.74% of Permutation tests (Core 7/15, passed_count 18)
  3.77% of Permutation test rounds,  94.74% of Permutation tests (Core 13/15, passed_count 18)
  3.78% of Permutation test rounds,  94.74% of Permutation tests (Core 14/15, passed_count 18)
  3.79% of Permutation test rounds,  94.74% of Permutation tests (Core 3/15, passed_count 18)
  3.80% of Permutation test rounds,  94.74% of Permutation tests (Core 8/15, passed_count 18)
  3.81% of Permutation test rounds,  94.74% of Permutation tests (Core 8/15, passed_count 18)
  3.82% of Permutation test rounds,  94.74% of Permutation tests (Core 12/15, passed_count 18)
  3.83% of Permutation test rounds,  94.74% of Permutation tests (Core 11/15, passed_count 18)
  3.84% of Permutation test rounds,  94.74% of Permutation tests (Core 10/15, passed_count 18)
  3.85% of Permutation test rounds,  94.74% of Permutation tests (Core 9/15, passed_count 18)
  3.86% of Permutation test rounds,  94.74% of Permutation tests (Core 6/15, passed_count 18)
  3.87% of Permutation test rounds,  94.74% of Permutation tests (Core 2/15, passed_count 18)
  3.88% of Permutation test rounds,  94.74% of Permutation tests (Core 4/15, passed_count 18)
  3.89% of Permutation test rounds,  94.74% of Permutation tests (Core 15/15, passed_count 18)
  3.90% of Permutation test rounds,  94.74% of Permutation tests (Core 1/15, passed_count 18)
  3.91% of Permutation test rounds,  94.74% of Permutation tests (Core 5/15, passed_count 18)
  3.92% of Permutation test rounds,  94.74% of Permutation tests (Core 7/15, passed_count 18)
  3.93% of Permutation test rounds,  94.74% of Permutation tests (Core 7/15, passed_count 18)
  3.94% of Permutation test rounds,  94.74% of Permutation tests (Core 14/15, passed_count 18)
  3.95% of Permutation test rounds,  94.74% of Permutation tests (Core 3/15, passed_count 18)
  3.96% of Permutation test rounds,  94.74% of Permutation tests (Core 0/15, passed_count 18)
  3.97% of Permutation test rounds,  94.74% of Permutation tests (Core 8/15, passed_count 18)
  3.98% of Permutation test rounds,  94.74% of Permutation tests (Core 12/15, passed_count 18)
  3.99% of Permutation test rounds,  94.74% of Permutation tests (Core 11/15, passed_count 18)
  4.00% of Permutation test rounds,  94.74% of Permutation tests (Core 10/15, passed_count 18)
  4.01% of Permutation test rounds,  94.74% of Permutation tests (Core 9/15, passed_count 18)
  4.02% of Permutation test rounds,  94.74% of Permutation tests (Core 6/15, passed_count 18)
  4.03% of Permutation test rounds,  94.74% of Permutation tests (Core 2/15, passed_count 18)
  4.04% of Permutation test rounds,  94.74% of Permutation tests (Core 4/15, passed_count 18)
  4.05% of Permutation test rounds,  94.74% of Permutation tests (Core 15/15, passed_count 18)
  4.06% of Permutation test rounds,  94.74% of Permutation tests (Core 1/15, passed_count 18)
  4.07% of Permutation test rounds,  94.74% of Permutation tests (Core 5/15, passed_count 18)
  4.08% of Permutation test rounds,  94.74% of Permutation tests (Core 13/15, passed_count 18)
  4.09% of Permutation test rounds,  94.74% of Permutation tests (Core 7/15, passed_count 18)
  4.10% of Permutation test rounds,  94.74% of Permutation tests (Core 14/15, passed_count 18)
  4.11% of Permutation test rounds,  94.74% of Permutation tests (Core 3/15, passed_count 18)
  4.12% of Permutation test rounds,  94.74% of Permutation tests (Core 0/15, passed_count 18)
  4.13% of Permutation test rounds,  94.74% of Permutation tests (Core 8/15, passed_count 18)
  4.14% of Permutation test rounds,  94.74% of Permutation tests (Core 12/15, passed_count 18)
  4.15% of Permutation test rounds,  94.74% of Permutation tests (Core 11/15, passed_count 18)
  4.16% of Permutation test rounds,  94.74% of Permutation tests (Core 10/15, passed_count 18)
  4.17% of Permutation test rounds,  94.74% of Permutation tests (Core 9/15, passed_count 18)
  4.18% of Permutation test rounds,  94.74% of Permutation tests (Core 6/15, passed_count 18)
  4.19% of Permutation test rounds,  94.74% of Permutation tests (Core 2/15, passed_count 18)
  4.20% of Permutation test rounds,  94.74% of Permutation tests (Core 4/15, passed_count 18)
  4.21% of Permutation test rounds,  94.74% of Permutation tests (Core 15/15, passed_count 18)
  4.22% of Permutation test rounds,  94.74% of Permutation tests (Core 1/15, passed_count 18)
  4.23% of Permutation test rounds,  94.74% of Permutation tests (Core 5/15, passed_count 18)
  4.24% of Permutation test rounds,  94.74% of Permutation tests (Core 13/15, passed_count 18)
  4.25% of Permutation test rounds,  94.74% of Permutation tests (Core 7/15, passed_count 18)
  4.26% of Permutation test rounds,  94.74% of Permutation tests (Core 14/15, passed_count 18)
  4.27% of Permutation test rounds,  94.74% of Permutation tests (Core 3/15, passed_count 18)
  4.28% of Permutation test rounds,  94.74% of Permutation tests (Core 8/15, passed_count 18)
  4.29% of Permutation test rounds,  94.74% of Permutation tests (Core 0/15, passed_count 18)
  4.30% of Permutation test rounds,  94.74% of Permutation tests (Core 12/15, passed_count 18)
  4.31% of Permutation test rounds,  94.74% of Permutation tests (Core 11/15, passed_count 18)
  4.32% of Permutation test rounds,  94.74% of Permutation tests (Core 10/15, passed_count 18)
  4.33% of Permutation test rounds,  94.74% of Permutation tests (Core 9/15, passed_count 18)
  4.34% of Permutation test rounds,  94.74% of Permutation tests (Core 6/15, passed_count 18)
  4.35% of Permutation test rounds,  94.74% of Permutation tests (Core 2/15, passed_count 18)
  4.36% of Permutation test rounds,  94.74% of Permutation tests (Core 4/15, passed_count 18)
  4.37% of Permutation test rounds,  94.74% of Permutation tests (Core 4/15, passed_count 18)
  4.38% of Permutation test rounds,  94.74% of Permutation tests (Core 1/15, passed_count 18)
  4.39% of Permutation test rounds,  94.74% of Permutation tests (Core 5/15, passed_count 18)
  4.40% of Permutation test rounds,  94.74% of Permutation tests (Core 13/15, passed_count 18)
  4.41% of Permutation test rounds,  94.74% of Permutation tests (Core 7/15, passed_count 18)
  4.42% of Permutation test rounds,  94.74% of Permutation tests (Core 14/15, passed_count 18)
  4.43% of Permutation test rounds,  94.74% of Permutation tests (Core 3/15, passed_count 18)
  4.44% of Permutation test rounds,  94.74% of Permutation tests (Core 8/15, passed_count 18)
  4.45% of Permutation test rounds,  94.74% of Permutation tests (Core 0/15, passed_count 18)
  4.46% of Permutation test rounds,  94.74% of Permutation tests (Core 12/15, passed_count 18)
  4.47% of Permutation test rounds,  94.74% of Permutation tests (Core 11/15, passed_count 18)
  4.48% of Permutation test rounds,  94.74% of Permutation tests (Core 10/15, passed_count 18)
  4.49% of Permutation test rounds,  94.74% of Permutation tests (Core 9/15, passed_count 18)
  4.50% of Permutation test rounds,  94.74% of Permutation tests (Core 6/15, passed_count 18)
  4.51% of Permutation test rounds,  94.74% of Permutation tests (Core 2/15, passed_count 18)
  4.52% of Permutation test rounds,  94.74% of Permutation tests (Core 15/15, passed_count 18)
  4.53% of Permutation test rounds,  94.74% of Permutation tests (Core 4/15, passed_count 18)
  4.54% of Permutation test rounds,  94.74% of Permutation tests (Core 1/15, passed_count 18)
  4.55% of Permutation test rounds,  94.74% of Permutation tests (Core 5/15, passed_count 18)
  4.56% of Permutation test rounds,  94.74% of Permutation tests (Core 13/15, passed_count 18)
  4.57% of Permutation test rounds,  94.74% of Permutation tests (Core 7/15, passed_count 18)
  4.58% of Permutation test rounds,  94.74% of Permutation tests (Core 14/15, passed_count 18)
  4.59% of Permutation test rounds,  94.74% of Permutation tests (Core 3/15, passed_count 18)
  4.60% of Permutation test rounds,  94.74% of Permutation tests (Core 8/15, passed_count 18)
  4.61% of Permutation test rounds,  94.74% of Permutation tests (Core 0/15, passed_count 18)
  4.62% of Permutation test rounds,  94.74% of Permutation tests (Core 12/15, passed_count 18)
  4.63% of Permutation test rounds,  94.74% of Permutation tests (Core 11/15, passed_count 18)
  4.64% of Permutation test rounds,  94.74% of Permutation tests (Core 10/15, passed_count 18)
  4.65% of Permutation test rounds,  94.74% of Permutation tests (Core 9/15, passed_count 18)
  4.66% of Permutation test rounds,  94.74% of Permutation tests (Core 6/15, passed_count 18)
  4.67% of Permutation test rounds,  94.74% of Permutation tests (Core 2/15, passed_count 18)
  4.68% of Permutation test rounds,  94.74% of Permutation tests (Core 15/15, passed_count 18)
  4.69% of Permutation test rounds,  94.74% of Permutation tests (Core 4/15, passed_count 18)
  4.70% of Permutation test rounds,  94.74% of Permutation tests (Core 1/15, passed_count 18)
  4.71% of Permutation test rounds,  94.74% of Permutation tests (Core 5/15, passed_count 18)
  4.72% of Permutation test rounds,  94.74% of Permutation tests (Core 13/15, passed_count 18)
  4.73% of Permutation test rounds,  94.74% of Permutation tests (Core 7/15, passed_count 18)
  4.74% of Permutation test rounds,  94.74% of Permutation tests (Core 14/15, passed_count 18)
  4.75% of Permutation test rounds,  94.74% of Permutation tests (Core 3/15, passed_count 18)
  4.76% of Permutation test rounds,  94.74% of Permutation tests (Core 8/15, passed_count 18)
  4.77% of Permutation test rounds,  94.74% of Permutation tests (Core 0/15, passed_count 18)
  4.78% of Permutation test rounds,  94.74% of Permutation tests (Core 12/15, passed_count 18)
  4.79% of Permutation test rounds,  94.74% of Permutation tests (Core 11/15, passed_count 18)
  4.80% of Permutation test rounds,  94.74% of Permutation tests (Core 10/15, passed_count 18)
  4.81% of Permutation test rounds,  94.74% of Permutation tests (Core 9/15, passed_count 18)
  4.82% of Permutation test rounds,  94.74% of Permutation tests (Core 6/15, passed_count 18)
  4.83% of Permutation test rounds,  94.74% of Permutation tests (Core 2/15, passed_count 18)
  4.84% of Permutation test rounds,  94.74% of Permutation tests (Core 15/15, passed_count 18)
  4.85% of Permutation test rounds,  94.74% of Permutation tests (Core 4/15, passed_count 18)
  4.86% of Permutation test rounds,  94.74% of Permutation tests (Core 1/15, passed_count 18)
  4.87% of Permutation test rounds,  94.74% of Permutation tests (Core 5/15, passed_count 18)
  4.88% of Permutation test rounds,  94.74% of Permutation tests (Core 13/15, passed_count 18)
  4.89% of Permutation test rounds,  94.74% of Permutation tests (Core 7/15, passed_count 18)
  4.90% of Permutation test rounds,  94.74% of Permutation tests (Core 14/15, passed_count 18)
  4.91% of Permutation test rounds,  94.74% of Permutation tests (Core 3/15, passed_count 18)
  4.92% of Permutation test rounds,  94.74% of Permutation tests (Core 8/15, passed_count 18)
  4.93% of Permutation test rounds,  94.74% of Permutation tests (Core 8/15, passed_count 18)
  4.94% of Permutation test rounds,  94.74% of Permutation tests (Core 12/15, passed_count 18)
  4.95% of Permutation test rounds,  94.74% of Permutation tests (Core 11/15, passed_count 18)
  4.96% of Permutation test rounds,  94.74% of Permutation tests (Core 10/15, passed_count 18)
  4.97% of Permutation test rounds,  94.74% of Permutation tests (Core 9/15, passed_count 18)
  4.98% of Permutation test rounds,  94.74% of Permutation tests (Core 6/15, passed_count 18)
  4.99% of Permutation test rounds,  94.74% of Permutation tests (Core 2/15, passed_count 18)
  5.00% of Permutation test rounds,  94.74% of Permutation tests (Core 15/15, passed_count 18)
  5.01% of Permutation test rounds,  94.74% of Permutation tests (Core 4/15, passed_count 18)
  5.02% of Permutation test rounds,  94.74% of Permutation tests (Core 1/15, passed_count 18)
  5.03% of Permutation test rounds,  94.74% of Permutation tests (Core 5/15, passed_count 18)
  5.04% of Permutation test rounds,  94.74% of Permutation tests (Core 13/15, passed_count 18)
  5.05% of Permutation test rounds,  94.74% of Permutation tests (Core 7/15, passed_count 18)
  5.06% of Permutation test rounds,  94.74% of Permutation tests (Core 14/15, passed_count 18)
  5.07% of Permutation test rounds,  94.74% of Permutation tests (Core 3/15, passed_count 18)
  5.08% of Permutation test rounds,  94.74% of Permutation tests (Core 0/15, passed_count 18)
  5.09% of Permutation test rounds,  94.74% of Permutation tests (Core 8/15, passed_count 18)
  5.10% of Permutation test rounds,  94.74% of Permutation tests (Core 12/15, passed_count 18)
  5.11% of Permutation test rounds,  94.74% of Permutation tests (Core 11/15, passed_count 18)
  5.12% of Permutation test rounds,  94.74% of Permutation tests (Core 10/15, passed_count 18)
  5.13% of Permutation test rounds,  94.74% of Permutation tests (Core 9/15, passed_count 18)
  5.14% of Permutation test rounds,  94.74% of Permutation tests (Core 6/15, passed_count 18)
  5.15% of Permutation test rounds,  94.74% of Permutation tests (Core 2/15, passed_count 18)
  5.16% of Permutation test rounds,  94.74% of Permutation tests (Core 15/15, passed_count 18)
  5.17% of Permutation test rounds,  94.74% of Permutation tests (Core 4/15, passed_count 18)
  5.18% of Permutation test rounds,  94.74% of Permutation tests (Core 1/15, passed_count 18)
  5.19% of Permutation test rounds,  94.74% of Permutation tests (Core 5/15, passed_count 18)
  5.20% of Permutation test rounds,  94.74% of Permutation tests (Core 13/15, passed_count 18)
  5.21% of Permutation test rounds,  94.74% of Permutation tests (Core 7/15, passed_count 18)
  5.22% of Permutation test rounds,  94.74% of Permutation tests (Core 14/15, passed_count 18)
  5.23% of Permutation test rounds,  94.74% of Permutation tests (Core 3/15, passed_count 18)
  5.24% of Permutation test rounds,  94.74% of Permutation tests (Core 0/15, passed_count 18)
  5.25% of Permutation test rounds,  94.74% of Permutation tests (Core 8/15, passed_count 18)
  5.26% of Permutation test rounds,  94.74% of Permutation tests (Core 12/15, passed_count 18)
  5.27% of Permutation test rounds,  94.74% of Permutation tests (Core 11/15, passed_count 18)
  5.28% of Permutation test rounds,  94.74% of Permutation tests (Core 10/15, passed_count 18)
  5.29% of Permutation test rounds,  94.74% of Permutation tests (Core 9/15, passed_count 18)
  5.30% of Permutation test rounds,  94.74% of Permutation tests (Core 6/15, passed_count 18)
  5.31% of Permutation test rounds,  94.74% of Permutation tests (Core 2/15, passed_count 18)
  5.32% of Permutation test rounds,  94.74% of Permutation tests (Core 15/15, passed_count 18)
  5.33% of Permutation test rounds,  94.74% of Permutation tests (Core 4/15, passed_count 18)
  5.34% of Permutation test rounds,  94.74% of Permutation tests (Core 1/15, passed_count 18)
  5.35% of Permutation test rounds,  94.74% of Permutation tests (Core 5/15, passed_count 18)
  5.36% of Permutation test rounds,  94.74% of Permutation tests (Core 13/15, passed_count 18)
  5.37% of Permutation test rounds,  94.74% of Permutation tests (Core 7/15, passed_count 18)
  5.38% of Permutation test rounds,  94.74% of Permutation tests (Core 14/15, passed_count 18)
  5.39% of Permutation test rounds,  94.74% of Permutation tests (Core 14/15, passed_count 18)
  5.40% of Permutation test rounds,  94.74% of Permutation tests (Core 0/15, passed_count 18)
  5.41% of Permutation test rounds,  94.74% of Permutation tests (Core 8/15, passed_count 18)
  5.42% of Permutation test rounds,  94.74% of Permutation tests (Core 12/15, passed_count 18)
  5.43% of Permutation test rounds,  94.74% of Permutation tests (Core 11/15, passed_count 18)
  5.44% of Permutation test rounds,  94.74% of Permutation tests (Core 10/15, passed_count 18)
  5.45% of Permutation test rounds,  94.74% of Permutation tests (Core 9/15, passed_count 18)
  5.46% of Permutation test rounds,  94.74% of Permutation tests (Core 6/15, passed_count 18)
  5.47% of Permutation test rounds,  94.74% of Permutation tests (Core 2/15, passed_count 18)
  5.48% of Permutation test rounds,  94.74% of Permutation tests (Core 15/15, passed_count 18)
  5.49% of Permutation test rounds,  94.74% of Permutation tests (Core 4/15, passed_count 18)
  5.50% of Permutation test rounds,  94.74% of Permutation tests (Core 1/15, passed_count 18)
  5.51% of Permutation test rounds,  94.74% of Permutation tests (Core 5/15, passed_count 18)
  5.52% of Permutation test rounds,  94.74% of Permutation tests (Core 13/15, passed_count 18)
  5.53% of Permutation test rounds,  94.74% of Permutation tests (Core 7/15, passed_count 18)
  5.54% of Permutation test rounds,  94.74% of Permutation tests (Core 3/15, passed_count 18)
  5.55% of Permutation test rounds,  94.74% of Permutation tests (Core 14/15, passed_count 18)
  5.56% of Permutation test rounds,  94.74% of Permutation tests (Core 0/15, passed_count 18)
  5.57% of Permutation test rounds,  94.74% of Permutation tests (Core 8/15, passed_count 18)
  5.58% of Permutation test rounds,  94.74% of Permutation tests (Core 12/15, passed_count 18)
  5.59% of Permutation test rounds,  94.74% of Permutation tests (Core 11/15, passed_count 18)
  5.60% of Permutation test rounds,  94.74% of Permutation tests (Core 10/15, passed_count 18)
  5.61% of Permutation test rounds,  94.74% of Permutation tests (Core 9/15, passed_count 18)
  5.62% of Permutation test rounds,  94.74% of Permutation tests (Core 6/15, passed_count 18)
  5.63% of Permutation test rounds,  94.74% of Permutation tests (Core 2/15, passed_count 18)
  5.64% of Permutation test rounds,  94.74% of Permutation tests (Core 15/15, passed_count 18)
  5.65% of Permutation test rounds,  94.74% of Permutation tests (Core 4/15, passed_count 18)
  5.66% of Permutation test rounds,  94.74% of Permutation tests (Core 1/15, passed_count 18)
  5.67% of Permutation test rounds,  94.74% of Permutation tests (Core 5/15, passed_count 18)
  5.68% of Permutation test rounds,  94.74% of Permutation tests (Core 13/15, passed_count 18)
  5.69% of Permutation test rounds,  94.74% of Permutation tests (Core 7/15, passed_count 18)
  5.70% of Permutation test rounds,  94.74% of Permutation tests (Core 3/15, passed_count 18)
  5.71% of Permutation test rounds,  94.74% of Permutation tests (Core 14/15, passed_count 18)
  5.72% of Permutation test rounds,  94.74% of Permutation tests (Core 0/15, passed_count 18)
  5.73% of Permutation test rounds,  94.74% of Permutation tests (Core 8/15, passed_count 18)
  5.74% of Permutation test rounds,  94.74% of Permutation tests (Core 12/15, passed_count 18)
  5.75% of Permutation test rounds,  94.74% of Permutation tests (Core 11/15, passed_count 18)
  5.76% of Permutation test rounds,  94.74% of Permutation tests (Core 10/15, passed_count 18)
  5.77% of Permutation test rounds,  94.74% of Permutation tests (Core 9/15, passed_count 18)
  5.78% of Permutation test rounds,  94.74% of Permutation tests (Core 6/15, passed_count 18)
  5.79% of Permutation test rounds,  94.74% of Permutation tests (Core 2/15, passed_count 18)
  5.80% of Permutation test rounds,  94.74% of Permutation tests (Core 15/15, passed_count 18)
  5.81% of Permutation test rounds,  94.74% of Permutation tests (Core 4/15, passed_count 18)
  5.82% of Permutation test rounds,  94.74% of Permutation tests (Core 1/15, passed_count 18)
  5.83% of Permutation test rounds,  94.74% of Permutation tests (Core 5/15, passed_count 18)
  5.84% of Permutation test rounds,  94.74% of Permutation tests (Core 13/15, passed_count 18)
  5.85% of Permutation test rounds,  94.74% of Permutation tests (Core 7/15, passed_count 18)
  5.86% of Permutation test rounds,  94.74% of Permutation tests (Core 3/15, passed_count 18)
  5.87% of Permutation test rounds,  94.74% of Permutation tests (Core 14/15, passed_count 18)
  5.88% of Permutation test rounds,  94.74% of Permutation tests (Core 0/15, passed_count 18)
  5.89% of Permutation test rounds,  94.74% of Permutation tests (Core 8/15, passed_count 18)
  5.90% of Permutation test rounds,  94.74% of Permutation tests (Core 12/15, passed_count 18)
  5.91% of Permutation test rounds,  94.74% of Permutation tests (Core 11/15, passed_count 18)
  5.92% of Permutation test rounds,  94.74% of Permutation tests (Core 10/15, passed_count 18)
  5.93% of Permutation test rounds,  94.74% of Permutation tests (Core 9/15, passed_count 18)
  5.94% of Permutation test rounds,  94.74% of Permutation tests (Core 6/15, passed_count 18)
  5.95% of Permutation test rounds,  94.74% of Permutation tests (Core 2/15, passed_count 18)
  5.96% of Permutation test rounds,  94.74% of Permutation tests (Core 15/15, passed_count 18)
  5.97% of Permutation test rounds,  94.74% of Permutation tests (Core 4/15, passed_count 18)
  5.98% of Permutation test rounds,  94.74% of Permutation tests (Core 1/15, passed_count 18)
  5.99% of Permutation test rounds,  94.74% of Permutation tests (Core 5/15, passed_count 18)
  6.00% of Permutation test rounds,  94.74% of Permutation tests (Core 13/15, passed_count 18)
  6.01% of Permutation test rounds,  94.74% of Permutation tests (Core 7/15, passed_count 18)
  6.02% of Permutation test rounds,  94.74% of Permutation tests (Core 3/15, passed_count 18)
  6.03% of Permutation test rounds,  94.74% of Permutation tests (Core 14/15, passed_count 18)
  6.04% of Permutation test rounds,  94.74% of Permutation tests (Core 0/15, passed_count 18)
  6.05% of Permutation test rounds,  94.74% of Permutation tests (Core 8/15, passed_count 18)
  6.06% of Permutation test rounds,  94.74% of Permutation tests (Core 12/15, passed_count 18)
  6.07% of Permutation test rounds,  94.74% of Permutation tests (Core 11/15, passed_count 18)
  6.08% of Permutation test rounds,  94.74% of Permutation tests (Core 10/15, passed_count 18)
  6.09% of Permutation test rounds,  94.74% of Permutation tests (Core 9/15, passed_count 18)
  6.10% of Permutation test rounds,  94.74% of Permutation tests (Core 6/15, passed_count 18)
  6.11% of Permutation test rounds,  94.74% of Permutation tests (Core 2/15, passed_count 18)
  6.12% of Permutation test rounds,  94.74% of Permutation tests (Core 15/15, passed_count 18)
  6.13% of Permutation test rounds,  94.74% of Permutation tests (Core 4/15, passed_count 18)
  6.14% of Permutation test rounds,  94.74% of Permutation tests (Core 1/15, passed_count 18)
  6.15% of Permutation test rounds,  94.74% of Permutation tests (Core 5/15, passed_count 18)
  6.16% of Permutation test rounds,  94.74% of Permutation tests (Core 13/15, passed_count 18)
  6.17% of Permutation test rounds,  94.74% of Permutation tests (Core 7/15, passed_count 18)
  6.18% of Permutation test rounds,  94.74% of Permutation tests (Core 3/15, passed_count 18)
  6.19% of Permutation test rounds,  94.74% of Permutation tests (Core 14/15, passed_count 18)
  6.20% of Permutation test rounds,  94.74% of Permutation tests (Core 0/15, passed_count 18)
  6.21% of Permutation test rounds,  94.74% of Permutation tests (Core 8/15, passed_count 18)
  6.22% of Permutation test rounds,  94.74% of Permutation tests (Core 12/15, passed_count 18)
  6.23% of Permutation test rounds,  94.74% of Permutation tests (Core 11/15, passed_count 18)
  6.24% of Permutation test rounds,  94.74% of Permutation tests (Core 10/15, passed_count 18)
  6.25% of Permutation test rounds,  94.74% of Permutation tests (Core 9/15, passed_count 18)
  6.26% of Permutation test rounds,  94.74% of Permutation tests (Core 6/15, passed_count 18)
  6.27% of Permutation test rounds,  94.74% of Permutation tests (Core 2/15, passed_count 18)
  6.28% of Permutation test rounds,  94.74% of Permutation tests (Core 15/15, passed_count 18)
  6.29% of Permutation test rounds,  94.74% of Permutation tests (Core 4/15, passed_count 18)
  6.30% of Permutation test rounds,  94.74% of Permutation tests (Core 1/15, passed_count 18)
  6.31% of Permutation test rounds,  94.74% of Permutation tests (Core 5/15, passed_count 18)
  6.32% of Permutation test rounds,  94.74% of Permutation tests (Core 13/15, passed_count 18)
  6.33% of Permutation test rounds,  94.74% of Permutation tests (Core 7/15, passed_count 18)
  6.34% of Permutation test rounds,  94.74% of Permutation tests (Core 3/15, passed_count 18)
  6.35% of Permutation test rounds,  94.74% of Permutation tests (Core 14/15, passed_count 18)
  6.36% of Permutation test rounds,  94.74% of Permutation tests (Core 0/15, passed_count 18)
  6.37% of Permutation test rounds,  94.74% of Permutation tests (Core 8/15, passed_count 18)
  6.38% of Permutation test rounds,  94.74% of Permutation tests (Core 12/15, passed_count 18)
  6.39% of Permutation test rounds,  94.74% of Permutation tests (Core 11/15, passed_count 18)
  6.40% of Permutation test rounds,  94.74% of Permutation tests (Core 10/15, passed_count 18)
  6.41% of Permutation test rounds,  94.74% of Permutation tests (Core 9/15, passed_count 18)
  6.42% of Permutation test rounds,  94.74% of Permutation tests (Core 6/15, passed_count 18)
  6.43% of Permutation test rounds,  94.74% of Permutation tests (Core 2/15, passed_count 18)
  6.44% of Permutation test rounds,  94.74% of Permutation tests (Core 15/15, passed_count 18)
  6.45% of Permutation test rounds,  94.74% of Permutation tests (Core 4/15, passed_count 18)
  6.46% of Permutation test rounds,  94.74% of Permutation tests (Core 1/15, passed_count 18)
  6.47% of Permutation test rounds,  94.74% of Permutation tests (Core 5/15, passed_count 18)
  6.48% of Permutation test rounds,  94.74% of Permutation tests (Core 13/15, passed_count 18)
  6.49% of Permutation test rounds,  94.74% of Permutation tests (Core 7/15, passed_count 18)
  6.50% of Permutation test rounds,  94.74% of Permutation tests (Core 3/15, passed_count 18)
  6.51% of Permutation test rounds,  94.74% of Permutation tests (Core 14/15, passed_count 18)
  6.52% of Permutation test rounds,  94.74% of Permutation tests (Core 0/15, passed_count 18)
  6.53% of Permutation test rounds,  94.74% of Permutation tests (Core 8/15, passed_count 18)
  6.54% of Permutation test rounds,  94.74% of Permutation tests (Core 12/15, passed_count 18)
  6.55% of Permutation test rounds,  94.74% of Permutation tests (Core 11/15, passed_count 18)
  6.56% of Permutation test rounds,  94.74% of Permutation tests (Core 10/15, passed_count 18)
  6.57% of Permutation test rounds,  94.74% of Permutation tests (Core 9/15, passed_count 18)
  6.58% of Permutation test rounds,  94.74% of Permutation tests (Core 6/15, passed_count 18)
  6.59% of Permutation test rounds,  94.74% of Permutation tests (Core 2/15, passed_count 18)
  6.60% of Permutation test rounds,  94.74% of Permutation tests (Core 15/15, passed_count 18)
  6.61% of Permutation test rounds,  94.74% of Permutation tests (Core 4/15, passed_count 18)
  6.62% of Permutation test rounds,  94.74% of Permutation tests (Core 1/15, passed_count 18)
  6.63% of Permutation test rounds,  94.74% of Permutation tests (Core 5/15, passed_count 18)
  6.64% of Permutation test rounds,  94.74% of Permutation tests (Core 13/15, passed_count 18)
  6.65% of Permutation test rounds,  94.74% of Permutation tests (Core 7/15, passed_count 18)
  6.66% of Permutation test rounds,  94.74% of Permutation tests (Core 3/15, passed_count 18)
  6.67% of Permutation test rounds,  94.74% of Permutation tests (Core 14/15, passed_count 18)
  6.68% of Permutation test rounds,  94.74% of Permutation tests (Core 0/15, passed_count 18)
  6.69% of Permutation test rounds,  94.74% of Permutation tests (Core 8/15, passed_count 18)
  6.70% of Permutation test rounds,  94.74% of Permutation tests (Core 12/15, passed_count 18)
  6.71% of Permutation test rounds,  94.74% of Permutation tests (Core 11/15, passed_count 18)
  6.72% of Permutation test rounds,  94.74% of Permutation tests (Core 10/15, passed_count 18)
  6.73% of Permutation test rounds,  94.74% of Permutation tests (Core 9/15, passed_count 18)
  6.74% of Permutation test rounds,  94.74% of Permutation tests (Core 6/15, passed_count 18)
  6.75% of Permutation test rounds,  94.74% of Permutation tests (Core 2/15, passed_count 18)
  6.76% of Permutation test rounds,  94.74% of Permutation tests (Core 15/15, passed_count 18)
  6.77% of Permutation test rounds,  94.74% of Permutation tests (Core 4/15, passed_count 18)
  6.78% of Permutation test rounds,  94.74% of Permutation tests (Core 1/15, passed_count 18)
  6.79% of Permutation test rounds,  94.74% of Permutation tests (Core 5/15, passed_count 18)
  6.80% of Permutation test rounds,  94.74% of Permutation tests (Core 13/15, passed_count 18)
  6.81% of Permutation test rounds,  94.74% of Permutation tests (Core 7/15, passed_count 18)
  6.82% of Permutation test rounds,  94.74% of Permutation tests (Core 3/15, passed_count 18)
  6.83% of Permutation test rounds,  94.74% of Permutation tests (Core 14/15, passed_count 18)
  6.84% of Permutation test rounds,  94.74% of Permutation tests (Core 0/15, passed_count 18)
  6.85% of Permutation test rounds,  94.74% of Permutation tests (Core 8/15, passed_count 18)
  6.86% of Permutation test rounds,  94.74% of Permutation tests (Core 12/15, passed_count 18)
  6.87% of Permutation test rounds,  94.74% of Permutation tests (Core 11/15, passed_count 18)
  6.88% of Permutation test rounds,  94.74% of Permutation tests (Core 10/15, passed_count 18)
  6.89% of Permutation test rounds,  94.74% of Permutation tests (Core 9/15, passed_count 18)
  6.90% of Permutation test rounds,  94.74% of Permutation tests (Core 6/15, passed_count 18)
  6.91% of Permutation test rounds,  94.74% of Permutation tests (Core 2/15, passed_count 18)
  6.92% of Permutation test rounds,  94.74% of Permutation tests (Core 2/15, passed_count 18)
  6.93% of Permutation test rounds,  94.74% of Permutation tests (Core 4/15, passed_count 18)
  6.94% of Permutation test rounds,  94.74% of Permutation tests (Core 1/15, passed_count 18)
  6.95% of Permutation test rounds,  94.74% of Permutation tests (Core 5/15, passed_count 18)
  6.96% of Permutation test rounds,  94.74% of Permutation tests (Core 13/15, passed_count 18)
  6.97% of Permutation test rounds,  94.74% of Permutation tests (Core 7/15, passed_count 18)
  6.98% of Permutation test rounds,  94.74% of Permutation tests (Core 3/15, passed_count 18)
  6.99% of Permutation test rounds,  94.74% of Permutation tests (Core 14/15, passed_count 18)
  7.00% of Permutation test rounds,  94.74% of Permutation tests (Core 0/15, passed_count 18)
  7.01% of Permutation test rounds,  94.74% of Permutation tests (Core 8/15, passed_count 18)
  7.02% of Permutation test rounds,  94.74% of Permutation tests (Core 12/15, passed_count 18)
  7.03% of Permutation test rounds,  94.74% of Permutation tests (Core 11/15, passed_count 18)
  7.04% of Permutation test rounds,  94.74% of Permutation tests (Core 10/15, passed_count 18)
  7.05% of Permutation test rounds,  94.74% of Permutation tests (Core 9/15, passed_count 18)
  7.06% of Permutation test rounds,  94.74% of Permutation tests (Core 6/15, passed_count 18)
  7.07% of Permutation test rounds,  94.74% of Permutation tests (Core 15/15, passed_count 18)
  7.08% of Permutation test rounds,  94.74% of Permutation tests (Core 2/15, passed_count 18)
  7.09% of Permutation test rounds,  94.74% of Permutation tests (Core 4/15, passed_count 18)
  7.10% of Permutation test rounds,  94.74% of Permutation tests (Core 1/15, passed_count 18)
  7.11% of Permutation test rounds,  94.74% of Permutation tests (Core 5/15, passed_count 18)
  7.12% of Permutation test rounds,  94.74% of Permutation tests (Core 13/15, passed_count 18)
  7.13% of Permutation test rounds,  94.74% of Permutation tests (Core 7/15, passed_count 18)
  7.14% of Permutation test rounds,  94.74% of Permutation tests (Core 3/15, passed_count 18)
  7.15% of Permutation test rounds,  94.74% of Permutation tests (Core 14/15, passed_count 18)
  7.16% of Permutation test rounds,  94.74% of Permutation tests (Core 0/15, passed_count 18)
  7.17% of Permutation test rounds,  94.74% of Permutation tests (Core 8/15, passed_count 18)
  7.18% of Permutation test rounds,  94.74% of Permutation tests (Core 12/15, passed_count 18)
  7.19% of Permutation test rounds,  94.74% of Permutation tests (Core 11/15, passed_count 18)
  7.20% of Permutation test rounds,  94.74% of Permutation tests (Core 10/15, passed_count 18)
  7.21% of Permutation test rounds,  94.74% of Permutation tests (Core 9/15, passed_count 18)
  7.22% of Permutation test rounds,  94.74% of Permutation tests (Core 6/15, passed_count 18)
  7.23% of Permutation test rounds,  94.74% of Permutation tests (Core 15/15, passed_count 18)
  7.24% of Permutation test rounds,  94.74% of Permutation tests (Core 2/15, passed_count 18)
  7.25% of Permutation test rounds,  94.74% of Permutation tests (Core 4/15, passed_count 18)
  7.26% of Permutation test rounds,  94.74% of Permutation tests (Core 1/15, passed_count 18)
  7.27% of Permutation test rounds,  94.74% of Permutation tests (Core 5/15, passed_count 18)
  7.28% of Permutation test rounds,  94.74% of Permutation tests (Core 13/15, passed_count 18)
  7.29% of Permutation test rounds,  94.74% of Permutation tests (Core 7/15, passed_count 18)
  7.30% of Permutation test rounds,  94.74% of Permutation tests (Core 3/15, passed_count 18)
  7.31% of Permutation test rounds,  94.74% of Permutation tests (Core 14/15, passed_count 18)
  7.32% of Permutation test rounds,  94.74% of Permutation tests (Core 0/15, passed_count 18)
  7.33% of Permutation test rounds,  94.74% of Permutation tests (Core 8/15, passed_count 18)
  7.34% of Permutation test rounds,  94.74% of Permutation tests (Core 12/15, passed_count 18)
  7.35% of Permutation test rounds,  94.74% of Permutation tests (Core 11/15, passed_count 18)
  7.36% of Permutation test rounds,  94.74% of Permutation tests (Core 10/15, passed_count 18)
  7.37% of Permutation test rounds,  94.74% of Permutation tests (Core 9/15, passed_count 18)
  7.38% of Permutation test rounds,  94.74% of Permutation tests (Core 6/15, passed_count 18)
  7.39% of Permutation test rounds,  94.74% of Permutation tests (Core 15/15, passed_count 18)
  7.40% of Permutation test rounds,  94.74% of Permutation tests (Core 2/15, passed_count 18)
  7.41% of Permutation test rounds,  94.74% of Permutation tests (Core 4/15, passed_count 18)
  7.42% of Permutation test rounds,  94.74% of Permutation tests (Core 1/15, passed_count 18)
  7.43% of Permutation test rounds,  94.74% of Permutation tests (Core 5/15, passed_count 18)
  7.44% of Permutation test rounds,  94.74% of Permutation tests (Core 13/15, passed_count 18)
  7.45% of Permutation test rounds,  94.74% of Permutation tests (Core 7/15, passed_count 18)
  7.46% of Permutation test rounds,  94.74% of Permutation tests (Core 3/15, passed_count 18)
  7.47% of Permutation test rounds,  94.74% of Permutation tests (Core 14/15, passed_count 18)
  7.48% of Permutation test rounds,  94.74% of Permutation tests (Core 0/15, passed_count 18)
  7.49% of Permutation test rounds,  94.74% of Permutation tests (Core 8/15, passed_count 18)
  7.50% of Permutation test rounds,  94.74% of Permutation tests (Core 12/15, passed_count 18)
  7.51% of Permutation test rounds,  94.74% of Permutation tests (Core 11/15, passed_count 18)
  7.52% of Permutation test rounds,  94.74% of Permutation tests (Core 10/15, passed_count 18)
  7.53% of Permutation test rounds,  94.74% of Permutation tests (Core 9/15, passed_count 18)
  7.54% of Permutation test rounds,  94.74% of Permutation tests (Core 6/15, passed_count 18)
  7.55% of Permutation test rounds,  94.74% of Permutation tests (Core 15/15, passed_count 18)
  7.56% of Permutation test rounds,  94.74% of Permutation tests (Core 2/15, passed_count 18)
  7.57% of Permutation test rounds,  94.74% of Permutation tests (Core 4/15, passed_count 18)
  7.58% of Permutation test rounds,  94.74% of Permutation tests (Core 1/15, passed_count 18)
  7.59% of Permutation test rounds,  94.74% of Permutation tests (Core 5/15, passed_count 18)
  7.60% of Permutation test rounds,  94.74% of Permutation tests (Core 13/15, passed_count 18)
  7.61% of Permutation test rounds,  94.74% of Permutation tests (Core 7/15, passed_count 18)
  7.62% of Permutation test rounds,  94.74% of Permutation tests (Core 3/15, passed_count 18)
  7.63% of Permutation test rounds,  94.74% of Permutation tests (Core 14/15, passed_count 18)
  7.64% of Permutation test rounds,  94.74% of Permutation tests (Core 0/15, passed_count 18)
  7.65% of Permutation test rounds,  94.74% of Permutation tests (Core 8/15, passed_count 18)
  7.66% of Permutation test rounds,  94.74% of Permutation tests (Core 12/15, passed_count 18)
  7.67% of Permutation test rounds,  94.74% of Permutation tests (Core 11/15, passed_count 18)
  7.68% of Permutation test rounds,  94.74% of Permutation tests (Core 10/15, passed_count 18)
  7.69% of Permutation test rounds,  94.74% of Permutation tests (Core 9/15, passed_count 18)
  7.70% of Permutation test rounds,  94.74% of Permutation tests (Core 6/15, passed_count 18)
  7.71% of Permutation test rounds,  94.74% of Permutation tests (Core 15/15, passed_count 18)
  7.72% of Permutation test rounds,  94.74% of Permutation tests (Core 2/15, passed_count 18)
  7.73% of Permutation test rounds,  94.74% of Permutation tests (Core 4/15, passed_count 18)
  7.74% of Permutation test rounds,  94.74% of Permutation tests (Core 1/15, passed_count 18)
  7.75% of Permutation test rounds,  94.74% of Permutation tests (Core 5/15, passed_count 18)
  7.76% of Permutation test rounds,  94.74% of Permutation tests (Core 13/15, passed_count 18)
  7.77% of Permutation test rounds,  94.74% of Permutation tests (Core 7/15, passed_count 18)
  7.78% of Permutation test rounds,  94.74% of Permutation tests (Core 3/15, passed_count 18)
  7.79% of Permutation test rounds,  94.74% of Permutation tests (Core 14/15, passed_count 18)
  7.80% of Permutation test rounds,  94.74% of Permutation tests (Core 0/15, passed_count 18)
  7.81% of Permutation test rounds,  94.74% of Permutation tests (Core 8/15, passed_count 18)
  7.82% of Permutation test rounds,  94.74% of Permutation tests (Core 12/15, passed_count 18)
  7.83% of Permutation test rounds,  94.74% of Permutation tests (Core 11/15, passed_count 18)
  7.84% of Permutation test rounds,  94.74% of Permutation tests (Core 10/15, passed_count 18)
  7.85% of Permutation test rounds,  94.74% of Permutation tests (Core 9/15, passed_count 18)
  7.86% of Permutation test rounds,  94.74% of Permutation tests (Core 6/15, passed_count 18)
  7.87% of Permutation test rounds,  94.74% of Permutation tests (Core 15/15, passed_count 18)
  7.88% of Permutation test rounds,  94.74% of Permutation tests (Core 2/15, passed_count 18)
  7.89% of Permutation test rounds,  94.74% of Permutation tests (Core 4/15, passed_count 18)
  7.90% of Permutation test rounds,  94.74% of Permutation tests (Core 1/15, passed_count 18)
  7.91% of Permutation test rounds,  94.74% of Permutation tests (Core 5/15, passed_count 18)
  7.92% of Permutation test rounds,  94.74% of Permutation tests (Core 13/15, passed_count 18)
  7.93% of Permutation test rounds,  94.74% of Permutation tests (Core 7/15, passed_count 18)
  7.94% of Permutation test rounds,  94.74% of Permutation tests (Core 3/15, passed_count 18)
  7.95% of Permutation test rounds,  94.74% of Permutation tests (Core 14/15, passed_count 18)
  7.96% of Permutation test rounds,  94.74% of Permutation tests (Core 0/15, passed_count 18)
  7.97% of Permutation test rounds,  94.74% of Permutation tests (Core 8/15, passed_count 18)
  7.98% of Permutation test rounds,  94.74% of Permutation tests (Core 12/15, passed_count 18)
  7.99% of Permutation test rounds,  94.74% of Permutation tests (Core 11/15, passed_count 18)
  8.00% of Permutation test rounds,  94.74% of Permutation tests (Core 10/15, passed_count 18)
  8.01% of Permutation test rounds,  94.74% of Permutation tests (Core 9/15, passed_count 18)
  8.02% of Permutation test rounds,  94.74% of Permutation tests (Core 6/15, passed_count 18)
  8.03% of Permutation test rounds,  94.74% of Permutation tests (Core 15/15, passed_count 18)
  8.04% of Permutation test rounds,  94.74% of Permutation tests (Core 2/15, passed_count 18)
  8.05% of Permutation test rounds,  94.74% of Permutation tests (Core 4/15, passed_count 18)
  8.06% of Permutation test rounds,  94.74% of Permutation tests (Core 1/15, passed_count 18)
  8.07% of Permutation test rounds,  94.74% of Permutation tests (Core 5/15, passed_count 18)
  8.08% of Permutation test rounds,  94.74% of Permutation tests (Core 13/15, passed_count 18)
  8.09% of Permutation test rounds,  94.74% of Permutation tests (Core 7/15, passed_count 18)
  8.10% of Permutation test rounds,  94.74% of Permutation tests (Core 3/15, passed_count 18)
  8.11% of Permutation test rounds,  94.74% of Permutation tests (Core 14/15, passed_count 18)
  8.12% of Permutation test rounds,  94.74% of Permutation tests (Core 0/15, passed_count 18)
  8.13% of Permutation test rounds,  94.74% of Permutation tests (Core 0/15, passed_count 18)
  8.14% of Permutation test rounds,  94.74% of Permutation tests (Core 12/15, passed_count 18)
  8.15% of Permutation test rounds,  94.74% of Permutation tests (Core 11/15, passed_count 18)
  8.16% of Permutation test rounds,  94.74% of Permutation tests (Core 10/15, passed_count 18)
  8.17% of Permutation test rounds,  94.74% of Permutation tests (Core 9/15, passed_count 18)
  8.18% of Permutation test rounds,  94.74% of Permutation tests (Core 6/15, passed_count 18)
  8.19% of Permutation test rounds,  94.74% of Permutation tests (Core 2/15, passed_count 18)
  8.20% of Permutation test rounds,  94.74% of Permutation tests (Core 15/15, passed_count 18)
  8.21% of Permutation test rounds,  94.74% of Permutation tests (Core 4/15, passed_count 18)
  8.22% of Permutation test rounds,  94.74% of Permutation tests (Core 1/15, passed_count 18)
  8.23% of Permutation test rounds,  94.74% of Permutation tests (Core 5/15, passed_count 18)
  8.24% of Permutation test rounds,  94.74% of Permutation tests (Core 13/15, passed_count 18)
  8.25% of Permutation test rounds,  94.74% of Permutation tests (Core 7/15, passed_count 18)
  8.26% of Permutation test rounds,  94.74% of Permutation tests (Core 3/15, passed_count 18)
  8.27% of Permutation test rounds,  94.74% of Permutation tests (Core 14/15, passed_count 18)
  8.28% of Permutation test rounds,  94.74% of Permutation tests (Core 8/15, passed_count 18)
  8.29% of Permutation test rounds,  94.74% of Permutation tests (Core 0/15, passed_count 18)
  8.30% of Permutation test rounds,  94.74% of Permutation tests (Core 12/15, passed_count 18)
  8.31% of Permutation test rounds,  94.74% of Permutation tests (Core 11/15, passed_count 18)
  8.32% of Permutation test rounds,  94.74% of Permutation tests (Core 10/15, passed_count 18)
  8.33% of Permutation test rounds,  94.74% of Permutation tests (Core 9/15, passed_count 18)
  8.34% of Permutation test rounds,  94.74% of Permutation tests (Core 6/15, passed_count 18)
  8.35% of Permutation test rounds,  94.74% of Permutation tests (Core 2/15, passed_count 18)
  8.36% of Permutation test rounds,  94.74% of Permutation tests (Core 15/15, passed_count 18)
  8.37% of Permutation test rounds,  94.74% of Permutation tests (Core 4/15, passed_count 18)
  8.38% of Permutation test rounds,  94.74% of Permutation tests (Core 1/15, passed_count 18)
  8.39% of Permutation test rounds,  94.74% of Permutation tests (Core 5/15, passed_count 18)
  8.40% of Permutation test rounds,  94.74% of Permutation tests (Core 13/15, passed_count 18)
  8.41% of Permutation test rounds,  94.74% of Permutation tests (Core 7/15, passed_count 18)
  8.42% of Permutation test rounds,  94.74% of Permutation tests (Core 3/15, passed_count 18)
  8.43% of Permutation test rounds,  94.74% of Permutation tests (Core 14/15, passed_count 18)
  8.44% of Permutation test rounds,  94.74% of Permutation tests (Core 8/15, passed_count 18)
  8.45% of Permutation test rounds,  94.74% of Permutation tests (Core 0/15, passed_count 18)
  8.46% of Permutation test rounds,  94.74% of Permutation tests (Core 12/15, passed_count 18)
  8.47% of Permutation test rounds,  94.74% of Permutation tests (Core 11/15, passed_count 18)
  8.48% of Permutation test rounds,  94.74% of Permutation tests (Core 10/15, passed_count 18)
  8.49% of Permutation test rounds,  94.74% of Permutation tests (Core 9/15, passed_count 18)
  8.50% of Permutation test rounds,  94.74% of Permutation tests (Core 6/15, passed_count 18)
  8.51% of Permutation test rounds,  94.74% of Permutation tests (Core 2/15, passed_count 18)
  8.52% of Permutation test rounds,  94.74% of Permutation tests (Core 15/15, passed_count 18)
  8.53% of Permutation test rounds,  94.74% of Permutation tests (Core 4/15, passed_count 18)
  8.54% of Permutation test rounds,  94.74% of Permutation tests (Core 1/15, passed_count 18)
  8.55% of Permutation test rounds,  94.74% of Permutation tests (Core 5/15, passed_count 18)
  8.56% of Permutation test rounds,  94.74% of Permutation tests (Core 13/15, passed_count 18)
  8.57% of Permutation test rounds,  94.74% of Permutation tests (Core 7/15, passed_count 18)
  8.58% of Permutation test rounds,  94.74% of Permutation tests (Core 3/15, passed_count 18)
  8.59% of Permutation test rounds,  94.74% of Permutation tests (Core 8/15, passed_count 18)
  8.60% of Permutation test rounds,  94.74% of Permutation tests (Core 14/15, passed_count 18)
  8.61% of Permutation test rounds,  94.74% of Permutation tests (Core 0/15, passed_count 18)
  8.62% of Permutation test rounds,  94.74% of Permutation tests (Core 12/15, passed_count 18)
  8.63% of Permutation test rounds,  94.74% of Permutation tests (Core 11/15, passed_count 18)
  8.64% of Permutation test rounds,  94.74% of Permutation tests (Core 10/15, passed_count 18)
  8.65% of Permutation test rounds,  94.74% of Permutation tests (Core 9/15, passed_count 18)
  8.66% of Permutation test rounds,  94.74% of Permutation tests (Core 6/15, passed_count 18)
  8.67% of Permutation test rounds,  94.74% of Permutation tests (Core 2/15, passed_count 18)
  8.68% of Permutation test rounds,  94.74% of Permutation tests (Core 15/15, passed_count 18)
  8.69% of Permutation test rounds,  94.74% of Permutation tests (Core 4/15, passed_count 18)
  8.70% of Permutation test rounds,  94.74% of Permutation tests (Core 1/15, passed_count 18)
  8.71% of Permutation test rounds,  94.74% of Permutation tests (Core 5/15, passed_count 18)
  8.72% of Permutation test rounds,  94.74% of Permutation tests (Core 13/15, passed_count 18)
  8.73% of Permutation test rounds,  94.74% of Permutation tests (Core 7/15, passed_count 18)
  8.74% of Permutation test rounds,  94.74% of Permutation tests (Core 3/15, passed_count 18)
  8.75% of Permutation test rounds,  94.74% of Permutation tests (Core 8/15, passed_count 18)
  8.76% of Permutation test rounds,  94.74% of Permutation tests (Core 14/15, passed_count 18)
  8.77% of Permutation test rounds,  94.74% of Permutation tests (Core 0/15, passed_count 18)
  8.78% of Permutation test rounds,  94.74% of Permutation tests (Core 12/15, passed_count 18)
  8.79% of Permutation test rounds,  94.74% of Permutation tests (Core 11/15, passed_count 18)
  8.80% of Permutation test rounds,  94.74% of Permutation tests (Core 10/15, passed_count 18)
  8.81% of Permutation test rounds,  94.74% of Permutation tests (Core 9/15, passed_count 18)
  8.82% of Permutation test rounds,  94.74% of Permutation tests (Core 6/15, passed_count 18)
  8.83% of Permutation test rounds,  94.74% of Permutation tests (Core 2/15, passed_count 18)
  8.84% of Permutation test rounds,  94.74% of Permutation tests (Core 15/15, passed_count 18)
  8.85% of Permutation test rounds,  94.74% of Permutation tests (Core 4/15, passed_count 18)
  8.86% of Permutation test rounds,  94.74% of Permutation tests (Core 1/15, passed_count 18)
  8.87% of Permutation test rounds,  94.74% of Permutation tests (Core 5/15, passed_count 18)
  8.88% of Permutation test rounds,  94.74% of Permutation tests (Core 13/15, passed_count 18)
  8.89% of Permutation test rounds,  94.74% of Permutation tests (Core 7/15, passed_count 18)
  8.90% of Permutation test rounds,  94.74% of Permutation tests (Core 3/15, passed_count 18)
  8.91% of Permutation test rounds,  94.74% of Permutation tests (Core 8/15, passed_count 18)
  8.92% of Permutation test rounds,  94.74% of Permutation tests (Core 14/15, passed_count 18)
  8.93% of Permutation test rounds,  94.74% of Permutation tests (Core 0/15, passed_count 18)
  8.94% of Permutation test rounds,  94.74% of Permutation tests (Core 12/15, passed_count 18)
  8.95% of Permutation test rounds,  94.74% of Permutation tests (Core 11/15, passed_count 18)
  8.96% of Permutation test rounds,  94.74% of Permutation tests (Core 10/15, passed_count 18)
  8.97% of Permutation test rounds,  94.74% of Permutation tests (Core 9/15, passed_count 18)
  8.98% of Permutation test rounds,  94.74% of Permutation tests (Core 6/15, passed_count 18)
  8.99% of Permutation test rounds,  94.74% of Permutation tests (Core 2/15, passed_count 18)
  9.00% of Permutation test rounds,  94.74% of Permutation tests (Core 15/15, passed_count 18)
  9.01% of Permutation test rounds,  94.74% of Permutation tests (Core 4/15, passed_count 18)
  9.02% of Permutation test rounds,  94.74% of Permutation tests (Core 1/15, passed_count 18)
  9.03% of Permutation test rounds,  94.74% of Permutation tests (Core 5/15, passed_count 18)
  9.04% of Permutation test rounds,  94.74% of Permutation tests (Core 13/15, passed_count 18)
  9.05% of Permutation test rounds,  94.74% of Permutation tests (Core 7/15, passed_count 18)
  9.06% of Permutation test rounds,  94.74% of Permutation tests (Core 3/15, passed_count 18)
  9.07% of Permutation test rounds,  94.74% of Permutation tests (Core 8/15, passed_count 18)
  9.08% of Permutation test rounds,  94.74% of Permutation tests (Core 14/15, passed_count 18)
  9.09% of Permutation test rounds,  94.74% of Permutation tests (Core 0/15, passed_count 18)
  9.10% of Permutation test rounds,  94.74% of Permutation tests (Core 12/15, passed_count 18)
  9.11% of Permutation test rounds,  94.74% of Permutation tests (Core 11/15, passed_count 18)
  9.12% of Permutation test rounds,  94.74% of Permutation tests (Core 10/15, passed_count 18)
  9.13% of Permutation test rounds,  94.74% of Permutation tests (Core 9/15, passed_count 18)
  9.14% of Permutation test rounds,  94.74% of Permutation tests (Core 6/15, passed_count 18)
  9.15% of Permutation test rounds,  94.74% of Permutation tests (Core 2/15, passed_count 18)
  9.16% of Permutation test rounds,  94.74% of Permutation tests (Core 15/15, passed_count 18)
  9.17% of Permutation test rounds,  94.74% of Permutation tests (Core 4/15, passed_count 18)
  9.18% of Permutation test rounds,  94.74% of Permutation tests (Core 1/15, passed_count 18)
  9.19% of Permutation test rounds,  94.74% of Permutation tests (Core 5/15, passed_count 18)
  9.20% of Permutation test rounds,  94.74% of Permutation tests (Core 13/15, passed_count 18)
  9.21% of Permutation test rounds,  94.74% of Permutation tests (Core 7/15, passed_count 18)
  9.22% of Permutation test rounds,  94.74% of Permutation tests (Core 3/15, passed_count 18)
  9.23% of Permutation test rounds,  94.74% of Permutation tests (Core 8/15, passed_count 18)
  9.24% of Permutation test rounds,  94.74% of Permutation tests (Core 14/15, passed_count 18)
  9.25% of Permutation test rounds,  94.74% of Permutation tests (Core 0/15, passed_count 18)
  9.26% of Permutation test rounds,  94.74% of Permutation tests (Core 12/15, passed_count 18)
  9.27% of Permutation test rounds,  94.74% of Permutation tests (Core 11/15, passed_count 18)
  9.28% of Permutation test rounds,  94.74% of Permutation tests (Core 10/15, passed_count 18)
  9.29% of Permutation test rounds,  94.74% of Permutation tests (Core 9/15, passed_count 18)
  9.30% of Permutation test rounds,  94.74% of Permutation tests (Core 6/15, passed_count 18)
  9.31% of Permutation test rounds,  94.74% of Permutation tests (Core 2/15, passed_count 18)
  9.32% of Permutation test rounds,  94.74% of Permutation tests (Core 15/15, passed_count 18)
  9.33% of Permutation test rounds,  94.74% of Permutation tests (Core 4/15, passed_count 18)
  9.34% of Permutation test rounds,  94.74% of Permutation tests (Core 1/15, passed_count 18)
  9.35% of Permutation test rounds,  94.74% of Permutation tests (Core 5/15, passed_count 18)
  9.36% of Permutation test rounds,  94.74% of Permutation tests (Core 13/15, passed_count 18)
  9.37% of Permutation test rounds,  94.74% of Permutation tests (Core 7/15, passed_count 18)
  9.38% of Permutation test rounds,  94.74% of Permutation tests (Core 8/15, passed_count 18)
  9.39% of Permutation test rounds,  94.74% of Permutation tests (Core 3/15, passed_count 18)
  9.40% of Permutation test rounds,  94.74% of Permutation tests (Core 14/15, passed_count 18)
  9.41% of Permutation test rounds,  94.74% of Permutation tests (Core 0/15, passed_count 18)
  9.42% of Permutation test rounds,  94.74% of Permutation tests (Core 12/15, passed_count 18)
  9.43% of Permutation test rounds,  94.74% of Permutation tests (Core 11/15, passed_count 18)
  9.44% of Permutation test rounds,  94.74% of Permutation tests (Core 10/15, passed_count 18)
  9.45% of Permutation test rounds,  94.74% of Permutation tests (Core 9/15, passed_count 18)
  9.46% of Permutation test rounds,  94.74% of Permutation tests (Core 6/15, passed_count 18)
  9.47% of Permutation test rounds,  94.74% of Permutation tests (Core 2/15, passed_count 18)
  9.48% of Permutation test rounds,  94.74% of Permutation tests (Core 2/15, passed_count 18)
  9.49% of Permutation test rounds,  94.74% of Permutation tests (Core 4/15, passed_count 18)
  9.50% of Permutation test rounds,  94.74% of Permutation tests (Core 1/15, passed_count 18)
  9.51% of Permutation test rounds,  94.74% of Permutation tests (Core 5/15, passed_count 18)
  9.52% of Permutation test rounds,  94.74% of Permutation tests (Core 13/15, passed_count 18)
  9.53% of Permutation test rounds,  94.74% of Permutation tests (Core 7/15, passed_count 18)
  9.54% of Permutation test rounds,  94.74% of Permutation tests (Core 8/15, passed_count 18)
  9.55% of Permutation test rounds,  94.74% of Permutation tests (Core 3/15, passed_count 18)
  9.56% of Permutation test rounds,  94.74% of Permutation tests (Core 14/15, passed_count 18)
  9.57% of Permutation test rounds,  94.74% of Permutation tests (Core 0/15, passed_count 18)
  9.58% of Permutation test rounds,  94.74% of Permutation tests (Core 12/15, passed_count 18)
  9.59% of Permutation test rounds,  94.74% of Permutation tests (Core 11/15, passed_count 18)
  9.60% of Permutation test rounds,  94.74% of Permutation tests (Core 10/15, passed_count 18)
  9.61% of Permutation test rounds,  94.74% of Permutation tests (Core 9/15, passed_count 18)
  9.62% of Permutation test rounds,  94.74% of Permutation tests (Core 6/15, passed_count 18)
  9.63% of Permutation test rounds,  94.74% of Permutation tests (Core 15/15, passed_count 18)
  9.64% of Permutation test rounds,  94.74% of Permutation tests (Core 2/15, passed_count 18)
  9.65% of Permutation test rounds,  94.74% of Permutation tests (Core 4/15, passed_count 18)
  9.66% of Permutation test rounds,  94.74% of Permutation tests (Core 1/15, passed_count 18)
  9.67% of Permutation test rounds,  94.74% of Permutation tests (Core 5/15, passed_count 18)
  9.68% of Permutation test rounds,  94.74% of Permutation tests (Core 13/15, passed_count 18)
  9.69% of Permutation test rounds,  94.74% of Permutation tests (Core 7/15, passed_count 18)
  9.70% of Permutation test rounds,  94.74% of Permutation tests (Core 8/15, passed_count 18)
  9.71% of Permutation test rounds,  94.74% of Permutation tests (Core 3/15, passed_count 18)
  9.72% of Permutation test rounds,  94.74% of Permutation tests (Core 14/15, passed_count 18)
  9.73% of Permutation test rounds,  94.74% of Permutation tests (Core 0/15, passed_count 18)
  9.74% of Permutation test rounds,  94.74% of Permutation tests (Core 12/15, passed_count 18)
  9.75% of Permutation test rounds,  94.74% of Permutation tests (Core 11/15, passed_count 18)
  9.76% of Permutation test rounds,  94.74% of Permutation tests (Core 10/15, passed_count 18)
  9.77% of Permutation test rounds,  94.74% of Permutation tests (Core 9/15, passed_count 18)
  9.78% of Permutation test rounds,  94.74% of Permutation tests (Core 6/15, passed_count 18)
  9.79% of Permutation test rounds,  94.74% of Permutation tests (Core 15/15, passed_count 18)
  9.80% of Permutation test rounds,  94.74% of Permutation tests (Core 2/15, passed_count 18)
  9.81% of Permutation test rounds,  94.74% of Permutation tests (Core 4/15, passed_count 18)
  9.82% of Permutation test rounds,  94.74% of Permutation tests (Core 1/15, passed_count 18)
  9.83% of Permutation test rounds,  94.74% of Permutation tests (Core 5/15, passed_count 18)
  9.84% of Permutation test rounds,  94.74% of Permutation tests (Core 13/15, passed_count 18)
  9.85% of Permutation test rounds,  94.74% of Permutation tests (Core 7/15, passed_count 18)
  9.86% of Permutation test rounds,  94.74% of Permutation tests (Core 8/15, passed_count 18)
  9.87% of Permutation test rounds,  94.74% of Permutation tests (Core 3/15, passed_count 18)
  9.88% of Permutation test rounds,  94.74% of Permutation tests (Core 14/15, passed_count 18)
  9.89% of Permutation test rounds,  94.74% of Permutation tests (Core 0/15, passed_count 18)
  9.90% of Permutation test rounds,  94.74% of Permutation tests (Core 12/15, passed_count 18)
  9.91% of Permutation test rounds,  94.74% of Permutation tests (Core 11/15, passed_count 18)
  9.92% of Permutation test rounds,  94.74% of Permutation tests (Core 10/15, passed_count 18)
  9.93% of Permutation test rounds,  94.74% of Permutation tests (Core 9/15, passed_count 18)
  9.94% of Permutation test rounds,  94.74% of Permutation tests (Core 6/15, passed_count 18)
  9.95% of Permutation test rounds,  94.74% of Permutation tests (Core 15/15, passed_count 18)
  9.96% of Permutation test rounds,  94.74% of Permutation tests (Core 2/15, passed_count 18)
  9.97% of Permutation test rounds,  94.74% of Permutation tests (Core 4/15, passed_count 18)
  9.98% of Permutation test rounds,  94.74% of Permutation tests (Core 1/15, passed_count 18)
  9.99% of Permutation test rounds,  94.74% of Permutation tests (Core 5/15, passed_count 18)
 10.00% of Permutation test rounds,  94.74% of Permutation tests (Core 13/15, passed_count 18)
 10.01% of Permutation test rounds,  94.74% of Permutation tests (Core 7/15, passed_count 18)
 10.02% of Permutation test rounds,  94.74% of Permutation tests (Core 8/15, passed_count 18)
 10.03% of Permutation test rounds,  94.74% of Permutation tests (Core 3/15, passed_count 18)
 10.04% of Permutation test rounds,  94.74% of Permutation tests (Core 14/15, passed_count 18)
 10.05% of Permutation test rounds,  94.74% of Permutation tests (Core 0/15, passed_count 18)
 10.06% of Permutation test rounds,  94.74% of Permutation tests (Core 12/15, passed_count 18)
 10.07% of Permutation test rounds,  94.74% of Permutation tests (Core 11/15, passed_count 18)
 10.08% of Permutation test rounds,  94.74% of Permutation tests (Core 10/15, passed_count 18)
 10.09% of Permutation test rounds,  94.74% of Permutation tests (Core 9/15, passed_count 18)
 10.10% of Permutation test rounds,  94.74% of Permutation tests (Core 6/15, passed_count 18)
 10.11% of Permutation test rounds,  94.74% of Permutation tests (Core 15/15, passed_count 18)
 10.12% of Permutation test rounds,  94.74% of Permutation tests (Core 2/15, passed_count 18)
 10.13% of Permutation test rounds,  94.74% of Permutation tests (Core 4/15, passed_count 18)
 10.14% of Permutation test rounds,  94.74% of Permutation tests (Core 1/15, passed_count 18)
 10.15% of Permutation test rounds,  94.74% of Permutation tests (Core 5/15, passed_count 18)
 10.16% of Permutation test rounds,  94.74% of Permutation tests (Core 13/15, passed_count 18)
 10.17% of Permutation test rounds,  94.74% of Permutation tests (Core 7/15, passed_count 18)
 10.18% of Permutation test rounds,  94.74% of Permutation tests (Core 8/15, passed_count 18)
 10.19% of Permutation test rounds,  94.74% of Permutation tests (Core 3/15, passed_count 18)
 10.20% of Permutation test rounds,  94.74% of Permutation tests (Core 14/15, passed_count 18)
 10.21% of Permutation test rounds,  94.74% of Permutation tests (Core 0/15, passed_count 18)
 10.22% of Permutation test rounds,  94.74% of Permutation tests (Core 12/15, passed_count 18)
 10.23% of Permutation test rounds,  94.74% of Permutation tests (Core 11/15, passed_count 18)
 10.24% of Permutation test rounds,  94.74% of Permutation tests (Core 10/15, passed_count 18)
 10.25% of Permutation test rounds,  94.74% of Permutation tests (Core 9/15, passed_count 18)
 10.26% of Permutation test rounds,  94.74% of Permutation tests (Core 6/15, passed_count 18)
 10.27% of Permutation test rounds,  94.74% of Permutation tests (Core 15/15, passed_count 18)
 10.28% of Permutation test rounds,  94.74% of Permutation tests (Core 2/15, passed_count 18)
 10.29% of Permutation test rounds,  94.74% of Permutation tests (Core 4/15, passed_count 18)
 10.30% of Permutation test rounds,  94.74% of Permutation tests (Core 1/15, passed_count 18)
 10.31% of Permutation test rounds,  94.74% of Permutation tests (Core 5/15, passed_count 18)
 10.32% of Permutation test rounds,  94.74% of Permutation tests (Core 13/15, passed_count 18)
 10.33% of Permutation test rounds,  94.74% of Permutation tests (Core 7/15, passed_count 18)
 10.34% of Permutation test rounds,  94.74% of Permutation tests (Core 8/15, passed_count 18)
 10.35% of Permutation test rounds,  94.74% of Permutation tests (Core 3/15, passed_count 18)
 10.36% of Permutation test rounds,  94.74% of Permutation tests (Core 14/15, passed_count 18)
 10.37% of Permutation test rounds,  94.74% of Permutation tests (Core 0/15, passed_count 18)
 10.38% of Permutation test rounds,  94.74% of Permutation tests (Core 12/15, passed_count 18)
 10.39% of Permutation test rounds,  94.74% of Permutation tests (Core 11/15, passed_count 18)
 10.40% of Permutation test rounds,  94.74% of Permutation tests (Core 10/15, passed_count 18)
 10.41% of Permutation test rounds,  94.74% of Permutation tests (Core 9/15, passed_count 18)
 10.42% of Permutation test rounds,  94.74% of Permutation tests (Core 6/15, passed_count 18)
 10.43% of Permutation test rounds,  94.74% of Permutation tests (Core 15/15, passed_count 18)
 10.44% of Permutation test rounds,  94.74% of Permutation tests (Core 2/15, passed_count 18)
 10.45% of Permutation test rounds,  94.74% of Permutation tests (Core 4/15, passed_count 18)
 10.46% of Permutation test rounds,  94.74% of Permutation tests (Core 1/15, passed_count 18)
 10.47% of Permutation test rounds,  94.74% of Permutation tests (Core 5/15, passed_count 18)
 10.48% of Permutation test rounds,  94.74% of Permutation tests (Core 13/15, passed_count 18)
 10.49% of Permutation test rounds,  94.74% of Permutation tests (Core 7/15, passed_count 18)
 10.50% of Permutation test rounds,  94.74% of Permutation tests (Core 8/15, passed_count 18)
 10.51% of Permutation test rounds,  94.74% of Permutation tests (Core 3/15, passed_count 18)
 10.52% of Permutation test rounds,  94.74% of Permutation tests (Core 14/15, passed_count 18)
 10.53% of Permutation test rounds,  94.74% of Permutation tests (Core 0/15, passed_count 18)
 10.54% of Permutation test rounds,  94.74% of Permutation tests (Core 12/15, passed_count 18)
 10.55% of Permutation test rounds,  94.74% of Permutation tests (Core 11/15, passed_count 18)
 10.56% of Permutation test rounds,  94.74% of Permutation tests (Core 10/15, passed_count 18)
 10.57% of Permutation test rounds,  94.74% of Permutation tests (Core 9/15, passed_count 18)
 10.58% of Permutation test rounds,  94.74% of Permutation tests (Core 6/15, passed_count 18)
 10.59% of Permutation test rounds,  94.74% of Permutation tests (Core 15/15, passed_count 18)
 10.60% of Permutation test rounds,  94.74% of Permutation tests (Core 2/15, passed_count 18)
 10.61% of Permutation test rounds,  94.74% of Permutation tests (Core 4/15, passed_count 18)
 10.62% of Permutation test rounds,  94.74% of Permutation tests (Core 1/15, passed_count 18)
 10.63% of Permutation test rounds,  94.74% of Permutation tests (Core 5/15, passed_count 18)
 10.64% of Permutation test rounds,  94.74% of Permutation tests (Core 13/15, passed_count 18)
 10.65% of Permutation test rounds,  94.74% of Permutation tests (Core 7/15, passed_count 18)
 10.66% of Permutation test rounds,  94.74% of Permutation tests (Core 8/15, passed_count 18)
 10.67% of Permutation test rounds,  94.74% of Permutation tests (Core 3/15, passed_count 18)
 10.68% of Permutation test rounds,  94.74% of Permutation tests (Core 14/15, passed_count 18)
 10.69% of Permutation test rounds,  94.74% of Permutation tests (Core 0/15, passed_count 18)
 10.70% of Permutation test rounds,  94.74% of Permutation tests (Core 12/15, passed_count 18)
 10.71% of Permutation test rounds,  94.74% of Permutation tests (Core 11/15, passed_count 18)
 10.72% of Permutation test rounds,  94.74% of Permutation tests (Core 10/15, passed_count 18)
 10.73% of Permutation test rounds,  94.74% of Permutation tests (Core 9/15, passed_count 18)
 10.74% of Permutation test rounds,  94.74% of Permutation tests (Core 6/15, passed_count 18)
 10.75% of Permutation test rounds,  94.74% of Permutation tests (Core 15/15, passed_count 18)
 10.76% of Permutation test rounds,  94.74% of Permutation tests (Core 2/15, passed_count 18)
 10.77% of Permutation test rounds,  94.74% of Permutation tests (Core 4/15, passed_count 18)
 10.78% of Permutation test rounds,  94.74% of Permutation tests (Core 1/15, passed_count 18)
 10.79% of Permutation test rounds,  94.74% of Permutation tests (Core 5/15, passed_count 18)
 10.80% of Permutation test rounds,  94.74% of Permutation tests (Core 13/15, passed_count 18)
 10.81% of Permutation test rounds,  94.74% of Permutation tests (Core 7/15, passed_count 18)
 10.82% of Permutation test rounds,  94.74% of Permutation tests (Core 8/15, passed_count 18)
 10.83% of Permutation test rounds,  94.74% of Permutation tests (Core 3/15, passed_count 18)
 10.84% of Permutation test rounds,  94.74% of Permutation tests (Core 14/15, passed_count 18)
 10.85% of Permutation test rounds,  94.74% of Permutation tests (Core 0/15, passed_count 18)
 10.86% of Permutation test rounds,  94.74% of Permutation tests (Core 12/15, passed_count 18)
 10.87% of Permutation test rounds,  94.74% of Permutation tests (Core 11/15, passed_count 18)
 10.88% of Permutation test rounds,  94.74% of Permutation tests (Core 10/15, passed_count 18)
 10.89% of Permutation test rounds,  94.74% of Permutation tests (Core 9/15, passed_count 18)
 10.90% of Permutation test rounds,  94.74% of Permutation tests (Core 6/15, passed_count 18)
 10.91% of Permutation test rounds,  94.74% of Permutation tests (Core 15/15, passed_count 18)
 10.92% of Permutation test rounds,  94.74% of Permutation tests (Core 2/15, passed_count 18)
 10.93% of Permutation test rounds,  94.74% of Permutation tests (Core 4/15, passed_count 18)
 10.94% of Permutation test rounds,  94.74% of Permutation tests (Core 1/15, passed_count 18)
 10.95% of Permutation test rounds,  94.74% of Permutation tests (Core 5/15, passed_count 18)
 10.96% of Permutation test rounds,  94.74% of Permutation tests (Core 13/15, passed_count 18)
 10.97% of Permutation test rounds,  94.74% of Permutation tests (Core 7/15, passed_count 18)
 10.98% of Permutation test rounds,  94.74% of Permutation tests (Core 8/15, passed_count 18)
 10.99% of Permutation test rounds,  94.74% of Permutation tests (Core 3/15, passed_count 18)
 11.00% of Permutation test rounds,  94.74% of Permutation tests (Core 14/15, passed_count 18)
 11.01% of Permutation test rounds,  94.74% of Permutation tests (Core 0/15, passed_count 18)
 11.02% of Permutation test rounds,  94.74% of Permutation tests (Core 12/15, passed_count 18)
 11.03% of Permutation test rounds,  94.74% of Permutation tests (Core 11/15, passed_count 18)
 11.04% of Permutation test rounds,  94.74% of Permutation tests (Core 10/15, passed_count 18)
 11.05% of Permutation test rounds,  94.74% of Permutation tests (Core 9/15, passed_count 18)
 11.06% of Permutation test rounds,  94.74% of Permutation tests (Core 6/15, passed_count 18)
 11.07% of Permutation test rounds,  94.74% of Permutation tests (Core 15/15, passed_count 18)
 11.08% of Permutation test rounds,  94.74% of Permutation tests (Core 2/15, passed_count 18)
 11.09% of Permutation test rounds,  94.74% of Permutation tests (Core 4/15, passed_count 18)
 11.10% of Permutation test rounds,  94.74% of Permutation tests (Core 1/15, passed_count 18)
 11.11% of Permutation test rounds,  94.74% of Permutation tests (Core 5/15, passed_count 18)
 11.12% of Permutation test rounds,  94.74% of Permutation tests (Core 13/15, passed_count 18)
 11.13% of Permutation test rounds,  94.74% of Permutation tests (Core 7/15, passed_count 18)
 11.14% of Permutation test rounds,  94.74% of Permutation tests (Core 8/15, passed_count 18)
 11.15% of Permutation test rounds,  94.74% of Permutation tests (Core 8/15, passed_count 18)
 11.16% of Permutation test rounds,  94.74% of Permutation tests (Core 14/15, passed_count 18)
 11.17% of Permutation test rounds,  94.74% of Permutation tests (Core 0/15, passed_count 18)
 11.18% of Permutation test rounds,  94.74% of Permutation tests (Core 12/15, passed_count 18)
 11.19% of Permutation test rounds,  94.74% of Permutation tests (Core 11/15, passed_count 18)
 11.20% of Permutation test rounds,  94.74% of Permutation tests (Core 10/15, passed_count 18)
 11.21% of Permutation test rounds,  94.74% of Permutation tests (Core 9/15, passed_count 18)
 11.22% of Permutation test rounds,  94.74% of Permutation tests (Core 6/15, passed_count 18)
 11.23% of Permutation test rounds,  94.74% of Permutation tests (Core 15/15, passed_count 18)
 11.24% of Permutation test rounds,  94.74% of Permutation tests (Core 2/15, passed_count 18)
 11.25% of Permutation test rounds,  94.74% of Permutation tests (Core 4/15, passed_count 18)
 11.26% of Permutation test rounds,  94.74% of Permutation tests (Core 1/15, passed_count 18)
 11.27% of Permutation test rounds,  94.74% of Permutation tests (Core 5/15, passed_count 18)
 11.28% of Permutation test rounds,  94.74% of Permutation tests (Core 13/15, passed_count 18)
 11.29% of Permutation test rounds,  94.74% of Permutation tests (Core 7/15, passed_count 18)
 11.30% of Permutation test rounds,  94.74% of Permutation tests (Core 3/15, passed_count 18)
 11.31% of Permutation test rounds,  94.74% of Permutation tests (Core 8/15, passed_count 18)
 11.32% of Permutation test rounds,  94.74% of Permutation tests (Core 14/15, passed_count 18)
 11.33% of Permutation test rounds,  94.74% of Permutation tests (Core 0/15, passed_count 18)
 11.34% of Permutation test rounds,  94.74% of Permutation tests (Core 12/15, passed_count 18)
 11.35% of Permutation test rounds,  94.74% of Permutation tests (Core 11/15, passed_count 18)
 11.36% of Permutation test rounds,  94.74% of Permutation tests (Core 10/15, passed_count 18)
 11.37% of Permutation test rounds,  94.74% of Permutation tests (Core 9/15, passed_count 18)
 11.38% of Permutation test rounds,  94.74% of Permutation tests (Core 6/15, passed_count 18)
 11.39% of Permutation test rounds,  94.74% of Permutation tests (Core 15/15, passed_count 18)
 11.40% of Permutation test rounds,  94.74% of Permutation tests (Core 2/15, passed_count 18)
 11.41% of Permutation test rounds,  94.74% of Permutation tests (Core 4/15, passed_count 18)
 11.42% of Permutation test rounds,  94.74% of Permutation tests (Core 1/15, passed_count 18)
 11.43% of Permutation test rounds,  94.74% of Permutation tests (Core 5/15, passed_count 18)
 11.44% of Permutation test rounds,  94.74% of Permutation tests (Core 13/15, passed_count 18)
 11.45% of Permutation test rounds,  94.74% of Permutation tests (Core 7/15, passed_count 18)
 11.46% of Permutation test rounds,  94.74% of Permutation tests (Core 3/15, passed_count 18)
 11.47% of Permutation test rounds,  94.74% of Permutation tests (Core 8/15, passed_count 18)
 11.48% of Permutation test rounds,  94.74% of Permutation tests (Core 14/15, passed_count 18)
 11.49% of Permutation test rounds,  94.74% of Permutation tests (Core 0/15, passed_count 18)
 11.50% of Permutation test rounds,  94.74% of Permutation tests (Core 12/15, passed_count 18)
 11.51% of Permutation test rounds,  94.74% of Permutation tests (Core 11/15, passed_count 18)
 11.52% of Permutation test rounds,  94.74% of Permutation tests (Core 10/15, passed_count 18)
 11.53% of Permutation test rounds,  94.74% of Permutation tests (Core 9/15, passed_count 18)
 11.54% of Permutation test rounds,  94.74% of Permutation tests (Core 6/15, passed_count 18)
 11.55% of Permutation test rounds,  94.74% of Permutation tests (Core 15/15, passed_count 18)
 11.56% of Permutation test rounds,  94.74% of Permutation tests (Core 2/15, passed_count 18)
 11.57% of Permutation test rounds,  94.74% of Permutation tests (Core 4/15, passed_count 18)
 11.58% of Permutation test rounds,  94.74% of Permutation tests (Core 1/15, passed_count 18)
 11.59% of Permutation test rounds,  94.74% of Permutation tests (Core 5/15, passed_count 18)
 11.60% of Permutation test rounds,  94.74% of Permutation tests (Core 13/15, passed_count 18)
 11.61% of Permutation test rounds,  94.74% of Permutation tests (Core 7/15, passed_count 18)
 11.62% of Permutation test rounds,  94.74% of Permutation tests (Core 3/15, passed_count 18)
 11.63% of Permutation test rounds,  94.74% of Permutation tests (Core 8/15, passed_count 18)
 11.64% of Permutation test rounds,  94.74% of Permutation tests (Core 14/15, passed_count 18)
 11.65% of Permutation test rounds,  94.74% of Permutation tests (Core 0/15, passed_count 18)
 11.66% of Permutation test rounds,  94.74% of Permutation tests (Core 12/15, passed_count 18)
 11.67% of Permutation test rounds,  94.74% of Permutation tests (Core 11/15, passed_count 18)
 11.68% of Permutation test rounds,  94.74% of Permutation tests (Core 10/15, passed_count 18)
 11.69% of Permutation test rounds,  94.74% of Permutation tests (Core 9/15, passed_count 18)
 11.70% of Permutation test rounds,  94.74% of Permutation tests (Core 6/15, passed_count 18)
 11.71% of Permutation test rounds,  94.74% of Permutation tests (Core 15/15, passed_count 18)
 11.72% of Permutation test rounds,  94.74% of Permutation tests (Core 2/15, passed_count 18)
 11.73% of Permutation test rounds,  94.74% of Permutation tests (Core 4/15, passed_count 18)
 11.74% of Permutation test rounds,  94.74% of Permutation tests (Core 1/15, passed_count 18)
 11.75% of Permutation test rounds,  94.74% of Permutation tests (Core 5/15, passed_count 18)
 11.76% of Permutation test rounds,  94.74% of Permutation tests (Core 13/15, passed_count 18)
 11.77% of Permutation test rounds,  94.74% of Permutation tests (Core 13/15, passed_count 18)
 11.78% of Permutation test rounds,  94.74% of Permutation tests (Core 3/15, passed_count 18)
 11.79% of Permutation test rounds,  94.74% of Permutation tests (Core 8/15, passed_count 18)
 11.80% of Permutation test rounds,  94.74% of Permutation tests (Core 14/15, passed_count 18)
 11.81% of Permutation test rounds,  94.74% of Permutation tests (Core 0/15, passed_count 18)
 11.82% of Permutation test rounds,  94.74% of Permutation tests (Core 12/15, passed_count 18)
 11.83% of Permutation test rounds,  94.74% of Permutation tests (Core 11/15, passed_count 18)
 11.84% of Permutation test rounds,  94.74% of Permutation tests (Core 10/15, passed_count 18)
 11.85% of Permutation test rounds,  94.74% of Permutation tests (Core 9/15, passed_count 18)
 11.86% of Permutation test rounds,  94.74% of Permutation tests (Core 6/15, passed_count 18)
 11.87% of Permutation test rounds,  94.74% of Permutation tests (Core 15/15, passed_count 18)
 11.88% of Permutation test rounds,  94.74% of Permutation tests (Core 2/15, passed_count 18)
 11.89% of Permutation test rounds,  94.74% of Permutation tests (Core 4/15, passed_count 18)
 11.90% of Permutation test rounds,  94.74% of Permutation tests (Core 1/15, passed_count 18)
 11.91% of Permutation test rounds,  94.74% of Permutation tests (Core 5/15, passed_count 18)
 11.92% of Permutation test rounds,  94.74% of Permutation tests (Core 7/15, passed_count 18)
 11.93% of Permutation test rounds,  94.74% of Permutation tests (Core 13/15, passed_count 18)
 11.94% of Permutation test rounds,  94.74% of Permutation tests (Core 3/15, passed_count 18)
 11.95% of Permutation test rounds,  94.74% of Permutation tests (Core 8/15, passed_count 18)
 11.96% of Permutation test rounds,  94.74% of Permutation tests (Core 14/15, passed_count 18)
 11.97% of Permutation test rounds,  94.74% of Permutation tests (Core 0/15, passed_count 18)
 11.98% of Permutation test rounds,  94.74% of Permutation tests (Core 12/15, passed_count 18)
 11.99% of Permutation test rounds,  94.74% of Permutation tests (Core 11/15, passed_count 18)
 12.00% of Permutation test rounds,  94.74% of Permutation tests (Core 10/15, passed_count 18)
 12.01% of Permutation test rounds,  94.74% of Permutation tests (Core 9/15, passed_count 18)
 12.02% of Permutation test rounds,  94.74% of Permutation tests (Core 6/15, passed_count 18)
 12.03% of Permutation test rounds,  94.74% of Permutation tests (Core 15/15, passed_count 18)
 12.04% of Permutation test rounds,  94.74% of Permutation tests (Core 2/15, passed_count 18)
 12.05% of Permutation test rounds,  94.74% of Permutation tests (Core 4/15, passed_count 18)
 12.06% of Permutation test rounds,  94.74% of Permutation tests (Core 1/15, passed_count 18)
 12.07% of Permutation test rounds,  94.74% of Permutation tests (Core 5/15, passed_count 18)
 12.08% of Permutation test rounds,  94.74% of Permutation tests (Core 7/15, passed_count 18)
 12.09% of Permutation test rounds,  94.74% of Permutation tests (Core 13/15, passed_count 18)
 12.10% of Permutation test rounds,  94.74% of Permutation tests (Core 3/15, passed_count 18)
 12.11% of Permutation test rounds,  94.74% of Permutation tests (Core 8/15, passed_count 18)
 12.12% of Permutation test rounds,  94.74% of Permutation tests (Core 14/15, passed_count 18)
 12.13% of Permutation test rounds,  94.74% of Permutation tests (Core 0/15, passed_count 18)
 12.14% of Permutation test rounds,  94.74% of Permutation tests (Core 12/15, passed_count 18)
 12.15% of Permutation test rounds,  94.74% of Permutation tests (Core 11/15, passed_count 18)
 12.16% of Permutation test rounds,  94.74% of Permutation tests (Core 10/15, passed_count 18)
 12.17% of Permutation test rounds,  94.74% of Permutation tests (Core 9/15, passed_count 18)
 12.18% of Permutation test rounds,  94.74% of Permutation tests (Core 6/15, passed_count 18)
 12.19% of Permutation test rounds,  94.74% of Permutation tests (Core 15/15, passed_count 18)
 12.20% of Permutation test rounds,  94.74% of Permutation tests (Core 2/15, passed_count 18)
 12.21% of Permutation test rounds,  94.74% of Permutation tests (Core 4/15, passed_count 18)
 12.22% of Permutation test rounds,  94.74% of Permutation tests (Core 1/15, passed_count 18)
 12.23% of Permutation test rounds,  94.74% of Permutation tests (Core 5/15, passed_count 18)
 12.24% of Permutation test rounds,  94.74% of Permutation tests (Core 7/15, passed_count 18)
 12.25% of Permutation test rounds,  94.74% of Permutation tests (Core 13/15, passed_count 18)
 12.26% of Permutation test rounds,  94.74% of Permutation tests (Core 3/15, passed_count 18)
 12.27% of Permutation test rounds,  94.74% of Permutation tests (Core 8/15, passed_count 18)
 12.28% of Permutation test rounds,  94.74% of Permutation tests (Core 14/15, passed_count 18)
 12.29% of Permutation test rounds,  94.74% of Permutation tests (Core 0/15, passed_count 18)
 12.30% of Permutation test rounds,  94.74% of Permutation tests (Core 12/15, passed_count 18)
 12.31% of Permutation test rounds,  94.74% of Permutation tests (Core 11/15, passed_count 18)
 12.32% of Permutation test rounds,  94.74% of Permutation tests (Core 10/15, passed_count 18)
 12.33% of Permutation test rounds,  94.74% of Permutation tests (Core 9/15, passed_count 18)
 12.34% of Permutation test rounds,  94.74% of Permutation tests (Core 6/15, passed_count 18)
 12.35% of Permutation test rounds,  94.74% of Permutation tests (Core 15/15, passed_count 18)
 12.36% of Permutation test rounds,  94.74% of Permutation tests (Core 2/15, passed_count 18)
 12.37% of Permutation test rounds,  94.74% of Permutation tests (Core 4/15, passed_count 18)
 12.38% of Permutation test rounds,  94.74% of Permutation tests (Core 1/15, passed_count 18)
 12.39% of Permutation test rounds,  94.74% of Permutation tests (Core 5/15, passed_count 18)
 12.40% of Permutation test rounds,  94.74% of Permutation tests (Core 7/15, passed_count 18)
 12.41% of Permutation test rounds,  94.74% of Permutation tests (Core 13/15, passed_count 18)
 12.42% of Permutation test rounds,  94.74% of Permutation tests (Core 3/15, passed_count 18)
 12.43% of Permutation test rounds,  94.74% of Permutation tests (Core 8/15, passed_count 18)
 12.44% of Permutation test rounds,  94.74% of Permutation tests (Core 14/15, passed_count 18)
 12.45% of Permutation test rounds,  94.74% of Permutation tests (Core 0/15, passed_count 18)
 12.46% of Permutation test rounds,  94.74% of Permutation tests (Core 12/15, passed_count 18)
 12.47% of Permutation test rounds,  94.74% of Permutation tests (Core 11/15, passed_count 18)
 12.48% of Permutation test rounds,  94.74% of Permutation tests (Core 10/15, passed_count 18)
 12.49% of Permutation test rounds,  94.74% of Permutation tests (Core 9/15, passed_count 18)
 12.50% of Permutation test rounds,  94.74% of Permutation tests (Core 6/15, passed_count 18)
 12.51% of Permutation test rounds,  94.74% of Permutation tests (Core 15/15, passed_count 18)
 12.52% of Permutation test rounds,  94.74% of Permutation tests (Core 2/15, passed_count 18)
 12.53% of Permutation test rounds,  94.74% of Permutation tests (Core 4/15, passed_count 18)
 12.54% of Permutation test rounds,  94.74% of Permutation tests (Core 1/15, passed_count 18)
 12.55% of Permutation test rounds,  94.74% of Permutation tests (Core 5/15, passed_count 18)
 12.56% of Permutation test rounds,  94.74% of Permutation tests (Core 7/15, passed_count 18)
 12.57% of Permutation test rounds,  94.74% of Permutation tests (Core 13/15, passed_count 18)
 12.58% of Permutation test rounds,  94.74% of Permutation tests (Core 3/15, passed_count 18)
 12.59% of Permutation test rounds,  94.74% of Permutation tests (Core 8/15, passed_count 18)
 12.60% of Permutation test rounds,  94.74% of Permutation tests (Core 14/15, passed_count 18)
 12.61% of Permutation test rounds,  94.74% of Permutation tests (Core 14/15, passed_count 18)
 12.62% of Permutation test rounds,  94.74% of Permutation tests (Core 12/15, passed_count 18)
 12.63% of Permutation test rounds,  94.74% of Permutation tests (Core 11/15, passed_count 18)
 12.64% of Permutation test rounds,  94.74% of Permutation tests (Core 10/15, passed_count 18)
 12.65% of Permutation test rounds,  94.74% of Permutation tests (Core 9/15, passed_count 18)
 12.66% of Permutation test rounds,  94.74% of Permutation tests (Core 6/15, passed_count 18)
 12.67% of Permutation test rounds,  94.74% of Permutation tests (Core 15/15, passed_count 18)
 12.68% of Permutation test rounds,  94.74% of Permutation tests (Core 2/15, passed_count 18)
 12.69% of Permutation test rounds,  94.74% of Permutation tests (Core 4/15, passed_count 18)
 12.70% of Permutation test rounds,  94.74% of Permutation tests (Core 1/15, passed_count 18)
 12.71% of Permutation test rounds,  94.74% of Permutation tests (Core 5/15, passed_count 18)
 12.72% of Permutation test rounds,  94.74% of Permutation tests (Core 7/15, passed_count 18)
 12.73% of Permutation test rounds,  94.74% of Permutation tests (Core 13/15, passed_count 18)
 12.74% of Permutation test rounds,  94.74% of Permutation tests (Core 3/15, passed_count 18)
 12.75% of Permutation test rounds,  94.74% of Permutation tests (Core 8/15, passed_count 18)
 12.76% of Permutation test rounds,  94.74% of Permutation tests (Core 0/15, passed_count 18)
 12.77% of Permutation test rounds,  94.74% of Permutation tests (Core 14/15, passed_count 18)
 12.78% of Permutation test rounds,  94.74% of Permutation tests (Core 12/15, passed_count 18)
 12.79% of Permutation test rounds,  94.74% of Permutation tests (Core 11/15, passed_count 18)
 12.80% of Permutation test rounds,  94.74% of Permutation tests (Core 10/15, passed_count 18)
 12.81% of Permutation test rounds,  94.74% of Permutation tests (Core 9/15, passed_count 18)
 12.82% of Permutation test rounds,  94.74% of Permutation tests (Core 6/15, passed_count 18)
 12.83% of Permutation test rounds,  94.74% of Permutation tests (Core 15/15, passed_count 18)
 12.84% of Permutation test rounds,  94.74% of Permutation tests (Core 2/15, passed_count 18)
 12.85% of Permutation test rounds,  94.74% of Permutation tests (Core 4/15, passed_count 18)
 12.86% of Permutation test rounds,  94.74% of Permutation tests (Core 1/15, passed_count 18)
 12.87% of Permutation test rounds,  94.74% of Permutation tests (Core 5/15, passed_count 18)
 12.88% of Permutation test rounds,  94.74% of Permutation tests (Core 7/15, passed_count 18)
 12.89% of Permutation test rounds,  94.74% of Permutation tests (Core 13/15, passed_count 18)
 12.90% of Permutation test rounds,  94.74% of Permutation tests (Core 3/15, passed_count 18)
 12.91% of Permutation test rounds,  94.74% of Permutation tests (Core 8/15, passed_count 18)
 12.92% of Permutation test rounds,  94.74% of Permutation tests (Core 0/15, passed_count 18)
 12.93% of Permutation test rounds,  94.74% of Permutation tests (Core 14/15, passed_count 18)
 12.94% of Permutation test rounds,  94.74% of Permutation tests (Core 12/15, passed_count 18)
 12.95% of Permutation test rounds,  94.74% of Permutation tests (Core 11/15, passed_count 18)
 12.96% of Permutation test rounds,  94.74% of Permutation tests (Core 10/15, passed_count 18)
 12.97% of Permutation test rounds,  94.74% of Permutation tests (Core 9/15, passed_count 18)
 12.98% of Permutation test rounds,  94.74% of Permutation tests (Core 6/15, passed_count 18)
 12.99% of Permutation test rounds,  94.74% of Permutation tests (Core 15/15, passed_count 18)
 13.00% of Permutation test rounds,  94.74% of Permutation tests (Core 2/15, passed_count 18)
 13.01% of Permutation test rounds,  94.74% of Permutation tests (Core 4/15, passed_count 18)
 13.02% of Permutation test rounds,  94.74% of Permutation tests (Core 1/15, passed_count 18)
 13.03% of Permutation test rounds,  94.74% of Permutation tests (Core 5/15, passed_count 18)
 13.04% of Permutation test rounds,  94.74% of Permutation tests (Core 7/15, passed_count 18)
 13.05% of Permutation test rounds,  94.74% of Permutation tests (Core 13/15, passed_count 18)
 13.06% of Permutation test rounds,  94.74% of Permutation tests (Core 3/15, passed_count 18)
 13.07% of Permutation test rounds,  94.74% of Permutation tests (Core 8/15, passed_count 18)
 13.08% of Permutation test rounds,  94.74% of Permutation tests (Core 0/15, passed_count 18)
 13.09% of Permutation test rounds,  94.74% of Permutation tests (Core 14/15, passed_count 18)
 13.10% of Permutation test rounds,  94.74% of Permutation tests (Core 12/15, passed_count 18)
 13.11% of Permutation test rounds,  94.74% of Permutation tests (Core 11/15, passed_count 18)
 13.12% of Permutation test rounds,  94.74% of Permutation tests (Core 10/15, passed_count 18)
 13.13% of Permutation test rounds,  94.74% of Permutation tests (Core 9/15, passed_count 18)
 13.14% of Permutation test rounds,  94.74% of Permutation tests (Core 6/15, passed_count 18)
 13.15% of Permutation test rounds,  94.74% of Permutation tests (Core 15/15, passed_count 18)
 13.16% of Permutation test rounds,  94.74% of Permutation tests (Core 2/15, passed_count 18)
 13.17% of Permutation test rounds,  94.74% of Permutation tests (Core 4/15, passed_count 18)
 13.18% of Permutation test rounds,  94.74% of Permutation tests (Core 1/15, passed_count 18)
 13.19% of Permutation test rounds,  94.74% of Permutation tests (Core 5/15, passed_count 18)
 13.20% of Permutation test rounds,  94.74% of Permutation tests (Core 7/15, passed_count 18)
 13.21% of Permutation test rounds,  94.74% of Permutation tests (Core 13/15, passed_count 18)
 13.22% of Permutation test rounds,  94.74% of Permutation tests (Core 3/15, passed_count 18)
 13.23% of Permutation test rounds,  94.74% of Permutation tests (Core 8/15, passed_count 18)
 13.24% of Permutation test rounds,  94.74% of Permutation tests (Core 8/15, passed_count 18)
 13.25% of Permutation test rounds,  94.74% of Permutation tests (Core 14/15, passed_count 18)
 13.26% of Permutation test rounds,  94.74% of Permutation tests (Core 12/15, passed_count 18)
 13.27% of Permutation test rounds,  94.74% of Permutation tests (Core 11/15, passed_count 18)
 13.28% of Permutation test rounds,  94.74% of Permutation tests (Core 10/15, passed_count 18)
 13.29% of Permutation test rounds,  94.74% of Permutation tests (Core 9/15, passed_count 18)
 13.30% of Permutation test rounds,  94.74% of Permutation tests (Core 6/15, passed_count 18)
 13.31% of Permutation test rounds,  94.74% of Permutation tests (Core 15/15, passed_count 18)
 13.32% of Permutation test rounds,  94.74% of Permutation tests (Core 2/15, passed_count 18)
 13.33% of Permutation test rounds,  94.74% of Permutation tests (Core 4/15, passed_count 18)
 13.34% of Permutation test rounds,  94.74% of Permutation tests (Core 1/15, passed_count 18)
 13.35% of Permutation test rounds,  94.74% of Permutation tests (Core 5/15, passed_count 18)
 13.36% of Permutation test rounds,  94.74% of Permutation tests (Core 7/15, passed_count 18)
 13.37% of Permutation test rounds,  94.74% of Permutation tests (Core 13/15, passed_count 18)
 13.38% of Permutation test rounds,  94.74% of Permutation tests (Core 3/15, passed_count 18)
 13.39% of Permutation test rounds,  94.74% of Permutation tests (Core 0/15, passed_count 18)
 13.40% of Permutation test rounds,  94.74% of Permutation tests (Core 8/15, passed_count 18)
 13.41% of Permutation test rounds,  94.74% of Permutation tests (Core 14/15, passed_count 18)
 13.42% of Permutation test rounds,  94.74% of Permutation tests (Core 12/15, passed_count 18)
 13.43% of Permutation test rounds,  94.74% of Permutation tests (Core 11/15, passed_count 18)
 13.44% of Permutation test rounds,  94.74% of Permutation tests (Core 10/15, passed_count 18)
 13.45% of Permutation test rounds,  94.74% of Permutation tests (Core 9/15, passed_count 18)
 13.46% of Permutation test rounds,  94.74% of Permutation tests (Core 6/15, passed_count 18)
 13.47% of Permutation test rounds,  94.74% of Permutation tests (Core 15/15, passed_count 18)
 13.48% of Permutation test rounds,  94.74% of Permutation tests (Core 2/15, passed_count 18)
 13.49% of Permutation test rounds,  94.74% of Permutation tests (Core 4/15, passed_count 18)
 13.50% of Permutation test rounds,  94.74% of Permutation tests (Core 1/15, passed_count 18)
 13.51% of Permutation test rounds,  94.74% of Permutation tests (Core 5/15, passed_count 18)
 13.52% of Permutation test rounds,  94.74% of Permutation tests (Core 7/15, passed_count 18)
 13.53% of Permutation test rounds,  94.74% of Permutation tests (Core 13/15, passed_count 18)
 13.54% of Permutation test rounds,  94.74% of Permutation tests (Core 3/15, passed_count 18)
 13.55% of Permutation test rounds,  94.74% of Permutation tests (Core 0/15, passed_count 18)
 13.56% of Permutation test rounds,  94.74% of Permutation tests (Core 8/15, passed_count 18)
 13.57% of Permutation test rounds,  94.74% of Permutation tests (Core 14/15, passed_count 18)
 13.58% of Permutation test rounds,  94.74% of Permutation tests (Core 12/15, passed_count 18)
 13.59% of Permutation test rounds,  94.74% of Permutation tests (Core 11/15, passed_count 18)
 13.60% of Permutation test rounds,  94.74% of Permutation tests (Core 10/15, passed_count 18)
 13.61% of Permutation test rounds,  94.74% of Permutation tests (Core 9/15, passed_count 18)
 13.62% of Permutation test rounds,  94.74% of Permutation tests (Core 6/15, passed_count 18)
 13.63% of Permutation test rounds,  94.74% of Permutation tests (Core 15/15, passed_count 18)
 13.64% of Permutation test rounds,  94.74% of Permutation tests (Core 2/15, passed_count 18)
 13.65% of Permutation test rounds,  94.74% of Permutation tests (Core 4/15, passed_count 18)
 13.66% of Permutation test rounds,  94.74% of Permutation tests (Core 4/15, passed_count 18)
 13.67% of Permutation test rounds,  94.74% of Permutation tests (Core 5/15, passed_count 18)
 13.68% of Permutation test rounds,  94.74% of Permutation tests (Core 7/15, passed_count 18)
 13.69% of Permutation test rounds,  94.74% of Permutation tests (Core 13/15, passed_count 18)
 13.70% of Permutation test rounds,  94.74% of Permutation tests (Core 3/15, passed_count 18)
 13.71% of Permutation test rounds,  94.74% of Permutation tests (Core 0/15, passed_count 18)
 13.72% of Permutation test rounds,  94.74% of Permutation tests (Core 8/15, passed_count 18)
 13.73% of Permutation test rounds,  94.74% of Permutation tests (Core 14/15, passed_count 18)
 13.74% of Permutation test rounds,  94.74% of Permutation tests (Core 12/15, passed_count 18)
 13.75% of Permutation test rounds,  94.74% of Permutation tests (Core 11/15, passed_count 18)
 13.76% of Permutation test rounds,  94.74% of Permutation tests (Core 10/15, passed_count 18)
 13.77% of Permutation test rounds,  94.74% of Permutation tests (Core 9/15, passed_count 18)
 13.78% of Permutation test rounds,  94.74% of Permutation tests (Core 6/15, passed_count 18)
 13.79% of Permutation test rounds,  94.74% of Permutation tests (Core 15/15, passed_count 18)
 13.80% of Permutation test rounds,  94.74% of Permutation tests (Core 2/15, passed_count 18)
 13.81% of Permutation test rounds,  94.74% of Permutation tests (Core 1/15, passed_count 18)
 13.82% of Permutation test rounds,  94.74% of Permutation tests (Core 4/15, passed_count 18)
 13.83% of Permutation test rounds,  94.74% of Permutation tests (Core 5/15, passed_count 18)
 13.84% of Permutation test rounds,  94.74% of Permutation tests (Core 7/15, passed_count 18)
 13.85% of Permutation test rounds,  94.74% of Permutation tests (Core 13/15, passed_count 18)
 13.86% of Permutation test rounds,  94.74% of Permutation tests (Core 3/15, passed_count 18)
 13.87% of Permutation test rounds,  94.74% of Permutation tests (Core 0/15, passed_count 18)
 13.88% of Permutation test rounds,  94.74% of Permutation tests (Core 8/15, passed_count 18)
 13.89% of Permutation test rounds,  94.74% of Permutation tests (Core 14/15, passed_count 18)
 13.90% of Permutation test rounds,  94.74% of Permutation tests (Core 12/15, passed_count 18)
 13.91% of Permutation test rounds,  94.74% of Permutation tests (Core 11/15, passed_count 18)
 13.92% of Permutation test rounds,  94.74% of Permutation tests (Core 10/15, passed_count 18)
 13.93% of Permutation test rounds,  94.74% of Permutation tests (Core 9/15, passed_count 18)
 13.94% of Permutation test rounds,  94.74% of Permutation tests (Core 6/15, passed_count 18)
 13.95% of Permutation test rounds,  94.74% of Permutation tests (Core 15/15, passed_count 18)
 13.96% of Permutation test rounds,  94.74% of Permutation tests (Core 2/15, passed_count 18)
 13.97% of Permutation test rounds,  94.74% of Permutation tests (Core 1/15, passed_count 18)
 13.98% of Permutation test rounds,  94.74% of Permutation tests (Core 4/15, passed_count 18)
 13.99% of Permutation test rounds,  94.74% of Permutation tests (Core 5/15, passed_count 18)
 14.00% of Permutation test rounds,  94.74% of Permutation tests (Core 7/15, passed_count 18)
 14.01% of Permutation test rounds,  94.74% of Permutation tests (Core 13/15, passed_count 18)
 14.02% of Permutation test rounds,  94.74% of Permutation tests (Core 3/15, passed_count 18)
 14.03% of Permutation test rounds,  94.74% of Permutation tests (Core 0/15, passed_count 18)
 14.04% of Permutation test rounds,  94.74% of Permutation tests (Core 8/15, passed_count 18)
 14.05% of Permutation test rounds,  94.74% of Permutation tests (Core 14/15, passed_count 18)
 14.06% of Permutation test rounds,  94.74% of Permutation tests (Core 12/15, passed_count 18)
 14.07% of Permutation test rounds,  94.74% of Permutation tests (Core 11/15, passed_count 18)
 14.08% of Permutation test rounds,  94.74% of Permutation tests (Core 10/15, passed_count 18)
 14.09% of Permutation test rounds,  94.74% of Permutation tests (Core 9/15, passed_count 18)
 14.10% of Permutation test rounds,  94.74% of Permutation tests (Core 6/15, passed_count 18)
 14.11% of Permutation test rounds,  94.74% of Permutation tests (Core 6/15, passed_count 18)
 14.12% of Permutation test rounds,  94.74% of Permutation tests (Core 1/15, passed_count 18)
 14.13% of Permutation test rounds,  94.74% of Permutation tests (Core 2/15, passed_count 18)
 14.14% of Permutation test rounds,  94.74% of Permutation tests (Core 4/15, passed_count 18)
 14.15% of Permutation test rounds,  94.74% of Permutation tests (Core 5/15, passed_count 18)
 14.16% of Permutation test rounds,  94.74% of Permutation tests (Core 7/15, passed_count 18)
 14.17% of Permutation test rounds,  94.74% of Permutation tests (Core 13/15, passed_count 18)
 14.18% of Permutation test rounds,  94.74% of Permutation tests (Core 3/15, passed_count 18)
 14.19% of Permutation test rounds,  94.74% of Permutation tests (Core 0/15, passed_count 18)
 14.20% of Permutation test rounds,  94.74% of Permutation tests (Core 8/15, passed_count 18)
 14.21% of Permutation test rounds,  94.74% of Permutation tests (Core 14/15, passed_count 18)
 14.22% of Permutation test rounds,  94.74% of Permutation tests (Core 12/15, passed_count 18)
 14.23% of Permutation test rounds,  94.74% of Permutation tests (Core 11/15, passed_count 18)
 14.24% of Permutation test rounds,  94.74% of Permutation tests (Core 10/15, passed_count 18)
 14.25% of Permutation test rounds,  94.74% of Permutation tests (Core 9/15, passed_count 18)
 14.26% of Permutation test rounds,  94.74% of Permutation tests (Core 15/15, passed_count 18)
 14.27% of Permutation test rounds,  94.74% of Permutation tests (Core 6/15, passed_count 18)
 14.28% of Permutation test rounds,  94.74% of Permutation tests (Core 1/15, passed_count 18)
 14.29% of Permutation test rounds,  94.74% of Permutation tests (Core 2/15, passed_count 18)
 14.30% of Permutation test rounds,  94.74% of Permutation tests (Core 4/15, passed_count 18)
 14.31% of Permutation test rounds,  94.74% of Permutation tests (Core 5/15, passed_count 18)
 14.32% of Permutation test rounds,  94.74% of Permutation tests (Core 7/15, passed_count 18)
 14.33% of Permutation test rounds,  94.74% of Permutation tests (Core 13/15, passed_count 18)
 14.34% of Permutation test rounds,  94.74% of Permutation tests (Core 3/15, passed_count 18)
 14.35% of Permutation test rounds,  94.74% of Permutation tests (Core 0/15, passed_count 18)
 14.36% of Permutation test rounds,  94.74% of Permutation tests (Core 8/15, passed_count 18)
 14.37% of Permutation test rounds,  94.74% of Permutation tests (Core 14/15, passed_count 18)
 14.38% of Permutation test rounds,  94.74% of Permutation tests (Core 12/15, passed_count 18)
 14.39% of Permutation test rounds,  94.74% of Permutation tests (Core 11/15, passed_count 18)
 14.40% of Permutation test rounds,  94.74% of Permutation tests (Core 10/15, passed_count 18)
 14.41% of Permutation test rounds,  94.74% of Permutation tests (Core 9/15, passed_count 18)
 14.42% of Permutation test rounds,  94.74% of Permutation tests (Core 15/15, passed_count 18)
 14.43% of Permutation test rounds,  94.74% of Permutation tests (Core 6/15, passed_count 18)
 14.44% of Permutation test rounds,  94.74% of Permutation tests (Core 1/15, passed_count 18)
 14.45% of Permutation test rounds,  94.74% of Permutation tests (Core 2/15, passed_count 18)
 14.46% of Permutation test rounds,  94.74% of Permutation tests (Core 4/15, passed_count 18)
 14.47% of Permutation test rounds,  94.74% of Permutation tests (Core 5/15, passed_count 18)
 14.48% of Permutation test rounds,  94.74% of Permutation tests (Core 7/15, passed_count 18)
 14.49% of Permutation test rounds,  94.74% of Permutation tests (Core 13/15, passed_count 18)
 14.50% of Permutation test rounds,  94.74% of Permutation tests (Core 3/15, passed_count 18)
 14.51% of Permutation test rounds,  94.74% of Permutation tests (Core 0/15, passed_count 18)
 14.52% of Permutation test rounds,  94.74% of Permutation tests (Core 8/15, passed_count 18)
 14.53% of Permutation test rounds,  94.74% of Permutation tests (Core 14/15, passed_count 18)
 14.54% of Permutation test rounds,  94.74% of Permutation tests (Core 12/15, passed_count 18)
 14.55% of Permutation test rounds,  94.74% of Permutation tests (Core 11/15, passed_count 18)
 14.56% of Permutation test rounds,  94.74% of Permutation tests (Core 10/15, passed_count 18)
 14.57% of Permutation test rounds,  94.74% of Permutation tests (Core 9/15, passed_count 18)
 14.58% of Permutation test rounds,  94.74% of Permutation tests (Core 15/15, passed_count 18)
 14.59% of Permutation test rounds,  94.74% of Permutation tests (Core 6/15, passed_count 18)
 14.60% of Permutation test rounds,  94.74% of Permutation tests (Core 1/15, passed_count 18)
 14.61% of Permutation test rounds,  94.74% of Permutation tests (Core 2/15, passed_count 18)
 14.62% of Permutation test rounds,  94.74% of Permutation tests (Core 4/15, passed_count 18)
 14.63% of Permutation test rounds,  94.74% of Permutation tests (Core 5/15, passed_count 18)
 14.64% of Permutation test rounds,  94.74% of Permutation tests (Core 7/15, passed_count 18)
 14.65% of Permutation test rounds,  94.74% of Permutation tests (Core 13/15, passed_count 18)
 14.66% of Permutation test rounds,  94.74% of Permutation tests (Core 3/15, passed_count 18)
 14.67% of Permutation test rounds,  94.74% of Permutation tests (Core 0/15, passed_count 18)
 14.68% of Permutation test rounds,  94.74% of Permutation tests (Core 8/15, passed_count 18)
 14.69% of Permutation test rounds,  94.74% of Permutation tests (Core 14/15, passed_count 18)
 14.70% of Permutation test rounds,  94.74% of Permutation tests (Core 12/15, passed_count 18)
 14.71% of Permutation test rounds,  94.74% of Permutation tests (Core 11/15, passed_count 18)
 14.72% of Permutation test rounds,  94.74% of Permutation tests (Core 10/15, passed_count 18)
 14.73% of Permutation test rounds,  94.74% of Permutation tests (Core 9/15, passed_count 18)
 14.74% of Permutation test rounds,  94.74% of Permutation tests (Core 15/15, passed_count 18)
 14.75% of Permutation test rounds,  94.74% of Permutation tests (Core 6/15, passed_count 18)
 14.76% of Permutation test rounds,  94.74% of Permutation tests (Core 1/15, passed_count 18)
 14.77% of Permutation test rounds,  94.74% of Permutation tests (Core 2/15, passed_count 18)
 14.78% of Permutation test rounds,  94.74% of Permutation tests (Core 4/15, passed_count 18)
 14.79% of Permutation test rounds,  94.74% of Permutation tests (Core 5/15, passed_count 18)
 14.80% of Permutation test rounds,  94.74% of Permutation tests (Core 7/15, passed_count 18)
 14.81% of Permutation test rounds,  94.74% of Permutation tests (Core 13/15, passed_count 18)
 14.82% of Permutation test rounds,  94.74% of Permutation tests (Core 3/15, passed_count 18)
 14.83% of Permutation test rounds,  94.74% of Permutation tests (Core 0/15, passed_count 18)
 14.84% of Permutation test rounds,  94.74% of Permutation tests (Core 8/15, passed_count 18)
 14.85% of Permutation test rounds,  94.74% of Permutation tests (Core 14/15, passed_count 18)
 14.86% of Permutation test rounds,  94.74% of Permutation tests (Core 12/15, passed_count 18)
 14.87% of Permutation test rounds,  94.74% of Permutation tests (Core 11/15, passed_count 18)
 14.88% of Permutation test rounds,  94.74% of Permutation tests (Core 10/15, passed_count 18)
 14.89% of Permutation test rounds,  94.74% of Permutation tests (Core 9/15, passed_count 18)
 14.90% of Permutation test rounds,  94.74% of Permutation tests (Core 15/15, passed_count 18)
 14.91% of Permutation test rounds,  94.74% of Permutation tests (Core 6/15, passed_count 18)
 14.92% of Permutation test rounds,  94.74% of Permutation tests (Core 1/15, passed_count 18)
 14.93% of Permutation test rounds,  94.74% of Permutation tests (Core 2/15, passed_count 18)
 14.94% of Permutation test rounds,  94.74% of Permutation tests (Core 4/15, passed_count 18)
 14.95% of Permutation test rounds,  94.74% of Permutation tests (Core 5/15, passed_count 18)
 14.96% of Permutation test rounds,  94.74% of Permutation tests (Core 7/15, passed_count 18)
 14.97% of Permutation test rounds,  94.74% of Permutation tests (Core 13/15, passed_count 18)
 14.98% of Permutation test rounds,  94.74% of Permutation tests (Core 3/15, passed_count 18)
 14.99% of Permutation test rounds,  94.74% of Permutation tests (Core 0/15, passed_count 18)
 15.00% of Permutation test rounds,  94.74% of Permutation tests (Core 8/15, passed_count 18)
 15.01% of Permutation test rounds,  94.74% of Permutation tests (Core 14/15, passed_count 18)
 15.02% of Permutation test rounds,  94.74% of Permutation tests (Core 12/15, passed_count 18)
 15.03% of Permutation test rounds,  94.74% of Permutation tests (Core 11/15, passed_count 18)
 15.04% of Permutation test rounds,  94.74% of Permutation tests (Core 10/15, passed_count 18)
 15.05% of Permutation test rounds,  94.74% of Permutation tests (Core 9/15, passed_count 18)
 15.06% of Permutation test rounds,  94.74% of Permutation tests (Core 15/15, passed_count 18)
 15.07% of Permutation test rounds,  94.74% of Permutation tests (Core 6/15, passed_count 18)
 15.08% of Permutation test rounds,  94.74% of Permutation tests (Core 2/15, passed_count 18)
 15.09% of Permutation test rounds,  94.74% of Permutation tests (Core 1/15, passed_count 18)
 15.10% of Permutation test rounds,  94.74% of Permutation tests (Core 4/15, passed_count 18)
 15.11% of Permutation test rounds,  94.74% of Permutation tests (Core 5/15, passed_count 18)
 15.12% of Permutation test rounds,  94.74% of Permutation tests (Core 7/15, passed_count 18)
 15.13% of Permutation test rounds,  94.74% of Permutation tests (Core 13/15, passed_count 18)
 15.14% of Permutation test rounds,  94.74% of Permutation tests (Core 3/15, passed_count 18)
 15.15% of Permutation test rounds,  94.74% of Permutation tests (Core 0/15, passed_count 18)
 15.16% of Permutation test rounds,  94.74% of Permutation tests (Core 8/15, passed_count 18)
 15.17% of Permutation test rounds,  94.74% of Permutation tests (Core 14/15, passed_count 18)
 15.18% of Permutation test rounds,  94.74% of Permutation tests (Core 12/15, passed_count 18)
 15.19% of Permutation test rounds,  94.74% of Permutation tests (Core 11/15, passed_count 18)
 15.20% of Permutation test rounds,  94.74% of Permutation tests (Core 10/15, passed_count 18)
 15.21% of Permutation test rounds,  94.74% of Permutation tests (Core 9/15, passed_count 18)
 15.22% of Permutation test rounds,  94.74% of Permutation tests (Core 15/15, passed_count 18)
 15.23% of Permutation test rounds,  94.74% of Permutation tests (Core 6/15, passed_count 18)
 15.24% of Permutation test rounds,  94.74% of Permutation tests (Core 2/15, passed_count 18)
 15.25% of Permutation test rounds,  94.74% of Permutation tests (Core 1/15, passed_count 18)
 15.26% of Permutation test rounds,  94.74% of Permutation tests (Core 4/15, passed_count 18)
 15.27% of Permutation test rounds,  94.74% of Permutation tests (Core 5/15, passed_count 18)
 15.28% of Permutation test rounds,  94.74% of Permutation tests (Core 7/15, passed_count 18)
 15.29% of Permutation test rounds,  94.74% of Permutation tests (Core 13/15, passed_count 18)
 15.30% of Permutation test rounds,  94.74% of Permutation tests (Core 3/15, passed_count 18)
 15.31% of Permutation test rounds,  94.74% of Permutation tests (Core 0/15, passed_count 18)
 15.32% of Permutation test rounds,  94.74% of Permutation tests (Core 8/15, passed_count 18)
 15.33% of Permutation test rounds,  94.74% of Permutation tests (Core 14/15, passed_count 18)
 15.34% of Permutation test rounds,  94.74% of Permutation tests (Core 12/15, passed_count 18)
 15.35% of Permutation test rounds,  94.74% of Permutation tests (Core 11/15, passed_count 18)
 15.36% of Permutation test rounds,  94.74% of Permutation tests (Core 10/15, passed_count 18)
 15.37% of Permutation test rounds,  94.74% of Permutation tests (Core 9/15, passed_count 18)
 15.38% of Permutation test rounds,  94.74% of Permutation tests (Core 15/15, passed_count 18)
 15.39% of Permutation test rounds,  94.74% of Permutation tests (Core 6/15, passed_count 18)
 15.40% of Permutation test rounds,  94.74% of Permutation tests (Core 6/15, passed_count 18)
 15.41% of Permutation test rounds,  94.74% of Permutation tests (Core 1/15, passed_count 18)
 15.42% of Permutation test rounds,  94.74% of Permutation tests (Core 4/15, passed_count 18)
 15.43% of Permutation test rounds,  94.74% of Permutation tests (Core 5/15, passed_count 18)
 15.44% of Permutation test rounds,  94.74% of Permutation tests (Core 7/15, passed_count 18)
 15.45% of Permutation test rounds,  94.74% of Permutation tests (Core 13/15, passed_count 18)
 15.46% of Permutation test rounds,  94.74% of Permutation tests (Core 3/15, passed_count 18)
 15.47% of Permutation test rounds,  94.74% of Permutation tests (Core 0/15, passed_count 18)
 15.48% of Permutation test rounds,  94.74% of Permutation tests (Core 8/15, passed_count 18)
 15.49% of Permutation test rounds,  94.74% of Permutation tests (Core 14/15, passed_count 18)
 15.50% of Permutation test rounds,  94.74% of Permutation tests (Core 12/15, passed_count 18)
 15.51% of Permutation test rounds,  94.74% of Permutation tests (Core 11/15, passed_count 18)
 15.52% of Permutation test rounds,  94.74% of Permutation tests (Core 10/15, passed_count 18)
 15.53% of Permutation test rounds,  94.74% of Permutation tests (Core 9/15, passed_count 18)
 15.54% of Permutation test rounds,  94.74% of Permutation tests (Core 15/15, passed_count 18)
 15.55% of Permutation test rounds,  94.74% of Permutation tests (Core 2/15, passed_count 18)
 15.56% of Permutation test rounds,  94.74% of Permutation tests (Core 6/15, passed_count 18)
 15.57% of Permutation test rounds,  94.74% of Permutation tests (Core 1/15, passed_count 18)
 15.58% of Permutation test rounds,  94.74% of Permutation tests (Core 4/15, passed_count 18)
 15.59% of Permutation test rounds,  94.74% of Permutation tests (Core 5/15, passed_count 18)
 15.60% of Permutation test rounds,  94.74% of Permutation tests (Core 7/15, passed_count 18)
 15.61% of Permutation test rounds,  94.74% of Permutation tests (Core 13/15, passed_count 18)
 15.62% of Permutation test rounds,  94.74% of Permutation tests (Core 3/15, passed_count 18)
 15.63% of Permutation test rounds,  94.74% of Permutation tests (Core 0/15, passed_count 18)
 15.64% of Permutation test rounds,  94.74% of Permutation tests (Core 8/15, passed_count 18)
 15.65% of Permutation test rounds,  94.74% of Permutation tests (Core 14/15, passed_count 18)
 15.66% of Permutation test rounds,  94.74% of Permutation tests (Core 12/15, passed_count 18)
 15.67% of Permutation test rounds,  94.74% of Permutation tests (Core 11/15, passed_count 18)
 15.68% of Permutation test rounds,  94.74% of Permutation tests (Core 10/15, passed_count 18)
 15.69% of Permutation test rounds,  94.74% of Permutation tests (Core 9/15, passed_count 18)
 15.70% of Permutation test rounds,  94.74% of Permutation tests (Core 15/15, passed_count 18)
 15.71% of Permutation test rounds,  94.74% of Permutation tests (Core 2/15, passed_count 18)
 15.72% of Permutation test rounds,  94.74% of Permutation tests (Core 6/15, passed_count 18)
 15.73% of Permutation test rounds,  94.74% of Permutation tests (Core 1/15, passed_count 18)
 15.74% of Permutation test rounds,  94.74% of Permutation tests (Core 4/15, passed_count 18)
 15.75% of Permutation test rounds,  94.74% of Permutation tests (Core 5/15, passed_count 18)
 15.76% of Permutation test rounds,  94.74% of Permutation tests (Core 7/15, passed_count 18)
 15.77% of Permutation test rounds,  94.74% of Permutation tests (Core 13/15, passed_count 18)
 15.78% of Permutation test rounds,  94.74% of Permutation tests (Core 3/15, passed_count 18)
 15.79% of Permutation test rounds,  94.74% of Permutation tests (Core 0/15, passed_count 18)
 15.80% of Permutation test rounds,  94.74% of Permutation tests (Core 8/15, passed_count 18)
 15.81% of Permutation test rounds,  94.74% of Permutation tests (Core 14/15, passed_count 18)
 15.82% of Permutation test rounds,  94.74% of Permutation tests (Core 12/15, passed_count 18)
 15.83% of Permutation test rounds,  94.74% of Permutation tests (Core 11/15, passed_count 18)
 15.84% of Permutation test rounds,  94.74% of Permutation tests (Core 10/15, passed_count 18)
 15.85% of Permutation test rounds,  94.74% of Permutation tests (Core 9/15, passed_count 18)
 15.86% of Permutation test rounds,  94.74% of Permutation tests (Core 15/15, passed_count 18)
 15.87% of Permutation test rounds,  94.74% of Permutation tests (Core 2/15, passed_count 18)
 15.88% of Permutation test rounds,  94.74% of Permutation tests (Core 6/15, passed_count 18)
 15.89% of Permutation test rounds,  94.74% of Permutation tests (Core 1/15, passed_count 18)
 15.90% of Permutation test rounds,  94.74% of Permutation tests (Core 4/15, passed_count 18)
 15.91% of Permutation test rounds,  94.74% of Permutation tests (Core 5/15, passed_count 18)
 15.92% of Permutation test rounds,  94.74% of Permutation tests (Core 7/15, passed_count 18)
 15.93% of Permutation test rounds,  94.74% of Permutation tests (Core 13/15, passed_count 18)
 15.94% of Permutation test rounds,  94.74% of Permutation tests (Core 3/15, passed_count 18)
 15.95% of Permutation test rounds,  94.74% of Permutation tests (Core 0/15, passed_count 18)
 15.96% of Permutation test rounds,  94.74% of Permutation tests (Core 8/15, passed_count 18)
 15.97% of Permutation test rounds,  94.74% of Permutation tests (Core 14/15, passed_count 18)
 15.98% of Permutation test rounds,  94.74% of Permutation tests (Core 12/15, passed_count 18)
 15.99% of Permutation test rounds,  94.74% of Permutation tests (Core 11/15, passed_count 18)
 16.00% of Permutation test rounds,  94.74% of Permutation tests (Core 10/15, passed_count 18)
 16.01% of Permutation test rounds,  94.74% of Permutation tests (Core 9/15, passed_count 18)
 16.02% of Permutation test rounds,  94.74% of Permutation tests (Core 15/15, passed_count 18)
 16.03% of Permutation test rounds,  94.74% of Permutation tests (Core 2/15, passed_count 18)
 16.04% of Permutation test rounds,  94.74% of Permutation tests (Core 6/15, passed_count 18)
 16.05% of Permutation test rounds,  94.74% of Permutation tests (Core 1/15, passed_count 18)
 16.06% of Permutation test rounds,  94.74% of Permutation tests (Core 4/15, passed_count 18)
 16.07% of Permutation test rounds,  94.74% of Permutation tests (Core 5/15, passed_count 18)
 16.08% of Permutation test rounds,  94.74% of Permutation tests (Core 7/15, passed_count 18)
 16.09% of Permutation test rounds,  94.74% of Permutation tests (Core 13/15, passed_count 18)
 16.10% of Permutation test rounds,  94.74% of Permutation tests (Core 3/15, passed_count 18)
 16.11% of Permutation test rounds,  94.74% of Permutation tests (Core 0/15, passed_count 18)
 16.12% of Permutation test rounds,  94.74% of Permutation tests (Core 8/15, passed_count 18)
 16.13% of Permutation test rounds,  94.74% of Permutation tests (Core 14/15, passed_count 18)
 16.14% of Permutation test rounds,  94.74% of Permutation tests (Core 12/15, passed_count 18)
 16.15% of Permutation test rounds,  94.74% of Permutation tests (Core 11/15, passed_count 18)
 16.16% of Permutation test rounds,  94.74% of Permutation tests (Core 10/15, passed_count 18)
 16.17% of Permutation test rounds,  94.74% of Permutation tests (Core 9/15, passed_count 18)
 16.18% of Permutation test rounds,  94.74% of Permutation tests (Core 15/15, passed_count 18)
 16.19% of Permutation test rounds,  94.74% of Permutation tests (Core 2/15, passed_count 18)
 16.20% of Permutation test rounds,  94.74% of Permutation tests (Core 6/15, passed_count 18)
 16.21% of Permutation test rounds,  94.74% of Permutation tests (Core 1/15, passed_count 18)
 16.22% of Permutation test rounds,  94.74% of Permutation tests (Core 4/15, passed_count 18)
 16.23% of Permutation test rounds,  94.74% of Permutation tests (Core 5/15, passed_count 18)
 16.24% of Permutation test rounds,  94.74% of Permutation tests (Core 7/15, passed_count 18)
 16.26% of Permutation test rounds,  94.74% of Permutation tests (Core 3/15, passed_count 18)
 16.25% of Permutation test rounds,  94.74% of Permutation tests (Core 13/15, passed_count 18)
 16.27% of Permutation test rounds,  94.74% of Permutation tests (Core 0/15, passed_count 18)
 16.28% of Permutation test rounds,  94.74% of Permutation tests (Core 8/15, passed_count 18)
 16.29% of Permutation test rounds,  94.74% of Permutation tests (Core 14/15, passed_count 18)
 16.30% of Permutation test rounds,  94.74% of Permutation tests (Core 12/15, passed_count 18)
 16.31% of Permutation test rounds,  94.74% of Permutation tests (Core 11/15, passed_count 18)
 16.32% of Permutation test rounds,  94.74% of Permutation tests (Core 10/15, passed_count 18)
 16.33% of Permutation test rounds,  94.74% of Permutation tests (Core 9/15, passed_count 18)
 16.34% of Permutation test rounds,  94.74% of Permutation tests (Core 15/15, passed_count 18)
 16.35% of Permutation test rounds,  94.74% of Permutation tests (Core 2/15, passed_count 18)
 16.36% of Permutation test rounds,  94.74% of Permutation tests (Core 6/15, passed_count 18)
 16.37% of Permutation test rounds,  94.74% of Permutation tests (Core 1/15, passed_count 18)
 16.38% of Permutation test rounds,  94.74% of Permutation tests (Core 4/15, passed_count 18)
 16.39% of Permutation test rounds,  94.74% of Permutation tests (Core 5/15, passed_count 18)
 16.40% of Permutation test rounds,  94.74% of Permutation tests (Core 7/15, passed_count 18)
 16.41% of Permutation test rounds,  94.74% of Permutation tests (Core 3/15, passed_count 18)
 16.42% of Permutation test rounds,  94.74% of Permutation tests (Core 13/15, passed_count 18)
 16.43% of Permutation test rounds,  94.74% of Permutation tests (Core 0/15, passed_count 18)
 16.44% of Permutation test rounds,  94.74% of Permutation tests (Core 8/15, passed_count 18)
 16.45% of Permutation test rounds,  94.74% of Permutation tests (Core 14/15, passed_count 18)
 16.46% of Permutation test rounds,  94.74% of Permutation tests (Core 12/15, passed_count 18)
 16.47% of Permutation test rounds,  94.74% of Permutation tests (Core 11/15, passed_count 18)
 16.48% of Permutation test rounds,  94.74% of Permutation tests (Core 10/15, passed_count 18)
 16.49% of Permutation test rounds,  94.74% of Permutation tests (Core 9/15, passed_count 18)
 16.50% of Permutation test rounds,  94.74% of Permutation tests (Core 15/15, passed_count 18)
 16.51% of Permutation test rounds,  94.74% of Permutation tests (Core 2/15, passed_count 18)
 16.52% of Permutation test rounds,  94.74% of Permutation tests (Core 6/15, passed_count 18)
 16.53% of Permutation test rounds,  94.74% of Permutation tests (Core 1/15, passed_count 18)
 16.54% of Permutation test rounds,  94.74% of Permutation tests (Core 4/15, passed_count 18)
 16.55% of Permutation test rounds,  94.74% of Permutation tests (Core 5/15, passed_count 18)
 16.56% of Permutation test rounds,  94.74% of Permutation tests (Core 7/15, passed_count 18)
 16.57% of Permutation test rounds,  94.74% of Permutation tests (Core 3/15, passed_count 18)
 16.58% of Permutation test rounds,  94.74% of Permutation tests (Core 13/15, passed_count 18)
 16.59% of Permutation test rounds,  94.74% of Permutation tests (Core 0/15, passed_count 18)
 16.60% of Permutation test rounds,  94.74% of Permutation tests (Core 8/15, passed_count 18)
 16.61% of Permutation test rounds,  94.74% of Permutation tests (Core 14/15, passed_count 18)
 16.62% of Permutation test rounds,  94.74% of Permutation tests (Core 12/15, passed_count 18)
 16.63% of Permutation test rounds,  94.74% of Permutation tests (Core 11/15, passed_count 18)
 16.64% of Permutation test rounds,  94.74% of Permutation tests (Core 10/15, passed_count 18)
 16.65% of Permutation test rounds,  94.74% of Permutation tests (Core 9/15, passed_count 18)
 16.66% of Permutation test rounds,  94.74% of Permutation tests (Core 15/15, passed_count 18)
 16.67% of Permutation test rounds,  94.74% of Permutation tests (Core 2/15, passed_count 18)
 16.68% of Permutation test rounds,  94.74% of Permutation tests (Core 6/15, passed_count 18)
 16.69% of Permutation test rounds,  94.74% of Permutation tests (Core 1/15, passed_count 18)
 16.70% of Permutation test rounds,  94.74% of Permutation tests (Core 4/15, passed_count 18)
 16.71% of Permutation test rounds,  94.74% of Permutation tests (Core 5/15, passed_count 18)
 16.72% of Permutation test rounds,  94.74% of Permutation tests (Core 7/15, passed_count 18)
 16.73% of Permutation test rounds,  94.74% of Permutation tests (Core 3/15, passed_count 18)
 16.74% of Permutation test rounds,  94.74% of Permutation tests (Core 13/15, passed_count 18)
 16.75% of Permutation test rounds,  94.74% of Permutation tests (Core 0/15, passed_count 18)
 16.76% of Permutation test rounds,  94.74% of Permutation tests (Core 8/15, passed_count 18)
 16.77% of Permutation test rounds,  94.74% of Permutation tests (Core 14/15, passed_count 18)
 16.78% of Permutation test rounds,  94.74% of Permutation tests (Core 12/15, passed_count 18)
 16.79% of Permutation test rounds,  94.74% of Permutation tests (Core 11/15, passed_count 18)
 16.80% of Permutation test rounds,  94.74% of Permutation tests (Core 10/15, passed_count 18)
 16.81% of Permutation test rounds,  94.74% of Permutation tests (Core 9/15, passed_count 18)
 16.82% of Permutation test rounds,  94.74% of Permutation tests (Core 15/15, passed_count 18)
 16.83% of Permutation test rounds,  94.74% of Permutation tests (Core 2/15, passed_count 18)
 16.84% of Permutation test rounds,  94.74% of Permutation tests (Core 6/15, passed_count 18)
 16.85% of Permutation test rounds,  94.74% of Permutation tests (Core 1/15, passed_count 18)
 16.86% of Permutation test rounds,  94.74% of Permutation tests (Core 4/15, passed_count 18)
 16.87% of Permutation test rounds,  94.74% of Permutation tests (Core 5/15, passed_count 18)
 16.88% of Permutation test rounds,  94.74% of Permutation tests (Core 7/15, passed_count 18)
 16.89% of Permutation test rounds,  94.74% of Permutation tests (Core 3/15, passed_count 18)
 16.90% of Permutation test rounds,  94.74% of Permutation tests (Core 13/15, passed_count 18)
 16.91% of Permutation test rounds,  94.74% of Permutation tests (Core 0/15, passed_count 18)
 16.92% of Permutation test rounds,  94.74% of Permutation tests (Core 8/15, passed_count 18)
 16.93% of Permutation test rounds,  94.74% of Permutation tests (Core 14/15, passed_count 18)
 16.94% of Permutation test rounds,  94.74% of Permutation tests (Core 12/15, passed_count 18)
 16.95% of Permutation test rounds,  94.74% of Permutation tests (Core 11/15, passed_count 18)
 16.96% of Permutation test rounds,  94.74% of Permutation tests (Core 10/15, passed_count 18)
 16.97% of Permutation test rounds,  94.74% of Permutation tests (Core 9/15, passed_count 18)
 16.98% of Permutation test rounds,  94.74% of Permutation tests (Core 15/15, passed_count 18)
 16.99% of Permutation test rounds,  94.74% of Permutation tests (Core 2/15, passed_count 18)
 17.00% of Permutation test rounds,  94.74% of Permutation tests (Core 6/15, passed_count 18)
 17.01% of Permutation test rounds,  94.74% of Permutation tests (Core 1/15, passed_count 18)
 17.02% of Permutation test rounds,  94.74% of Permutation tests (Core 4/15, passed_count 18)
 17.03% of Permutation test rounds,  94.74% of Permutation tests (Core 5/15, passed_count 18)
 17.04% of Permutation test rounds,  94.74% of Permutation tests (Core 7/15, passed_count 18)
 17.05% of Permutation test rounds,  94.74% of Permutation tests (Core 3/15, passed_count 18)
 17.06% of Permutation test rounds,  94.74% of Permutation tests (Core 13/15, passed_count 18)
 17.07% of Permutation test rounds,  94.74% of Permutation tests (Core 0/15, passed_count 18)
 17.08% of Permutation test rounds,  94.74% of Permutation tests (Core 8/15, passed_count 18)
 17.09% of Permutation test rounds,  94.74% of Permutation tests (Core 14/15, passed_count 18)
 17.10% of Permutation test rounds,  94.74% of Permutation tests (Core 12/15, passed_count 18)
 17.11% of Permutation test rounds,  94.74% of Permutation tests (Core 11/15, passed_count 18)
 17.12% of Permutation test rounds,  94.74% of Permutation tests (Core 10/15, passed_count 18)
 17.13% of Permutation test rounds,  94.74% of Permutation tests (Core 9/15, passed_count 18)
 17.14% of Permutation test rounds,  94.74% of Permutation tests (Core 15/15, passed_count 18)
 17.15% of Permutation test rounds,  94.74% of Permutation tests (Core 2/15, passed_count 18)
 17.16% of Permutation test rounds,  94.74% of Permutation tests (Core 6/15, passed_count 18)
 17.17% of Permutation test rounds,  94.74% of Permutation tests (Core 1/15, passed_count 18)
 17.18% of Permutation test rounds,  94.74% of Permutation tests (Core 4/15, passed_count 18)
 17.19% of Permutation test rounds,  94.74% of Permutation tests (Core 5/15, passed_count 18)
 17.20% of Permutation test rounds,  94.74% of Permutation tests (Core 7/15, passed_count 18)
 17.21% of Permutation test rounds,  94.74% of Permutation tests (Core 3/15, passed_count 18)
 17.22% of Permutation test rounds,  94.74% of Permutation tests (Core 13/15, passed_count 18)
 17.23% of Permutation test rounds,  94.74% of Permutation tests (Core 0/15, passed_count 18)
 17.24% of Permutation test rounds,  94.74% of Permutation tests (Core 8/15, passed_count 18)
 17.25% of Permutation test rounds,  94.74% of Permutation tests (Core 14/15, passed_count 18)
 17.26% of Permutation test rounds,  94.74% of Permutation tests (Core 12/15, passed_count 18)
 17.27% of Permutation test rounds,  94.74% of Permutation tests (Core 11/15, passed_count 18)
 17.28% of Permutation test rounds,  94.74% of Permutation tests (Core 10/15, passed_count 18)
 17.29% of Permutation test rounds,  94.74% of Permutation tests (Core 9/15, passed_count 18)
 17.30% of Permutation test rounds,  94.74% of Permutation tests (Core 15/15, passed_count 18)
 17.31% of Permutation test rounds,  94.74% of Permutation tests (Core 2/15, passed_count 18)
 17.32% of Permutation test rounds,  94.74% of Permutation tests (Core 6/15, passed_count 18)
 17.33% of Permutation test rounds,  94.74% of Permutation tests (Core 1/15, passed_count 18)
 17.34% of Permutation test rounds,  94.74% of Permutation tests (Core 4/15, passed_count 18)
 17.35% of Permutation test rounds,  94.74% of Permutation tests (Core 5/15, passed_count 18)
 17.36% of Permutation test rounds,  94.74% of Permutation tests (Core 7/15, passed_count 18)
 17.37% of Permutation test rounds,  94.74% of Permutation tests (Core 3/15, passed_count 18)
 17.38% of Permutation test rounds,  94.74% of Permutation tests (Core 13/15, passed_count 18)
 17.39% of Permutation test rounds,  94.74% of Permutation tests (Core 0/15, passed_count 18)
 17.40% of Permutation test rounds,  94.74% of Permutation tests (Core 8/15, passed_count 18)
 17.41% of Permutation test rounds,  94.74% of Permutation tests (Core 14/15, passed_count 18)
 17.42% of Permutation test rounds,  94.74% of Permutation tests (Core 12/15, passed_count 18)
 17.43% of Permutation test rounds,  94.74% of Permutation tests (Core 11/15, passed_count 18)
 17.44% of Permutation test rounds,  94.74% of Permutation tests (Core 10/15, passed_count 18)
 17.45% of Permutation test rounds,  94.74% of Permutation tests (Core 9/15, passed_count 18)
 17.46% of Permutation test rounds,  94.74% of Permutation tests (Core 15/15, passed_count 18)
 17.47% of Permutation test rounds,  94.74% of Permutation tests (Core 2/15, passed_count 18)
 17.48% of Permutation test rounds,  94.74% of Permutation tests (Core 6/15, passed_count 18)
 17.49% of Permutation test rounds,  94.74% of Permutation tests (Core 1/15, passed_count 18)
 17.50% of Permutation test rounds,  94.74% of Permutation tests (Core 4/15, passed_count 18)
 17.51% of Permutation test rounds,  94.74% of Permutation tests (Core 5/15, passed_count 18)
 17.52% of Permutation test rounds,  94.74% of Permutation tests (Core 7/15, passed_count 18)
 17.53% of Permutation test rounds,  94.74% of Permutation tests (Core 3/15, passed_count 18)
 17.54% of Permutation test rounds,  94.74% of Permutation tests (Core 13/15, passed_count 18)
 17.55% of Permutation test rounds,  94.74% of Permutation tests (Core 8/15, passed_count 18)
 17.56% of Permutation test rounds,  94.74% of Permutation tests (Core 0/15, passed_count 18)
 17.57% of Permutation test rounds,  94.74% of Permutation tests (Core 14/15, passed_count 18)
 17.58% of Permutation test rounds,  94.74% of Permutation tests (Core 12/15, passed_count 18)
 17.59% of Permutation test rounds,  94.74% of Permutation tests (Core 11/15, passed_count 18)
 17.60% of Permutation test rounds,  94.74% of Permutation tests (Core 10/15, passed_count 18)
 17.61% of Permutation test rounds,  94.74% of Permutation tests (Core 9/15, passed_count 18)
 17.62% of Permutation test rounds,  94.74% of Permutation tests (Core 15/15, passed_count 18)
 17.63% of Permutation test rounds,  94.74% of Permutation tests (Core 2/15, passed_count 18)
 17.64% of Permutation test rounds,  94.74% of Permutation tests (Core 6/15, passed_count 18)
 17.65% of Permutation test rounds,  94.74% of Permutation tests (Core 1/15, passed_count 18)
 17.66% of Permutation test rounds,  94.74% of Permutation tests (Core 4/15, passed_count 18)
 17.67% of Permutation test rounds,  94.74% of Permutation tests (Core 5/15, passed_count 18)
 17.68% of Permutation test rounds,  94.74% of Permutation tests (Core 7/15, passed_count 18)
 17.69% of Permutation test rounds,  94.74% of Permutation tests (Core 3/15, passed_count 18)
 17.70% of Permutation test rounds,  94.74% of Permutation tests (Core 13/15, passed_count 18)
 17.71% of Permutation test rounds,  94.74% of Permutation tests (Core 8/15, passed_count 18)
 17.72% of Permutation test rounds,  94.74% of Permutation tests (Core 0/15, passed_count 18)
 17.73% of Permutation test rounds,  94.74% of Permutation tests (Core 14/15, passed_count 18)
 17.74% of Permutation test rounds,  94.74% of Permutation tests (Core 12/15, passed_count 18)
 17.75% of Permutation test rounds,  94.74% of Permutation tests (Core 11/15, passed_count 18)
 17.76% of Permutation test rounds,  94.74% of Permutation tests (Core 10/15, passed_count 18)
 17.77% of Permutation test rounds,  94.74% of Permutation tests (Core 9/15, passed_count 18)
 17.78% of Permutation test rounds,  94.74% of Permutation tests (Core 15/15, passed_count 18)
 17.79% of Permutation test rounds,  94.74% of Permutation tests (Core 2/15, passed_count 18)
 17.80% of Permutation test rounds,  94.74% of Permutation tests (Core 6/15, passed_count 18)
 17.81% of Permutation test rounds,  94.74% of Permutation tests (Core 1/15, passed_count 18)
 17.82% of Permutation test rounds,  94.74% of Permutation tests (Core 4/15, passed_count 18)
 17.83% of Permutation test rounds,  94.74% of Permutation tests (Core 5/15, passed_count 18)
 17.84% of Permutation test rounds,  94.74% of Permutation tests (Core 7/15, passed_count 18)
 17.85% of Permutation test rounds,  94.74% of Permutation tests (Core 3/15, passed_count 18)
 17.86% of Permutation test rounds,  94.74% of Permutation tests (Core 13/15, passed_count 18)
 17.87% of Permutation test rounds,  94.74% of Permutation tests (Core 8/15, passed_count 18)
 17.88% of Permutation test rounds,  94.74% of Permutation tests (Core 0/15, passed_count 18)
 17.89% of Permutation test rounds,  94.74% of Permutation tests (Core 14/15, passed_count 18)
 17.90% of Permutation test rounds,  94.74% of Permutation tests (Core 12/15, passed_count 18)
 17.91% of Permutation test rounds,  94.74% of Permutation tests (Core 11/15, passed_count 18)
 17.92% of Permutation test rounds,  94.74% of Permutation tests (Core 10/15, passed_count 18)
 17.93% of Permutation test rounds,  94.74% of Permutation tests (Core 9/15, passed_count 18)
 17.94% of Permutation test rounds,  94.74% of Permutation tests (Core 15/15, passed_count 18)
 17.95% of Permutation test rounds,  94.74% of Permutation tests (Core 2/15, passed_count 18)
 17.96% of Permutation test rounds,  94.74% of Permutation tests (Core 6/15, passed_count 18)
 17.97% of Permutation test rounds,  94.74% of Permutation tests (Core 1/15, passed_count 18)
 17.98% of Permutation test rounds,  94.74% of Permutation tests (Core 4/15, passed_count 18)
 17.99% of Permutation test rounds,  94.74% of Permutation tests (Core 5/15, passed_count 18)
 18.00% of Permutation test rounds,  94.74% of Permutation tests (Core 7/15, passed_count 18)
 18.01% of Permutation test rounds,  94.74% of Permutation tests (Core 7/15, passed_count 18)
 18.02% of Permutation test rounds,  94.74% of Permutation tests (Core 13/15, passed_count 18)
 18.03% of Permutation test rounds,  94.74% of Permutation tests (Core 8/15, passed_count 18)
 18.04% of Permutation test rounds,  94.74% of Permutation tests (Core 0/15, passed_count 18)
 18.05% of Permutation test rounds,  94.74% of Permutation tests (Core 14/15, passed_count 18)
 18.06% of Permutation test rounds,  94.74% of Permutation tests (Core 12/15, passed_count 18)
 18.07% of Permutation test rounds,  94.74% of Permutation tests (Core 11/15, passed_count 18)
 18.08% of Permutation test rounds,  94.74% of Permutation tests (Core 10/15, passed_count 18)
 18.09% of Permutation test rounds,  94.74% of Permutation tests (Core 9/15, passed_count 18)
 18.10% of Permutation test rounds,  94.74% of Permutation tests (Core 15/15, passed_count 18)
 18.11% of Permutation test rounds,  94.74% of Permutation tests (Core 2/15, passed_count 18)
 18.12% of Permutation test rounds,  94.74% of Permutation tests (Core 6/15, passed_count 18)
 18.13% of Permutation test rounds,  94.74% of Permutation tests (Core 1/15, passed_count 18)
 18.14% of Permutation test rounds,  94.74% of Permutation tests (Core 4/15, passed_count 18)
 18.15% of Permutation test rounds,  94.74% of Permutation tests (Core 5/15, passed_count 18)
 18.16% of Permutation test rounds,  94.74% of Permutation tests (Core 3/15, passed_count 18)
 18.17% of Permutation test rounds,  94.74% of Permutation tests (Core 7/15, passed_count 18)
 18.18% of Permutation test rounds,  94.74% of Permutation tests (Core 13/15, passed_count 18)
 18.19% of Permutation test rounds,  94.74% of Permutation tests (Core 8/15, passed_count 18)
 18.20% of Permutation test rounds,  94.74% of Permutation tests (Core 0/15, passed_count 18)
 18.21% of Permutation test rounds,  94.74% of Permutation tests (Core 14/15, passed_count 18)
 18.22% of Permutation test rounds,  94.74% of Permutation tests (Core 12/15, passed_count 18)
 18.23% of Permutation test rounds,  94.74% of Permutation tests (Core 11/15, passed_count 18)
 18.24% of Permutation test rounds,  94.74% of Permutation tests (Core 10/15, passed_count 18)
 18.25% of Permutation test rounds,  94.74% of Permutation tests (Core 9/15, passed_count 18)
 18.26% of Permutation test rounds,  94.74% of Permutation tests (Core 15/15, passed_count 18)
 18.27% of Permutation test rounds,  94.74% of Permutation tests (Core 2/15, passed_count 18)
 18.28% of Permutation test rounds,  94.74% of Permutation tests (Core 6/15, passed_count 18)
 18.29% of Permutation test rounds,  94.74% of Permutation tests (Core 1/15, passed_count 18)
 18.30% of Permutation test rounds,  94.74% of Permutation tests (Core 4/15, passed_count 18)
 18.31% of Permutation test rounds,  94.74% of Permutation tests (Core 5/15, passed_count 18)
 18.32% of Permutation test rounds,  94.74% of Permutation tests (Core 3/15, passed_count 18)
 18.33% of Permutation test rounds,  94.74% of Permutation tests (Core 7/15, passed_count 18)
 18.34% of Permutation test rounds,  94.74% of Permutation tests (Core 13/15, passed_count 18)
 18.35% of Permutation test rounds,  94.74% of Permutation tests (Core 8/15, passed_count 18)
 18.36% of Permutation test rounds,  94.74% of Permutation tests (Core 0/15, passed_count 18)
 18.37% of Permutation test rounds,  94.74% of Permutation tests (Core 14/15, passed_count 18)
 18.38% of Permutation test rounds,  94.74% of Permutation tests (Core 12/15, passed_count 18)
 18.39% of Permutation test rounds,  94.74% of Permutation tests (Core 11/15, passed_count 18)
 18.40% of Permutation test rounds,  94.74% of Permutation tests (Core 10/15, passed_count 18)
 18.41% of Permutation test rounds,  94.74% of Permutation tests (Core 9/15, passed_count 18)
 18.42% of Permutation test rounds,  94.74% of Permutation tests (Core 15/15, passed_count 18)
 18.43% of Permutation test rounds,  94.74% of Permutation tests (Core 2/15, passed_count 18)
 18.44% of Permutation test rounds,  94.74% of Permutation tests (Core 6/15, passed_count 18)
 18.45% of Permutation test rounds,  94.74% of Permutation tests (Core 1/15, passed_count 18)
 18.46% of Permutation test rounds,  94.74% of Permutation tests (Core 4/15, passed_count 18)
 18.47% of Permutation test rounds,  94.74% of Permutation tests (Core 5/15, passed_count 18)
 18.48% of Permutation test rounds,  94.74% of Permutation tests (Core 3/15, passed_count 18)
 18.49% of Permutation test rounds,  94.74% of Permutation tests (Core 7/15, passed_count 18)
 18.50% of Permutation test rounds,  94.74% of Permutation tests (Core 13/15, passed_count 18)
 18.51% of Permutation test rounds,  94.74% of Permutation tests (Core 8/15, passed_count 18)
 18.52% of Permutation test rounds,  94.74% of Permutation tests (Core 0/15, passed_count 18)
 18.53% of Permutation test rounds,  94.74% of Permutation tests (Core 14/15, passed_count 18)
 18.54% of Permutation test rounds,  94.74% of Permutation tests (Core 12/15, passed_count 18)
 18.55% of Permutation test rounds,  94.74% of Permutation tests (Core 11/15, passed_count 18)
 18.56% of Permutation test rounds,  94.74% of Permutation tests (Core 10/15, passed_count 18)
 18.57% of Permutation test rounds,  94.74% of Permutation tests (Core 9/15, passed_count 18)
 18.58% of Permutation test rounds,  94.74% of Permutation tests (Core 15/15, passed_count 18)
 18.59% of Permutation test rounds,  94.74% of Permutation tests (Core 2/15, passed_count 18)
 18.60% of Permutation test rounds,  94.74% of Permutation tests (Core 6/15, passed_count 18)
 18.61% of Permutation test rounds,  94.74% of Permutation tests (Core 1/15, passed_count 18)
 18.62% of Permutation test rounds,  94.74% of Permutation tests (Core 4/15, passed_count 18)
 18.63% of Permutation test rounds,  94.74% of Permutation tests (Core 5/15, passed_count 18)
 18.64% of Permutation test rounds,  94.74% of Permutation tests (Core 3/15, passed_count 18)
 18.65% of Permutation test rounds,  94.74% of Permutation tests (Core 7/15, passed_count 18)
 18.66% of Permutation test rounds,  94.74% of Permutation tests (Core 13/15, passed_count 18)
 18.67% of Permutation test rounds,  94.74% of Permutation tests (Core 8/15, passed_count 18)
 18.68% of Permutation test rounds,  94.74% of Permutation tests (Core 0/15, passed_count 18)
 18.69% of Permutation test rounds,  94.74% of Permutation tests (Core 14/15, passed_count 18)
 18.70% of Permutation test rounds,  94.74% of Permutation tests (Core 12/15, passed_count 18)
 18.71% of Permutation test rounds,  94.74% of Permutation tests (Core 11/15, passed_count 18)
 18.72% of Permutation test rounds,  94.74% of Permutation tests (Core 10/15, passed_count 18)
 18.73% of Permutation test rounds,  94.74% of Permutation tests (Core 9/15, passed_count 18)
 18.74% of Permutation test rounds,  94.74% of Permutation tests (Core 15/15, passed_count 18)
 18.75% of Permutation test rounds,  94.74% of Permutation tests (Core 2/15, passed_count 18)
 18.76% of Permutation test rounds,  94.74% of Permutation tests (Core 6/15, passed_count 18)
 18.77% of Permutation test rounds,  94.74% of Permutation tests (Core 1/15, passed_count 18)
 18.78% of Permutation test rounds,  94.74% of Permutation tests (Core 4/15, passed_count 18)
 18.79% of Permutation test rounds,  94.74% of Permutation tests (Core 5/15, passed_count 18)
 18.80% of Permutation test rounds,  94.74% of Permutation tests (Core 3/15, passed_count 18)
 18.81% of Permutation test rounds,  94.74% of Permutation tests (Core 7/15, passed_count 18)
 18.82% of Permutation test rounds,  94.74% of Permutation tests (Core 8/15, passed_count 18)
 18.83% of Permutation test rounds,  94.74% of Permutation tests (Core 13/15, passed_count 18)
 18.84% of Permutation test rounds,  94.74% of Permutation tests (Core 0/15, passed_count 18)
 18.85% of Permutation test rounds,  94.74% of Permutation tests (Core 14/15, passed_count 18)
 18.86% of Permutation test rounds,  94.74% of Permutation tests (Core 12/15, passed_count 18)
 18.87% of Permutation test rounds,  94.74% of Permutation tests (Core 11/15, passed_count 18)
 18.88% of Permutation test rounds,  94.74% of Permutation tests (Core 10/15, passed_count 18)
 18.89% of Permutation test rounds,  94.74% of Permutation tests (Core 9/15, passed_count 18)
 18.90% of Permutation test rounds,  94.74% of Permutation tests (Core 15/15, passed_count 18)
 18.91% of Permutation test rounds,  94.74% of Permutation tests (Core 2/15, passed_count 18)
 18.92% of Permutation test rounds,  94.74% of Permutation tests (Core 6/15, passed_count 18)
 18.93% of Permutation test rounds,  94.74% of Permutation tests (Core 1/15, passed_count 18)
 18.94% of Permutation test rounds,  94.74% of Permutation tests (Core 4/15, passed_count 18)
 18.95% of Permutation test rounds,  94.74% of Permutation tests (Core 5/15, passed_count 18)
 18.96% of Permutation test rounds,  94.74% of Permutation tests (Core 3/15, passed_count 18)
 18.97% of Permutation test rounds,  94.74% of Permutation tests (Core 7/15, passed_count 18)
 18.98% of Permutation test rounds,  94.74% of Permutation tests (Core 8/15, passed_count 18)
 18.99% of Permutation test rounds,  94.74% of Permutation tests (Core 13/15, passed_count 18)
 19.00% of Permutation test rounds,  94.74% of Permutation tests (Core 0/15, passed_count 18)
 19.01% of Permutation test rounds,  94.74% of Permutation tests (Core 14/15, passed_count 18)
 19.02% of Permutation test rounds,  94.74% of Permutation tests (Core 12/15, passed_count 18)
 19.03% of Permutation test rounds,  94.74% of Permutation tests (Core 11/15, passed_count 18)
 19.04% of Permutation test rounds,  94.74% of Permutation tests (Core 10/15, passed_count 18)
 19.05% of Permutation test rounds,  94.74% of Permutation tests (Core 9/15, passed_count 18)
 19.06% of Permutation test rounds,  94.74% of Permutation tests (Core 15/15, passed_count 18)
 19.07% of Permutation test rounds,  94.74% of Permutation tests (Core 2/15, passed_count 18)
 19.08% of Permutation test rounds,  94.74% of Permutation tests (Core 6/15, passed_count 18)
 19.09% of Permutation test rounds,  94.74% of Permutation tests (Core 1/15, passed_count 18)
 19.10% of Permutation test rounds,  94.74% of Permutation tests (Core 4/15, passed_count 18)
 19.11% of Permutation test rounds,  94.74% of Permutation tests (Core 5/15, passed_count 18)
 19.12% of Permutation test rounds,  94.74% of Permutation tests (Core 5/15, passed_count 18)
 19.13% of Permutation test rounds,  94.74% of Permutation tests (Core 7/15, passed_count 18)
 19.14% of Permutation test rounds,  94.74% of Permutation tests (Core 8/15, passed_count 18)
 19.15% of Permutation test rounds,  94.74% of Permutation tests (Core 13/15, passed_count 18)
 19.16% of Permutation test rounds,  94.74% of Permutation tests (Core 0/15, passed_count 18)
 19.17% of Permutation test rounds,  94.74% of Permutation tests (Core 14/15, passed_count 18)
 19.18% of Permutation test rounds,  94.74% of Permutation tests (Core 12/15, passed_count 18)
 19.19% of Permutation test rounds,  94.74% of Permutation tests (Core 11/15, passed_count 18)
 19.20% of Permutation test rounds,  94.74% of Permutation tests (Core 10/15, passed_count 18)
 19.21% of Permutation test rounds,  94.74% of Permutation tests (Core 9/15, passed_count 18)
 19.22% of Permutation test rounds,  94.74% of Permutation tests (Core 15/15, passed_count 18)
 19.23% of Permutation test rounds,  94.74% of Permutation tests (Core 2/15, passed_count 18)
 19.24% of Permutation test rounds,  94.74% of Permutation tests (Core 6/15, passed_count 18)
 19.25% of Permutation test rounds,  94.74% of Permutation tests (Core 1/15, passed_count 18)
 19.26% of Permutation test rounds,  94.74% of Permutation tests (Core 4/15, passed_count 18)
 19.27% of Permutation test rounds,  94.74% of Permutation tests (Core 3/15, passed_count 18)
 19.28% of Permutation test rounds,  94.74% of Permutation tests (Core 5/15, passed_count 18)
 19.29% of Permutation test rounds,  94.74% of Permutation tests (Core 7/15, passed_count 18)
 19.30% of Permutation test rounds,  94.74% of Permutation tests (Core 8/15, passed_count 18)
 19.31% of Permutation test rounds,  94.74% of Permutation tests (Core 13/15, passed_count 18)
 19.32% of Permutation test rounds,  94.74% of Permutation tests (Core 0/15, passed_count 18)
 19.33% of Permutation test rounds,  94.74% of Permutation tests (Core 14/15, passed_count 18)
 19.34% of Permutation test rounds,  94.74% of Permutation tests (Core 12/15, passed_count 18)
 19.35% of Permutation test rounds,  94.74% of Permutation tests (Core 11/15, passed_count 18)
 19.36% of Permutation test rounds,  94.74% of Permutation tests (Core 10/15, passed_count 18)
 19.37% of Permutation test rounds,  94.74% of Permutation tests (Core 9/15, passed_count 18)
 19.38% of Permutation test rounds,  94.74% of Permutation tests (Core 15/15, passed_count 18)
 19.39% of Permutation test rounds,  94.74% of Permutation tests (Core 2/15, passed_count 18)
 19.40% of Permutation test rounds,  94.74% of Permutation tests (Core 6/15, passed_count 18)
 19.41% of Permutation test rounds,  94.74% of Permutation tests (Core 1/15, passed_count 18)
 19.42% of Permutation test rounds,  94.74% of Permutation tests (Core 4/15, passed_count 18)
 19.43% of Permutation test rounds,  94.74% of Permutation tests (Core 3/15, passed_count 18)
 19.44% of Permutation test rounds,  94.74% of Permutation tests (Core 5/15, passed_count 18)
 19.45% of Permutation test rounds,  94.74% of Permutation tests (Core 7/15, passed_count 18)
 19.46% of Permutation test rounds,  94.74% of Permutation tests (Core 8/15, passed_count 18)
 19.47% of Permutation test rounds,  94.74% of Permutation tests (Core 13/15, passed_count 18)
 19.48% of Permutation test rounds,  94.74% of Permutation tests (Core 0/15, passed_count 18)
 19.49% of Permutation test rounds,  94.74% of Permutation tests (Core 14/15, passed_count 18)
 19.50% of Permutation test rounds,  94.74% of Permutation tests (Core 12/15, passed_count 18)
 19.51% of Permutation test rounds,  94.74% of Permutation tests (Core 11/15, passed_count 18)
 19.52% of Permutation test rounds,  94.74% of Permutation tests (Core 10/15, passed_count 18)
 19.53% of Permutation test rounds,  94.74% of Permutation tests (Core 9/15, passed_count 18)
 19.54% of Permutation test rounds,  94.74% of Permutation tests (Core 15/15, passed_count 18)
 19.55% of Permutation test rounds,  94.74% of Permutation tests (Core 2/15, passed_count 18)
 19.56% of Permutation test rounds,  94.74% of Permutation tests (Core 6/15, passed_count 18)
 19.57% of Permutation test rounds,  94.74% of Permutation tests (Core 1/15, passed_count 18)
 19.58% of Permutation test rounds,  94.74% of Permutation tests (Core 4/15, passed_count 18)
 19.59% of Permutation test rounds,  94.74% of Permutation tests (Core 3/15, passed_count 18)
 19.60% of Permutation test rounds,  94.74% of Permutation tests (Core 5/15, passed_count 18)
 19.61% of Permutation test rounds,  94.74% of Permutation tests (Core 7/15, passed_count 18)
 19.62% of Permutation test rounds,  94.74% of Permutation tests (Core 8/15, passed_count 18)
 19.63% of Permutation test rounds,  94.74% of Permutation tests (Core 13/15, passed_count 18)
 19.64% of Permutation test rounds,  94.74% of Permutation tests (Core 0/15, passed_count 18)
 19.65% of Permutation test rounds,  94.74% of Permutation tests (Core 14/15, passed_count 18)
 19.66% of Permutation test rounds,  94.74% of Permutation tests (Core 12/15, passed_count 18)
 19.67% of Permutation test rounds,  94.74% of Permutation tests (Core 11/15, passed_count 18)
 19.68% of Permutation test rounds,  94.74% of Permutation tests (Core 10/15, passed_count 18)
 19.69% of Permutation test rounds,  94.74% of Permutation tests (Core 9/15, passed_count 18)
 19.70% of Permutation test rounds,  94.74% of Permutation tests (Core 15/15, passed_count 18)
 19.71% of Permutation test rounds,  94.74% of Permutation tests (Core 2/15, passed_count 18)
 19.72% of Permutation test rounds,  94.74% of Permutation tests (Core 6/15, passed_count 18)
 19.73% of Permutation test rounds,  94.74% of Permutation tests (Core 1/15, passed_count 18)
 19.74% of Permutation test rounds,  94.74% of Permutation tests (Core 4/15, passed_count 18)
 19.75% of Permutation test rounds,  94.74% of Permutation tests (Core 3/15, passed_count 18)
 19.76% of Permutation test rounds,  94.74% of Permutation tests (Core 5/15, passed_count 18)
 19.77% of Permutation test rounds,  94.74% of Permutation tests (Core 7/15, passed_count 18)
 19.78% of Permutation test rounds,  94.74% of Permutation tests (Core 8/15, passed_count 18)
 19.79% of Permutation test rounds,  94.74% of Permutation tests (Core 13/15, passed_count 18)
 19.80% of Permutation test rounds,  94.74% of Permutation tests (Core 0/15, passed_count 18)
 19.81% of Permutation test rounds,  94.74% of Permutation tests (Core 14/15, passed_count 18)
 19.82% of Permutation test rounds,  94.74% of Permutation tests (Core 12/15, passed_count 18)
 19.83% of Permutation test rounds,  94.74% of Permutation tests (Core 11/15, passed_count 18)
 19.84% of Permutation test rounds,  94.74% of Permutation tests (Core 10/15, passed_count 18)
 19.85% of Permutation test rounds,  94.74% of Permutation tests (Core 9/15, passed_count 18)
 19.86% of Permutation test rounds,  94.74% of Permutation tests (Core 15/15, passed_count 18)
 19.87% of Permutation test rounds,  94.74% of Permutation tests (Core 2/15, passed_count 18)
 19.88% of Permutation test rounds,  94.74% of Permutation tests (Core 6/15, passed_count 18)
 19.89% of Permutation test rounds,  94.74% of Permutation tests (Core 1/15, passed_count 18)
 19.90% of Permutation test rounds,  94.74% of Permutation tests (Core 4/15, passed_count 18)
 19.91% of Permutation test rounds,  94.74% of Permutation tests (Core 3/15, passed_count 18)
 19.92% of Permutation test rounds,  94.74% of Permutation tests (Core 5/15, passed_count 18)
 19.93% of Permutation test rounds,  94.74% of Permutation tests (Core 7/15, passed_count 18)
 19.94% of Permutation test rounds,  94.74% of Permutation tests (Core 8/15, passed_count 18)
 19.95% of Permutation test rounds,  94.74% of Permutation tests (Core 13/15, passed_count 18)
 19.96% of Permutation test rounds,  94.74% of Permutation tests (Core 0/15, passed_count 18)
 19.97% of Permutation test rounds,  94.74% of Permutation tests (Core 14/15, passed_count 18)
 19.98% of Permutation test rounds,  94.74% of Permutation tests (Core 12/15, passed_count 18)
 19.99% of Permutation test rounds,  94.74% of Permutation tests (Core 11/15, passed_count 18)
 20.00% of Permutation test rounds,  94.74% of Permutation tests (Core 10/15, passed_count 18)
 20.01% of Permutation test rounds,  94.74% of Permutation tests (Core 9/15, passed_count 18)
 20.02% of Permutation test rounds,  94.74% of Permutation tests (Core 15/15, passed_count 18)
 20.03% of Permutation test rounds,  94.74% of Permutation tests (Core 2/15, passed_count 18)
 20.04% of Permutation test rounds,  94.74% of Permutation tests (Core 6/15, passed_count 18)
 20.05% of Permutation test rounds,  94.74% of Permutation tests (Core 1/15, passed_count 18)
 20.06% of Permutation test rounds,  94.74% of Permutation tests (Core 4/15, passed_count 18)
 20.07% of Permutation test rounds,  94.74% of Permutation tests (Core 3/15, passed_count 18)
 20.08% of Permutation test rounds,  94.74% of Permutation tests (Core 5/15, passed_count 18)
 20.09% of Permutation test rounds,  94.74% of Permutation tests (Core 7/15, passed_count 18)
 20.10% of Permutation test rounds,  94.74% of Permutation tests (Core 8/15, passed_count 18)
 20.11% of Permutation test rounds,  94.74% of Permutation tests (Core 13/15, passed_count 18)
 20.12% of Permutation test rounds,  94.74% of Permutation tests (Core 0/15, passed_count 18)
 20.13% of Permutation test rounds,  94.74% of Permutation tests (Core 14/15, passed_count 18)
 20.14% of Permutation test rounds,  94.74% of Permutation tests (Core 12/15, passed_count 18)
 20.15% of Permutation test rounds,  94.74% of Permutation tests (Core 11/15, passed_count 18)
 20.16% of Permutation test rounds,  94.74% of Permutation tests (Core 10/15, passed_count 18)
 20.17% of Permutation test rounds,  94.74% of Permutation tests (Core 9/15, passed_count 18)
 20.18% of Permutation test rounds,  94.74% of Permutation tests (Core 15/15, passed_count 18)
 20.19% of Permutation test rounds,  94.74% of Permutation tests (Core 2/15, passed_count 18)
 20.20% of Permutation test rounds,  94.74% of Permutation tests (Core 6/15, passed_count 18)
 20.21% of Permutation test rounds,  94.74% of Permutation tests (Core 1/15, passed_count 18)
 20.22% of Permutation test rounds,  94.74% of Permutation tests (Core 4/15, passed_count 18)
 20.23% of Permutation test rounds,  94.74% of Permutation tests (Core 3/15, passed_count 18)
 20.24% of Permutation test rounds,  94.74% of Permutation tests (Core 5/15, passed_count 18)
 20.25% of Permutation test rounds,  94.74% of Permutation tests (Core 7/15, passed_count 18)
 20.26% of Permutation test rounds,  94.74% of Permutation tests (Core 8/15, passed_count 18)
 20.27% of Permutation test rounds,  94.74% of Permutation tests (Core 13/15, passed_count 18)
 20.28% of Permutation test rounds,  94.74% of Permutation tests (Core 0/15, passed_count 18)
 20.29% of Permutation test rounds,  94.74% of Permutation tests (Core 14/15, passed_count 18)
 20.30% of Permutation test rounds,  94.74% of Permutation tests (Core 12/15, passed_count 18)
 20.31% of Permutation test rounds,  94.74% of Permutation tests (Core 11/15, passed_count 18)
 20.32% of Permutation test rounds,  94.74% of Permutation tests (Core 10/15, passed_count 18)
 20.33% of Permutation test rounds,  94.74% of Permutation tests (Core 9/15, passed_count 18)
 20.34% of Permutation test rounds,  94.74% of Permutation tests (Core 15/15, passed_count 18)
 20.35% of Permutation test rounds,  94.74% of Permutation tests (Core 2/15, passed_count 18)
 20.36% of Permutation test rounds,  94.74% of Permutation tests (Core 6/15, passed_count 18)
 20.37% of Permutation test rounds,  94.74% of Permutation tests (Core 1/15, passed_count 18)
 20.38% of Permutation test rounds,  94.74% of Permutation tests (Core 4/15, passed_count 18)
 20.39% of Permutation test rounds,  94.74% of Permutation tests (Core 3/15, passed_count 18)
 20.40% of Permutation test rounds,  94.74% of Permutation tests (Core 5/15, passed_count 18)
 20.41% of Permutation test rounds,  94.74% of Permutation tests (Core 7/15, passed_count 18)
 20.42% of Permutation test rounds,  94.74% of Permutation tests (Core 8/15, passed_count 18)
 20.43% of Permutation test rounds,  94.74% of Permutation tests (Core 13/15, passed_count 18)
 20.44% of Permutation test rounds,  94.74% of Permutation tests (Core 0/15, passed_count 18)
 20.45% of Permutation test rounds,  94.74% of Permutation tests (Core 14/15, passed_count 18)
 20.46% of Permutation test rounds,  94.74% of Permutation tests (Core 12/15, passed_count 18)
 20.47% of Permutation test rounds,  94.74% of Permutation tests (Core 11/15, passed_count 18)
 20.48% of Permutation test rounds,  94.74% of Permutation tests (Core 10/15, passed_count 18)
 20.49% of Permutation test rounds,  94.74% of Permutation tests (Core 9/15, passed_count 18)
 20.50% of Permutation test rounds,  94.74% of Permutation tests (Core 15/15, passed_count 18)
 20.51% of Permutation test rounds,  94.74% of Permutation tests (Core 2/15, passed_count 18)
 20.52% of Permutation test rounds,  94.74% of Permutation tests (Core 6/15, passed_count 18)
 20.53% of Permutation test rounds,  94.74% of Permutation tests (Core 1/15, passed_count 18)
 20.54% of Permutation test rounds,  94.74% of Permutation tests (Core 4/15, passed_count 18)
 20.55% of Permutation test rounds,  94.74% of Permutation tests (Core 3/15, passed_count 18)
 20.56% of Permutation test rounds,  94.74% of Permutation tests (Core 5/15, passed_count 18)
 20.57% of Permutation test rounds,  94.74% of Permutation tests (Core 7/15, passed_count 18)
 20.58% of Permutation test rounds,  94.74% of Permutation tests (Core 8/15, passed_count 18)
 20.59% of Permutation test rounds,  94.74% of Permutation tests (Core 13/15, passed_count 18)
 20.60% of Permutation test rounds,  94.74% of Permutation tests (Core 0/15, passed_count 18)
 20.61% of Permutation test rounds,  94.74% of Permutation tests (Core 14/15, passed_count 18)
 20.62% of Permutation test rounds,  94.74% of Permutation tests (Core 12/15, passed_count 18)
 20.63% of Permutation test rounds,  94.74% of Permutation tests (Core 11/15, passed_count 18)
 20.64% of Permutation test rounds,  94.74% of Permutation tests (Core 10/15, passed_count 18)
 20.65% of Permutation test rounds,  94.74% of Permutation tests (Core 9/15, passed_count 18)
 20.66% of Permutation test rounds,  94.74% of Permutation tests (Core 15/15, passed_count 18)
 20.67% of Permutation test rounds,  94.74% of Permutation tests (Core 6/15, passed_count 18)
 20.68% of Permutation test rounds,  94.74% of Permutation tests (Core 2/15, passed_count 18)
 20.69% of Permutation test rounds,  94.74% of Permutation tests (Core 1/15, passed_count 18)
 20.70% of Permutation test rounds,  94.74% of Permutation tests (Core 4/15, passed_count 18)
 20.71% of Permutation test rounds,  94.74% of Permutation tests (Core 3/15, passed_count 18)
 20.72% of Permutation test rounds,  94.74% of Permutation tests (Core 5/15, passed_count 18)
 20.73% of Permutation test rounds,  94.74% of Permutation tests (Core 7/15, passed_count 18)
 20.74% of Permutation test rounds,  94.74% of Permutation tests (Core 8/15, passed_count 18)
 20.75% of Permutation test rounds,  94.74% of Permutation tests (Core 13/15, passed_count 18)
 20.76% of Permutation test rounds,  94.74% of Permutation tests (Core 0/15, passed_count 18)
 20.77% of Permutation test rounds,  94.74% of Permutation tests (Core 14/15, passed_count 18)
 20.78% of Permutation test rounds,  94.74% of Permutation tests (Core 12/15, passed_count 18)
 20.79% of Permutation test rounds,  94.74% of Permutation tests (Core 11/15, passed_count 18)
 20.80% of Permutation test rounds,  94.74% of Permutation tests (Core 10/15, passed_count 18)
 20.81% of Permutation test rounds,  94.74% of Permutation tests (Core 9/15, passed_count 18)
 20.82% of Permutation test rounds,  94.74% of Permutation tests (Core 15/15, passed_count 18)
 20.83% of Permutation test rounds,  94.74% of Permutation tests (Core 6/15, passed_count 18)
 20.84% of Permutation test rounds,  94.74% of Permutation tests (Core 2/15, passed_count 18)
 20.85% of Permutation test rounds,  94.74% of Permutation tests (Core 1/15, passed_count 18)
 20.86% of Permutation test rounds,  94.74% of Permutation tests (Core 4/15, passed_count 18)
 20.87% of Permutation test rounds,  94.74% of Permutation tests (Core 3/15, passed_count 18)
 20.88% of Permutation test rounds,  94.74% of Permutation tests (Core 5/15, passed_count 18)
 20.89% of Permutation test rounds,  94.74% of Permutation tests (Core 7/15, passed_count 18)
 20.90% of Permutation test rounds,  94.74% of Permutation tests (Core 8/15, passed_count 18)
 20.91% of Permutation test rounds,  94.74% of Permutation tests (Core 13/15, passed_count 18)
 20.92% of Permutation test rounds,  94.74% of Permutation tests (Core 0/15, passed_count 18)
 20.93% of Permutation test rounds,  94.74% of Permutation tests (Core 14/15, passed_count 18)
 20.94% of Permutation test rounds,  94.74% of Permutation tests (Core 12/15, passed_count 18)
 20.95% of Permutation test rounds,  94.74% of Permutation tests (Core 11/15, passed_count 18)
 20.96% of Permutation test rounds,  94.74% of Permutation tests (Core 10/15, passed_count 18)
 20.97% of Permutation test rounds,  94.74% of Permutation tests (Core 9/15, passed_count 18)
 20.98% of Permutation test rounds,  94.74% of Permutation tests (Core 15/15, passed_count 18)
 20.99% of Permutation test rounds,  94.74% of Permutation tests (Core 6/15, passed_count 18)
 21.00% of Permutation test rounds,  94.74% of Permutation tests (Core 2/15, passed_count 18)
 21.01% of Permutation test rounds,  94.74% of Permutation tests (Core 1/15, passed_count 18)
 21.02% of Permutation test rounds,  94.74% of Permutation tests (Core 4/15, passed_count 18)
 21.03% of Permutation test rounds,  94.74% of Permutation tests (Core 3/15, passed_count 18)
 21.04% of Permutation test rounds,  94.74% of Permutation tests (Core 5/15, passed_count 18)
 21.05% of Permutation test rounds,  94.74% of Permutation tests (Core 7/15, passed_count 18)
 21.06% of Permutation test rounds,  94.74% of Permutation tests (Core 8/15, passed_count 18)
 21.07% of Permutation test rounds,  94.74% of Permutation tests (Core 13/15, passed_count 18)
 21.08% of Permutation test rounds,  94.74% of Permutation tests (Core 0/15, passed_count 18)
 21.09% of Permutation test rounds,  94.74% of Permutation tests (Core 14/15, passed_count 18)
 21.10% of Permutation test rounds,  94.74% of Permutation tests (Core 12/15, passed_count 18)
 21.11% of Permutation test rounds,  94.74% of Permutation tests (Core 12/15, passed_count 18)
 21.12% of Permutation test rounds,  94.74% of Permutation tests (Core 10/15, passed_count 18)
 21.13% of Permutation test rounds,  94.74% of Permutation tests (Core 9/15, passed_count 18)
 21.14% of Permutation test rounds,  94.74% of Permutation tests (Core 15/15, passed_count 18)
 21.15% of Permutation test rounds,  94.74% of Permutation tests (Core 6/15, passed_count 18)
 21.16% of Permutation test rounds,  94.74% of Permutation tests (Core 2/15, passed_count 18)
 21.17% of Permutation test rounds,  94.74% of Permutation tests (Core 1/15, passed_count 18)
 21.18% of Permutation test rounds,  94.74% of Permutation tests (Core 4/15, passed_count 18)
 21.19% of Permutation test rounds,  94.74% of Permutation tests (Core 3/15, passed_count 18)
 21.20% of Permutation test rounds,  94.74% of Permutation tests (Core 5/15, passed_count 18)
 21.21% of Permutation test rounds,  94.74% of Permutation tests (Core 7/15, passed_count 18)
 21.22% of Permutation test rounds,  94.74% of Permutation tests (Core 8/15, passed_count 18)
 21.23% of Permutation test rounds,  94.74% of Permutation tests (Core 13/15, passed_count 18)
 21.24% of Permutation test rounds,  94.74% of Permutation tests (Core 0/15, passed_count 18)
 21.25% of Permutation test rounds,  94.74% of Permutation tests (Core 14/15, passed_count 18)
 21.26% of Permutation test rounds,  94.74% of Permutation tests (Core 11/15, passed_count 18)
 21.27% of Permutation test rounds,  94.74% of Permutation tests (Core 12/15, passed_count 18)
 21.28% of Permutation test rounds,  94.74% of Permutation tests (Core 10/15, passed_count 18)
 21.29% of Permutation test rounds,  94.74% of Permutation tests (Core 9/15, passed_count 18)
 21.30% of Permutation test rounds,  94.74% of Permutation tests (Core 15/15, passed_count 18)
 21.31% of Permutation test rounds,  94.74% of Permutation tests (Core 6/15, passed_count 18)
 21.32% of Permutation test rounds,  94.74% of Permutation tests (Core 2/15, passed_count 18)
 21.33% of Permutation test rounds,  94.74% of Permutation tests (Core 1/15, passed_count 18)
 21.34% of Permutation test rounds,  94.74% of Permutation tests (Core 4/15, passed_count 18)
 21.35% of Permutation test rounds,  94.74% of Permutation tests (Core 5/15, passed_count 18)
 21.36% of Permutation test rounds,  94.74% of Permutation tests (Core 3/15, passed_count 18)
 21.37% of Permutation test rounds,  94.74% of Permutation tests (Core 7/15, passed_count 18)
 21.38% of Permutation test rounds,  94.74% of Permutation tests (Core 8/15, passed_count 18)
 21.39% of Permutation test rounds,  94.74% of Permutation tests (Core 8/15, passed_count 18)
 21.40% of Permutation test rounds,  94.74% of Permutation tests (Core 0/15, passed_count 18)
 21.41% of Permutation test rounds,  94.74% of Permutation tests (Core 14/15, passed_count 18)
 21.42% of Permutation test rounds,  94.74% of Permutation tests (Core 11/15, passed_count 18)
 21.43% of Permutation test rounds,  94.74% of Permutation tests (Core 12/15, passed_count 18)
 21.44% of Permutation test rounds,  94.74% of Permutation tests (Core 10/15, passed_count 18)
 21.45% of Permutation test rounds,  94.74% of Permutation tests (Core 9/15, passed_count 18)
 21.46% of Permutation test rounds,  94.74% of Permutation tests (Core 15/15, passed_count 18)
 21.47% of Permutation test rounds,  94.74% of Permutation tests (Core 6/15, passed_count 18)
 21.48% of Permutation test rounds,  94.74% of Permutation tests (Core 2/15, passed_count 18)
 21.49% of Permutation test rounds,  94.74% of Permutation tests (Core 1/15, passed_count 18)
 21.50% of Permutation test rounds,  94.74% of Permutation tests (Core 4/15, passed_count 18)
 21.51% of Permutation test rounds,  94.74% of Permutation tests (Core 5/15, passed_count 18)
 21.52% of Permutation test rounds,  94.74% of Permutation tests (Core 3/15, passed_count 18)
 21.53% of Permutation test rounds,  94.74% of Permutation tests (Core 7/15, passed_count 18)
 21.54% of Permutation test rounds,  94.74% of Permutation tests (Core 13/15, passed_count 18)
 21.55% of Permutation test rounds,  94.74% of Permutation tests (Core 8/15, passed_count 18)
 21.56% of Permutation test rounds,  94.74% of Permutation tests (Core 0/15, passed_count 18)
 21.57% of Permutation test rounds,  94.74% of Permutation tests (Core 14/15, passed_count 18)
 21.58% of Permutation test rounds,  94.74% of Permutation tests (Core 11/15, passed_count 18)
 21.59% of Permutation test rounds,  94.74% of Permutation tests (Core 12/15, passed_count 18)
 21.60% of Permutation test rounds,  94.74% of Permutation tests (Core 10/15, passed_count 18)
 21.61% of Permutation test rounds,  94.74% of Permutation tests (Core 9/15, passed_count 18)
 21.62% of Permutation test rounds,  94.74% of Permutation tests (Core 15/15, passed_count 18)
 21.63% of Permutation test rounds,  94.74% of Permutation tests (Core 6/15, passed_count 18)
 21.64% of Permutation test rounds,  94.74% of Permutation tests (Core 2/15, passed_count 18)
 21.65% of Permutation test rounds,  94.74% of Permutation tests (Core 1/15, passed_count 18)
 21.66% of Permutation test rounds,  94.74% of Permutation tests (Core 4/15, passed_count 18)
 21.67% of Permutation test rounds,  94.74% of Permutation tests (Core 5/15, passed_count 18)
 21.68% of Permutation test rounds,  94.74% of Permutation tests (Core 3/15, passed_count 18)
 21.69% of Permutation test rounds,  94.74% of Permutation tests (Core 7/15, passed_count 18)
 21.70% of Permutation test rounds,  94.74% of Permutation tests (Core 13/15, passed_count 18)
 21.71% of Permutation test rounds,  94.74% of Permutation tests (Core 8/15, passed_count 18)
 21.72% of Permutation test rounds,  94.74% of Permutation tests (Core 0/15, passed_count 18)
 21.73% of Permutation test rounds,  94.74% of Permutation tests (Core 14/15, passed_count 18)
 21.74% of Permutation test rounds,  94.74% of Permutation tests (Core 11/15, passed_count 18)
 21.75% of Permutation test rounds,  94.74% of Permutation tests (Core 12/15, passed_count 18)
 21.76% of Permutation test rounds,  94.74% of Permutation tests (Core 10/15, passed_count 18)
 21.77% of Permutation test rounds,  94.74% of Permutation tests (Core 9/15, passed_count 18)
 21.78% of Permutation test rounds,  94.74% of Permutation tests (Core 15/15, passed_count 18)
 21.79% of Permutation test rounds,  94.74% of Permutation tests (Core 6/15, passed_count 18)
 21.80% of Permutation test rounds,  94.74% of Permutation tests (Core 2/15, passed_count 18)
 21.81% of Permutation test rounds,  94.74% of Permutation tests (Core 1/15, passed_count 18)
 21.82% of Permutation test rounds,  94.74% of Permutation tests (Core 4/15, passed_count 18)
 21.83% of Permutation test rounds,  94.74% of Permutation tests (Core 5/15, passed_count 18)
 21.84% of Permutation test rounds,  94.74% of Permutation tests (Core 3/15, passed_count 18)
 21.85% of Permutation test rounds,  94.74% of Permutation tests (Core 7/15, passed_count 18)
 21.86% of Permutation test rounds,  94.74% of Permutation tests (Core 13/15, passed_count 18)
 21.87% of Permutation test rounds,  94.74% of Permutation tests (Core 8/15, passed_count 18)
 21.88% of Permutation test rounds,  94.74% of Permutation tests (Core 0/15, passed_count 18)
 21.89% of Permutation test rounds,  94.74% of Permutation tests (Core 14/15, passed_count 18)
 21.90% of Permutation test rounds,  94.74% of Permutation tests (Core 11/15, passed_count 18)
 21.91% of Permutation test rounds,  94.74% of Permutation tests (Core 12/15, passed_count 18)
 21.92% of Permutation test rounds,  94.74% of Permutation tests (Core 10/15, passed_count 18)
 21.93% of Permutation test rounds,  94.74% of Permutation tests (Core 9/15, passed_count 18)
 21.94% of Permutation test rounds,  94.74% of Permutation tests (Core 15/15, passed_count 18)
 21.95% of Permutation test rounds,  94.74% of Permutation tests (Core 6/15, passed_count 18)
 21.96% of Permutation test rounds,  94.74% of Permutation tests (Core 2/15, passed_count 18)
 21.97% of Permutation test rounds,  94.74% of Permutation tests (Core 1/15, passed_count 18)
 21.98% of Permutation test rounds,  94.74% of Permutation tests (Core 4/15, passed_count 18)
 21.99% of Permutation test rounds,  94.74% of Permutation tests (Core 5/15, passed_count 18)
 22.00% of Permutation test rounds,  94.74% of Permutation tests (Core 3/15, passed_count 18)
 22.01% of Permutation test rounds,  94.74% of Permutation tests (Core 7/15, passed_count 18)
 22.02% of Permutation test rounds,  94.74% of Permutation tests (Core 13/15, passed_count 18)
 22.03% of Permutation test rounds,  94.74% of Permutation tests (Core 8/15, passed_count 18)
 22.04% of Permutation test rounds,  94.74% of Permutation tests (Core 0/15, passed_count 18)
 22.05% of Permutation test rounds,  94.74% of Permutation tests (Core 14/15, passed_count 18)
 22.06% of Permutation test rounds,  94.74% of Permutation tests (Core 11/15, passed_count 18)
 22.07% of Permutation test rounds,  94.74% of Permutation tests (Core 12/15, passed_count 18)
 22.08% of Permutation test rounds,  94.74% of Permutation tests (Core 10/15, passed_count 18)
 22.09% of Permutation test rounds,  94.74% of Permutation tests (Core 9/15, passed_count 18)
 22.10% of Permutation test rounds,  94.74% of Permutation tests (Core 15/15, passed_count 18)
 22.11% of Permutation test rounds,  94.74% of Permutation tests (Core 6/15, passed_count 18)
 22.12% of Permutation test rounds,  94.74% of Permutation tests (Core 2/15, passed_count 18)
 22.13% of Permutation test rounds,  94.74% of Permutation tests (Core 1/15, passed_count 18)
 22.14% of Permutation test rounds,  94.74% of Permutation tests (Core 4/15, passed_count 18)
 22.15% of Permutation test rounds,  94.74% of Permutation tests (Core 5/15, passed_count 18)
 22.16% of Permutation test rounds,  94.74% of Permutation tests (Core 3/15, passed_count 18)
 22.17% of Permutation test rounds,  94.74% of Permutation tests (Core 7/15, passed_count 18)
 22.18% of Permutation test rounds,  94.74% of Permutation tests (Core 13/15, passed_count 18)
 22.19% of Permutation test rounds,  94.74% of Permutation tests (Core 8/15, passed_count 18)
 22.20% of Permutation test rounds,  94.74% of Permutation tests (Core 0/15, passed_count 18)
 22.21% of Permutation test rounds,  94.74% of Permutation tests (Core 14/15, passed_count 18)
 22.22% of Permutation test rounds,  94.74% of Permutation tests (Core 11/15, passed_count 18)
 22.23% of Permutation test rounds,  94.74% of Permutation tests (Core 12/15, passed_count 18)
 22.24% of Permutation test rounds,  94.74% of Permutation tests (Core 10/15, passed_count 18)
 22.25% of Permutation test rounds,  94.74% of Permutation tests (Core 9/15, passed_count 18)
 22.26% of Permutation test rounds,  94.74% of Permutation tests (Core 15/15, passed_count 18)
 22.27% of Permutation test rounds,  94.74% of Permutation tests (Core 6/15, passed_count 18)
 22.28% of Permutation test rounds,  94.74% of Permutation tests (Core 2/15, passed_count 18)
 22.29% of Permutation test rounds,  94.74% of Permutation tests (Core 1/15, passed_count 18)
 22.30% of Permutation test rounds,  94.74% of Permutation tests (Core 4/15, passed_count 18)
 22.31% of Permutation test rounds,  94.74% of Permutation tests (Core 5/15, passed_count 18)
 22.32% of Permutation test rounds,  94.74% of Permutation tests (Core 3/15, passed_count 18)
 22.33% of Permutation test rounds,  94.74% of Permutation tests (Core 7/15, passed_count 18)
 22.34% of Permutation test rounds,  94.74% of Permutation tests (Core 13/15, passed_count 18)
 22.35% of Permutation test rounds,  94.74% of Permutation tests (Core 8/15, passed_count 18)
 22.36% of Permutation test rounds,  94.74% of Permutation tests (Core 0/15, passed_count 18)
 22.37% of Permutation test rounds,  94.74% of Permutation tests (Core 14/15, passed_count 18)
 22.38% of Permutation test rounds,  94.74% of Permutation tests (Core 11/15, passed_count 18)
 22.39% of Permutation test rounds,  94.74% of Permutation tests (Core 12/15, passed_count 18)
 22.40% of Permutation test rounds,  94.74% of Permutation tests (Core 10/15, passed_count 18)
 22.41% of Permutation test rounds,  94.74% of Permutation tests (Core 9/15, passed_count 18)
 22.42% of Permutation test rounds,  94.74% of Permutation tests (Core 15/15, passed_count 18)
 22.43% of Permutation test rounds,  94.74% of Permutation tests (Core 6/15, passed_count 18)
 22.44% of Permutation test rounds,  94.74% of Permutation tests (Core 2/15, passed_count 18)
 22.45% of Permutation test rounds,  94.74% of Permutation tests (Core 1/15, passed_count 18)
 22.46% of Permutation test rounds,  94.74% of Permutation tests (Core 2/15, passed_count 18)
 22.47% of Permutation test rounds,  94.74% of Permutation tests (Core 5/15, passed_count 18)
 22.48% of Permutation test rounds,  94.74% of Permutation tests (Core 3/15, passed_count 18)
 22.49% of Permutation test rounds,  94.74% of Permutation tests (Core 7/15, passed_count 18)
 22.50% of Permutation test rounds,  94.74% of Permutation tests (Core 13/15, passed_count 18)
 22.51% of Permutation test rounds,  94.74% of Permutation tests (Core 8/15, passed_count 18)
 22.52% of Permutation test rounds,  94.74% of Permutation tests (Core 0/15, passed_count 18)
 22.53% of Permutation test rounds,  94.74% of Permutation tests (Core 14/15, passed_count 18)
 22.54% of Permutation test rounds,  94.74% of Permutation tests (Core 11/15, passed_count 18)
 22.55% of Permutation test rounds,  94.74% of Permutation tests (Core 12/15, passed_count 18)
 22.56% of Permutation test rounds,  94.74% of Permutation tests (Core 10/15, passed_count 18)
 22.57% of Permutation test rounds,  94.74% of Permutation tests (Core 9/15, passed_count 18)
 22.58% of Permutation test rounds,  94.74% of Permutation tests (Core 15/15, passed_count 18)
 22.59% of Permutation test rounds,  94.74% of Permutation tests (Core 6/15, passed_count 18)
 22.60% of Permutation test rounds,  94.74% of Permutation tests (Core 4/15, passed_count 18)
 22.61% of Permutation test rounds,  94.74% of Permutation tests (Core 1/15, passed_count 18)
 22.62% of Permutation test rounds,  94.74% of Permutation tests (Core 2/15, passed_count 18)
 22.63% of Permutation test rounds,  94.74% of Permutation tests (Core 5/15, passed_count 18)
 22.64% of Permutation test rounds,  94.74% of Permutation tests (Core 3/15, passed_count 18)
 22.65% of Permutation test rounds,  94.74% of Permutation tests (Core 7/15, passed_count 18)
 22.66% of Permutation test rounds,  94.74% of Permutation tests (Core 13/15, passed_count 18)
 22.67% of Permutation test rounds,  94.74% of Permutation tests (Core 8/15, passed_count 18)
 22.68% of Permutation test rounds,  94.74% of Permutation tests (Core 0/15, passed_count 18)
 22.69% of Permutation test rounds,  94.74% of Permutation tests (Core 14/15, passed_count 18)
 22.70% of Permutation test rounds,  94.74% of Permutation tests (Core 11/15, passed_count 18)
 22.71% of Permutation test rounds,  94.74% of Permutation tests (Core 12/15, passed_count 18)
 22.72% of Permutation test rounds,  94.74% of Permutation tests (Core 10/15, passed_count 18)
 22.73% of Permutation test rounds,  94.74% of Permutation tests (Core 9/15, passed_count 18)
 22.74% of Permutation test rounds,  94.74% of Permutation tests (Core 15/15, passed_count 18)
 22.75% of Permutation test rounds,  94.74% of Permutation tests (Core 6/15, passed_count 18)
 22.76% of Permutation test rounds,  94.74% of Permutation tests (Core 4/15, passed_count 18)
 22.77% of Permutation test rounds,  94.74% of Permutation tests (Core 1/15, passed_count 18)
 22.78% of Permutation test rounds,  94.74% of Permutation tests (Core 2/15, passed_count 18)
 22.79% of Permutation test rounds,  94.74% of Permutation tests (Core 5/15, passed_count 18)
 22.80% of Permutation test rounds,  94.74% of Permutation tests (Core 3/15, passed_count 18)
 22.81% of Permutation test rounds,  94.74% of Permutation tests (Core 7/15, passed_count 18)
 22.82% of Permutation test rounds,  94.74% of Permutation tests (Core 13/15, passed_count 18)
 22.83% of Permutation test rounds,  94.74% of Permutation tests (Core 8/15, passed_count 18)
 22.84% of Permutation test rounds,  94.74% of Permutation tests (Core 0/15, passed_count 18)
 22.85% of Permutation test rounds,  94.74% of Permutation tests (Core 14/15, passed_count 18)
 22.86% of Permutation test rounds,  94.74% of Permutation tests (Core 11/15, passed_count 18)
 22.87% of Permutation test rounds,  94.74% of Permutation tests (Core 12/15, passed_count 18)
 22.88% of Permutation test rounds,  94.74% of Permutation tests (Core 10/15, passed_count 18)
 22.89% of Permutation test rounds,  94.74% of Permutation tests (Core 9/15, passed_count 18)
 22.90% of Permutation test rounds,  94.74% of Permutation tests (Core 15/15, passed_count 18)
 22.91% of Permutation test rounds,  94.74% of Permutation tests (Core 6/15, passed_count 18)
 22.92% of Permutation test rounds,  94.74% of Permutation tests (Core 1/15, passed_count 18)
 22.93% of Permutation test rounds,  94.74% of Permutation tests (Core 4/15, passed_count 18)
 22.94% of Permutation test rounds,  94.74% of Permutation tests (Core 2/15, passed_count 18)
 22.95% of Permutation test rounds,  94.74% of Permutation tests (Core 5/15, passed_count 18)
 22.96% of Permutation test rounds,  94.74% of Permutation tests (Core 3/15, passed_count 18)
 22.97% of Permutation test rounds,  94.74% of Permutation tests (Core 7/15, passed_count 18)
 22.98% of Permutation test rounds,  94.74% of Permutation tests (Core 13/15, passed_count 18)
 22.99% of Permutation test rounds,  94.74% of Permutation tests (Core 8/15, passed_count 18)
 23.00% of Permutation test rounds,  94.74% of Permutation tests (Core 0/15, passed_count 18)
 23.01% of Permutation test rounds,  94.74% of Permutation tests (Core 14/15, passed_count 18)
 23.02% of Permutation test rounds,  94.74% of Permutation tests (Core 11/15, passed_count 18)
 23.03% of Permutation test rounds,  94.74% of Permutation tests (Core 12/15, passed_count 18)
 23.04% of Permutation test rounds,  94.74% of Permutation tests (Core 10/15, passed_count 18)
 23.05% of Permutation test rounds,  94.74% of Permutation tests (Core 9/15, passed_count 18)
 23.06% of Permutation test rounds,  94.74% of Permutation tests (Core 15/15, passed_count 18)
 23.07% of Permutation test rounds,  94.74% of Permutation tests (Core 6/15, passed_count 18)
 23.08% of Permutation test rounds,  94.74% of Permutation tests (Core 1/15, passed_count 18)
 23.09% of Permutation test rounds,  94.74% of Permutation tests (Core 4/15, passed_count 18)
 23.10% of Permutation test rounds,  94.74% of Permutation tests (Core 2/15, passed_count 18)
 23.11% of Permutation test rounds,  94.74% of Permutation tests (Core 5/15, passed_count 18)
 23.12% of Permutation test rounds,  94.74% of Permutation tests (Core 3/15, passed_count 18)
 23.13% of Permutation test rounds,  94.74% of Permutation tests (Core 7/15, passed_count 18)
 23.14% of Permutation test rounds,  94.74% of Permutation tests (Core 13/15, passed_count 18)
 23.15% of Permutation test rounds,  94.74% of Permutation tests (Core 8/15, passed_count 18)
 23.16% of Permutation test rounds,  94.74% of Permutation tests (Core 0/15, passed_count 18)
 23.17% of Permutation test rounds,  94.74% of Permutation tests (Core 14/15, passed_count 18)
 23.18% of Permutation test rounds,  94.74% of Permutation tests (Core 11/15, passed_count 18)
 23.19% of Permutation test rounds,  94.74% of Permutation tests (Core 12/15, passed_count 18)
 23.20% of Permutation test rounds,  94.74% of Permutation tests (Core 10/15, passed_count 18)
 23.21% of Permutation test rounds,  94.74% of Permutation tests (Core 9/15, passed_count 18)
 23.22% of Permutation test rounds,  94.74% of Permutation tests (Core 15/15, passed_count 18)
 23.23% of Permutation test rounds,  94.74% of Permutation tests (Core 6/15, passed_count 18)
 23.24% of Permutation test rounds,  94.74% of Permutation tests (Core 1/15, passed_count 18)
 23.25% of Permutation test rounds,  94.74% of Permutation tests (Core 4/15, passed_count 18)
 23.26% of Permutation test rounds,  94.74% of Permutation tests (Core 2/15, passed_count 18)
 23.27% of Permutation test rounds,  94.74% of Permutation tests (Core 5/15, passed_count 18)
 23.28% of Permutation test rounds,  94.74% of Permutation tests (Core 3/15, passed_count 18)
 23.29% of Permutation test rounds,  94.74% of Permutation tests (Core 7/15, passed_count 18)
 23.30% of Permutation test rounds,  94.74% of Permutation tests (Core 13/15, passed_count 18)
 23.31% of Permutation test rounds,  94.74% of Permutation tests (Core 8/15, passed_count 18)
 23.32% of Permutation test rounds,  94.74% of Permutation tests (Core 0/15, passed_count 18)
 23.33% of Permutation test rounds,  94.74% of Permutation tests (Core 14/15, passed_count 18)
 23.34% of Permutation test rounds,  94.74% of Permutation tests (Core 11/15, passed_count 18)
 23.35% of Permutation test rounds,  94.74% of Permutation tests (Core 12/15, passed_count 18)
 23.36% of Permutation test rounds,  94.74% of Permutation tests (Core 10/15, passed_count 18)
 23.37% of Permutation test rounds,  94.74% of Permutation tests (Core 9/15, passed_count 18)
 23.38% of Permutation test rounds,  94.74% of Permutation tests (Core 15/15, passed_count 18)
 23.39% of Permutation test rounds,  94.74% of Permutation tests (Core 6/15, passed_count 18)
 23.40% of Permutation test rounds,  94.74% of Permutation tests (Core 1/15, passed_count 18)
 23.41% of Permutation test rounds,  94.74% of Permutation tests (Core 4/15, passed_count 18)
 23.42% of Permutation test rounds,  94.74% of Permutation tests (Core 2/15, passed_count 18)
 23.43% of Permutation test rounds,  94.74% of Permutation tests (Core 5/15, passed_count 18)
 23.44% of Permutation test rounds,  94.74% of Permutation tests (Core 3/15, passed_count 18)
 23.45% of Permutation test rounds,  94.74% of Permutation tests (Core 7/15, passed_count 18)
 23.46% of Permutation test rounds,  94.74% of Permutation tests (Core 13/15, passed_count 18)
 23.47% of Permutation test rounds,  94.74% of Permutation tests (Core 8/15, passed_count 18)
 23.48% of Permutation test rounds,  94.74% of Permutation tests (Core 0/15, passed_count 18)
 23.49% of Permutation test rounds,  94.74% of Permutation tests (Core 14/15, passed_count 18)
 23.50% of Permutation test rounds,  94.74% of Permutation tests (Core 14/15, passed_count 18)
 23.51% of Permutation test rounds,  94.74% of Permutation tests (Core 12/15, passed_count 18)
 23.52% of Permutation test rounds,  94.74% of Permutation tests (Core 10/15, passed_count 18)
 23.53% of Permutation test rounds,  94.74% of Permutation tests (Core 9/15, passed_count 18)
 23.54% of Permutation test rounds,  94.74% of Permutation tests (Core 15/15, passed_count 18)
 23.55% of Permutation test rounds,  94.74% of Permutation tests (Core 6/15, passed_count 18)
 23.56% of Permutation test rounds,  94.74% of Permutation tests (Core 1/15, passed_count 18)
 23.57% of Permutation test rounds,  94.74% of Permutation tests (Core 4/15, passed_count 18)
 23.58% of Permutation test rounds,  94.74% of Permutation tests (Core 2/15, passed_count 18)
 23.59% of Permutation test rounds,  94.74% of Permutation tests (Core 5/15, passed_count 18)
 23.60% of Permutation test rounds,  94.74% of Permutation tests (Core 3/15, passed_count 18)
 23.61% of Permutation test rounds,  94.74% of Permutation tests (Core 7/15, passed_count 18)
 23.62% of Permutation test rounds,  94.74% of Permutation tests (Core 13/15, passed_count 18)
 23.63% of Permutation test rounds,  94.74% of Permutation tests (Core 8/15, passed_count 18)
 23.64% of Permutation test rounds,  94.74% of Permutation tests (Core 8/15, passed_count 18)
 23.65% of Permutation test rounds,  94.74% of Permutation tests (Core 11/15, passed_count 18)
 23.66% of Permutation test rounds,  94.74% of Permutation tests (Core 14/15, passed_count 18)
 23.67% of Permutation test rounds,  94.74% of Permutation tests (Core 12/15, passed_count 18)
 23.68% of Permutation test rounds,  94.74% of Permutation tests (Core 10/15, passed_count 18)
 23.69% of Permutation test rounds,  94.74% of Permutation tests (Core 9/15, passed_count 18)
 23.70% of Permutation test rounds,  94.74% of Permutation tests (Core 15/15, passed_count 18)
 23.71% of Permutation test rounds,  94.74% of Permutation tests (Core 6/15, passed_count 18)
 23.72% of Permutation test rounds,  94.74% of Permutation tests (Core 1/15, passed_count 18)
 23.73% of Permutation test rounds,  94.74% of Permutation tests (Core 4/15, passed_count 18)
 23.74% of Permutation test rounds,  94.74% of Permutation tests (Core 2/15, passed_count 18)
 23.75% of Permutation test rounds,  94.74% of Permutation tests (Core 5/15, passed_count 18)
 23.76% of Permutation test rounds,  94.74% of Permutation tests (Core 3/15, passed_count 18)
 23.77% of Permutation test rounds,  94.74% of Permutation tests (Core 7/15, passed_count 18)
 23.78% of Permutation test rounds,  94.74% of Permutation tests (Core 13/15, passed_count 18)
 23.79% of Permutation test rounds,  94.74% of Permutation tests (Core 0/15, passed_count 18)
 23.80% of Permutation test rounds,  94.74% of Permutation tests (Core 8/15, passed_count 18)
 23.81% of Permutation test rounds,  94.74% of Permutation tests (Core 11/15, passed_count 18)
 23.82% of Permutation test rounds,  94.74% of Permutation tests (Core 14/15, passed_count 18)
 23.83% of Permutation test rounds,  94.74% of Permutation tests (Core 12/15, passed_count 18)
 23.84% of Permutation test rounds,  94.74% of Permutation tests (Core 10/15, passed_count 18)
 23.85% of Permutation test rounds,  94.74% of Permutation tests (Core 9/15, passed_count 18)
 23.86% of Permutation test rounds,  94.74% of Permutation tests (Core 15/15, passed_count 18)
 23.87% of Permutation test rounds,  94.74% of Permutation tests (Core 6/15, passed_count 18)
 23.88% of Permutation test rounds,  94.74% of Permutation tests (Core 1/15, passed_count 18)
 23.89% of Permutation test rounds,  94.74% of Permutation tests (Core 4/15, passed_count 18)
 23.90% of Permutation test rounds,  94.74% of Permutation tests (Core 2/15, passed_count 18)
 23.91% of Permutation test rounds,  94.74% of Permutation tests (Core 5/15, passed_count 18)
 23.92% of Permutation test rounds,  94.74% of Permutation tests (Core 3/15, passed_count 18)
 23.93% of Permutation test rounds,  94.74% of Permutation tests (Core 7/15, passed_count 18)
 23.94% of Permutation test rounds,  94.74% of Permutation tests (Core 13/15, passed_count 18)
 23.95% of Permutation test rounds,  94.74% of Permutation tests (Core 0/15, passed_count 18)
 23.96% of Permutation test rounds,  94.74% of Permutation tests (Core 8/15, passed_count 18)
 23.97% of Permutation test rounds,  94.74% of Permutation tests (Core 11/15, passed_count 18)
 23.98% of Permutation test rounds,  94.74% of Permutation tests (Core 14/15, passed_count 18)
 23.99% of Permutation test rounds,  94.74% of Permutation tests (Core 12/15, passed_count 18)
 24.00% of Permutation test rounds,  94.74% of Permutation tests (Core 10/15, passed_count 18)
 24.01% of Permutation test rounds,  94.74% of Permutation tests (Core 9/15, passed_count 18)
 24.02% of Permutation test rounds,  94.74% of Permutation tests (Core 15/15, passed_count 18)
 24.03% of Permutation test rounds,  94.74% of Permutation tests (Core 6/15, passed_count 18)
 24.04% of Permutation test rounds,  94.74% of Permutation tests (Core 1/15, passed_count 18)
 24.05% of Permutation test rounds,  94.74% of Permutation tests (Core 2/15, passed_count 18)
 24.06% of Permutation test rounds,  94.74% of Permutation tests (Core 4/15, passed_count 18)
 24.07% of Permutation test rounds,  94.74% of Permutation tests (Core 5/15, passed_count 18)
 24.08% of Permutation test rounds,  94.74% of Permutation tests (Core 3/15, passed_count 18)
 24.09% of Permutation test rounds,  94.74% of Permutation tests (Core 7/15, passed_count 18)
 24.10% of Permutation test rounds,  94.74% of Permutation tests (Core 13/15, passed_count 18)
 24.11% of Permutation test rounds,  94.74% of Permutation tests (Core 0/15, passed_count 18)
 24.12% of Permutation test rounds,  94.74% of Permutation tests (Core 8/15, passed_count 18)
 24.13% of Permutation test rounds,  94.74% of Permutation tests (Core 11/15, passed_count 18)
 24.14% of Permutation test rounds,  94.74% of Permutation tests (Core 14/15, passed_count 18)
 24.15% of Permutation test rounds,  94.74% of Permutation tests (Core 12/15, passed_count 18)
 24.16% of Permutation test rounds,  94.74% of Permutation tests (Core 10/15, passed_count 18)
 24.17% of Permutation test rounds,  94.74% of Permutation tests (Core 9/15, passed_count 18)
 24.18% of Permutation test rounds,  94.74% of Permutation tests (Core 15/15, passed_count 18)
 24.19% of Permutation test rounds,  94.74% of Permutation tests (Core 6/15, passed_count 18)
 24.20% of Permutation test rounds,  94.74% of Permutation tests (Core 1/15, passed_count 18)
 24.21% of Permutation test rounds,  94.74% of Permutation tests (Core 2/15, passed_count 18)
 24.22% of Permutation test rounds,  94.74% of Permutation tests (Core 4/15, passed_count 18)
 24.23% of Permutation test rounds,  94.74% of Permutation tests (Core 5/15, passed_count 18)
 24.24% of Permutation test rounds,  94.74% of Permutation tests (Core 3/15, passed_count 18)
 24.25% of Permutation test rounds,  94.74% of Permutation tests (Core 7/15, passed_count 18)
 24.26% of Permutation test rounds,  94.74% of Permutation tests (Core 13/15, passed_count 18)
 24.27% of Permutation test rounds,  94.74% of Permutation tests (Core 0/15, passed_count 18)
 24.28% of Permutation test rounds,  94.74% of Permutation tests (Core 8/15, passed_count 18)
 24.29% of Permutation test rounds,  94.74% of Permutation tests (Core 11/15, passed_count 18)
 24.30% of Permutation test rounds,  94.74% of Permutation tests (Core 14/15, passed_count 18)
 24.31% of Permutation test rounds,  94.74% of Permutation tests (Core 12/15, passed_count 18)
 24.32% of Permutation test rounds,  94.74% of Permutation tests (Core 10/15, passed_count 18)
 24.33% of Permutation test rounds,  94.74% of Permutation tests (Core 9/15, passed_count 18)
 24.34% of Permutation test rounds,  94.74% of Permutation tests (Core 15/15, passed_count 18)
 24.35% of Permutation test rounds,  94.74% of Permutation tests (Core 6/15, passed_count 18)
 24.36% of Permutation test rounds,  94.74% of Permutation tests (Core 1/15, passed_count 18)
 24.37% of Permutation test rounds,  94.74% of Permutation tests (Core 2/15, passed_count 18)
 24.38% of Permutation test rounds,  94.74% of Permutation tests (Core 2/15, passed_count 18)
 24.39% of Permutation test rounds,  94.74% of Permutation tests (Core 5/15, passed_count 18)
 24.40% of Permutation test rounds,  94.74% of Permutation tests (Core 3/15, passed_count 18)
 24.41% of Permutation test rounds,  94.74% of Permutation tests (Core 7/15, passed_count 18)
 24.42% of Permutation test rounds,  94.74% of Permutation tests (Core 13/15, passed_count 18)
 24.43% of Permutation test rounds,  94.74% of Permutation tests (Core 0/15, passed_count 18)
 24.44% of Permutation test rounds,  94.74% of Permutation tests (Core 8/15, passed_count 18)
 24.45% of Permutation test rounds,  94.74% of Permutation tests (Core 11/15, passed_count 18)
 24.46% of Permutation test rounds,  94.74% of Permutation tests (Core 14/15, passed_count 18)
 24.47% of Permutation test rounds,  94.74% of Permutation tests (Core 12/15, passed_count 18)
 24.48% of Permutation test rounds,  94.74% of Permutation tests (Core 10/15, passed_count 18)
 24.49% of Permutation test rounds,  94.74% of Permutation tests (Core 9/15, passed_count 18)
 24.50% of Permutation test rounds,  94.74% of Permutation tests (Core 15/15, passed_count 18)
 24.51% of Permutation test rounds,  94.74% of Permutation tests (Core 6/15, passed_count 18)
 24.52% of Permutation test rounds,  94.74% of Permutation tests (Core 1/15, passed_count 18)
 24.53% of Permutation test rounds,  94.74% of Permutation tests (Core 4/15, passed_count 18)
 24.54% of Permutation test rounds,  94.74% of Permutation tests (Core 2/15, passed_count 18)
 24.55% of Permutation test rounds,  94.74% of Permutation tests (Core 5/15, passed_count 18)
 24.56% of Permutation test rounds,  94.74% of Permutation tests (Core 3/15, passed_count 18)
 24.57% of Permutation test rounds,  94.74% of Permutation tests (Core 7/15, passed_count 18)
 24.58% of Permutation test rounds,  94.74% of Permutation tests (Core 13/15, passed_count 18)
 24.59% of Permutation test rounds,  94.74% of Permutation tests (Core 0/15, passed_count 18)
 24.60% of Permutation test rounds,  94.74% of Permutation tests (Core 8/15, passed_count 18)
 24.61% of Permutation test rounds,  94.74% of Permutation tests (Core 11/15, passed_count 18)
 24.62% of Permutation test rounds,  94.74% of Permutation tests (Core 14/15, passed_count 18)
 24.63% of Permutation test rounds,  94.74% of Permutation tests (Core 12/15, passed_count 18)
 24.64% of Permutation test rounds,  94.74% of Permutation tests (Core 10/15, passed_count 18)
 24.65% of Permutation test rounds,  94.74% of Permutation tests (Core 9/15, passed_count 18)
 24.66% of Permutation test rounds,  94.74% of Permutation tests (Core 15/15, passed_count 18)
 24.67% of Permutation test rounds,  94.74% of Permutation tests (Core 6/15, passed_count 18)
 24.68% of Permutation test rounds,  94.74% of Permutation tests (Core 1/15, passed_count 18)
 24.69% of Permutation test rounds,  94.74% of Permutation tests (Core 4/15, passed_count 18)
 24.70% of Permutation test rounds,  94.74% of Permutation tests (Core 2/15, passed_count 18)
 24.71% of Permutation test rounds,  94.74% of Permutation tests (Core 5/15, passed_count 18)
 24.72% of Permutation test rounds,  94.74% of Permutation tests (Core 3/15, passed_count 18)
 24.73% of Permutation test rounds,  94.74% of Permutation tests (Core 7/15, passed_count 18)
 24.74% of Permutation test rounds,  94.74% of Permutation tests (Core 13/15, passed_count 18)
 24.75% of Permutation test rounds,  94.74% of Permutation tests (Core 0/15, passed_count 18)
 24.76% of Permutation test rounds,  94.74% of Permutation tests (Core 8/15, passed_count 18)
 24.77% of Permutation test rounds,  94.74% of Permutation tests (Core 11/15, passed_count 18)
 24.78% of Permutation test rounds,  94.74% of Permutation tests (Core 14/15, passed_count 18)
 24.79% of Permutation test rounds,  94.74% of Permutation tests (Core 12/15, passed_count 18)
 24.80% of Permutation test rounds,  94.74% of Permutation tests (Core 10/15, passed_count 18)
 24.81% of Permutation test rounds,  94.74% of Permutation tests (Core 9/15, passed_count 18)
 24.82% of Permutation test rounds,  94.74% of Permutation tests (Core 15/15, passed_count 18)
 24.83% of Permutation test rounds,  94.74% of Permutation tests (Core 6/15, passed_count 18)
 24.84% of Permutation test rounds,  94.74% of Permutation tests (Core 1/15, passed_count 18)
 24.85% of Permutation test rounds,  94.74% of Permutation tests (Core 4/15, passed_count 18)
 24.86% of Permutation test rounds,  94.74% of Permutation tests (Core 2/15, passed_count 18)
 24.87% of Permutation test rounds,  94.74% of Permutation tests (Core 5/15, passed_count 18)
 24.88% of Permutation test rounds,  94.74% of Permutation tests (Core 3/15, passed_count 18)
 24.89% of Permutation test rounds,  94.74% of Permutation tests (Core 7/15, passed_count 18)
 24.90% of Permutation test rounds,  94.74% of Permutation tests (Core 13/15, passed_count 18)
 24.91% of Permutation test rounds,  94.74% of Permutation tests (Core 0/15, passed_count 18)
 24.92% of Permutation test rounds,  94.74% of Permutation tests (Core 8/15, passed_count 18)
 24.93% of Permutation test rounds,  94.74% of Permutation tests (Core 11/15, passed_count 18)
 24.94% of Permutation test rounds,  94.74% of Permutation tests (Core 14/15, passed_count 18)
 24.95% of Permutation test rounds,  94.74% of Permutation tests (Core 12/15, passed_count 18)
 24.96% of Permutation test rounds,  94.74% of Permutation tests (Core 10/15, passed_count 18)
 24.97% of Permutation test rounds,  94.74% of Permutation tests (Core 9/15, passed_count 18)
 24.98% of Permutation test rounds,  94.74% of Permutation tests (Core 15/15, passed_count 18)
 24.99% of Permutation test rounds,  94.74% of Permutation tests (Core 6/15, passed_count 18)
 25.00% of Permutation test rounds,  94.74% of Permutation tests (Core 1/15, passed_count 18)
 25.01% of Permutation test rounds,  94.74% of Permutation tests (Core 4/15, passed_count 18)
 25.02% of Permutation test rounds,  94.74% of Permutation tests (Core 2/15, passed_count 18)
 25.03% of Permutation test rounds,  94.74% of Permutation tests (Core 5/15, passed_count 18)
 25.04% of Permutation test rounds,  94.74% of Permutation tests (Core 3/15, passed_count 18)
 25.05% of Permutation test rounds,  94.74% of Permutation tests (Core 7/15, passed_count 18)
 25.06% of Permutation test rounds,  94.74% of Permutation tests (Core 13/15, passed_count 18)
 25.07% of Permutation test rounds,  94.74% of Permutation tests (Core 0/15, passed_count 18)
 25.08% of Permutation test rounds,  94.74% of Permutation tests (Core 8/15, passed_count 18)
 25.09% of Permutation test rounds,  94.74% of Permutation tests (Core 11/15, passed_count 18)
 25.10% of Permutation test rounds,  94.74% of Permutation tests (Core 14/15, passed_count 18)
 25.11% of Permutation test rounds,  94.74% of Permutation tests (Core 12/15, passed_count 18)
 25.12% of Permutation test rounds,  94.74% of Permutation tests (Core 10/15, passed_count 18)
 25.13% of Permutation test rounds,  94.74% of Permutation tests (Core 9/15, passed_count 18)
 25.14% of Permutation test rounds,  94.74% of Permutation tests (Core 15/15, passed_count 18)
 25.15% of Permutation test rounds,  94.74% of Permutation tests (Core 6/15, passed_count 18)
 25.16% of Permutation test rounds,  94.74% of Permutation tests (Core 1/15, passed_count 18)
 25.17% of Permutation test rounds,  94.74% of Permutation tests (Core 4/15, passed_count 18)
 25.18% of Permutation test rounds,  94.74% of Permutation tests (Core 2/15, passed_count 18)
 25.19% of Permutation test rounds,  94.74% of Permutation tests (Core 5/15, passed_count 18)
 25.20% of Permutation test rounds,  94.74% of Permutation tests (Core 3/15, passed_count 18)
 25.21% of Permutation test rounds,  94.74% of Permutation tests (Core 7/15, passed_count 18)
 25.22% of Permutation test rounds,  94.74% of Permutation tests (Core 13/15, passed_count 18)
 25.23% of Permutation test rounds,  94.74% of Permutation tests (Core 0/15, passed_count 18)
 25.24% of Permutation test rounds,  94.74% of Permutation tests (Core 8/15, passed_count 18)
 25.25% of Permutation test rounds,  94.74% of Permutation tests (Core 11/15, passed_count 18)
 25.26% of Permutation test rounds,  94.74% of Permutation tests (Core 14/15, passed_count 18)
 25.27% of Permutation test rounds,  94.74% of Permutation tests (Core 12/15, passed_count 18)
 25.28% of Permutation test rounds,  94.74% of Permutation tests (Core 10/15, passed_count 18)
 25.29% of Permutation test rounds,  94.74% of Permutation tests (Core 9/15, passed_count 18)
 25.30% of Permutation test rounds,  94.74% of Permutation tests (Core 15/15, passed_count 18)
 25.31% of Permutation test rounds,  94.74% of Permutation tests (Core 6/15, passed_count 18)
 25.32% of Permutation test rounds,  94.74% of Permutation tests (Core 1/15, passed_count 18)
 25.33% of Permutation test rounds,  94.74% of Permutation tests (Core 4/15, passed_count 18)
 25.34% of Permutation test rounds,  94.74% of Permutation tests (Core 2/15, passed_count 18)
 25.35% of Permutation test rounds,  94.74% of Permutation tests (Core 5/15, passed_count 18)
 25.36% of Permutation test rounds,  94.74% of Permutation tests (Core 3/15, passed_count 18)
 25.37% of Permutation test rounds,  94.74% of Permutation tests (Core 7/15, passed_count 18)
 25.38% of Permutation test rounds,  94.74% of Permutation tests (Core 13/15, passed_count 18)
 25.39% of Permutation test rounds,  94.74% of Permutation tests (Core 0/15, passed_count 18)
 25.40% of Permutation test rounds,  94.74% of Permutation tests (Core 8/15, passed_count 18)
 25.41% of Permutation test rounds,  94.74% of Permutation tests (Core 11/15, passed_count 18)
 25.42% of Permutation test rounds,  94.74% of Permutation tests (Core 14/15, passed_count 18)
 25.43% of Permutation test rounds,  94.74% of Permutation tests (Core 12/15, passed_count 18)
 25.44% of Permutation test rounds,  94.74% of Permutation tests (Core 10/15, passed_count 18)
 25.45% of Permutation test rounds,  94.74% of Permutation tests (Core 9/15, passed_count 18)
 25.46% of Permutation test rounds,  94.74% of Permutation tests (Core 15/15, passed_count 18)
 25.47% of Permutation test rounds,  94.74% of Permutation tests (Core 6/15, passed_count 18)
 25.48% of Permutation test rounds,  94.74% of Permutation tests (Core 1/15, passed_count 18)
 25.49% of Permutation test rounds,  94.74% of Permutation tests (Core 4/15, passed_count 18)
 25.50% of Permutation test rounds,  94.74% of Permutation tests (Core 2/15, passed_count 18)
 25.51% of Permutation test rounds,  94.74% of Permutation tests (Core 5/15, passed_count 18)
 25.52% of Permutation test rounds,  94.74% of Permutation tests (Core 3/15, passed_count 18)
 25.53% of Permutation test rounds,  94.74% of Permutation tests (Core 7/15, passed_count 18)
 25.54% of Permutation test rounds,  94.74% of Permutation tests (Core 13/15, passed_count 18)
 25.55% of Permutation test rounds,  94.74% of Permutation tests (Core 0/15, passed_count 18)
 25.56% of Permutation test rounds,  94.74% of Permutation tests (Core 8/15, passed_count 18)
 25.57% of Permutation test rounds,  94.74% of Permutation tests (Core 11/15, passed_count 18)
 25.58% of Permutation test rounds,  94.74% of Permutation tests (Core 14/15, passed_count 18)
 25.59% of Permutation test rounds,  94.74% of Permutation tests (Core 12/15, passed_count 18)
 25.60% of Permutation test rounds,  94.74% of Permutation tests (Core 10/15, passed_count 18)
 25.61% of Permutation test rounds,  94.74% of Permutation tests (Core 9/15, passed_count 18)
 25.62% of Permutation test rounds,  94.74% of Permutation tests (Core 15/15, passed_count 18)
 25.63% of Permutation test rounds,  94.74% of Permutation tests (Core 6/15, passed_count 18)
 25.64% of Permutation test rounds,  94.74% of Permutation tests (Core 1/15, passed_count 18)
 25.65% of Permutation test rounds,  94.74% of Permutation tests (Core 4/15, passed_count 18)
 25.66% of Permutation test rounds,  94.74% of Permutation tests (Core 2/15, passed_count 18)
 25.67% of Permutation test rounds,  94.74% of Permutation tests (Core 5/15, passed_count 18)
 25.68% of Permutation test rounds,  94.74% of Permutation tests (Core 7/15, passed_count 18)
 25.69% of Permutation test rounds,  94.74% of Permutation tests (Core 3/15, passed_count 18)
 25.70% of Permutation test rounds,  94.74% of Permutation tests (Core 13/15, passed_count 18)
 25.71% of Permutation test rounds,  94.74% of Permutation tests (Core 0/15, passed_count 18)
 25.72% of Permutation test rounds,  94.74% of Permutation tests (Core 8/15, passed_count 18)
 25.73% of Permutation test rounds,  94.74% of Permutation tests (Core 11/15, passed_count 18)
 25.74% of Permutation test rounds,  94.74% of Permutation tests (Core 14/15, passed_count 18)
 25.75% of Permutation test rounds,  94.74% of Permutation tests (Core 12/15, passed_count 18)
 25.76% of Permutation test rounds,  94.74% of Permutation tests (Core 10/15, passed_count 18)
 25.77% of Permutation test rounds,  94.74% of Permutation tests (Core 9/15, passed_count 18)
 25.78% of Permutation test rounds,  94.74% of Permutation tests (Core 15/15, passed_count 18)
 25.79% of Permutation test rounds,  94.74% of Permutation tests (Core 6/15, passed_count 18)
 25.80% of Permutation test rounds,  94.74% of Permutation tests (Core 1/15, passed_count 18)
 25.81% of Permutation test rounds,  94.74% of Permutation tests (Core 4/15, passed_count 18)
 25.82% of Permutation test rounds,  94.74% of Permutation tests (Core 2/15, passed_count 18)
 25.83% of Permutation test rounds,  94.74% of Permutation tests (Core 5/15, passed_count 18)
 25.84% of Permutation test rounds,  94.74% of Permutation tests (Core 7/15, passed_count 18)
 25.85% of Permutation test rounds,  94.74% of Permutation tests (Core 3/15, passed_count 18)
 25.86% of Permutation test rounds,  94.74% of Permutation tests (Core 13/15, passed_count 18)
 25.87% of Permutation test rounds,  94.74% of Permutation tests (Core 0/15, passed_count 18)
 25.88% of Permutation test rounds,  94.74% of Permutation tests (Core 8/15, passed_count 18)
 25.89% of Permutation test rounds,  94.74% of Permutation tests (Core 11/15, passed_count 18)
 25.90% of Permutation test rounds,  94.74% of Permutation tests (Core 14/15, passed_count 18)
 25.91% of Permutation test rounds,  94.74% of Permutation tests (Core 12/15, passed_count 18)
 25.92% of Permutation test rounds,  94.74% of Permutation tests (Core 10/15, passed_count 18)
 25.93% of Permutation test rounds,  94.74% of Permutation tests (Core 9/15, passed_count 18)
 25.94% of Permutation test rounds,  94.74% of Permutation tests (Core 15/15, passed_count 18)
 25.95% of Permutation test rounds,  94.74% of Permutation tests (Core 6/15, passed_count 18)
 25.96% of Permutation test rounds,  94.74% of Permutation tests (Core 1/15, passed_count 18)
 25.97% of Permutation test rounds,  94.74% of Permutation tests (Core 4/15, passed_count 18)
 25.98% of Permutation test rounds,  94.74% of Permutation tests (Core 2/15, passed_count 18)
 25.99% of Permutation test rounds,  94.74% of Permutation tests (Core 5/15, passed_count 18)
 26.00% of Permutation test rounds,  94.74% of Permutation tests (Core 7/15, passed_count 18)
 26.01% of Permutation test rounds,  94.74% of Permutation tests (Core 3/15, passed_count 18)
 26.02% of Permutation test rounds,  94.74% of Permutation tests (Core 13/15, passed_count 18)
 26.03% of Permutation test rounds,  94.74% of Permutation tests (Core 0/15, passed_count 18)
 26.04% of Permutation test rounds,  94.74% of Permutation tests (Core 8/15, passed_count 18)
 26.05% of Permutation test rounds,  94.74% of Permutation tests (Core 11/15, passed_count 18)
 26.06% of Permutation test rounds,  94.74% of Permutation tests (Core 14/15, passed_count 18)
 26.07% of Permutation test rounds,  94.74% of Permutation tests (Core 12/15, passed_count 18)
 26.08% of Permutation test rounds,  94.74% of Permutation tests (Core 10/15, passed_count 18)
 26.09% of Permutation test rounds,  94.74% of Permutation tests (Core 9/15, passed_count 18)
 26.10% of Permutation test rounds,  94.74% of Permutation tests (Core 15/15, passed_count 18)
 26.11% of Permutation test rounds,  94.74% of Permutation tests (Core 6/15, passed_count 18)
 26.12% of Permutation test rounds,  94.74% of Permutation tests (Core 1/15, passed_count 18)
 26.13% of Permutation test rounds,  94.74% of Permutation tests (Core 4/15, passed_count 18)
 26.14% of Permutation test rounds,  94.74% of Permutation tests (Core 2/15, passed_count 18)
 26.15% of Permutation test rounds,  94.74% of Permutation tests (Core 5/15, passed_count 18)
 26.16% of Permutation test rounds,  94.74% of Permutation tests (Core 7/15, passed_count 18)
 26.17% of Permutation test rounds,  94.74% of Permutation tests (Core 3/15, passed_count 18)
 26.18% of Permutation test rounds,  94.74% of Permutation tests (Core 13/15, passed_count 18)
 26.19% of Permutation test rounds,  94.74% of Permutation tests (Core 0/15, passed_count 18)
 26.20% of Permutation test rounds,  94.74% of Permutation tests (Core 8/15, passed_count 18)
 26.21% of Permutation test rounds,  94.74% of Permutation tests (Core 11/15, passed_count 18)
 26.22% of Permutation test rounds,  94.74% of Permutation tests (Core 14/15, passed_count 18)
 26.23% of Permutation test rounds,  94.74% of Permutation tests (Core 12/15, passed_count 18)
 26.24% of Permutation test rounds,  94.74% of Permutation tests (Core 10/15, passed_count 18)
 26.25% of Permutation test rounds,  94.74% of Permutation tests (Core 9/15, passed_count 18)
 26.26% of Permutation test rounds,  94.74% of Permutation tests (Core 15/15, passed_count 18)
 26.27% of Permutation test rounds,  94.74% of Permutation tests (Core 6/15, passed_count 18)
 26.28% of Permutation test rounds,  94.74% of Permutation tests (Core 1/15, passed_count 18)
 26.29% of Permutation test rounds,  94.74% of Permutation tests (Core 4/15, passed_count 18)
 26.30% of Permutation test rounds,  94.74% of Permutation tests (Core 2/15, passed_count 18)
 26.31% of Permutation test rounds,  94.74% of Permutation tests (Core 5/15, passed_count 18)
 26.32% of Permutation test rounds,  94.74% of Permutation tests (Core 7/15, passed_count 18)
 26.33% of Permutation test rounds,  94.74% of Permutation tests (Core 3/15, passed_count 18)
 26.34% of Permutation test rounds,  94.74% of Permutation tests (Core 13/15, passed_count 18)
 26.35% of Permutation test rounds,  94.74% of Permutation tests (Core 0/15, passed_count 18)
 26.36% of Permutation test rounds,  94.74% of Permutation tests (Core 8/15, passed_count 18)
 26.37% of Permutation test rounds,  94.74% of Permutation tests (Core 11/15, passed_count 18)
 26.38% of Permutation test rounds,  94.74% of Permutation tests (Core 14/15, passed_count 18)
 26.39% of Permutation test rounds,  94.74% of Permutation tests (Core 12/15, passed_count 18)
 26.40% of Permutation test rounds,  94.74% of Permutation tests (Core 10/15, passed_count 18)
 26.41% of Permutation test rounds,  94.74% of Permutation tests (Core 9/15, passed_count 18)
 26.42% of Permutation test rounds,  94.74% of Permutation tests (Core 6/15, passed_count 18)
 26.43% of Permutation test rounds,  94.74% of Permutation tests (Core 15/15, passed_count 18)
 26.44% of Permutation test rounds,  94.74% of Permutation tests (Core 1/15, passed_count 18)
 26.45% of Permutation test rounds,  94.74% of Permutation tests (Core 4/15, passed_count 18)
 26.46% of Permutation test rounds,  94.74% of Permutation tests (Core 2/15, passed_count 18)
 26.47% of Permutation test rounds,  94.74% of Permutation tests (Core 5/15, passed_count 18)
 26.48% of Permutation test rounds,  94.74% of Permutation tests (Core 7/15, passed_count 18)
 26.49% of Permutation test rounds,  94.74% of Permutation tests (Core 3/15, passed_count 18)
 26.50% of Permutation test rounds,  94.74% of Permutation tests (Core 13/15, passed_count 18)
 26.51% of Permutation test rounds,  94.74% of Permutation tests (Core 0/15, passed_count 18)
 26.52% of Permutation test rounds,  94.74% of Permutation tests (Core 8/15, passed_count 18)
 26.53% of Permutation test rounds,  94.74% of Permutation tests (Core 11/15, passed_count 18)
 26.54% of Permutation test rounds,  94.74% of Permutation tests (Core 14/15, passed_count 18)
 26.55% of Permutation test rounds,  94.74% of Permutation tests (Core 12/15, passed_count 18)
 26.56% of Permutation test rounds,  94.74% of Permutation tests (Core 10/15, passed_count 18)
 26.57% of Permutation test rounds,  94.74% of Permutation tests (Core 9/15, passed_count 18)
 26.58% of Permutation test rounds,  94.74% of Permutation tests (Core 6/15, passed_count 18)
 26.59% of Permutation test rounds,  94.74% of Permutation tests (Core 15/15, passed_count 18)
 26.60% of Permutation test rounds,  94.74% of Permutation tests (Core 1/15, passed_count 18)
 26.61% of Permutation test rounds,  94.74% of Permutation tests (Core 4/15, passed_count 18)
 26.62% of Permutation test rounds,  94.74% of Permutation tests (Core 2/15, passed_count 18)
 26.63% of Permutation test rounds,  94.74% of Permutation tests (Core 5/15, passed_count 18)
 26.64% of Permutation test rounds,  94.74% of Permutation tests (Core 7/15, passed_count 18)
 26.65% of Permutation test rounds,  94.74% of Permutation tests (Core 3/15, passed_count 18)
 26.66% of Permutation test rounds,  94.74% of Permutation tests (Core 13/15, passed_count 18)
 26.67% of Permutation test rounds,  94.74% of Permutation tests (Core 0/15, passed_count 18)
 26.68% of Permutation test rounds,  94.74% of Permutation tests (Core 8/15, passed_count 18)
 26.69% of Permutation test rounds,  94.74% of Permutation tests (Core 11/15, passed_count 18)
 26.70% of Permutation test rounds,  94.74% of Permutation tests (Core 14/15, passed_count 18)
 26.71% of Permutation test rounds,  94.74% of Permutation tests (Core 12/15, passed_count 18)
 26.72% of Permutation test rounds,  94.74% of Permutation tests (Core 10/15, passed_count 18)
 26.73% of Permutation test rounds,  94.74% of Permutation tests (Core 9/15, passed_count 18)
 26.74% of Permutation test rounds,  94.74% of Permutation tests (Core 6/15, passed_count 18)
 26.75% of Permutation test rounds,  94.74% of Permutation tests (Core 15/15, passed_count 18)
 26.76% of Permutation test rounds,  94.74% of Permutation tests (Core 1/15, passed_count 18)
 26.77% of Permutation test rounds,  94.74% of Permutation tests (Core 4/15, passed_count 18)
 26.78% of Permutation test rounds,  94.74% of Permutation tests (Core 2/15, passed_count 18)
 26.79% of Permutation test rounds,  94.74% of Permutation tests (Core 5/15, passed_count 18)
 26.80% of Permutation test rounds,  94.74% of Permutation tests (Core 7/15, passed_count 18)
 26.81% of Permutation test rounds,  94.74% of Permutation tests (Core 3/15, passed_count 18)
 26.82% of Permutation test rounds,  94.74% of Permutation tests (Core 13/15, passed_count 18)
 26.83% of Permutation test rounds,  94.74% of Permutation tests (Core 0/15, passed_count 18)
 26.84% of Permutation test rounds,  94.74% of Permutation tests (Core 8/15, passed_count 18)
 26.85% of Permutation test rounds,  94.74% of Permutation tests (Core 11/15, passed_count 18)
 26.86% of Permutation test rounds,  94.74% of Permutation tests (Core 14/15, passed_count 18)
 26.87% of Permutation test rounds,  94.74% of Permutation tests (Core 12/15, passed_count 18)
 26.88% of Permutation test rounds,  94.74% of Permutation tests (Core 10/15, passed_count 18)
 26.89% of Permutation test rounds,  94.74% of Permutation tests (Core 9/15, passed_count 18)
 26.90% of Permutation test rounds,  94.74% of Permutation tests (Core 6/15, passed_count 18)
 26.91% of Permutation test rounds,  94.74% of Permutation tests (Core 15/15, passed_count 18)
 26.92% of Permutation test rounds,  94.74% of Permutation tests (Core 1/15, passed_count 18)
 26.93% of Permutation test rounds,  94.74% of Permutation tests (Core 4/15, passed_count 18)
 26.94% of Permutation test rounds,  94.74% of Permutation tests (Core 2/15, passed_count 18)
 26.95% of Permutation test rounds,  94.74% of Permutation tests (Core 5/15, passed_count 18)
 26.96% of Permutation test rounds,  94.74% of Permutation tests (Core 7/15, passed_count 18)
 26.97% of Permutation test rounds,  94.74% of Permutation tests (Core 3/15, passed_count 18)
 26.98% of Permutation test rounds,  94.74% of Permutation tests (Core 13/15, passed_count 18)
 26.99% of Permutation test rounds,  94.74% of Permutation tests (Core 0/15, passed_count 18)
 27.00% of Permutation test rounds,  94.74% of Permutation tests (Core 8/15, passed_count 18)
 27.01% of Permutation test rounds,  94.74% of Permutation tests (Core 11/15, passed_count 18)
 27.02% of Permutation test rounds,  94.74% of Permutation tests (Core 14/15, passed_count 18)
 27.03% of Permutation test rounds,  94.74% of Permutation tests (Core 12/15, passed_count 18)
 27.04% of Permutation test rounds,  94.74% of Permutation tests (Core 10/15, passed_count 18)
 27.05% of Permutation test rounds,  94.74% of Permutation tests (Core 9/15, passed_count 18)
 27.06% of Permutation test rounds,  94.74% of Permutation tests (Core 6/15, passed_count 18)
 27.07% of Permutation test rounds,  94.74% of Permutation tests (Core 15/15, passed_count 18)
 27.08% of Permutation test rounds,  94.74% of Permutation tests (Core 1/15, passed_count 18)
 27.09% of Permutation test rounds,  94.74% of Permutation tests (Core 4/15, passed_count 18)
 27.10% of Permutation test rounds,  94.74% of Permutation tests (Core 2/15, passed_count 18)
 27.11% of Permutation test rounds,  94.74% of Permutation tests (Core 5/15, passed_count 18)
 27.12% of Permutation test rounds,  94.74% of Permutation tests (Core 7/15, passed_count 18)
 27.13% of Permutation test rounds,  94.74% of Permutation tests (Core 3/15, passed_count 18)
 27.14% of Permutation test rounds,  94.74% of Permutation tests (Core 13/15, passed_count 18)
 27.15% of Permutation test rounds,  94.74% of Permutation tests (Core 0/15, passed_count 18)
 27.16% of Permutation test rounds,  94.74% of Permutation tests (Core 8/15, passed_count 18)
 27.17% of Permutation test rounds,  94.74% of Permutation tests (Core 11/15, passed_count 18)
 27.18% of Permutation test rounds,  94.74% of Permutation tests (Core 14/15, passed_count 18)
 27.19% of Permutation test rounds,  94.74% of Permutation tests (Core 12/15, passed_count 18)
 27.20% of Permutation test rounds,  94.74% of Permutation tests (Core 10/15, passed_count 18)
 27.21% of Permutation test rounds,  94.74% of Permutation tests (Core 9/15, passed_count 18)
 27.22% of Permutation test rounds,  94.74% of Permutation tests (Core 6/15, passed_count 18)
 27.23% of Permutation test rounds,  94.74% of Permutation tests (Core 15/15, passed_count 18)
 27.24% of Permutation test rounds,  94.74% of Permutation tests (Core 1/15, passed_count 18)
 27.25% of Permutation test rounds,  94.74% of Permutation tests (Core 4/15, passed_count 18)
 27.26% of Permutation test rounds,  94.74% of Permutation tests (Core 2/15, passed_count 18)
 27.27% of Permutation test rounds,  94.74% of Permutation tests (Core 5/15, passed_count 18)
 27.28% of Permutation test rounds,  94.74% of Permutation tests (Core 7/15, passed_count 18)
 27.29% of Permutation test rounds,  94.74% of Permutation tests (Core 3/15, passed_count 18)
 27.30% of Permutation test rounds,  94.74% of Permutation tests (Core 13/15, passed_count 18)
 27.31% of Permutation test rounds,  94.74% of Permutation tests (Core 0/15, passed_count 18)
 27.32% of Permutation test rounds,  94.74% of Permutation tests (Core 8/15, passed_count 18)
 27.33% of Permutation test rounds,  94.74% of Permutation tests (Core 11/15, passed_count 18)
 27.34% of Permutation test rounds,  94.74% of Permutation tests (Core 14/15, passed_count 18)
 27.35% of Permutation test rounds,  94.74% of Permutation tests (Core 12/15, passed_count 18)
 27.36% of Permutation test rounds,  94.74% of Permutation tests (Core 10/15, passed_count 18)
 27.37% of Permutation test rounds,  94.74% of Permutation tests (Core 9/15, passed_count 18)
 27.38% of Permutation test rounds,  94.74% of Permutation tests (Core 6/15, passed_count 18)
 27.39% of Permutation test rounds,  94.74% of Permutation tests (Core 15/15, passed_count 18)
 27.40% of Permutation test rounds,  94.74% of Permutation tests (Core 1/15, passed_count 18)
 27.41% of Permutation test rounds,  94.74% of Permutation tests (Core 4/15, passed_count 18)
 27.42% of Permutation test rounds,  94.74% of Permutation tests (Core 2/15, passed_count 18)
 27.43% of Permutation test rounds,  94.74% of Permutation tests (Core 5/15, passed_count 18)
 27.44% of Permutation test rounds,  94.74% of Permutation tests (Core 7/15, passed_count 18)
 27.45% of Permutation test rounds,  94.74% of Permutation tests (Core 3/15, passed_count 18)
 27.46% of Permutation test rounds,  94.74% of Permutation tests (Core 13/15, passed_count 18)
 27.47% of Permutation test rounds,  94.74% of Permutation tests (Core 0/15, passed_count 18)
 27.48% of Permutation test rounds,  94.74% of Permutation tests (Core 8/15, passed_count 18)
 27.49% of Permutation test rounds,  94.74% of Permutation tests (Core 11/15, passed_count 18)
 27.50% of Permutation test rounds,  94.74% of Permutation tests (Core 14/15, passed_count 18)
 27.51% of Permutation test rounds,  94.74% of Permutation tests (Core 12/15, passed_count 18)
 27.52% of Permutation test rounds,  94.74% of Permutation tests (Core 10/15, passed_count 18)
 27.53% of Permutation test rounds,  94.74% of Permutation tests (Core 9/15, passed_count 18)
 27.54% of Permutation test rounds,  94.74% of Permutation tests (Core 6/15, passed_count 18)
 27.55% of Permutation test rounds,  94.74% of Permutation tests (Core 15/15, passed_count 18)
 27.56% of Permutation test rounds,  94.74% of Permutation tests (Core 1/15, passed_count 18)
 27.57% of Permutation test rounds,  94.74% of Permutation tests (Core 4/15, passed_count 18)
 27.58% of Permutation test rounds,  94.74% of Permutation tests (Core 2/15, passed_count 18)
 27.59% of Permutation test rounds,  94.74% of Permutation tests (Core 5/15, passed_count 18)
 27.60% of Permutation test rounds,  94.74% of Permutation tests (Core 7/15, passed_count 18)
 27.61% of Permutation test rounds,  94.74% of Permutation tests (Core 3/15, passed_count 18)
 27.62% of Permutation test rounds,  94.74% of Permutation tests (Core 13/15, passed_count 18)
 27.63% of Permutation test rounds,  94.74% of Permutation tests (Core 0/15, passed_count 18)
 27.64% of Permutation test rounds,  94.74% of Permutation tests (Core 8/15, passed_count 18)
 27.65% of Permutation test rounds,  94.74% of Permutation tests (Core 11/15, passed_count 18)
 27.66% of Permutation test rounds,  94.74% of Permutation tests (Core 14/15, passed_count 18)
 27.67% of Permutation test rounds,  94.74% of Permutation tests (Core 12/15, passed_count 18)
 27.68% of Permutation test rounds,  94.74% of Permutation tests (Core 10/15, passed_count 18)
 27.69% of Permutation test rounds,  94.74% of Permutation tests (Core 9/15, passed_count 18)
 27.70% of Permutation test rounds,  94.74% of Permutation tests (Core 6/15, passed_count 18)
 27.71% of Permutation test rounds,  94.74% of Permutation tests (Core 15/15, passed_count 18)
 27.72% of Permutation test rounds,  94.74% of Permutation tests (Core 1/15, passed_count 18)
 27.73% of Permutation test rounds,  94.74% of Permutation tests (Core 4/15, passed_count 18)
 27.74% of Permutation test rounds,  94.74% of Permutation tests (Core 2/15, passed_count 18)
 27.75% of Permutation test rounds,  94.74% of Permutation tests (Core 5/15, passed_count 18)
 27.76% of Permutation test rounds,  94.74% of Permutation tests (Core 7/15, passed_count 18)
 27.77% of Permutation test rounds,  94.74% of Permutation tests (Core 3/15, passed_count 18)
 27.78% of Permutation test rounds,  94.74% of Permutation tests (Core 0/15, passed_count 18)
 27.79% of Permutation test rounds,  94.74% of Permutation tests (Core 13/15, passed_count 18)
 27.80% of Permutation test rounds,  94.74% of Permutation tests (Core 8/15, passed_count 18)
 27.81% of Permutation test rounds,  94.74% of Permutation tests (Core 11/15, passed_count 18)
 27.82% of Permutation test rounds,  94.74% of Permutation tests (Core 14/15, passed_count 18)
 27.83% of Permutation test rounds,  94.74% of Permutation tests (Core 12/15, passed_count 18)
 27.84% of Permutation test rounds,  94.74% of Permutation tests (Core 10/15, passed_count 18)
 27.85% of Permutation test rounds,  94.74% of Permutation tests (Core 9/15, passed_count 18)
 27.86% of Permutation test rounds,  94.74% of Permutation tests (Core 6/15, passed_count 18)
 27.87% of Permutation test rounds,  94.74% of Permutation tests (Core 15/15, passed_count 18)
 27.88% of Permutation test rounds,  94.74% of Permutation tests (Core 1/15, passed_count 18)
 27.89% of Permutation test rounds,  94.74% of Permutation tests (Core 4/15, passed_count 18)
 27.90% of Permutation test rounds,  94.74% of Permutation tests (Core 2/15, passed_count 18)
 27.91% of Permutation test rounds,  94.74% of Permutation tests (Core 5/15, passed_count 18)
 27.92% of Permutation test rounds,  94.74% of Permutation tests (Core 7/15, passed_count 18)
 27.93% of Permutation test rounds,  94.74% of Permutation tests (Core 3/15, passed_count 18)
 27.94% of Permutation test rounds,  94.74% of Permutation tests (Core 0/15, passed_count 18)
 27.95% of Permutation test rounds,  94.74% of Permutation tests (Core 13/15, passed_count 18)
 27.96% of Permutation test rounds,  94.74% of Permutation tests (Core 8/15, passed_count 18)
 27.97% of Permutation test rounds,  94.74% of Permutation tests (Core 11/15, passed_count 18)
 27.98% of Permutation test rounds,  94.74% of Permutation tests (Core 14/15, passed_count 18)
 27.99% of Permutation test rounds,  94.74% of Permutation tests (Core 12/15, passed_count 18)
 28.00% of Permutation test rounds,  94.74% of Permutation tests (Core 10/15, passed_count 18)
 28.01% of Permutation test rounds,  94.74% of Permutation tests (Core 9/15, passed_count 18)
 28.02% of Permutation test rounds,  94.74% of Permutation tests (Core 6/15, passed_count 18)
 28.03% of Permutation test rounds,  94.74% of Permutation tests (Core 15/15, passed_count 18)
 28.04% of Permutation test rounds,  94.74% of Permutation tests (Core 1/15, passed_count 18)
 28.05% of Permutation test rounds,  94.74% of Permutation tests (Core 4/15, passed_count 18)
 28.06% of Permutation test rounds,  94.74% of Permutation tests (Core 2/15, passed_count 18)
 28.07% of Permutation test rounds,  94.74% of Permutation tests (Core 5/15, passed_count 18)
 28.08% of Permutation test rounds,  94.74% of Permutation tests (Core 7/15, passed_count 18)
 28.09% of Permutation test rounds,  94.74% of Permutation tests (Core 3/15, passed_count 18)
 28.10% of Permutation test rounds,  94.74% of Permutation tests (Core 0/15, passed_count 18)
 28.11% of Permutation test rounds,  94.74% of Permutation tests (Core 13/15, passed_count 18)
 28.12% of Permutation test rounds,  94.74% of Permutation tests (Core 8/15, passed_count 18)
 28.13% of Permutation test rounds,  94.74% of Permutation tests (Core 11/15, passed_count 18)
 28.14% of Permutation test rounds,  94.74% of Permutation tests (Core 14/15, passed_count 18)
 28.15% of Permutation test rounds,  94.74% of Permutation tests (Core 12/15, passed_count 18)
 28.16% of Permutation test rounds,  94.74% of Permutation tests (Core 10/15, passed_count 18)
 28.17% of Permutation test rounds,  94.74% of Permutation tests (Core 9/15, passed_count 18)
 28.18% of Permutation test rounds,  94.74% of Permutation tests (Core 6/15, passed_count 18)
 28.19% of Permutation test rounds,  94.74% of Permutation tests (Core 15/15, passed_count 18)
 28.20% of Permutation test rounds,  94.74% of Permutation tests (Core 1/15, passed_count 18)
 28.21% of Permutation test rounds,  94.74% of Permutation tests (Core 4/15, passed_count 18)
 28.22% of Permutation test rounds,  94.74% of Permutation tests (Core 2/15, passed_count 18)
 28.23% of Permutation test rounds,  94.74% of Permutation tests (Core 5/15, passed_count 18)
 28.24% of Permutation test rounds,  94.74% of Permutation tests (Core 7/15, passed_count 18)
 28.25% of Permutation test rounds,  94.74% of Permutation tests (Core 3/15, passed_count 18)
 28.26% of Permutation test rounds,  94.74% of Permutation tests (Core 0/15, passed_count 18)
 28.27% of Permutation test rounds,  94.74% of Permutation tests (Core 13/15, passed_count 18)
 28.28% of Permutation test rounds,  94.74% of Permutation tests (Core 8/15, passed_count 18)
 28.29% of Permutation test rounds,  94.74% of Permutation tests (Core 11/15, passed_count 18)
 28.30% of Permutation test rounds,  94.74% of Permutation tests (Core 14/15, passed_count 18)
 28.31% of Permutation test rounds,  94.74% of Permutation tests (Core 12/15, passed_count 18)
 28.32% of Permutation test rounds,  94.74% of Permutation tests (Core 10/15, passed_count 18)
 28.33% of Permutation test rounds,  94.74% of Permutation tests (Core 9/15, passed_count 18)
 28.34% of Permutation test rounds,  94.74% of Permutation tests (Core 6/15, passed_count 18)
 28.35% of Permutation test rounds,  94.74% of Permutation tests (Core 15/15, passed_count 18)
 28.36% of Permutation test rounds,  94.74% of Permutation tests (Core 1/15, passed_count 18)
 28.37% of Permutation test rounds,  94.74% of Permutation tests (Core 4/15, passed_count 18)
 28.38% of Permutation test rounds,  94.74% of Permutation tests (Core 2/15, passed_count 18)
 28.39% of Permutation test rounds,  94.74% of Permutation tests (Core 5/15, passed_count 18)
 28.40% of Permutation test rounds,  94.74% of Permutation tests (Core 7/15, passed_count 18)
 28.41% of Permutation test rounds,  94.74% of Permutation tests (Core 3/15, passed_count 18)
 28.42% of Permutation test rounds,  94.74% of Permutation tests (Core 0/15, passed_count 18)
 28.43% of Permutation test rounds,  94.74% of Permutation tests (Core 13/15, passed_count 18)
 28.44% of Permutation test rounds,  94.74% of Permutation tests (Core 8/15, passed_count 18)
 28.45% of Permutation test rounds,  94.74% of Permutation tests (Core 11/15, passed_count 18)
 28.46% of Permutation test rounds,  94.74% of Permutation tests (Core 14/15, passed_count 18)
 28.47% of Permutation test rounds,  94.74% of Permutation tests (Core 12/15, passed_count 18)
 28.48% of Permutation test rounds,  94.74% of Permutation tests (Core 10/15, passed_count 18)
 28.49% of Permutation test rounds,  94.74% of Permutation tests (Core 9/15, passed_count 18)
 28.50% of Permutation test rounds,  94.74% of Permutation tests (Core 6/15, passed_count 18)
 28.51% of Permutation test rounds,  94.74% of Permutation tests (Core 15/15, passed_count 18)
 28.52% of Permutation test rounds,  94.74% of Permutation tests (Core 1/15, passed_count 18)
 28.53% of Permutation test rounds,  94.74% of Permutation tests (Core 4/15, passed_count 18)
 28.54% of Permutation test rounds,  94.74% of Permutation tests (Core 2/15, passed_count 18)
 28.55% of Permutation test rounds,  94.74% of Permutation tests (Core 5/15, passed_count 18)
 28.56% of Permutation test rounds,  94.74% of Permutation tests (Core 7/15, passed_count 18)
 28.57% of Permutation test rounds,  94.74% of Permutation tests (Core 3/15, passed_count 18)
 28.58% of Permutation test rounds,  94.74% of Permutation tests (Core 0/15, passed_count 18)
 28.59% of Permutation test rounds,  94.74% of Permutation tests (Core 13/15, passed_count 18)
 28.60% of Permutation test rounds,  94.74% of Permutation tests (Core 8/15, passed_count 18)
 28.61% of Permutation test rounds,  94.74% of Permutation tests (Core 11/15, passed_count 18)
 28.62% of Permutation test rounds,  94.74% of Permutation tests (Core 14/15, passed_count 18)
 28.63% of Permutation test rounds,  94.74% of Permutation tests (Core 12/15, passed_count 18)
 28.64% of Permutation test rounds,  94.74% of Permutation tests (Core 10/15, passed_count 18)
 28.65% of Permutation test rounds,  94.74% of Permutation tests (Core 9/15, passed_count 18)
 28.66% of Permutation test rounds,  94.74% of Permutation tests (Core 6/15, passed_count 18)
 28.67% of Permutation test rounds,  94.74% of Permutation tests (Core 15/15, passed_count 18)
 28.68% of Permutation test rounds,  94.74% of Permutation tests (Core 1/15, passed_count 18)
 28.69% of Permutation test rounds,  94.74% of Permutation tests (Core 4/15, passed_count 18)
 28.70% of Permutation test rounds,  94.74% of Permutation tests (Core 2/15, passed_count 18)
 28.71% of Permutation test rounds,  94.74% of Permutation tests (Core 5/15, passed_count 18)
 28.72% of Permutation test rounds,  94.74% of Permutation tests (Core 7/15, passed_count 18)
 28.73% of Permutation test rounds,  94.74% of Permutation tests (Core 3/15, passed_count 18)
 28.74% of Permutation test rounds,  94.74% of Permutation tests (Core 0/15, passed_count 18)
 28.75% of Permutation test rounds,  94.74% of Permutation tests (Core 13/15, passed_count 18)
 28.76% of Permutation test rounds,  94.74% of Permutation tests (Core 8/15, passed_count 18)
 28.77% of Permutation test rounds,  94.74% of Permutation tests (Core 11/15, passed_count 18)
 28.78% of Permutation test rounds,  94.74% of Permutation tests (Core 14/15, passed_count 18)
 28.79% of Permutation test rounds,  94.74% of Permutation tests (Core 12/15, passed_count 18)
 28.80% of Permutation test rounds,  94.74% of Permutation tests (Core 10/15, passed_count 18)
 28.81% of Permutation test rounds,  94.74% of Permutation tests (Core 9/15, passed_count 18)
 28.82% of Permutation test rounds,  94.74% of Permutation tests (Core 6/15, passed_count 18)
 28.83% of Permutation test rounds,  94.74% of Permutation tests (Core 15/15, passed_count 18)
 28.84% of Permutation test rounds,  94.74% of Permutation tests (Core 1/15, passed_count 18)
 28.85% of Permutation test rounds,  94.74% of Permutation tests (Core 4/15, passed_count 18)
 28.86% of Permutation test rounds,  94.74% of Permutation tests (Core 5/15, passed_count 18)
 28.87% of Permutation test rounds,  94.74% of Permutation tests (Core 2/15, passed_count 18)
 28.88% of Permutation test rounds,  94.74% of Permutation tests (Core 7/15, passed_count 18)
 28.89% of Permutation test rounds,  94.74% of Permutation tests (Core 3/15, passed_count 18)
 28.90% of Permutation test rounds,  94.74% of Permutation tests (Core 13/15, passed_count 18)
 28.91% of Permutation test rounds,  94.74% of Permutation tests (Core 0/15, passed_count 18)
 28.92% of Permutation test rounds,  94.74% of Permutation tests (Core 8/15, passed_count 18)
 28.93% of Permutation test rounds,  94.74% of Permutation tests (Core 11/15, passed_count 18)
 28.94% of Permutation test rounds,  94.74% of Permutation tests (Core 14/15, passed_count 18)
 28.95% of Permutation test rounds,  94.74% of Permutation tests (Core 12/15, passed_count 18)
 28.96% of Permutation test rounds,  94.74% of Permutation tests (Core 10/15, passed_count 18)
 28.97% of Permutation test rounds,  94.74% of Permutation tests (Core 9/15, passed_count 18)
 28.98% of Permutation test rounds,  94.74% of Permutation tests (Core 6/15, passed_count 18)
 28.99% of Permutation test rounds,  94.74% of Permutation tests (Core 15/15, passed_count 18)
 29.00% of Permutation test rounds,  94.74% of Permutation tests (Core 1/15, passed_count 18)
 29.01% of Permutation test rounds,  94.74% of Permutation tests (Core 4/15, passed_count 18)
 29.02% of Permutation test rounds,  94.74% of Permutation tests (Core 5/15, passed_count 18)
 29.03% of Permutation test rounds,  94.74% of Permutation tests (Core 2/15, passed_count 18)
 29.04% of Permutation test rounds,  94.74% of Permutation tests (Core 7/15, passed_count 18)
 29.05% of Permutation test rounds,  94.74% of Permutation tests (Core 3/15, passed_count 18)
 29.06% of Permutation test rounds,  94.74% of Permutation tests (Core 13/15, passed_count 18)
 29.07% of Permutation test rounds,  94.74% of Permutation tests (Core 0/15, passed_count 18)
 29.08% of Permutation test rounds,  94.74% of Permutation tests (Core 8/15, passed_count 18)
 29.09% of Permutation test rounds,  94.74% of Permutation tests (Core 11/15, passed_count 18)
 29.10% of Permutation test rounds,  94.74% of Permutation tests (Core 14/15, passed_count 18)
 29.11% of Permutation test rounds,  94.74% of Permutation tests (Core 12/15, passed_count 18)
 29.12% of Permutation test rounds,  94.74% of Permutation tests (Core 10/15, passed_count 18)
 29.13% of Permutation test rounds,  94.74% of Permutation tests (Core 9/15, passed_count 18)
 29.14% of Permutation test rounds,  94.74% of Permutation tests (Core 6/15, passed_count 18)
 29.15% of Permutation test rounds,  94.74% of Permutation tests (Core 6/15, passed_count 18)
 29.16% of Permutation test rounds,  94.74% of Permutation tests (Core 1/15, passed_count 18)
 29.17% of Permutation test rounds,  94.74% of Permutation tests (Core 4/15, passed_count 18)
 29.18% of Permutation test rounds,  94.74% of Permutation tests (Core 5/15, passed_count 18)
 29.19% of Permutation test rounds,  94.74% of Permutation tests (Core 2/15, passed_count 18)
 29.20% of Permutation test rounds,  94.74% of Permutation tests (Core 7/15, passed_count 18)
 29.21% of Permutation test rounds,  94.74% of Permutation tests (Core 3/15, passed_count 18)
 29.22% of Permutation test rounds,  94.74% of Permutation tests (Core 13/15, passed_count 18)
 29.23% of Permutation test rounds,  94.74% of Permutation tests (Core 0/15, passed_count 18)
 29.24% of Permutation test rounds,  94.74% of Permutation tests (Core 8/15, passed_count 18)
 29.25% of Permutation test rounds,  94.74% of Permutation tests (Core 11/15, passed_count 18)
 29.26% of Permutation test rounds,  94.74% of Permutation tests (Core 14/15, passed_count 18)
 29.27% of Permutation test rounds,  94.74% of Permutation tests (Core 12/15, passed_count 18)
 29.28% of Permutation test rounds,  94.74% of Permutation tests (Core 10/15, passed_count 18)
 29.29% of Permutation test rounds,  94.74% of Permutation tests (Core 9/15, passed_count 18)
 29.30% of Permutation test rounds,  94.74% of Permutation tests (Core 15/15, passed_count 18)
 29.31% of Permutation test rounds,  94.74% of Permutation tests (Core 1/15, passed_count 18)
 29.32% of Permutation test rounds,  94.74% of Permutation tests (Core 6/15, passed_count 18)
 29.33% of Permutation test rounds,  94.74% of Permutation tests (Core 4/15, passed_count 18)
 29.34% of Permutation test rounds,  94.74% of Permutation tests (Core 5/15, passed_count 18)
 29.35% of Permutation test rounds,  94.74% of Permutation tests (Core 2/15, passed_count 18)
 29.36% of Permutation test rounds,  94.74% of Permutation tests (Core 7/15, passed_count 18)
 29.37% of Permutation test rounds,  94.74% of Permutation tests (Core 3/15, passed_count 18)
 29.38% of Permutation test rounds,  94.74% of Permutation tests (Core 13/15, passed_count 18)
 29.39% of Permutation test rounds,  94.74% of Permutation tests (Core 8/15, passed_count 18)
 29.40% of Permutation test rounds,  94.74% of Permutation tests (Core 0/15, passed_count 18)
 29.41% of Permutation test rounds,  94.74% of Permutation tests (Core 11/15, passed_count 18)
 29.42% of Permutation test rounds,  94.74% of Permutation tests (Core 14/15, passed_count 18)
 29.43% of Permutation test rounds,  94.74% of Permutation tests (Core 12/15, passed_count 18)
 29.44% of Permutation test rounds,  94.74% of Permutation tests (Core 10/15, passed_count 18)
 29.45% of Permutation test rounds,  94.74% of Permutation tests (Core 9/15, passed_count 18)
 29.46% of Permutation test rounds,  94.74% of Permutation tests (Core 15/15, passed_count 18)
 29.47% of Permutation test rounds,  94.74% of Permutation tests (Core 1/15, passed_count 18)
 29.48% of Permutation test rounds,  94.74% of Permutation tests (Core 6/15, passed_count 18)
 29.49% of Permutation test rounds,  94.74% of Permutation tests (Core 4/15, passed_count 18)
 29.50% of Permutation test rounds,  94.74% of Permutation tests (Core 5/15, passed_count 18)
 29.51% of Permutation test rounds,  94.74% of Permutation tests (Core 2/15, passed_count 18)
 29.52% of Permutation test rounds,  94.74% of Permutation tests (Core 7/15, passed_count 18)
 29.53% of Permutation test rounds,  94.74% of Permutation tests (Core 3/15, passed_count 18)
 29.54% of Permutation test rounds,  94.74% of Permutation tests (Core 13/15, passed_count 18)
 29.55% of Permutation test rounds,  94.74% of Permutation tests (Core 8/15, passed_count 18)
 29.56% of Permutation test rounds,  94.74% of Permutation tests (Core 0/15, passed_count 18)
 29.57% of Permutation test rounds,  94.74% of Permutation tests (Core 11/15, passed_count 18)
 29.58% of Permutation test rounds,  94.74% of Permutation tests (Core 14/15, passed_count 18)
 29.59% of Permutation test rounds,  94.74% of Permutation tests (Core 12/15, passed_count 18)
 29.60% of Permutation test rounds,  94.74% of Permutation tests (Core 10/15, passed_count 18)
 29.61% of Permutation test rounds,  94.74% of Permutation tests (Core 9/15, passed_count 18)
 29.62% of Permutation test rounds,  94.74% of Permutation tests (Core 15/15, passed_count 18)
 29.63% of Permutation test rounds,  94.74% of Permutation tests (Core 1/15, passed_count 18)
 29.64% of Permutation test rounds,  94.74% of Permutation tests (Core 6/15, passed_count 18)
 29.65% of Permutation test rounds,  94.74% of Permutation tests (Core 4/15, passed_count 18)
 29.66% of Permutation test rounds,  94.74% of Permutation tests (Core 5/15, passed_count 18)
 29.67% of Permutation test rounds,  94.74% of Permutation tests (Core 2/15, passed_count 18)
 29.68% of Permutation test rounds,  94.74% of Permutation tests (Core 7/15, passed_count 18)
 29.69% of Permutation test rounds,  94.74% of Permutation tests (Core 3/15, passed_count 18)
 29.70% of Permutation test rounds,  94.74% of Permutation tests (Core 13/15, passed_count 18)
 29.71% of Permutation test rounds,  94.74% of Permutation tests (Core 8/15, passed_count 18)
 29.72% of Permutation test rounds,  94.74% of Permutation tests (Core 0/15, passed_count 18)
 29.73% of Permutation test rounds,  94.74% of Permutation tests (Core 11/15, passed_count 18)
 29.74% of Permutation test rounds,  94.74% of Permutation tests (Core 14/15, passed_count 18)
 29.75% of Permutation test rounds,  94.74% of Permutation tests (Core 12/15, passed_count 18)
 29.76% of Permutation test rounds,  94.74% of Permutation tests (Core 10/15, passed_count 18)
 29.77% of Permutation test rounds,  94.74% of Permutation tests (Core 9/15, passed_count 18)
 29.78% of Permutation test rounds,  94.74% of Permutation tests (Core 15/15, passed_count 18)
 29.79% of Permutation test rounds,  94.74% of Permutation tests (Core 1/15, passed_count 18)
 29.80% of Permutation test rounds,  94.74% of Permutation tests (Core 6/15, passed_count 18)
 29.81% of Permutation test rounds,  94.74% of Permutation tests (Core 4/15, passed_count 18)
 29.82% of Permutation test rounds,  94.74% of Permutation tests (Core 5/15, passed_count 18)
 29.83% of Permutation test rounds,  94.74% of Permutation tests (Core 2/15, passed_count 18)
 29.84% of Permutation test rounds,  94.74% of Permutation tests (Core 7/15, passed_count 18)
 29.85% of Permutation test rounds,  94.74% of Permutation tests (Core 3/15, passed_count 18)
 29.86% of Permutation test rounds,  94.74% of Permutation tests (Core 13/15, passed_count 18)
 29.87% of Permutation test rounds,  94.74% of Permutation tests (Core 8/15, passed_count 18)
 29.88% of Permutation test rounds,  94.74% of Permutation tests (Core 0/15, passed_count 18)
 29.89% of Permutation test rounds,  94.74% of Permutation tests (Core 14/15, passed_count 18)
 29.90% of Permutation test rounds,  94.74% of Permutation tests (Core 11/15, passed_count 18)
 29.91% of Permutation test rounds,  94.74% of Permutation tests (Core 12/15, passed_count 18)
 29.92% of Permutation test rounds,  94.74% of Permutation tests (Core 10/15, passed_count 18)
 29.93% of Permutation test rounds,  94.74% of Permutation tests (Core 9/15, passed_count 18)
 29.94% of Permutation test rounds,  94.74% of Permutation tests (Core 15/15, passed_count 18)
 29.95% of Permutation test rounds,  94.74% of Permutation tests (Core 1/15, passed_count 18)
 29.96% of Permutation test rounds,  94.74% of Permutation tests (Core 6/15, passed_count 18)
 29.97% of Permutation test rounds,  94.74% of Permutation tests (Core 4/15, passed_count 18)
 29.98% of Permutation test rounds,  94.74% of Permutation tests (Core 5/15, passed_count 18)
 29.99% of Permutation test rounds,  94.74% of Permutation tests (Core 2/15, passed_count 18)
 30.00% of Permutation test rounds,  94.74% of Permutation tests (Core 7/15, passed_count 18)
 30.01% of Permutation test rounds,  94.74% of Permutation tests (Core 3/15, passed_count 18)
 30.02% of Permutation test rounds,  94.74% of Permutation tests (Core 13/15, passed_count 18)
 30.03% of Permutation test rounds,  94.74% of Permutation tests (Core 8/15, passed_count 18)
 30.04% of Permutation test rounds,  94.74% of Permutation tests (Core 0/15, passed_count 18)
 30.05% of Permutation test rounds,  94.74% of Permutation tests (Core 14/15, passed_count 18)
 30.06% of Permutation test rounds,  94.74% of Permutation tests (Core 11/15, passed_count 18)
 30.07% of Permutation test rounds,  94.74% of Permutation tests (Core 12/15, passed_count 18)
 30.08% of Permutation test rounds,  94.74% of Permutation tests (Core 10/15, passed_count 18)
 30.09% of Permutation test rounds,  94.74% of Permutation tests (Core 9/15, passed_count 18)
 30.10% of Permutation test rounds,  94.74% of Permutation tests (Core 15/15, passed_count 18)
 30.11% of Permutation test rounds,  94.74% of Permutation tests (Core 1/15, passed_count 18)
 30.12% of Permutation test rounds,  94.74% of Permutation tests (Core 6/15, passed_count 18)
 30.13% of Permutation test rounds,  94.74% of Permutation tests (Core 4/15, passed_count 18)
 30.14% of Permutation test rounds,  94.74% of Permutation tests (Core 5/15, passed_count 18)
 30.15% of Permutation test rounds,  94.74% of Permutation tests (Core 2/15, passed_count 18)
 30.16% of Permutation test rounds,  94.74% of Permutation tests (Core 7/15, passed_count 18)
 30.17% of Permutation test rounds,  94.74% of Permutation tests (Core 3/15, passed_count 18)
 30.18% of Permutation test rounds,  94.74% of Permutation tests (Core 13/15, passed_count 18)
 30.19% of Permutation test rounds,  94.74% of Permutation tests (Core 8/15, passed_count 18)
 30.20% of Permutation test rounds,  94.74% of Permutation tests (Core 0/15, passed_count 18)
 30.21% of Permutation test rounds,  94.74% of Permutation tests (Core 14/15, passed_count 18)
 30.22% of Permutation test rounds,  94.74% of Permutation tests (Core 11/15, passed_count 18)
 30.23% of Permutation test rounds,  94.74% of Permutation tests (Core 12/15, passed_count 18)
 30.24% of Permutation test rounds,  94.74% of Permutation tests (Core 10/15, passed_count 18)
 30.25% of Permutation test rounds,  94.74% of Permutation tests (Core 9/15, passed_count 18)
 30.26% of Permutation test rounds,  94.74% of Permutation tests (Core 15/15, passed_count 18)
 30.27% of Permutation test rounds,  94.74% of Permutation tests (Core 1/15, passed_count 18)
 30.28% of Permutation test rounds,  94.74% of Permutation tests (Core 6/15, passed_count 18)
 30.29% of Permutation test rounds,  94.74% of Permutation tests (Core 4/15, passed_count 18)
 30.30% of Permutation test rounds,  94.74% of Permutation tests (Core 5/15, passed_count 18)
 30.31% of Permutation test rounds,  94.74% of Permutation tests (Core 2/15, passed_count 18)
 30.32% of Permutation test rounds,  94.74% of Permutation tests (Core 7/15, passed_count 18)
 30.33% of Permutation test rounds,  94.74% of Permutation tests (Core 3/15, passed_count 18)
 30.34% of Permutation test rounds,  94.74% of Permutation tests (Core 13/15, passed_count 18)
 30.35% of Permutation test rounds,  94.74% of Permutation tests (Core 8/15, passed_count 18)
 30.36% of Permutation test rounds,  94.74% of Permutation tests (Core 0/15, passed_count 18)
 30.37% of Permutation test rounds,  94.74% of Permutation tests (Core 14/15, passed_count 18)
 30.38% of Permutation test rounds,  94.74% of Permutation tests (Core 11/15, passed_count 18)
 30.39% of Permutation test rounds,  94.74% of Permutation tests (Core 12/15, passed_count 18)
 30.40% of Permutation test rounds,  94.74% of Permutation tests (Core 10/15, passed_count 18)
 30.41% of Permutation test rounds,  94.74% of Permutation tests (Core 9/15, passed_count 18)
 30.42% of Permutation test rounds,  94.74% of Permutation tests (Core 15/15, passed_count 18)
 30.43% of Permutation test rounds,  94.74% of Permutation tests (Core 1/15, passed_count 18)
 30.44% of Permutation test rounds,  94.74% of Permutation tests (Core 6/15, passed_count 18)
 30.45% of Permutation test rounds,  94.74% of Permutation tests (Core 4/15, passed_count 18)
 30.46% of Permutation test rounds,  94.74% of Permutation tests (Core 5/15, passed_count 18)
 30.47% of Permutation test rounds,  94.74% of Permutation tests (Core 2/15, passed_count 18)
 30.48% of Permutation test rounds,  94.74% of Permutation tests (Core 7/15, passed_count 18)
 30.49% of Permutation test rounds,  94.74% of Permutation tests (Core 13/15, passed_count 18)
 30.50% of Permutation test rounds,  94.74% of Permutation tests (Core 3/15, passed_count 18)
 30.51% of Permutation test rounds,  94.74% of Permutation tests (Core 8/15, passed_count 18)
 30.52% of Permutation test rounds,  94.74% of Permutation tests (Core 0/15, passed_count 18)
 30.53% of Permutation test rounds,  94.74% of Permutation tests (Core 14/15, passed_count 18)
 30.54% of Permutation test rounds,  94.74% of Permutation tests (Core 11/15, passed_count 18)
 30.55% of Permutation test rounds,  94.74% of Permutation tests (Core 12/15, passed_count 18)
 30.56% of Permutation test rounds,  94.74% of Permutation tests (Core 10/15, passed_count 18)
 30.57% of Permutation test rounds,  94.74% of Permutation tests (Core 9/15, passed_count 18)
 30.58% of Permutation test rounds,  94.74% of Permutation tests (Core 15/15, passed_count 18)
 30.59% of Permutation test rounds,  94.74% of Permutation tests (Core 1/15, passed_count 18)
 30.60% of Permutation test rounds,  94.74% of Permutation tests (Core 6/15, passed_count 18)
 30.61% of Permutation test rounds,  94.74% of Permutation tests (Core 4/15, passed_count 18)
 30.62% of Permutation test rounds,  94.74% of Permutation tests (Core 5/15, passed_count 18)
 30.63% of Permutation test rounds,  94.74% of Permutation tests (Core 2/15, passed_count 18)
 30.64% of Permutation test rounds,  94.74% of Permutation tests (Core 7/15, passed_count 18)
 30.65% of Permutation test rounds,  94.74% of Permutation tests (Core 13/15, passed_count 18)
 30.66% of Permutation test rounds,  94.74% of Permutation tests (Core 3/15, passed_count 18)
 30.67% of Permutation test rounds,  94.74% of Permutation tests (Core 8/15, passed_count 18)
 30.68% of Permutation test rounds,  94.74% of Permutation tests (Core 0/15, passed_count 18)
 30.69% of Permutation test rounds,  94.74% of Permutation tests (Core 14/15, passed_count 18)
 30.70% of Permutation test rounds,  94.74% of Permutation tests (Core 11/15, passed_count 18)
 30.71% of Permutation test rounds,  94.74% of Permutation tests (Core 12/15, passed_count 18)
 30.72% of Permutation test rounds,  94.74% of Permutation tests (Core 10/15, passed_count 18)
 30.73% of Permutation test rounds,  94.74% of Permutation tests (Core 9/15, passed_count 18)
 30.74% of Permutation test rounds,  94.74% of Permutation tests (Core 15/15, passed_count 18)
 30.75% of Permutation test rounds,  94.74% of Permutation tests (Core 1/15, passed_count 18)
 30.76% of Permutation test rounds,  94.74% of Permutation tests (Core 6/15, passed_count 18)
 30.77% of Permutation test rounds,  94.74% of Permutation tests (Core 4/15, passed_count 18)
 30.78% of Permutation test rounds,  94.74% of Permutation tests (Core 5/15, passed_count 18)
 30.79% of Permutation test rounds,  94.74% of Permutation tests (Core 2/15, passed_count 18)
 30.80% of Permutation test rounds,  94.74% of Permutation tests (Core 7/15, passed_count 18)
 30.81% of Permutation test rounds,  94.74% of Permutation tests (Core 13/15, passed_count 18)
 30.82% of Permutation test rounds,  94.74% of Permutation tests (Core 3/15, passed_count 18)
 30.83% of Permutation test rounds,  94.74% of Permutation tests (Core 8/15, passed_count 18)
 30.84% of Permutation test rounds,  94.74% of Permutation tests (Core 0/15, passed_count 18)
 30.85% of Permutation test rounds,  94.74% of Permutation tests (Core 14/15, passed_count 18)
 30.86% of Permutation test rounds,  94.74% of Permutation tests (Core 11/15, passed_count 18)
 30.87% of Permutation test rounds,  94.74% of Permutation tests (Core 12/15, passed_count 18)
 30.88% of Permutation test rounds,  94.74% of Permutation tests (Core 10/15, passed_count 18)
 30.89% of Permutation test rounds,  94.74% of Permutation tests (Core 9/15, passed_count 18)
 30.90% of Permutation test rounds,  94.74% of Permutation tests (Core 15/15, passed_count 18)
 30.91% of Permutation test rounds,  94.74% of Permutation tests (Core 1/15, passed_count 18)
 30.92% of Permutation test rounds,  94.74% of Permutation tests (Core 6/15, passed_count 18)
 30.93% of Permutation test rounds,  94.74% of Permutation tests (Core 4/15, passed_count 18)
 30.94% of Permutation test rounds,  94.74% of Permutation tests (Core 5/15, passed_count 18)
 30.95% of Permutation test rounds,  94.74% of Permutation tests (Core 2/15, passed_count 18)
 30.96% of Permutation test rounds,  94.74% of Permutation tests (Core 7/15, passed_count 18)
 30.97% of Permutation test rounds,  94.74% of Permutation tests (Core 13/15, passed_count 18)
 30.98% of Permutation test rounds,  94.74% of Permutation tests (Core 3/15, passed_count 18)
 30.99% of Permutation test rounds,  94.74% of Permutation tests (Core 8/15, passed_count 18)
 31.00% of Permutation test rounds,  94.74% of Permutation tests (Core 8/15, passed_count 18)
 31.01% of Permutation test rounds,  94.74% of Permutation tests (Core 14/15, passed_count 18)
 31.02% of Permutation test rounds,  94.74% of Permutation tests (Core 11/15, passed_count 18)
 31.03% of Permutation test rounds,  94.74% of Permutation tests (Core 12/15, passed_count 18)
 31.04% of Permutation test rounds,  94.74% of Permutation tests (Core 10/15, passed_count 18)
 31.05% of Permutation test rounds,  94.74% of Permutation tests (Core 9/15, passed_count 18)
 31.06% of Permutation test rounds,  94.74% of Permutation tests (Core 15/15, passed_count 18)
 31.07% of Permutation test rounds,  94.74% of Permutation tests (Core 1/15, passed_count 18)
 31.08% of Permutation test rounds,  94.74% of Permutation tests (Core 6/15, passed_count 18)
 31.09% of Permutation test rounds,  94.74% of Permutation tests (Core 4/15, passed_count 18)
 31.10% of Permutation test rounds,  94.74% of Permutation tests (Core 5/15, passed_count 18)
 31.11% of Permutation test rounds,  94.74% of Permutation tests (Core 2/15, passed_count 18)
 31.12% of Permutation test rounds,  94.74% of Permutation tests (Core 7/15, passed_count 18)
 31.13% of Permutation test rounds,  94.74% of Permutation tests (Core 13/15, passed_count 18)
 31.14% of Permutation test rounds,  94.74% of Permutation tests (Core 3/15, passed_count 18)
 31.15% of Permutation test rounds,  94.74% of Permutation tests (Core 0/15, passed_count 18)
 31.16% of Permutation test rounds,  94.74% of Permutation tests (Core 8/15, passed_count 18)
 31.17% of Permutation test rounds,  94.74% of Permutation tests (Core 14/15, passed_count 18)
 31.18% of Permutation test rounds,  94.74% of Permutation tests (Core 11/15, passed_count 18)
 31.19% of Permutation test rounds,  94.74% of Permutation tests (Core 12/15, passed_count 18)
 31.20% of Permutation test rounds,  94.74% of Permutation tests (Core 10/15, passed_count 18)
 31.21% of Permutation test rounds,  94.74% of Permutation tests (Core 9/15, passed_count 18)
 31.22% of Permutation test rounds,  94.74% of Permutation tests (Core 15/15, passed_count 18)
 31.23% of Permutation test rounds,  94.74% of Permutation tests (Core 1/15, passed_count 18)
 31.24% of Permutation test rounds,  94.74% of Permutation tests (Core 6/15, passed_count 18)
 31.25% of Permutation test rounds,  94.74% of Permutation tests (Core 4/15, passed_count 18)
 31.26% of Permutation test rounds,  94.74% of Permutation tests (Core 5/15, passed_count 18)
 31.27% of Permutation test rounds,  94.74% of Permutation tests (Core 2/15, passed_count 18)
 31.28% of Permutation test rounds,  94.74% of Permutation tests (Core 7/15, passed_count 18)
 31.29% of Permutation test rounds,  94.74% of Permutation tests (Core 13/15, passed_count 18)
 31.30% of Permutation test rounds,  94.74% of Permutation tests (Core 3/15, passed_count 18)
 31.31% of Permutation test rounds,  94.74% of Permutation tests (Core 0/15, passed_count 18)
 31.32% of Permutation test rounds,  94.74% of Permutation tests (Core 8/15, passed_count 18)
 31.33% of Permutation test rounds,  94.74% of Permutation tests (Core 14/15, passed_count 18)
 31.34% of Permutation test rounds,  94.74% of Permutation tests (Core 11/15, passed_count 18)
 31.35% of Permutation test rounds,  94.74% of Permutation tests (Core 12/15, passed_count 18)
 31.36% of Permutation test rounds,  94.74% of Permutation tests (Core 10/15, passed_count 18)
 31.37% of Permutation test rounds,  94.74% of Permutation tests (Core 9/15, passed_count 18)
 31.38% of Permutation test rounds,  94.74% of Permutation tests (Core 15/15, passed_count 18)
 31.39% of Permutation test rounds,  94.74% of Permutation tests (Core 1/15, passed_count 18)
 31.40% of Permutation test rounds,  94.74% of Permutation tests (Core 6/15, passed_count 18)
 31.41% of Permutation test rounds,  94.74% of Permutation tests (Core 4/15, passed_count 18)
 31.42% of Permutation test rounds,  94.74% of Permutation tests (Core 5/15, passed_count 18)
 31.43% of Permutation test rounds,  94.74% of Permutation tests (Core 2/15, passed_count 18)
 31.44% of Permutation test rounds,  94.74% of Permutation tests (Core 7/15, passed_count 18)
 31.45% of Permutation test rounds,  94.74% of Permutation tests (Core 13/15, passed_count 18)
 31.46% of Permutation test rounds,  94.74% of Permutation tests (Core 3/15, passed_count 18)
 31.47% of Permutation test rounds,  94.74% of Permutation tests (Core 0/15, passed_count 18)
 31.48% of Permutation test rounds,  94.74% of Permutation tests (Core 8/15, passed_count 18)
 31.49% of Permutation test rounds,  94.74% of Permutation tests (Core 14/15, passed_count 18)
 31.50% of Permutation test rounds,  94.74% of Permutation tests (Core 11/15, passed_count 18)
 31.51% of Permutation test rounds,  94.74% of Permutation tests (Core 12/15, passed_count 18)
 31.52% of Permutation test rounds,  94.74% of Permutation tests (Core 10/15, passed_count 18)
 31.53% of Permutation test rounds,  94.74% of Permutation tests (Core 9/15, passed_count 18)
 31.54% of Permutation test rounds,  94.74% of Permutation tests (Core 15/15, passed_count 18)
 31.55% of Permutation test rounds,  94.74% of Permutation tests (Core 1/15, passed_count 18)
 31.56% of Permutation test rounds,  94.74% of Permutation tests (Core 6/15, passed_count 18)
 31.57% of Permutation test rounds,  94.74% of Permutation tests (Core 4/15, passed_count 18)
 31.58% of Permutation test rounds,  94.74% of Permutation tests (Core 5/15, passed_count 18)
 31.59% of Permutation test rounds,  94.74% of Permutation tests (Core 2/15, passed_count 18)
 31.60% of Permutation test rounds,  94.74% of Permutation tests (Core 7/15, passed_count 18)
 31.61% of Permutation test rounds,  94.74% of Permutation tests (Core 13/15, passed_count 18)
 31.62% of Permutation test rounds,  94.74% of Permutation tests (Core 3/15, passed_count 18)
 31.63% of Permutation test rounds,  94.74% of Permutation tests (Core 0/15, passed_count 18)
 31.64% of Permutation test rounds,  94.74% of Permutation tests (Core 8/15, passed_count 18)
 31.65% of Permutation test rounds,  94.74% of Permutation tests (Core 14/15, passed_count 18)
 31.66% of Permutation test rounds,  94.74% of Permutation tests (Core 11/15, passed_count 18)
 31.67% of Permutation test rounds,  94.74% of Permutation tests (Core 12/15, passed_count 18)
 31.68% of Permutation test rounds,  94.74% of Permutation tests (Core 10/15, passed_count 18)
 31.69% of Permutation test rounds,  94.74% of Permutation tests (Core 9/15, passed_count 18)
 31.70% of Permutation test rounds,  94.74% of Permutation tests (Core 15/15, passed_count 18)
 31.71% of Permutation test rounds,  94.74% of Permutation tests (Core 1/15, passed_count 18)
 31.72% of Permutation test rounds,  94.74% of Permutation tests (Core 6/15, passed_count 18)
 31.73% of Permutation test rounds,  94.74% of Permutation tests (Core 4/15, passed_count 18)
 31.74% of Permutation test rounds,  94.74% of Permutation tests (Core 5/15, passed_count 18)
 31.75% of Permutation test rounds,  94.74% of Permutation tests (Core 2/15, passed_count 18)
 31.76% of Permutation test rounds,  94.74% of Permutation tests (Core 7/15, passed_count 18)
 31.77% of Permutation test rounds,  94.74% of Permutation tests (Core 13/15, passed_count 18)
 31.78% of Permutation test rounds,  94.74% of Permutation tests (Core 3/15, passed_count 18)
 31.79% of Permutation test rounds,  94.74% of Permutation tests (Core 0/15, passed_count 18)
 31.80% of Permutation test rounds,  94.74% of Permutation tests (Core 8/15, passed_count 18)
 31.81% of Permutation test rounds,  94.74% of Permutation tests (Core 14/15, passed_count 18)
 31.82% of Permutation test rounds,  94.74% of Permutation tests (Core 11/15, passed_count 18)
 31.83% of Permutation test rounds,  94.74% of Permutation tests (Core 12/15, passed_count 18)
 31.84% of Permutation test rounds,  94.74% of Permutation tests (Core 10/15, passed_count 18)
 31.85% of Permutation test rounds,  94.74% of Permutation tests (Core 9/15, passed_count 18)
 31.86% of Permutation test rounds,  94.74% of Permutation tests (Core 1/15, passed_count 18)
 31.87% of Permutation test rounds,  94.74% of Permutation tests (Core 15/15, passed_count 18)
 31.88% of Permutation test rounds,  94.74% of Permutation tests (Core 6/15, passed_count 18)
 31.89% of Permutation test rounds,  94.74% of Permutation tests (Core 4/15, passed_count 18)
 31.90% of Permutation test rounds,  94.74% of Permutation tests (Core 5/15, passed_count 18)
 31.91% of Permutation test rounds,  94.74% of Permutation tests (Core 2/15, passed_count 18)
 31.92% of Permutation test rounds,  94.74% of Permutation tests (Core 7/15, passed_count 18)
 31.93% of Permutation test rounds,  94.74% of Permutation tests (Core 13/15, passed_count 18)
 31.94% of Permutation test rounds,  94.74% of Permutation tests (Core 3/15, passed_count 18)
 31.95% of Permutation test rounds,  94.74% of Permutation tests (Core 0/15, passed_count 18)
 31.96% of Permutation test rounds,  94.74% of Permutation tests (Core 8/15, passed_count 18)
 31.97% of Permutation test rounds,  94.74% of Permutation tests (Core 14/15, passed_count 18)
 31.98% of Permutation test rounds,  94.74% of Permutation tests (Core 11/15, passed_count 18)
 31.99% of Permutation test rounds,  94.74% of Permutation tests (Core 12/15, passed_count 18)
 32.00% of Permutation test rounds,  94.74% of Permutation tests (Core 10/15, passed_count 18)
 32.01% of Permutation test rounds,  94.74% of Permutation tests (Core 9/15, passed_count 18)
 32.02% of Permutation test rounds,  94.74% of Permutation tests (Core 1/15, passed_count 18)
 32.03% of Permutation test rounds,  94.74% of Permutation tests (Core 15/15, passed_count 18)
 32.04% of Permutation test rounds,  94.74% of Permutation tests (Core 6/15, passed_count 18)
 32.05% of Permutation test rounds,  94.74% of Permutation tests (Core 4/15, passed_count 18)
 32.06% of Permutation test rounds,  94.74% of Permutation tests (Core 5/15, passed_count 18)
 32.07% of Permutation test rounds,  94.74% of Permutation tests (Core 2/15, passed_count 18)
 32.08% of Permutation test rounds,  94.74% of Permutation tests (Core 7/15, passed_count 18)
 32.09% of Permutation test rounds,  94.74% of Permutation tests (Core 13/15, passed_count 18)
 32.10% of Permutation test rounds,  94.74% of Permutation tests (Core 3/15, passed_count 18)
 32.11% of Permutation test rounds,  94.74% of Permutation tests (Core 0/15, passed_count 18)
 32.12% of Permutation test rounds,  94.74% of Permutation tests (Core 8/15, passed_count 18)
 32.13% of Permutation test rounds,  94.74% of Permutation tests (Core 14/15, passed_count 18)
 32.14% of Permutation test rounds,  94.74% of Permutation tests (Core 11/15, passed_count 18)
 32.15% of Permutation test rounds,  94.74% of Permutation tests (Core 12/15, passed_count 18)
 32.16% of Permutation test rounds,  94.74% of Permutation tests (Core 10/15, passed_count 18)
 32.17% of Permutation test rounds,  94.74% of Permutation tests (Core 9/15, passed_count 18)
 32.18% of Permutation test rounds,  94.74% of Permutation tests (Core 1/15, passed_count 18)
 32.19% of Permutation test rounds,  94.74% of Permutation tests (Core 15/15, passed_count 18)
 32.20% of Permutation test rounds,  94.74% of Permutation tests (Core 6/15, passed_count 18)
 32.21% of Permutation test rounds,  94.74% of Permutation tests (Core 4/15, passed_count 18)
 32.22% of Permutation test rounds,  94.74% of Permutation tests (Core 5/15, passed_count 18)
 32.23% of Permutation test rounds,  94.74% of Permutation tests (Core 2/15, passed_count 18)
 32.24% of Permutation test rounds,  94.74% of Permutation tests (Core 7/15, passed_count 18)
 32.25% of Permutation test rounds,  94.74% of Permutation tests (Core 13/15, passed_count 18)
 32.26% of Permutation test rounds,  94.74% of Permutation tests (Core 3/15, passed_count 18)
 32.27% of Permutation test rounds,  94.74% of Permutation tests (Core 0/15, passed_count 18)
 32.28% of Permutation test rounds,  94.74% of Permutation tests (Core 8/15, passed_count 18)
 32.29% of Permutation test rounds,  94.74% of Permutation tests (Core 14/15, passed_count 18)
 32.30% of Permutation test rounds,  94.74% of Permutation tests (Core 11/15, passed_count 18)
 32.31% of Permutation test rounds,  94.74% of Permutation tests (Core 12/15, passed_count 18)
 32.32% of Permutation test rounds,  94.74% of Permutation tests (Core 10/15, passed_count 18)
 32.33% of Permutation test rounds,  94.74% of Permutation tests (Core 9/15, passed_count 18)
 32.34% of Permutation test rounds,  94.74% of Permutation tests (Core 1/15, passed_count 18)
 32.35% of Permutation test rounds,  94.74% of Permutation tests (Core 15/15, passed_count 18)
 32.36% of Permutation test rounds,  94.74% of Permutation tests (Core 6/15, passed_count 18)
 32.37% of Permutation test rounds,  94.74% of Permutation tests (Core 4/15, passed_count 18)
 32.38% of Permutation test rounds,  94.74% of Permutation tests (Core 5/15, passed_count 18)
 32.39% of Permutation test rounds,  94.74% of Permutation tests (Core 2/15, passed_count 18)
 32.40% of Permutation test rounds,  94.74% of Permutation tests (Core 7/15, passed_count 18)
 32.41% of Permutation test rounds,  94.74% of Permutation tests (Core 13/15, passed_count 18)
 32.42% of Permutation test rounds,  94.74% of Permutation tests (Core 3/15, passed_count 18)
 32.43% of Permutation test rounds,  94.74% of Permutation tests (Core 0/15, passed_count 18)
 32.44% of Permutation test rounds,  94.74% of Permutation tests (Core 8/15, passed_count 18)
 32.45% of Permutation test rounds,  94.74% of Permutation tests (Core 14/15, passed_count 18)
 32.46% of Permutation test rounds,  94.74% of Permutation tests (Core 11/15, passed_count 18)
 32.47% of Permutation test rounds,  94.74% of Permutation tests (Core 12/15, passed_count 18)
 32.48% of Permutation test rounds,  94.74% of Permutation tests (Core 10/15, passed_count 18)
 32.49% of Permutation test rounds,  94.74% of Permutation tests (Core 9/15, passed_count 18)
 32.50% of Permutation test rounds,  94.74% of Permutation tests (Core 1/15, passed_count 18)
 32.51% of Permutation test rounds,  94.74% of Permutation tests (Core 15/15, passed_count 18)
 32.52% of Permutation test rounds,  94.74% of Permutation tests (Core 6/15, passed_count 18)
 32.53% of Permutation test rounds,  94.74% of Permutation tests (Core 4/15, passed_count 18)
 32.54% of Permutation test rounds,  94.74% of Permutation tests (Core 5/15, passed_count 18)
 32.55% of Permutation test rounds,  94.74% of Permutation tests (Core 2/15, passed_count 18)
 32.56% of Permutation test rounds,  94.74% of Permutation tests (Core 7/15, passed_count 18)
 32.57% of Permutation test rounds,  94.74% of Permutation tests (Core 7/15, passed_count 18)
 32.58% of Permutation test rounds,  94.74% of Permutation tests (Core 3/15, passed_count 18)
 32.59% of Permutation test rounds,  94.74% of Permutation tests (Core 0/15, passed_count 18)
 32.60% of Permutation test rounds,  94.74% of Permutation tests (Core 8/15, passed_count 18)
 32.61% of Permutation test rounds,  94.74% of Permutation tests (Core 14/15, passed_count 18)
 32.62% of Permutation test rounds,  94.74% of Permutation tests (Core 11/15, passed_count 18)
 32.63% of Permutation test rounds,  94.74% of Permutation tests (Core 12/15, passed_count 18)
 32.64% of Permutation test rounds,  94.74% of Permutation tests (Core 10/15, passed_count 18)
 32.65% of Permutation test rounds,  94.74% of Permutation tests (Core 9/15, passed_count 18)
 32.66% of Permutation test rounds,  94.74% of Permutation tests (Core 1/15, passed_count 18)
 32.67% of Permutation test rounds,  94.74% of Permutation tests (Core 15/15, passed_count 18)
 32.68% of Permutation test rounds,  94.74% of Permutation tests (Core 6/15, passed_count 18)
 32.69% of Permutation test rounds,  94.74% of Permutation tests (Core 4/15, passed_count 18)
 32.70% of Permutation test rounds,  94.74% of Permutation tests (Core 5/15, passed_count 18)
 32.71% of Permutation test rounds,  94.74% of Permutation tests (Core 2/15, passed_count 18)
 32.72% of Permutation test rounds,  94.74% of Permutation tests (Core 13/15, passed_count 18)
 32.73% of Permutation test rounds,  94.74% of Permutation tests (Core 7/15, passed_count 18)
 32.74% of Permutation test rounds,  94.74% of Permutation tests (Core 3/15, passed_count 18)
 32.75% of Permutation test rounds,  94.74% of Permutation tests (Core 0/15, passed_count 18)
 32.76% of Permutation test rounds,  94.74% of Permutation tests (Core 8/15, passed_count 18)
 32.77% of Permutation test rounds,  94.74% of Permutation tests (Core 14/15, passed_count 18)
 32.78% of Permutation test rounds,  94.74% of Permutation tests (Core 11/15, passed_count 18)
 32.79% of Permutation test rounds,  94.74% of Permutation tests (Core 12/15, passed_count 18)
 32.80% of Permutation test rounds,  94.74% of Permutation tests (Core 10/15, passed_count 18)
 32.81% of Permutation test rounds,  94.74% of Permutation tests (Core 9/15, passed_count 18)
 32.82% of Permutation test rounds,  94.74% of Permutation tests (Core 1/15, passed_count 18)
 32.83% of Permutation test rounds,  94.74% of Permutation tests (Core 15/15, passed_count 18)
 32.84% of Permutation test rounds,  94.74% of Permutation tests (Core 6/15, passed_count 18)
 32.85% of Permutation test rounds,  94.74% of Permutation tests (Core 4/15, passed_count 18)
 32.86% of Permutation test rounds,  94.74% of Permutation tests (Core 5/15, passed_count 18)
 32.87% of Permutation test rounds,  94.74% of Permutation tests (Core 2/15, passed_count 18)
 32.88% of Permutation test rounds,  94.74% of Permutation tests (Core 13/15, passed_count 18)
 32.89% of Permutation test rounds,  94.74% of Permutation tests (Core 7/15, passed_count 18)
 32.90% of Permutation test rounds,  94.74% of Permutation tests (Core 3/15, passed_count 18)
 32.91% of Permutation test rounds,  94.74% of Permutation tests (Core 0/15, passed_count 18)
 32.92% of Permutation test rounds,  94.74% of Permutation tests (Core 8/15, passed_count 18)
 32.93% of Permutation test rounds,  94.74% of Permutation tests (Core 14/15, passed_count 18)
 32.94% of Permutation test rounds,  94.74% of Permutation tests (Core 11/15, passed_count 18)
 32.95% of Permutation test rounds,  94.74% of Permutation tests (Core 12/15, passed_count 18)
 32.96% of Permutation test rounds,  94.74% of Permutation tests (Core 10/15, passed_count 18)
 32.97% of Permutation test rounds,  94.74% of Permutation tests (Core 9/15, passed_count 18)
 32.98% of Permutation test rounds,  94.74% of Permutation tests (Core 1/15, passed_count 18)
 32.99% of Permutation test rounds,  94.74% of Permutation tests (Core 15/15, passed_count 18)
 33.00% of Permutation test rounds,  94.74% of Permutation tests (Core 6/15, passed_count 18)
 33.01% of Permutation test rounds,  94.74% of Permutation tests (Core 4/15, passed_count 18)
 33.02% of Permutation test rounds,  94.74% of Permutation tests (Core 5/15, passed_count 18)
 33.03% of Permutation test rounds,  94.74% of Permutation tests (Core 2/15, passed_count 18)
 33.04% of Permutation test rounds,  94.74% of Permutation tests (Core 13/15, passed_count 18)
 33.05% of Permutation test rounds,  94.74% of Permutation tests (Core 7/15, passed_count 18)
 33.06% of Permutation test rounds,  94.74% of Permutation tests (Core 3/15, passed_count 18)
 33.07% of Permutation test rounds,  94.74% of Permutation tests (Core 0/15, passed_count 18)
 33.08% of Permutation test rounds,  94.74% of Permutation tests (Core 8/15, passed_count 18)
 33.09% of Permutation test rounds,  94.74% of Permutation tests (Core 14/15, passed_count 18)
 33.10% of Permutation test rounds,  94.74% of Permutation tests (Core 11/15, passed_count 18)
 33.11% of Permutation test rounds,  94.74% of Permutation tests (Core 12/15, passed_count 18)
 33.12% of Permutation test rounds,  94.74% of Permutation tests (Core 10/15, passed_count 18)
 33.13% of Permutation test rounds,  94.74% of Permutation tests (Core 9/15, passed_count 18)
 33.14% of Permutation test rounds,  94.74% of Permutation tests (Core 1/15, passed_count 18)
 33.15% of Permutation test rounds,  94.74% of Permutation tests (Core 15/15, passed_count 18)
 33.16% of Permutation test rounds,  94.74% of Permutation tests (Core 6/15, passed_count 18)
 33.17% of Permutation test rounds,  94.74% of Permutation tests (Core 4/15, passed_count 18)
 33.18% of Permutation test rounds,  94.74% of Permutation tests (Core 5/15, passed_count 18)
 33.19% of Permutation test rounds,  94.74% of Permutation tests (Core 2/15, passed_count 18)
 33.20% of Permutation test rounds,  94.74% of Permutation tests (Core 13/15, passed_count 18)
 33.21% of Permutation test rounds,  94.74% of Permutation tests (Core 7/15, passed_count 18)
 33.22% of Permutation test rounds,  94.74% of Permutation tests (Core 3/15, passed_count 18)
 33.23% of Permutation test rounds,  94.74% of Permutation tests (Core 0/15, passed_count 18)
 33.24% of Permutation test rounds,  94.74% of Permutation tests (Core 8/15, passed_count 18)
 33.25% of Permutation test rounds,  94.74% of Permutation tests (Core 14/15, passed_count 18)
 33.26% of Permutation test rounds,  94.74% of Permutation tests (Core 11/15, passed_count 18)
 33.27% of Permutation test rounds,  94.74% of Permutation tests (Core 12/15, passed_count 18)
 33.28% of Permutation test rounds,  94.74% of Permutation tests (Core 10/15, passed_count 18)
 33.29% of Permutation test rounds,  94.74% of Permutation tests (Core 9/15, passed_count 18)
 33.30% of Permutation test rounds,  94.74% of Permutation tests (Core 1/15, passed_count 18)
 33.31% of Permutation test rounds,  94.74% of Permutation tests (Core 15/15, passed_count 18)
 33.32% of Permutation test rounds,  94.74% of Permutation tests (Core 6/15, passed_count 18)
 33.33% of Permutation test rounds,  94.74% of Permutation tests (Core 4/15, passed_count 18)
 33.34% of Permutation test rounds,  94.74% of Permutation tests (Core 5/15, passed_count 18)
 33.35% of Permutation test rounds,  94.74% of Permutation tests (Core 2/15, passed_count 18)
 33.36% of Permutation test rounds,  94.74% of Permutation tests (Core 13/15, passed_count 18)
 33.37% of Permutation test rounds,  94.74% of Permutation tests (Core 7/15, passed_count 18)
 33.38% of Permutation test rounds,  94.74% of Permutation tests (Core 3/15, passed_count 18)
 33.39% of Permutation test rounds,  94.74% of Permutation tests (Core 0/15, passed_count 18)
 33.40% of Permutation test rounds,  94.74% of Permutation tests (Core 8/15, passed_count 18)
 33.41% of Permutation test rounds,  94.74% of Permutation tests (Core 14/15, passed_count 18)
 33.42% of Permutation test rounds,  94.74% of Permutation tests (Core 11/15, passed_count 18)
 33.43% of Permutation test rounds,  94.74% of Permutation tests (Core 12/15, passed_count 18)
 33.44% of Permutation test rounds,  94.74% of Permutation tests (Core 10/15, passed_count 18)
 33.45% of Permutation test rounds,  94.74% of Permutation tests (Core 9/15, passed_count 18)
 33.46% of Permutation test rounds,  94.74% of Permutation tests (Core 1/15, passed_count 18)
 33.47% of Permutation test rounds,  94.74% of Permutation tests (Core 15/15, passed_count 18)
 33.48% of Permutation test rounds,  94.74% of Permutation tests (Core 6/15, passed_count 18)
 33.49% of Permutation test rounds,  94.74% of Permutation tests (Core 4/15, passed_count 18)
 33.50% of Permutation test rounds,  94.74% of Permutation tests (Core 5/15, passed_count 18)
 33.51% of Permutation test rounds,  94.74% of Permutation tests (Core 2/15, passed_count 18)
 33.52% of Permutation test rounds,  94.74% of Permutation tests (Core 13/15, passed_count 18)
 33.53% of Permutation test rounds,  94.74% of Permutation tests (Core 7/15, passed_count 18)
 33.54% of Permutation test rounds,  94.74% of Permutation tests (Core 3/15, passed_count 18)
 33.56% of Permutation test rounds,  94.74% of Permutation tests (Core 8/15, passed_count 18)
 33.55% of Permutation test rounds,  94.74% of Permutation tests (Core 0/15, passed_count 18)
 33.57% of Permutation test rounds,  94.74% of Permutation tests (Core 14/15, passed_count 18)
 33.58% of Permutation test rounds,  94.74% of Permutation tests (Core 11/15, passed_count 18)
 33.59% of Permutation test rounds,  94.74% of Permutation tests (Core 12/15, passed_count 18)
 33.60% of Permutation test rounds,  94.74% of Permutation tests (Core 10/15, passed_count 18)
 33.61% of Permutation test rounds,  94.74% of Permutation tests (Core 9/15, passed_count 18)
 33.62% of Permutation test rounds,  94.74% of Permutation tests (Core 1/15, passed_count 18)
 33.63% of Permutation test rounds,  94.74% of Permutation tests (Core 15/15, passed_count 18)
 33.64% of Permutation test rounds,  94.74% of Permutation tests (Core 6/15, passed_count 18)
 33.65% of Permutation test rounds,  94.74% of Permutation tests (Core 4/15, passed_count 18)
 33.66% of Permutation test rounds,  94.74% of Permutation tests (Core 5/15, passed_count 18)
 33.67% of Permutation test rounds,  94.74% of Permutation tests (Core 2/15, passed_count 18)
 33.68% of Permutation test rounds,  94.74% of Permutation tests (Core 2/15, passed_count 18)
 33.69% of Permutation test rounds,  94.74% of Permutation tests (Core 7/15, passed_count 18)
 33.70% of Permutation test rounds,  94.74% of Permutation tests (Core 3/15, passed_count 18)
 33.71% of Permutation test rounds,  94.74% of Permutation tests (Core 8/15, passed_count 18)
 33.72% of Permutation test rounds,  94.74% of Permutation tests (Core 0/15, passed_count 18)
 33.73% of Permutation test rounds,  94.74% of Permutation tests (Core 14/15, passed_count 18)
 33.74% of Permutation test rounds,  94.74% of Permutation tests (Core 11/15, passed_count 18)
 33.75% of Permutation test rounds,  94.74% of Permutation tests (Core 12/15, passed_count 18)
 33.76% of Permutation test rounds,  94.74% of Permutation tests (Core 10/15, passed_count 18)
 33.77% of Permutation test rounds,  94.74% of Permutation tests (Core 9/15, passed_count 18)
 33.78% of Permutation test rounds,  94.74% of Permutation tests (Core 1/15, passed_count 18)
 33.79% of Permutation test rounds,  94.74% of Permutation tests (Core 15/15, passed_count 18)
 33.80% of Permutation test rounds,  94.74% of Permutation tests (Core 6/15, passed_count 18)
 33.81% of Permutation test rounds,  94.74% of Permutation tests (Core 4/15, passed_count 18)
 33.82% of Permutation test rounds,  94.74% of Permutation tests (Core 5/15, passed_count 18)
 33.83% of Permutation test rounds,  94.74% of Permutation tests (Core 13/15, passed_count 18)
 33.84% of Permutation test rounds,  94.74% of Permutation tests (Core 2/15, passed_count 18)
 33.85% of Permutation test rounds,  94.74% of Permutation tests (Core 7/15, passed_count 18)
 33.86% of Permutation test rounds,  94.74% of Permutation tests (Core 3/15, passed_count 18)
 33.87% of Permutation test rounds,  94.74% of Permutation tests (Core 8/15, passed_count 18)
 33.88% of Permutation test rounds,  94.74% of Permutation tests (Core 8/15, passed_count 18)
 33.89% of Permutation test rounds,  94.74% of Permutation tests (Core 14/15, passed_count 18)
 33.90% of Permutation test rounds,  94.74% of Permutation tests (Core 11/15, passed_count 18)
 33.91% of Permutation test rounds,  94.74% of Permutation tests (Core 12/15, passed_count 18)
 33.92% of Permutation test rounds,  94.74% of Permutation tests (Core 10/15, passed_count 18)
 33.93% of Permutation test rounds,  94.74% of Permutation tests (Core 9/15, passed_count 18)
 33.94% of Permutation test rounds,  94.74% of Permutation tests (Core 1/15, passed_count 18)
 33.95% of Permutation test rounds,  94.74% of Permutation tests (Core 15/15, passed_count 18)
 33.96% of Permutation test rounds,  94.74% of Permutation tests (Core 6/15, passed_count 18)
 33.97% of Permutation test rounds,  94.74% of Permutation tests (Core 4/15, passed_count 18)
 33.98% of Permutation test rounds,  94.74% of Permutation tests (Core 5/15, passed_count 18)
 33.99% of Permutation test rounds,  94.74% of Permutation tests (Core 13/15, passed_count 18)
 34.00% of Permutation test rounds,  94.74% of Permutation tests (Core 2/15, passed_count 18)
 34.01% of Permutation test rounds,  94.74% of Permutation tests (Core 7/15, passed_count 18)
 34.02% of Permutation test rounds,  94.74% of Permutation tests (Core 3/15, passed_count 18)
 34.03% of Permutation test rounds,  94.74% of Permutation tests (Core 0/15, passed_count 18)
 34.04% of Permutation test rounds,  94.74% of Permutation tests (Core 8/15, passed_count 18)
 34.05% of Permutation test rounds,  94.74% of Permutation tests (Core 14/15, passed_count 18)
 34.06% of Permutation test rounds,  94.74% of Permutation tests (Core 11/15, passed_count 18)
 34.07% of Permutation test rounds,  94.74% of Permutation tests (Core 12/15, passed_count 18)
 34.08% of Permutation test rounds,  94.74% of Permutation tests (Core 10/15, passed_count 18)
 34.09% of Permutation test rounds,  94.74% of Permutation tests (Core 9/15, passed_count 18)
 34.10% of Permutation test rounds,  94.74% of Permutation tests (Core 1/15, passed_count 18)
 34.11% of Permutation test rounds,  94.74% of Permutation tests (Core 15/15, passed_count 18)
 34.12% of Permutation test rounds,  94.74% of Permutation tests (Core 6/15, passed_count 18)
 34.13% of Permutation test rounds,  94.74% of Permutation tests (Core 4/15, passed_count 18)
 34.14% of Permutation test rounds,  94.74% of Permutation tests (Core 5/15, passed_count 18)
 34.15% of Permutation test rounds,  94.74% of Permutation tests (Core 13/15, passed_count 18)
 34.16% of Permutation test rounds,  94.74% of Permutation tests (Core 2/15, passed_count 18)
 34.17% of Permutation test rounds,  94.74% of Permutation tests (Core 7/15, passed_count 18)
 34.18% of Permutation test rounds,  94.74% of Permutation tests (Core 3/15, passed_count 18)
 34.19% of Permutation test rounds,  94.74% of Permutation tests (Core 0/15, passed_count 18)
 34.20% of Permutation test rounds,  94.74% of Permutation tests (Core 8/15, passed_count 18)
 34.21% of Permutation test rounds,  94.74% of Permutation tests (Core 14/15, passed_count 18)
 34.22% of Permutation test rounds,  94.74% of Permutation tests (Core 11/15, passed_count 18)
 34.23% of Permutation test rounds,  94.74% of Permutation tests (Core 12/15, passed_count 18)
 34.24% of Permutation test rounds,  94.74% of Permutation tests (Core 10/15, passed_count 18)
 34.25% of Permutation test rounds,  94.74% of Permutation tests (Core 9/15, passed_count 18)
 34.26% of Permutation test rounds,  94.74% of Permutation tests (Core 1/15, passed_count 18)
 34.27% of Permutation test rounds,  94.74% of Permutation tests (Core 15/15, passed_count 18)
 34.28% of Permutation test rounds,  94.74% of Permutation tests (Core 6/15, passed_count 18)
 34.29% of Permutation test rounds,  94.74% of Permutation tests (Core 4/15, passed_count 18)
 34.30% of Permutation test rounds,  94.74% of Permutation tests (Core 5/15, passed_count 18)
 34.31% of Permutation test rounds,  94.74% of Permutation tests (Core 13/15, passed_count 18)
 34.32% of Permutation test rounds,  94.74% of Permutation tests (Core 2/15, passed_count 18)
 34.33% of Permutation test rounds,  94.74% of Permutation tests (Core 7/15, passed_count 18)
 34.34% of Permutation test rounds,  94.74% of Permutation tests (Core 3/15, passed_count 18)
 34.35% of Permutation test rounds,  94.74% of Permutation tests (Core 0/15, passed_count 18)
 34.36% of Permutation test rounds,  94.74% of Permutation tests (Core 8/15, passed_count 18)
 34.37% of Permutation test rounds,  94.74% of Permutation tests (Core 14/15, passed_count 18)
 34.38% of Permutation test rounds,  94.74% of Permutation tests (Core 11/15, passed_count 18)
 34.39% of Permutation test rounds,  94.74% of Permutation tests (Core 12/15, passed_count 18)
 34.40% of Permutation test rounds,  94.74% of Permutation tests (Core 10/15, passed_count 18)
 34.41% of Permutation test rounds,  94.74% of Permutation tests (Core 9/15, passed_count 18)
 34.42% of Permutation test rounds,  94.74% of Permutation tests (Core 1/15, passed_count 18)
 34.43% of Permutation test rounds,  94.74% of Permutation tests (Core 1/15, passed_count 18)
 34.44% of Permutation test rounds,  94.74% of Permutation tests (Core 6/15, passed_count 18)
 34.45% of Permutation test rounds,  94.74% of Permutation tests (Core 4/15, passed_count 18)
 34.46% of Permutation test rounds,  94.74% of Permutation tests (Core 5/15, passed_count 18)
 34.47% of Permutation test rounds,  94.74% of Permutation tests (Core 13/15, passed_count 18)
 34.48% of Permutation test rounds,  94.74% of Permutation tests (Core 2/15, passed_count 18)
 34.49% of Permutation test rounds,  94.74% of Permutation tests (Core 7/15, passed_count 18)
 34.50% of Permutation test rounds,  94.74% of Permutation tests (Core 3/15, passed_count 18)
 34.51% of Permutation test rounds,  94.74% of Permutation tests (Core 0/15, passed_count 18)
 34.52% of Permutation test rounds,  94.74% of Permutation tests (Core 8/15, passed_count 18)
 34.53% of Permutation test rounds,  94.74% of Permutation tests (Core 14/15, passed_count 18)
 34.54% of Permutation test rounds,  94.74% of Permutation tests (Core 11/15, passed_count 18)
 34.55% of Permutation test rounds,  94.74% of Permutation tests (Core 12/15, passed_count 18)
 34.56% of Permutation test rounds,  94.74% of Permutation tests (Core 10/15, passed_count 18)
 34.57% of Permutation test rounds,  94.74% of Permutation tests (Core 9/15, passed_count 18)
 34.58% of Permutation test rounds,  94.74% of Permutation tests (Core 15/15, passed_count 18)
 34.59% of Permutation test rounds,  94.74% of Permutation tests (Core 1/15, passed_count 18)
 34.60% of Permutation test rounds,  94.74% of Permutation tests (Core 6/15, passed_count 18)
 34.61% of Permutation test rounds,  94.74% of Permutation tests (Core 4/15, passed_count 18)
 34.62% of Permutation test rounds,  94.74% of Permutation tests (Core 5/15, passed_count 18)
 34.63% of Permutation test rounds,  94.74% of Permutation tests (Core 13/15, passed_count 18)
 34.64% of Permutation test rounds,  94.74% of Permutation tests (Core 2/15, passed_count 18)
 34.65% of Permutation test rounds,  94.74% of Permutation tests (Core 7/15, passed_count 18)
 34.66% of Permutation test rounds,  94.74% of Permutation tests (Core 3/15, passed_count 18)
 34.67% of Permutation test rounds,  94.74% of Permutation tests (Core 0/15, passed_count 18)
 34.68% of Permutation test rounds,  94.74% of Permutation tests (Core 8/15, passed_count 18)
 34.69% of Permutation test rounds,  94.74% of Permutation tests (Core 14/15, passed_count 18)
 34.70% of Permutation test rounds,  94.74% of Permutation tests (Core 11/15, passed_count 18)
 34.71% of Permutation test rounds,  94.74% of Permutation tests (Core 12/15, passed_count 18)
 34.72% of Permutation test rounds,  94.74% of Permutation tests (Core 10/15, passed_count 18)
 34.73% of Permutation test rounds,  94.74% of Permutation tests (Core 9/15, passed_count 18)
 34.74% of Permutation test rounds,  94.74% of Permutation tests (Core 15/15, passed_count 18)
 34.75% of Permutation test rounds,  94.74% of Permutation tests (Core 1/15, passed_count 18)
 34.76% of Permutation test rounds,  94.74% of Permutation tests (Core 6/15, passed_count 18)
 34.77% of Permutation test rounds,  94.74% of Permutation tests (Core 4/15, passed_count 18)
 34.78% of Permutation test rounds,  94.74% of Permutation tests (Core 5/15, passed_count 18)
 34.79% of Permutation test rounds,  94.74% of Permutation tests (Core 13/15, passed_count 18)
 34.80% of Permutation test rounds,  94.74% of Permutation tests (Core 2/15, passed_count 18)
 34.81% of Permutation test rounds,  94.74% of Permutation tests (Core 7/15, passed_count 18)
 34.82% of Permutation test rounds,  94.74% of Permutation tests (Core 3/15, passed_count 18)
 34.83% of Permutation test rounds,  94.74% of Permutation tests (Core 0/15, passed_count 18)
 34.84% of Permutation test rounds,  94.74% of Permutation tests (Core 8/15, passed_count 18)
 34.85% of Permutation test rounds,  94.74% of Permutation tests (Core 14/15, passed_count 18)
 34.86% of Permutation test rounds,  94.74% of Permutation tests (Core 12/15, passed_count 18)
 34.87% of Permutation test rounds,  94.74% of Permutation tests (Core 11/15, passed_count 18)
 34.88% of Permutation test rounds,  94.74% of Permutation tests (Core 10/15, passed_count 18)
 34.89% of Permutation test rounds,  94.74% of Permutation tests (Core 9/15, passed_count 18)
 34.90% of Permutation test rounds,  94.74% of Permutation tests (Core 15/15, passed_count 18)
 34.91% of Permutation test rounds,  94.74% of Permutation tests (Core 1/15, passed_count 18)
 34.92% of Permutation test rounds,  94.74% of Permutation tests (Core 6/15, passed_count 18)
 34.93% of Permutation test rounds,  94.74% of Permutation tests (Core 4/15, passed_count 18)
 34.94% of Permutation test rounds,  94.74% of Permutation tests (Core 13/15, passed_count 18)
 34.95% of Permutation test rounds,  94.74% of Permutation tests (Core 5/15, passed_count 18)
 34.96% of Permutation test rounds,  94.74% of Permutation tests (Core 2/15, passed_count 18)
 34.97% of Permutation test rounds,  94.74% of Permutation tests (Core 7/15, passed_count 18)
 34.98% of Permutation test rounds,  94.74% of Permutation tests (Core 3/15, passed_count 18)
 34.99% of Permutation test rounds,  94.74% of Permutation tests (Core 0/15, passed_count 18)
 35.00% of Permutation test rounds,  94.74% of Permutation tests (Core 8/15, passed_count 18)
 35.01% of Permutation test rounds,  94.74% of Permutation tests (Core 14/15, passed_count 18)
 35.02% of Permutation test rounds,  94.74% of Permutation tests (Core 12/15, passed_count 18)
 35.03% of Permutation test rounds,  94.74% of Permutation tests (Core 11/15, passed_count 18)
 35.04% of Permutation test rounds,  94.74% of Permutation tests (Core 10/15, passed_count 18)
 35.05% of Permutation test rounds,  94.74% of Permutation tests (Core 9/15, passed_count 18)
 35.06% of Permutation test rounds,  94.74% of Permutation tests (Core 15/15, passed_count 18)
 35.07% of Permutation test rounds,  94.74% of Permutation tests (Core 1/15, passed_count 18)
 35.08% of Permutation test rounds,  94.74% of Permutation tests (Core 1/15, passed_count 18)
 35.09% of Permutation test rounds,  94.74% of Permutation tests (Core 4/15, passed_count 18)
 35.10% of Permutation test rounds,  94.74% of Permutation tests (Core 13/15, passed_count 18)
 35.11% of Permutation test rounds,  94.74% of Permutation tests (Core 5/15, passed_count 18)
 35.12% of Permutation test rounds,  94.74% of Permutation tests (Core 2/15, passed_count 18)
 35.13% of Permutation test rounds,  94.74% of Permutation tests (Core 7/15, passed_count 18)
 35.14% of Permutation test rounds,  94.74% of Permutation tests (Core 3/15, passed_count 18)
 35.15% of Permutation test rounds,  94.74% of Permutation tests (Core 0/15, passed_count 18)
 35.16% of Permutation test rounds,  94.74% of Permutation tests (Core 8/15, passed_count 18)
 35.17% of Permutation test rounds,  94.74% of Permutation tests (Core 14/15, passed_count 18)
 35.18% of Permutation test rounds,  94.74% of Permutation tests (Core 12/15, passed_count 18)
 35.19% of Permutation test rounds,  94.74% of Permutation tests (Core 11/15, passed_count 18)
 35.20% of Permutation test rounds,  94.74% of Permutation tests (Core 10/15, passed_count 18)
 35.21% of Permutation test rounds,  94.74% of Permutation tests (Core 9/15, passed_count 18)
 35.22% of Permutation test rounds,  94.74% of Permutation tests (Core 15/15, passed_count 18)
 35.23% of Permutation test rounds,  94.74% of Permutation tests (Core 6/15, passed_count 18)
 35.24% of Permutation test rounds,  94.74% of Permutation tests (Core 1/15, passed_count 18)
 35.25% of Permutation test rounds,  94.74% of Permutation tests (Core 4/15, passed_count 18)
 35.26% of Permutation test rounds,  94.74% of Permutation tests (Core 13/15, passed_count 18)
 35.27% of Permutation test rounds,  94.74% of Permutation tests (Core 5/15, passed_count 18)
 35.28% of Permutation test rounds,  94.74% of Permutation tests (Core 2/15, passed_count 18)
 35.29% of Permutation test rounds,  94.74% of Permutation tests (Core 7/15, passed_count 18)
 35.30% of Permutation test rounds,  94.74% of Permutation tests (Core 3/15, passed_count 18)
 35.31% of Permutation test rounds,  94.74% of Permutation tests (Core 0/15, passed_count 18)
 35.32% of Permutation test rounds,  94.74% of Permutation tests (Core 8/15, passed_count 18)
 35.33% of Permutation test rounds,  94.74% of Permutation tests (Core 14/15, passed_count 18)
 35.34% of Permutation test rounds,  94.74% of Permutation tests (Core 12/15, passed_count 18)
 35.35% of Permutation test rounds,  94.74% of Permutation tests (Core 11/15, passed_count 18)
 35.36% of Permutation test rounds,  94.74% of Permutation tests (Core 10/15, passed_count 18)
 35.37% of Permutation test rounds,  94.74% of Permutation tests (Core 9/15, passed_count 18)
 35.38% of Permutation test rounds,  94.74% of Permutation tests (Core 15/15, passed_count 18)
 35.39% of Permutation test rounds,  94.74% of Permutation tests (Core 6/15, passed_count 18)
 35.40% of Permutation test rounds,  94.74% of Permutation tests (Core 1/15, passed_count 18)
 35.41% of Permutation test rounds,  94.74% of Permutation tests (Core 4/15, passed_count 18)
 35.42% of Permutation test rounds,  94.74% of Permutation tests (Core 13/15, passed_count 18)
 35.43% of Permutation test rounds,  94.74% of Permutation tests (Core 5/15, passed_count 18)
 35.44% of Permutation test rounds,  94.74% of Permutation tests (Core 2/15, passed_count 18)
 35.45% of Permutation test rounds,  94.74% of Permutation tests (Core 7/15, passed_count 18)
 35.46% of Permutation test rounds,  94.74% of Permutation tests (Core 3/15, passed_count 18)
 35.47% of Permutation test rounds,  94.74% of Permutation tests (Core 3/15, passed_count 18)
 35.48% of Permutation test rounds,  94.74% of Permutation tests (Core 14/15, passed_count 18)
 35.49% of Permutation test rounds,  94.74% of Permutation tests (Core 8/15, passed_count 18)
 35.50% of Permutation test rounds,  94.74% of Permutation tests (Core 12/15, passed_count 18)
 35.51% of Permutation test rounds,  94.74% of Permutation tests (Core 11/15, passed_count 18)
 35.52% of Permutation test rounds,  94.74% of Permutation tests (Core 10/15, passed_count 18)
 35.53% of Permutation test rounds,  94.74% of Permutation tests (Core 9/15, passed_count 18)
 35.54% of Permutation test rounds,  94.74% of Permutation tests (Core 15/15, passed_count 18)
 35.55% of Permutation test rounds,  94.74% of Permutation tests (Core 6/15, passed_count 18)
 35.56% of Permutation test rounds,  94.74% of Permutation tests (Core 1/15, passed_count 18)
 35.57% of Permutation test rounds,  94.74% of Permutation tests (Core 4/15, passed_count 18)
 35.58% of Permutation test rounds,  94.74% of Permutation tests (Core 13/15, passed_count 18)
 35.59% of Permutation test rounds,  94.74% of Permutation tests (Core 5/15, passed_count 18)
 35.60% of Permutation test rounds,  94.74% of Permutation tests (Core 2/15, passed_count 18)
 35.61% of Permutation test rounds,  94.74% of Permutation tests (Core 7/15, passed_count 18)
 35.62% of Permutation test rounds,  94.74% of Permutation tests (Core 0/15, passed_count 18)
 35.63% of Permutation test rounds,  94.74% of Permutation tests (Core 3/15, passed_count 18)
 35.64% of Permutation test rounds,  94.74% of Permutation tests (Core 8/15, passed_count 18)
 35.65% of Permutation test rounds,  94.74% of Permutation tests (Core 14/15, passed_count 18)
 35.66% of Permutation test rounds,  94.74% of Permutation tests (Core 12/15, passed_count 18)
 35.67% of Permutation test rounds,  94.74% of Permutation tests (Core 11/15, passed_count 18)
 35.68% of Permutation test rounds,  94.74% of Permutation tests (Core 10/15, passed_count 18)
 35.69% of Permutation test rounds,  94.74% of Permutation tests (Core 10/15, passed_count 18)
 35.70% of Permutation test rounds,  94.74% of Permutation tests (Core 15/15, passed_count 18)
 35.71% of Permutation test rounds,  94.74% of Permutation tests (Core 6/15, passed_count 18)
 35.72% of Permutation test rounds,  94.74% of Permutation tests (Core 1/15, passed_count 18)
 35.73% of Permutation test rounds,  94.74% of Permutation tests (Core 4/15, passed_count 18)
 35.74% of Permutation test rounds,  94.74% of Permutation tests (Core 13/15, passed_count 18)
 35.75% of Permutation test rounds,  94.74% of Permutation tests (Core 5/15, passed_count 18)
 35.76% of Permutation test rounds,  94.74% of Permutation tests (Core 2/15, passed_count 18)
 35.77% of Permutation test rounds,  94.74% of Permutation tests (Core 7/15, passed_count 18)
 35.78% of Permutation test rounds,  94.74% of Permutation tests (Core 0/15, passed_count 18)
 35.79% of Permutation test rounds,  94.74% of Permutation tests (Core 3/15, passed_count 18)
 35.80% of Permutation test rounds,  94.74% of Permutation tests (Core 8/15, passed_count 18)
 35.81% of Permutation test rounds,  94.74% of Permutation tests (Core 14/15, passed_count 18)
 35.82% of Permutation test rounds,  94.74% of Permutation tests (Core 12/15, passed_count 18)
 35.83% of Permutation test rounds,  94.74% of Permutation tests (Core 12/15, passed_count 18)
 35.84% of Permutation test rounds,  94.74% of Permutation tests (Core 9/15, passed_count 18)
 35.85% of Permutation test rounds,  94.74% of Permutation tests (Core 10/15, passed_count 18)
 35.86% of Permutation test rounds,  94.74% of Permutation tests (Core 15/15, passed_count 18)
 35.87% of Permutation test rounds,  94.74% of Permutation tests (Core 6/15, passed_count 18)
 35.88% of Permutation test rounds,  94.74% of Permutation tests (Core 1/15, passed_count 18)
 35.89% of Permutation test rounds,  94.74% of Permutation tests (Core 4/15, passed_count 18)
 35.90% of Permutation test rounds,  94.74% of Permutation tests (Core 13/15, passed_count 18)
 35.91% of Permutation test rounds,  94.74% of Permutation tests (Core 5/15, passed_count 18)
 35.92% of Permutation test rounds,  94.74% of Permutation tests (Core 2/15, passed_count 18)
 35.93% of Permutation test rounds,  94.74% of Permutation tests (Core 7/15, passed_count 18)
 35.94% of Permutation test rounds,  94.74% of Permutation tests (Core 0/15, passed_count 18)
 35.95% of Permutation test rounds,  94.74% of Permutation tests (Core 3/15, passed_count 18)
 35.96% of Permutation test rounds,  94.74% of Permutation tests (Core 8/15, passed_count 18)
 35.97% of Permutation test rounds,  94.74% of Permutation tests (Core 14/15, passed_count 18)
 35.98% of Permutation test rounds,  94.74% of Permutation tests (Core 11/15, passed_count 18)
 35.99% of Permutation test rounds,  94.74% of Permutation tests (Core 12/15, passed_count 18)
 36.00% of Permutation test rounds,  94.74% of Permutation tests (Core 9/15, passed_count 18)
 36.01% of Permutation test rounds,  94.74% of Permutation tests (Core 10/15, passed_count 18)
 36.02% of Permutation test rounds,  94.74% of Permutation tests (Core 15/15, passed_count 18)
 36.03% of Permutation test rounds,  94.74% of Permutation tests (Core 6/15, passed_count 18)
 36.04% of Permutation test rounds,  94.74% of Permutation tests (Core 1/15, passed_count 18)
 36.05% of Permutation test rounds,  94.74% of Permutation tests (Core 4/15, passed_count 18)
 36.06% of Permutation test rounds,  94.74% of Permutation tests (Core 13/15, passed_count 18)
 36.07% of Permutation test rounds,  94.74% of Permutation tests (Core 5/15, passed_count 18)
 36.08% of Permutation test rounds,  94.74% of Permutation tests (Core 2/15, passed_count 18)
 36.09% of Permutation test rounds,  94.74% of Permutation tests (Core 7/15, passed_count 18)
 36.10% of Permutation test rounds,  94.74% of Permutation tests (Core 0/15, passed_count 18)
 36.11% of Permutation test rounds,  94.74% of Permutation tests (Core 3/15, passed_count 18)
 36.12% of Permutation test rounds,  94.74% of Permutation tests (Core 8/15, passed_count 18)
 36.13% of Permutation test rounds,  94.74% of Permutation tests (Core 14/15, passed_count 18)
 36.14% of Permutation test rounds,  94.74% of Permutation tests (Core 11/15, passed_count 18)
 36.15% of Permutation test rounds,  94.74% of Permutation tests (Core 12/15, passed_count 18)
 36.16% of Permutation test rounds,  94.74% of Permutation tests (Core 9/15, passed_count 18)
 36.17% of Permutation test rounds,  94.74% of Permutation tests (Core 10/15, passed_count 18)
 36.18% of Permutation test rounds,  94.74% of Permutation tests (Core 15/15, passed_count 18)
 36.19% of Permutation test rounds,  94.74% of Permutation tests (Core 6/15, passed_count 18)
 36.20% of Permutation test rounds,  94.74% of Permutation tests (Core 1/15, passed_count 18)
 36.21% of Permutation test rounds,  94.74% of Permutation tests (Core 4/15, passed_count 18)
 36.22% of Permutation test rounds,  94.74% of Permutation tests (Core 13/15, passed_count 18)
 36.23% of Permutation test rounds,  94.74% of Permutation tests (Core 5/15, passed_count 18)
 36.24% of Permutation test rounds,  94.74% of Permutation tests (Core 2/15, passed_count 18)
 36.25% of Permutation test rounds,  94.74% of Permutation tests (Core 7/15, passed_count 18)
 36.26% of Permutation test rounds,  94.74% of Permutation tests (Core 0/15, passed_count 18)
 36.27% of Permutation test rounds,  94.74% of Permutation tests (Core 3/15, passed_count 18)
 36.28% of Permutation test rounds,  94.74% of Permutation tests (Core 8/15, passed_count 18)
 36.29% of Permutation test rounds,  94.74% of Permutation tests (Core 14/15, passed_count 18)
 36.30% of Permutation test rounds,  94.74% of Permutation tests (Core 11/15, passed_count 18)
 36.31% of Permutation test rounds,  94.74% of Permutation tests (Core 12/15, passed_count 18)
 36.32% of Permutation test rounds,  94.74% of Permutation tests (Core 9/15, passed_count 18)
 36.33% of Permutation test rounds,  94.74% of Permutation tests (Core 10/15, passed_count 18)
 36.34% of Permutation test rounds,  94.74% of Permutation tests (Core 15/15, passed_count 18)
 36.35% of Permutation test rounds,  94.74% of Permutation tests (Core 6/15, passed_count 18)
 36.36% of Permutation test rounds,  94.74% of Permutation tests (Core 1/15, passed_count 18)
 36.37% of Permutation test rounds,  94.74% of Permutation tests (Core 4/15, passed_count 18)
 36.38% of Permutation test rounds,  94.74% of Permutation tests (Core 13/15, passed_count 18)
 36.39% of Permutation test rounds,  94.74% of Permutation tests (Core 5/15, passed_count 18)
 36.40% of Permutation test rounds,  94.74% of Permutation tests (Core 2/15, passed_count 18)
 36.41% of Permutation test rounds,  94.74% of Permutation tests (Core 7/15, passed_count 18)
 36.42% of Permutation test rounds,  94.74% of Permutation tests (Core 0/15, passed_count 18)
 36.43% of Permutation test rounds,  94.74% of Permutation tests (Core 3/15, passed_count 18)
 36.44% of Permutation test rounds,  94.74% of Permutation tests (Core 8/15, passed_count 18)
 36.45% of Permutation test rounds,  94.74% of Permutation tests (Core 14/15, passed_count 18)
 36.46% of Permutation test rounds,  94.74% of Permutation tests (Core 11/15, passed_count 18)
 36.47% of Permutation test rounds,  94.74% of Permutation tests (Core 12/15, passed_count 18)
 36.48% of Permutation test rounds,  94.74% of Permutation tests (Core 9/15, passed_count 18)
 36.49% of Permutation test rounds,  94.74% of Permutation tests (Core 10/15, passed_count 18)
 36.50% of Permutation test rounds,  94.74% of Permutation tests (Core 15/15, passed_count 18)
 36.51% of Permutation test rounds,  94.74% of Permutation tests (Core 6/15, passed_count 18)
 36.52% of Permutation test rounds,  94.74% of Permutation tests (Core 1/15, passed_count 18)
 36.53% of Permutation test rounds,  94.74% of Permutation tests (Core 4/15, passed_count 18)
 36.54% of Permutation test rounds,  94.74% of Permutation tests (Core 13/15, passed_count 18)
 36.55% of Permutation test rounds,  94.74% of Permutation tests (Core 5/15, passed_count 18)
 36.56% of Permutation test rounds,  94.74% of Permutation tests (Core 2/15, passed_count 18)
 36.57% of Permutation test rounds,  94.74% of Permutation tests (Core 7/15, passed_count 18)
 36.58% of Permutation test rounds,  94.74% of Permutation tests (Core 0/15, passed_count 18)
 36.59% of Permutation test rounds,  94.74% of Permutation tests (Core 3/15, passed_count 18)
 36.60% of Permutation test rounds,  94.74% of Permutation tests (Core 8/15, passed_count 18)
 36.61% of Permutation test rounds,  94.74% of Permutation tests (Core 14/15, passed_count 18)
 36.62% of Permutation test rounds,  94.74% of Permutation tests (Core 11/15, passed_count 18)
 36.63% of Permutation test rounds,  94.74% of Permutation tests (Core 12/15, passed_count 18)
 36.64% of Permutation test rounds,  94.74% of Permutation tests (Core 9/15, passed_count 18)
 36.65% of Permutation test rounds,  94.74% of Permutation tests (Core 10/15, passed_count 18)
 36.66% of Permutation test rounds,  94.74% of Permutation tests (Core 15/15, passed_count 18)
 36.67% of Permutation test rounds,  94.74% of Permutation tests (Core 6/15, passed_count 18)
 36.68% of Permutation test rounds,  94.74% of Permutation tests (Core 1/15, passed_count 18)
 36.69% of Permutation test rounds,  94.74% of Permutation tests (Core 4/15, passed_count 18)
 36.70% of Permutation test rounds,  94.74% of Permutation tests (Core 13/15, passed_count 18)
 36.71% of Permutation test rounds,  94.74% of Permutation tests (Core 5/15, passed_count 18)
 36.72% of Permutation test rounds,  94.74% of Permutation tests (Core 2/15, passed_count 18)
 36.73% of Permutation test rounds,  94.74% of Permutation tests (Core 7/15, passed_count 18)
 36.74% of Permutation test rounds,  94.74% of Permutation tests (Core 0/15, passed_count 18)
 36.75% of Permutation test rounds,  94.74% of Permutation tests (Core 3/15, passed_count 18)
 36.76% of Permutation test rounds,  94.74% of Permutation tests (Core 8/15, passed_count 18)
 36.77% of Permutation test rounds,  94.74% of Permutation tests (Core 14/15, passed_count 18)
 36.78% of Permutation test rounds,  94.74% of Permutation tests (Core 11/15, passed_count 18)
 36.79% of Permutation test rounds,  94.74% of Permutation tests (Core 12/15, passed_count 18)
 36.80% of Permutation test rounds,  94.74% of Permutation tests (Core 9/15, passed_count 18)
 36.81% of Permutation test rounds,  94.74% of Permutation tests (Core 10/15, passed_count 18)
 36.82% of Permutation test rounds,  94.74% of Permutation tests (Core 15/15, passed_count 18)
 36.83% of Permutation test rounds,  94.74% of Permutation tests (Core 6/15, passed_count 18)
 36.84% of Permutation test rounds,  94.74% of Permutation tests (Core 1/15, passed_count 18)
 36.85% of Permutation test rounds,  94.74% of Permutation tests (Core 4/15, passed_count 18)
 36.86% of Permutation test rounds,  94.74% of Permutation tests (Core 13/15, passed_count 18)
 36.87% of Permutation test rounds,  94.74% of Permutation tests (Core 5/15, passed_count 18)
 36.88% of Permutation test rounds,  94.74% of Permutation tests (Core 2/15, passed_count 18)
 36.89% of Permutation test rounds,  94.74% of Permutation tests (Core 7/15, passed_count 18)
 36.90% of Permutation test rounds,  94.74% of Permutation tests (Core 0/15, passed_count 18)
 36.91% of Permutation test rounds,  94.74% of Permutation tests (Core 3/15, passed_count 18)
 36.92% of Permutation test rounds,  94.74% of Permutation tests (Core 0/15, passed_count 18)
 36.93% of Permutation test rounds,  94.74% of Permutation tests (Core 14/15, passed_count 18)
 36.94% of Permutation test rounds,  94.74% of Permutation tests (Core 11/15, passed_count 18)
 36.95% of Permutation test rounds,  94.74% of Permutation tests (Core 12/15, passed_count 18)
 36.96% of Permutation test rounds,  94.74% of Permutation tests (Core 9/15, passed_count 18)
 36.97% of Permutation test rounds,  94.74% of Permutation tests (Core 10/15, passed_count 18)
 36.98% of Permutation test rounds,  94.74% of Permutation tests (Core 10/15, passed_count 18)
 36.99% of Permutation test rounds,  94.74% of Permutation tests (Core 6/15, passed_count 18)
 37.00% of Permutation test rounds,  94.74% of Permutation tests (Core 1/15, passed_count 18)
 37.01% of Permutation test rounds,  94.74% of Permutation tests (Core 4/15, passed_count 18)
 37.02% of Permutation test rounds,  94.74% of Permutation tests (Core 13/15, passed_count 18)
 37.03% of Permutation test rounds,  94.74% of Permutation tests (Core 5/15, passed_count 18)
 37.04% of Permutation test rounds,  94.74% of Permutation tests (Core 2/15, passed_count 18)
 37.05% of Permutation test rounds,  94.74% of Permutation tests (Core 7/15, passed_count 18)
 37.06% of Permutation test rounds,  94.74% of Permutation tests (Core 8/15, passed_count 18)
 37.07% of Permutation test rounds,  94.74% of Permutation tests (Core 3/15, passed_count 18)
 37.08% of Permutation test rounds,  94.74% of Permutation tests (Core 0/15, passed_count 18)
 37.09% of Permutation test rounds,  94.74% of Permutation tests (Core 14/15, passed_count 18)
 37.10% of Permutation test rounds,  94.74% of Permutation tests (Core 11/15, passed_count 18)
 37.11% of Permutation test rounds,  94.74% of Permutation tests (Core 12/15, passed_count 18)
 37.12% of Permutation test rounds,  94.74% of Permutation tests (Core 9/15, passed_count 18)
 37.13% of Permutation test rounds,  94.74% of Permutation tests (Core 15/15, passed_count 18)
 37.14% of Permutation test rounds,  94.74% of Permutation tests (Core 10/15, passed_count 18)
 37.15% of Permutation test rounds,  94.74% of Permutation tests (Core 6/15, passed_count 18)
 37.16% of Permutation test rounds,  94.74% of Permutation tests (Core 1/15, passed_count 18)
 37.17% of Permutation test rounds,  94.74% of Permutation tests (Core 4/15, passed_count 18)
 37.18% of Permutation test rounds,  94.74% of Permutation tests (Core 13/15, passed_count 18)
 37.19% of Permutation test rounds,  94.74% of Permutation tests (Core 5/15, passed_count 18)
 37.20% of Permutation test rounds,  94.74% of Permutation tests (Core 2/15, passed_count 18)
 37.21% of Permutation test rounds,  94.74% of Permutation tests (Core 7/15, passed_count 18)
 37.22% of Permutation test rounds,  94.74% of Permutation tests (Core 8/15, passed_count 18)
 37.23% of Permutation test rounds,  94.74% of Permutation tests (Core 3/15, passed_count 18)
 37.24% of Permutation test rounds,  94.74% of Permutation tests (Core 0/15, passed_count 18)
 37.25% of Permutation test rounds,  94.74% of Permutation tests (Core 14/15, passed_count 18)
 37.26% of Permutation test rounds,  94.74% of Permutation tests (Core 11/15, passed_count 18)
 37.27% of Permutation test rounds,  94.74% of Permutation tests (Core 12/15, passed_count 18)
 37.28% of Permutation test rounds,  94.74% of Permutation tests (Core 9/15, passed_count 18)
 37.29% of Permutation test rounds,  94.74% of Permutation tests (Core 15/15, passed_count 18)
 37.30% of Permutation test rounds,  94.74% of Permutation tests (Core 10/15, passed_count 18)
 37.31% of Permutation test rounds,  94.74% of Permutation tests (Core 6/15, passed_count 18)
 37.32% of Permutation test rounds,  94.74% of Permutation tests (Core 1/15, passed_count 18)
 37.33% of Permutation test rounds,  94.74% of Permutation tests (Core 4/15, passed_count 18)
 37.34% of Permutation test rounds,  94.74% of Permutation tests (Core 4/15, passed_count 18)
 37.35% of Permutation test rounds,  94.74% of Permutation tests (Core 5/15, passed_count 18)
 37.36% of Permutation test rounds,  94.74% of Permutation tests (Core 2/15, passed_count 18)
 37.37% of Permutation test rounds,  94.74% of Permutation tests (Core 7/15, passed_count 18)
 37.38% of Permutation test rounds,  94.74% of Permutation tests (Core 8/15, passed_count 18)
 37.39% of Permutation test rounds,  94.74% of Permutation tests (Core 3/15, passed_count 18)
 37.40% of Permutation test rounds,  94.74% of Permutation tests (Core 0/15, passed_count 18)
 37.41% of Permutation test rounds,  94.74% of Permutation tests (Core 14/15, passed_count 18)
 37.42% of Permutation test rounds,  94.74% of Permutation tests (Core 11/15, passed_count 18)
 37.43% of Permutation test rounds,  94.74% of Permutation tests (Core 12/15, passed_count 18)
 37.44% of Permutation test rounds,  94.74% of Permutation tests (Core 9/15, passed_count 18)
 37.45% of Permutation test rounds,  94.74% of Permutation tests (Core 15/15, passed_count 18)
 37.46% of Permutation test rounds,  94.74% of Permutation tests (Core 10/15, passed_count 18)
 37.47% of Permutation test rounds,  94.74% of Permutation tests (Core 1/15, passed_count 18)
 37.48% of Permutation test rounds,  94.74% of Permutation tests (Core 6/15, passed_count 18)
 37.49% of Permutation test rounds,  94.74% of Permutation tests (Core 13/15, passed_count 18)
 37.50% of Permutation test rounds,  94.74% of Permutation tests (Core 4/15, passed_count 18)
 37.51% of Permutation test rounds,  94.74% of Permutation tests (Core 5/15, passed_count 18)
 37.52% of Permutation test rounds,  94.74% of Permutation tests (Core 2/15, passed_count 18)
 37.53% of Permutation test rounds,  94.74% of Permutation tests (Core 7/15, passed_count 18)
 37.54% of Permutation test rounds,  94.74% of Permutation tests (Core 8/15, passed_count 18)
 37.55% of Permutation test rounds,  94.74% of Permutation tests (Core 3/15, passed_count 18)
 37.56% of Permutation test rounds,  94.74% of Permutation tests (Core 3/15, passed_count 18)
 37.57% of Permutation test rounds,  94.74% of Permutation tests (Core 14/15, passed_count 18)
 37.58% of Permutation test rounds,  94.74% of Permutation tests (Core 11/15, passed_count 18)
 37.59% of Permutation test rounds,  94.74% of Permutation tests (Core 12/15, passed_count 18)
 37.60% of Permutation test rounds,  94.74% of Permutation tests (Core 9/15, passed_count 18)
 37.61% of Permutation test rounds,  94.74% of Permutation tests (Core 15/15, passed_count 18)
 37.62% of Permutation test rounds,  94.74% of Permutation tests (Core 10/15, passed_count 18)
 37.63% of Permutation test rounds,  94.74% of Permutation tests (Core 1/15, passed_count 18)
 37.64% of Permutation test rounds,  94.74% of Permutation tests (Core 6/15, passed_count 18)
 37.65% of Permutation test rounds,  94.74% of Permutation tests (Core 13/15, passed_count 18)
 37.66% of Permutation test rounds,  94.74% of Permutation tests (Core 4/15, passed_count 18)
 37.67% of Permutation test rounds,  94.74% of Permutation tests (Core 5/15, passed_count 18)
 37.68% of Permutation test rounds,  94.74% of Permutation tests (Core 2/15, passed_count 18)
 37.69% of Permutation test rounds,  94.74% of Permutation tests (Core 7/15, passed_count 18)
 37.70% of Permutation test rounds,  94.74% of Permutation tests (Core 8/15, passed_count 18)
 37.71% of Permutation test rounds,  94.74% of Permutation tests (Core 0/15, passed_count 18)
 37.72% of Permutation test rounds,  94.74% of Permutation tests (Core 3/15, passed_count 18)
 37.73% of Permutation test rounds,  94.74% of Permutation tests (Core 14/15, passed_count 18)
 37.74% of Permutation test rounds,  94.74% of Permutation tests (Core 11/15, passed_count 18)
 37.75% of Permutation test rounds,  94.74% of Permutation tests (Core 12/15, passed_count 18)
 37.76% of Permutation test rounds,  94.74% of Permutation tests (Core 9/15, passed_count 18)
 37.77% of Permutation test rounds,  94.74% of Permutation tests (Core 15/15, passed_count 18)
 37.78% of Permutation test rounds,  94.74% of Permutation tests (Core 10/15, passed_count 18)
 37.79% of Permutation test rounds,  94.74% of Permutation tests (Core 1/15, passed_count 18)
 37.80% of Permutation test rounds,  94.74% of Permutation tests (Core 6/15, passed_count 18)
 37.81% of Permutation test rounds,  94.74% of Permutation tests (Core 13/15, passed_count 18)
 37.82% of Permutation test rounds,  94.74% of Permutation tests (Core 4/15, passed_count 18)
 37.83% of Permutation test rounds,  94.74% of Permutation tests (Core 5/15, passed_count 18)
 37.84% of Permutation test rounds,  94.74% of Permutation tests (Core 2/15, passed_count 18)
 37.85% of Permutation test rounds,  94.74% of Permutation tests (Core 7/15, passed_count 18)
 37.86% of Permutation test rounds,  94.74% of Permutation tests (Core 8/15, passed_count 18)
 37.87% of Permutation test rounds,  94.74% of Permutation tests (Core 0/15, passed_count 18)
 37.88% of Permutation test rounds,  94.74% of Permutation tests (Core 3/15, passed_count 18)
 37.89% of Permutation test rounds,  94.74% of Permutation tests (Core 14/15, passed_count 18)
 37.90% of Permutation test rounds,  94.74% of Permutation tests (Core 11/15, passed_count 18)
 37.91% of Permutation test rounds,  94.74% of Permutation tests (Core 12/15, passed_count 18)
 37.92% of Permutation test rounds,  94.74% of Permutation tests (Core 9/15, passed_count 18)
 37.93% of Permutation test rounds,  94.74% of Permutation tests (Core 15/15, passed_count 18)
 37.94% of Permutation test rounds,  94.74% of Permutation tests (Core 10/15, passed_count 18)
 37.95% of Permutation test rounds,  94.74% of Permutation tests (Core 1/15, passed_count 18)
 37.96% of Permutation test rounds,  94.74% of Permutation tests (Core 6/15, passed_count 18)
 37.97% of Permutation test rounds,  94.74% of Permutation tests (Core 13/15, passed_count 18)
 37.98% of Permutation test rounds,  94.74% of Permutation tests (Core 4/15, passed_count 18)
 37.99% of Permutation test rounds,  94.74% of Permutation tests (Core 5/15, passed_count 18)
 38.00% of Permutation test rounds,  94.74% of Permutation tests (Core 2/15, passed_count 18)
 38.01% of Permutation test rounds,  94.74% of Permutation tests (Core 7/15, passed_count 18)
 38.02% of Permutation test rounds,  94.74% of Permutation tests (Core 8/15, passed_count 18)
 38.03% of Permutation test rounds,  94.74% of Permutation tests (Core 0/15, passed_count 18)
 38.04% of Permutation test rounds,  94.74% of Permutation tests (Core 3/15, passed_count 18)
 38.05% of Permutation test rounds,  94.74% of Permutation tests (Core 14/15, passed_count 18)
 38.06% of Permutation test rounds,  94.74% of Permutation tests (Core 11/15, passed_count 18)
 38.07% of Permutation test rounds,  94.74% of Permutation tests (Core 12/15, passed_count 18)
 38.08% of Permutation test rounds,  94.74% of Permutation tests (Core 9/15, passed_count 18)
 38.09% of Permutation test rounds,  94.74% of Permutation tests (Core 15/15, passed_count 18)
 38.10% of Permutation test rounds,  94.74% of Permutation tests (Core 10/15, passed_count 18)
 38.11% of Permutation test rounds,  94.74% of Permutation tests (Core 1/15, passed_count 18)
 38.12% of Permutation test rounds,  94.74% of Permutation tests (Core 6/15, passed_count 18)
 38.13% of Permutation test rounds,  94.74% of Permutation tests (Core 13/15, passed_count 18)
 38.14% of Permutation test rounds,  94.74% of Permutation tests (Core 4/15, passed_count 18)
 38.15% of Permutation test rounds,  94.74% of Permutation tests (Core 5/15, passed_count 18)
 38.16% of Permutation test rounds,  94.74% of Permutation tests (Core 2/15, passed_count 18)
 38.17% of Permutation test rounds,  94.74% of Permutation tests (Core 7/15, passed_count 18)
 38.18% of Permutation test rounds,  94.74% of Permutation tests (Core 8/15, passed_count 18)
 38.19% of Permutation test rounds,  94.74% of Permutation tests (Core 0/15, passed_count 18)
 38.20% of Permutation test rounds,  94.74% of Permutation tests (Core 3/15, passed_count 18)
 38.21% of Permutation test rounds,  94.74% of Permutation tests (Core 14/15, passed_count 18)
 38.22% of Permutation test rounds,  94.74% of Permutation tests (Core 11/15, passed_count 18)
 38.23% of Permutation test rounds,  94.74% of Permutation tests (Core 12/15, passed_count 18)
 38.24% of Permutation test rounds,  94.74% of Permutation tests (Core 9/15, passed_count 18)
 38.25% of Permutation test rounds,  94.74% of Permutation tests (Core 15/15, passed_count 18)
 38.26% of Permutation test rounds,  94.74% of Permutation tests (Core 10/15, passed_count 18)
 38.27% of Permutation test rounds,  94.74% of Permutation tests (Core 1/15, passed_count 18)
 38.28% of Permutation test rounds,  94.74% of Permutation tests (Core 6/15, passed_count 18)
 38.29% of Permutation test rounds,  94.74% of Permutation tests (Core 13/15, passed_count 18)
 38.30% of Permutation test rounds,  94.74% of Permutation tests (Core 4/15, passed_count 18)
 38.31% of Permutation test rounds,  94.74% of Permutation tests (Core 5/15, passed_count 18)
 38.32% of Permutation test rounds,  94.74% of Permutation tests (Core 2/15, passed_count 18)
 38.33% of Permutation test rounds,  94.74% of Permutation tests (Core 7/15, passed_count 18)
 38.34% of Permutation test rounds,  94.74% of Permutation tests (Core 8/15, passed_count 18)
 38.35% of Permutation test rounds,  94.74% of Permutation tests (Core 0/15, passed_count 18)
 38.36% of Permutation test rounds,  94.74% of Permutation tests (Core 14/15, passed_count 18)
 38.37% of Permutation test rounds,  94.74% of Permutation tests (Core 3/15, passed_count 18)
 38.38% of Permutation test rounds,  94.74% of Permutation tests (Core 11/15, passed_count 18)
 38.39% of Permutation test rounds,  94.74% of Permutation tests (Core 12/15, passed_count 18)
 38.40% of Permutation test rounds,  94.74% of Permutation tests (Core 9/15, passed_count 18)
 38.41% of Permutation test rounds,  94.74% of Permutation tests (Core 15/15, passed_count 18)
 38.42% of Permutation test rounds,  94.74% of Permutation tests (Core 10/15, passed_count 18)
 38.43% of Permutation test rounds,  94.74% of Permutation tests (Core 1/15, passed_count 18)
 38.44% of Permutation test rounds,  94.74% of Permutation tests (Core 6/15, passed_count 18)
 38.45% of Permutation test rounds,  94.74% of Permutation tests (Core 13/15, passed_count 18)
 38.46% of Permutation test rounds,  94.74% of Permutation tests (Core 4/15, passed_count 18)
 38.47% of Permutation test rounds,  94.74% of Permutation tests (Core 5/15, passed_count 18)
 38.48% of Permutation test rounds,  94.74% of Permutation tests (Core 2/15, passed_count 18)
 38.49% of Permutation test rounds,  94.74% of Permutation tests (Core 7/15, passed_count 18)
 38.50% of Permutation test rounds,  94.74% of Permutation tests (Core 8/15, passed_count 18)
 38.51% of Permutation test rounds,  94.74% of Permutation tests (Core 0/15, passed_count 18)
 38.52% of Permutation test rounds,  94.74% of Permutation tests (Core 14/15, passed_count 18)
 38.53% of Permutation test rounds,  94.74% of Permutation tests (Core 3/15, passed_count 18)
 38.54% of Permutation test rounds,  94.74% of Permutation tests (Core 11/15, passed_count 18)
 38.55% of Permutation test rounds,  94.74% of Permutation tests (Core 12/15, passed_count 18)
 38.56% of Permutation test rounds,  94.74% of Permutation tests (Core 9/15, passed_count 18)
 38.57% of Permutation test rounds,  94.74% of Permutation tests (Core 15/15, passed_count 18)
 38.58% of Permutation test rounds,  94.74% of Permutation tests (Core 10/15, passed_count 18)
 38.59% of Permutation test rounds,  94.74% of Permutation tests (Core 1/15, passed_count 18)
 38.60% of Permutation test rounds,  94.74% of Permutation tests (Core 6/15, passed_count 18)
 38.61% of Permutation test rounds,  94.74% of Permutation tests (Core 13/15, passed_count 18)
 38.62% of Permutation test rounds,  94.74% of Permutation tests (Core 4/15, passed_count 18)
 38.63% of Permutation test rounds,  94.74% of Permutation tests (Core 5/15, passed_count 18)
 38.64% of Permutation test rounds,  94.74% of Permutation tests (Core 2/15, passed_count 18)
 38.65% of Permutation test rounds,  94.74% of Permutation tests (Core 7/15, passed_count 18)
 38.66% of Permutation test rounds,  94.74% of Permutation tests (Core 8/15, passed_count 18)
 38.67% of Permutation test rounds,  94.74% of Permutation tests (Core 0/15, passed_count 18)
 38.68% of Permutation test rounds,  94.74% of Permutation tests (Core 14/15, passed_count 18)
 38.69% of Permutation test rounds,  94.74% of Permutation tests (Core 3/15, passed_count 18)
 38.70% of Permutation test rounds,  94.74% of Permutation tests (Core 11/15, passed_count 18)
 38.71% of Permutation test rounds,  94.74% of Permutation tests (Core 12/15, passed_count 18)
 38.72% of Permutation test rounds,  94.74% of Permutation tests (Core 9/15, passed_count 18)
 38.73% of Permutation test rounds,  94.74% of Permutation tests (Core 15/15, passed_count 18)
 38.74% of Permutation test rounds,  94.74% of Permutation tests (Core 10/15, passed_count 18)
 38.75% of Permutation test rounds,  94.74% of Permutation tests (Core 1/15, passed_count 18)
 38.76% of Permutation test rounds,  94.74% of Permutation tests (Core 6/15, passed_count 18)
 38.77% of Permutation test rounds,  94.74% of Permutation tests (Core 13/15, passed_count 18)
 38.78% of Permutation test rounds,  94.74% of Permutation tests (Core 4/15, passed_count 18)
 38.79% of Permutation test rounds,  94.74% of Permutation tests (Core 4/15, passed_count 18)
 38.80% of Permutation test rounds,  94.74% of Permutation tests (Core 2/15, passed_count 18)
 38.81% of Permutation test rounds,  94.74% of Permutation tests (Core 7/15, passed_count 18)
 38.82% of Permutation test rounds,  94.74% of Permutation tests (Core 8/15, passed_count 18)
 38.83% of Permutation test rounds,  94.74% of Permutation tests (Core 0/15, passed_count 18)
 38.84% of Permutation test rounds,  94.74% of Permutation tests (Core 14/15, passed_count 18)
 38.85% of Permutation test rounds,  94.74% of Permutation tests (Core 3/15, passed_count 18)
 38.86% of Permutation test rounds,  94.74% of Permutation tests (Core 11/15, passed_count 18)
 38.87% of Permutation test rounds,  94.74% of Permutation tests (Core 12/15, passed_count 18)
 38.88% of Permutation test rounds,  94.74% of Permutation tests (Core 9/15, passed_count 18)
 38.89% of Permutation test rounds,  94.74% of Permutation tests (Core 15/15, passed_count 18)
 38.90% of Permutation test rounds,  94.74% of Permutation tests (Core 10/15, passed_count 18)
 38.91% of Permutation test rounds,  94.74% of Permutation tests (Core 1/15, passed_count 18)
 38.92% of Permutation test rounds,  94.74% of Permutation tests (Core 6/15, passed_count 18)
 38.93% of Permutation test rounds,  94.74% of Permutation tests (Core 13/15, passed_count 18)
 38.94% of Permutation test rounds,  94.74% of Permutation tests (Core 5/15, passed_count 18)
 38.95% of Permutation test rounds,  94.74% of Permutation tests (Core 4/15, passed_count 18)
 38.96% of Permutation test rounds,  94.74% of Permutation tests (Core 2/15, passed_count 18)
 38.97% of Permutation test rounds,  94.74% of Permutation tests (Core 7/15, passed_count 18)
 38.98% of Permutation test rounds,  94.74% of Permutation tests (Core 8/15, passed_count 18)
 38.99% of Permutation test rounds,  94.74% of Permutation tests (Core 0/15, passed_count 18)
 39.00% of Permutation test rounds,  94.74% of Permutation tests (Core 14/15, passed_count 18)
 39.01% of Permutation test rounds,  94.74% of Permutation tests (Core 3/15, passed_count 18)
 39.02% of Permutation test rounds,  94.74% of Permutation tests (Core 11/15, passed_count 18)
 39.03% of Permutation test rounds,  94.74% of Permutation tests (Core 12/15, passed_count 18)
 39.04% of Permutation test rounds,  94.74% of Permutation tests (Core 9/15, passed_count 18)
 39.05% of Permutation test rounds,  94.74% of Permutation tests (Core 15/15, passed_count 18)
 39.06% of Permutation test rounds,  94.74% of Permutation tests (Core 10/15, passed_count 18)
 39.07% of Permutation test rounds,  94.74% of Permutation tests (Core 1/15, passed_count 18)
 39.08% of Permutation test rounds,  94.74% of Permutation tests (Core 6/15, passed_count 18)
 39.09% of Permutation test rounds,  94.74% of Permutation tests (Core 13/15, passed_count 18)
 39.10% of Permutation test rounds,  94.74% of Permutation tests (Core 5/15, passed_count 18)
 39.11% of Permutation test rounds,  94.74% of Permutation tests (Core 4/15, passed_count 18)
 39.12% of Permutation test rounds,  94.74% of Permutation tests (Core 2/15, passed_count 18)
 39.13% of Permutation test rounds,  94.74% of Permutation tests (Core 7/15, passed_count 18)
 39.14% of Permutation test rounds,  94.74% of Permutation tests (Core 8/15, passed_count 18)
 39.15% of Permutation test rounds,  94.74% of Permutation tests (Core 14/15, passed_count 18)
 39.16% of Permutation test rounds,  94.74% of Permutation tests (Core 0/15, passed_count 18)
 39.17% of Permutation test rounds,  94.74% of Permutation tests (Core 3/15, passed_count 18)
 39.18% of Permutation test rounds,  94.74% of Permutation tests (Core 11/15, passed_count 18)
 39.19% of Permutation test rounds,  94.74% of Permutation tests (Core 12/15, passed_count 18)
 39.20% of Permutation test rounds,  94.74% of Permutation tests (Core 9/15, passed_count 18)
 39.21% of Permutation test rounds,  94.74% of Permutation tests (Core 15/15, passed_count 18)
 39.22% of Permutation test rounds,  94.74% of Permutation tests (Core 10/15, passed_count 18)
 39.23% of Permutation test rounds,  94.74% of Permutation tests (Core 1/15, passed_count 18)
 39.24% of Permutation test rounds,  94.74% of Permutation tests (Core 6/15, passed_count 18)
 39.25% of Permutation test rounds,  94.74% of Permutation tests (Core 13/15, passed_count 18)
 39.26% of Permutation test rounds,  94.74% of Permutation tests (Core 5/15, passed_count 18)
 39.27% of Permutation test rounds,  94.74% of Permutation tests (Core 4/15, passed_count 18)
 39.28% of Permutation test rounds,  94.74% of Permutation tests (Core 2/15, passed_count 18)
 39.29% of Permutation test rounds,  94.74% of Permutation tests (Core 7/15, passed_count 18)
 39.30% of Permutation test rounds,  94.74% of Permutation tests (Core 8/15, passed_count 18)
 39.31% of Permutation test rounds,  94.74% of Permutation tests (Core 14/15, passed_count 18)
 39.32% of Permutation test rounds,  94.74% of Permutation tests (Core 0/15, passed_count 18)
 39.33% of Permutation test rounds,  94.74% of Permutation tests (Core 3/15, passed_count 18)
 39.34% of Permutation test rounds,  94.74% of Permutation tests (Core 11/15, passed_count 18)
 39.35% of Permutation test rounds,  94.74% of Permutation tests (Core 12/15, passed_count 18)
 39.36% of Permutation test rounds,  94.74% of Permutation tests (Core 12/15, passed_count 18)
 39.37% of Permutation test rounds,  94.74% of Permutation tests (Core 15/15, passed_count 18)
 39.38% of Permutation test rounds,  94.74% of Permutation tests (Core 10/15, passed_count 18)
 39.39% of Permutation test rounds,  94.74% of Permutation tests (Core 1/15, passed_count 18)
 39.40% of Permutation test rounds,  94.74% of Permutation tests (Core 6/15, passed_count 18)
 39.41% of Permutation test rounds,  94.74% of Permutation tests (Core 13/15, passed_count 18)
 39.42% of Permutation test rounds,  94.74% of Permutation tests (Core 5/15, passed_count 18)
 39.43% of Permutation test rounds,  94.74% of Permutation tests (Core 4/15, passed_count 18)
 39.44% of Permutation test rounds,  94.74% of Permutation tests (Core 2/15, passed_count 18)
 39.45% of Permutation test rounds,  94.74% of Permutation tests (Core 7/15, passed_count 18)
 39.46% of Permutation test rounds,  94.74% of Permutation tests (Core 8/15, passed_count 18)
 39.47% of Permutation test rounds,  94.74% of Permutation tests (Core 14/15, passed_count 18)
 39.48% of Permutation test rounds,  94.74% of Permutation tests (Core 0/15, passed_count 18)
 39.49% of Permutation test rounds,  94.74% of Permutation tests (Core 3/15, passed_count 18)
 39.50% of Permutation test rounds,  94.74% of Permutation tests (Core 11/15, passed_count 18)
 39.51% of Permutation test rounds,  94.74% of Permutation tests (Core 9/15, passed_count 18)
 39.52% of Permutation test rounds,  94.74% of Permutation tests (Core 12/15, passed_count 18)
 39.53% of Permutation test rounds,  94.74% of Permutation tests (Core 15/15, passed_count 18)
 39.54% of Permutation test rounds,  94.74% of Permutation tests (Core 10/15, passed_count 18)
 39.55% of Permutation test rounds,  94.74% of Permutation tests (Core 1/15, passed_count 18)
 39.56% of Permutation test rounds,  94.74% of Permutation tests (Core 6/15, passed_count 18)
 39.57% of Permutation test rounds,  94.74% of Permutation tests (Core 13/15, passed_count 18)
 39.58% of Permutation test rounds,  94.74% of Permutation tests (Core 5/15, passed_count 18)
 39.59% of Permutation test rounds,  94.74% of Permutation tests (Core 4/15, passed_count 18)
 39.60% of Permutation test rounds,  94.74% of Permutation tests (Core 2/15, passed_count 18)
 39.61% of Permutation test rounds,  94.74% of Permutation tests (Core 7/15, passed_count 18)
 39.62% of Permutation test rounds,  94.74% of Permutation tests (Core 8/15, passed_count 18)
 39.63% of Permutation test rounds,  94.74% of Permutation tests (Core 14/15, passed_count 18)
 39.64% of Permutation test rounds,  94.74% of Permutation tests (Core 3/15, passed_count 18)
 39.65% of Permutation test rounds,  94.74% of Permutation tests (Core 0/15, passed_count 18)
 39.66% of Permutation test rounds,  94.74% of Permutation tests (Core 11/15, passed_count 18)
 39.67% of Permutation test rounds,  94.74% of Permutation tests (Core 9/15, passed_count 18)
 39.68% of Permutation test rounds,  94.74% of Permutation tests (Core 12/15, passed_count 18)
 39.69% of Permutation test rounds,  94.74% of Permutation tests (Core 15/15, passed_count 18)
 39.70% of Permutation test rounds,  94.74% of Permutation tests (Core 10/15, passed_count 18)
 39.71% of Permutation test rounds,  94.74% of Permutation tests (Core 1/15, passed_count 18)
 39.72% of Permutation test rounds,  94.74% of Permutation tests (Core 6/15, passed_count 18)
 39.73% of Permutation test rounds,  94.74% of Permutation tests (Core 13/15, passed_count 18)
 39.74% of Permutation test rounds,  94.74% of Permutation tests (Core 5/15, passed_count 18)
 39.75% of Permutation test rounds,  94.74% of Permutation tests (Core 4/15, passed_count 18)
 39.76% of Permutation test rounds,  94.74% of Permutation tests (Core 2/15, passed_count 18)
 39.77% of Permutation test rounds,  94.74% of Permutation tests (Core 7/15, passed_count 18)
 39.78% of Permutation test rounds,  94.74% of Permutation tests (Core 8/15, passed_count 18)
 39.79% of Permutation test rounds,  94.74% of Permutation tests (Core 14/15, passed_count 18)
 39.80% of Permutation test rounds,  94.74% of Permutation tests (Core 3/15, passed_count 18)
 39.81% of Permutation test rounds,  94.74% of Permutation tests (Core 0/15, passed_count 18)
 39.82% of Permutation test rounds,  94.74% of Permutation tests (Core 11/15, passed_count 18)
 39.83% of Permutation test rounds,  94.74% of Permutation tests (Core 9/15, passed_count 18)
 39.84% of Permutation test rounds,  94.74% of Permutation tests (Core 12/15, passed_count 18)
 39.85% of Permutation test rounds,  94.74% of Permutation tests (Core 15/15, passed_count 18)
 39.86% of Permutation test rounds,  94.74% of Permutation tests (Core 10/15, passed_count 18)
 39.87% of Permutation test rounds,  94.74% of Permutation tests (Core 1/15, passed_count 18)
 39.88% of Permutation test rounds,  94.74% of Permutation tests (Core 6/15, passed_count 18)
 39.89% of Permutation test rounds,  94.74% of Permutation tests (Core 13/15, passed_count 18)
 39.90% of Permutation test rounds,  94.74% of Permutation tests (Core 5/15, passed_count 18)
 39.91% of Permutation test rounds,  94.74% of Permutation tests (Core 4/15, passed_count 18)
 39.92% of Permutation test rounds,  94.74% of Permutation tests (Core 2/15, passed_count 18)
 39.93% of Permutation test rounds,  94.74% of Permutation tests (Core 7/15, passed_count 18)
 39.94% of Permutation test rounds,  94.74% of Permutation tests (Core 8/15, passed_count 18)
 39.95% of Permutation test rounds,  94.74% of Permutation tests (Core 14/15, passed_count 18)
 39.96% of Permutation test rounds,  94.74% of Permutation tests (Core 3/15, passed_count 18)
 39.97% of Permutation test rounds,  94.74% of Permutation tests (Core 0/15, passed_count 18)
 39.98% of Permutation test rounds,  94.74% of Permutation tests (Core 11/15, passed_count 18)
 39.99% of Permutation test rounds,  94.74% of Permutation tests (Core 9/15, passed_count 18)
 40.00% of Permutation test rounds,  94.74% of Permutation tests (Core 12/15, passed_count 18)
 40.01% of Permutation test rounds,  94.74% of Permutation tests (Core 15/15, passed_count 18)
 40.02% of Permutation test rounds,  94.74% of Permutation tests (Core 10/15, passed_count 18)
 40.03% of Permutation test rounds,  94.74% of Permutation tests (Core 1/15, passed_count 18)
 40.04% of Permutation test rounds,  94.74% of Permutation tests (Core 6/15, passed_count 18)
 40.05% of Permutation test rounds,  94.74% of Permutation tests (Core 13/15, passed_count 18)
 40.06% of Permutation test rounds,  94.74% of Permutation tests (Core 5/15, passed_count 18)
 40.07% of Permutation test rounds,  94.74% of Permutation tests (Core 4/15, passed_count 18)
 40.08% of Permutation test rounds,  94.74% of Permutation tests (Core 2/15, passed_count 18)
 40.09% of Permutation test rounds,  94.74% of Permutation tests (Core 7/15, passed_count 18)
 40.10% of Permutation test rounds,  94.74% of Permutation tests (Core 8/15, passed_count 18)
 40.11% of Permutation test rounds,  94.74% of Permutation tests (Core 14/15, passed_count 18)
 40.12% of Permutation test rounds,  94.74% of Permutation tests (Core 3/15, passed_count 18)
 40.13% of Permutation test rounds,  94.74% of Permutation tests (Core 0/15, passed_count 18)
 40.14% of Permutation test rounds,  94.74% of Permutation tests (Core 11/15, passed_count 18)
 40.15% of Permutation test rounds,  94.74% of Permutation tests (Core 9/15, passed_count 18)
 40.16% of Permutation test rounds,  94.74% of Permutation tests (Core 12/15, passed_count 18)
 40.17% of Permutation test rounds,  94.74% of Permutation tests (Core 15/15, passed_count 18)
 40.18% of Permutation test rounds,  94.74% of Permutation tests (Core 10/15, passed_count 18)
 40.19% of Permutation test rounds,  94.74% of Permutation tests (Core 1/15, passed_count 18)
 40.20% of Permutation test rounds,  94.74% of Permutation tests (Core 6/15, passed_count 18)
 40.21% of Permutation test rounds,  94.74% of Permutation tests (Core 13/15, passed_count 18)
 40.22% of Permutation test rounds,  94.74% of Permutation tests (Core 5/15, passed_count 18)
 40.23% of Permutation test rounds,  94.74% of Permutation tests (Core 4/15, passed_count 18)
 40.24% of Permutation test rounds,  94.74% of Permutation tests (Core 2/15, passed_count 18)
 40.25% of Permutation test rounds,  94.74% of Permutation tests (Core 7/15, passed_count 18)
 40.26% of Permutation test rounds,  94.74% of Permutation tests (Core 8/15, passed_count 18)
 40.27% of Permutation test rounds,  94.74% of Permutation tests (Core 14/15, passed_count 18)
 40.28% of Permutation test rounds,  94.74% of Permutation tests (Core 3/15, passed_count 18)
 40.29% of Permutation test rounds,  94.74% of Permutation tests (Core 0/15, passed_count 18)
 40.30% of Permutation test rounds,  94.74% of Permutation tests (Core 11/15, passed_count 18)
 40.31% of Permutation test rounds,  94.74% of Permutation tests (Core 9/15, passed_count 18)
 40.32% of Permutation test rounds,  94.74% of Permutation tests (Core 12/15, passed_count 18)
 40.33% of Permutation test rounds,  94.74% of Permutation tests (Core 15/15, passed_count 18)
 40.34% of Permutation test rounds,  94.74% of Permutation tests (Core 10/15, passed_count 18)
 40.35% of Permutation test rounds,  94.74% of Permutation tests (Core 1/15, passed_count 18)
 40.36% of Permutation test rounds,  94.74% of Permutation tests (Core 6/15, passed_count 18)
 40.37% of Permutation test rounds,  94.74% of Permutation tests (Core 13/15, passed_count 18)
 40.38% of Permutation test rounds,  94.74% of Permutation tests (Core 5/15, passed_count 18)
 40.39% of Permutation test rounds,  94.74% of Permutation tests (Core 4/15, passed_count 18)
 40.40% of Permutation test rounds,  94.74% of Permutation tests (Core 2/15, passed_count 18)
 40.41% of Permutation test rounds,  94.74% of Permutation tests (Core 7/15, passed_count 18)
 40.42% of Permutation test rounds,  94.74% of Permutation tests (Core 8/15, passed_count 18)
 40.43% of Permutation test rounds,  94.74% of Permutation tests (Core 14/15, passed_count 18)
 40.44% of Permutation test rounds,  94.74% of Permutation tests (Core 3/15, passed_count 18)
 40.45% of Permutation test rounds,  94.74% of Permutation tests (Core 0/15, passed_count 18)
 40.46% of Permutation test rounds,  94.74% of Permutation tests (Core 11/15, passed_count 18)
 40.47% of Permutation test rounds,  94.74% of Permutation tests (Core 9/15, passed_count 18)
 40.48% of Permutation test rounds,  94.74% of Permutation tests (Core 12/15, passed_count 18)
 40.49% of Permutation test rounds,  94.74% of Permutation tests (Core 15/15, passed_count 18)
 40.50% of Permutation test rounds,  94.74% of Permutation tests (Core 10/15, passed_count 18)
 40.51% of Permutation test rounds,  94.74% of Permutation tests (Core 1/15, passed_count 18)
 40.52% of Permutation test rounds,  94.74% of Permutation tests (Core 6/15, passed_count 18)
 40.53% of Permutation test rounds,  94.74% of Permutation tests (Core 13/15, passed_count 18)
 40.54% of Permutation test rounds,  94.74% of Permutation tests (Core 5/15, passed_count 18)
 40.55% of Permutation test rounds,  94.74% of Permutation tests (Core 4/15, passed_count 18)
 40.56% of Permutation test rounds,  94.74% of Permutation tests (Core 2/15, passed_count 18)
 40.57% of Permutation test rounds,  94.74% of Permutation tests (Core 7/15, passed_count 18)
 40.58% of Permutation test rounds,  94.74% of Permutation tests (Core 8/15, passed_count 18)
 40.59% of Permutation test rounds,  94.74% of Permutation tests (Core 14/15, passed_count 18)
 40.60% of Permutation test rounds,  94.74% of Permutation tests (Core 3/15, passed_count 18)
 40.61% of Permutation test rounds,  94.74% of Permutation tests (Core 0/15, passed_count 18)
 40.62% of Permutation test rounds,  94.74% of Permutation tests (Core 11/15, passed_count 18)
 40.63% of Permutation test rounds,  94.74% of Permutation tests (Core 9/15, passed_count 18)
 40.64% of Permutation test rounds,  94.74% of Permutation tests (Core 12/15, passed_count 18)
 40.65% of Permutation test rounds,  94.74% of Permutation tests (Core 15/15, passed_count 18)
 40.66% of Permutation test rounds,  94.74% of Permutation tests (Core 10/15, passed_count 18)
 40.67% of Permutation test rounds,  94.74% of Permutation tests (Core 1/15, passed_count 18)
 40.68% of Permutation test rounds,  94.74% of Permutation tests (Core 6/15, passed_count 18)
 40.69% of Permutation test rounds,  94.74% of Permutation tests (Core 13/15, passed_count 18)
 40.70% of Permutation test rounds,  94.74% of Permutation tests (Core 5/15, passed_count 18)
 40.71% of Permutation test rounds,  94.74% of Permutation tests (Core 4/15, passed_count 18)
 40.72% of Permutation test rounds,  94.74% of Permutation tests (Core 2/15, passed_count 18)
 40.73% of Permutation test rounds,  94.74% of Permutation tests (Core 7/15, passed_count 18)
 40.74% of Permutation test rounds,  94.74% of Permutation tests (Core 8/15, passed_count 18)
 40.75% of Permutation test rounds,  94.74% of Permutation tests (Core 14/15, passed_count 18)
 40.76% of Permutation test rounds,  94.74% of Permutation tests (Core 3/15, passed_count 18)
 40.77% of Permutation test rounds,  94.74% of Permutation tests (Core 0/15, passed_count 18)
 40.78% of Permutation test rounds,  94.74% of Permutation tests (Core 3/15, passed_count 18)
 40.79% of Permutation test rounds,  94.74% of Permutation tests (Core 9/15, passed_count 18)
 40.80% of Permutation test rounds,  94.74% of Permutation tests (Core 12/15, passed_count 18)
 40.81% of Permutation test rounds,  94.74% of Permutation tests (Core 15/15, passed_count 18)
 40.82% of Permutation test rounds,  94.74% of Permutation tests (Core 10/15, passed_count 18)
 40.83% of Permutation test rounds,  94.74% of Permutation tests (Core 1/15, passed_count 18)
 40.84% of Permutation test rounds,  94.74% of Permutation tests (Core 6/15, passed_count 18)
 40.85% of Permutation test rounds,  94.74% of Permutation tests (Core 13/15, passed_count 18)
 40.86% of Permutation test rounds,  94.74% of Permutation tests (Core 5/15, passed_count 18)
 40.87% of Permutation test rounds,  94.74% of Permutation tests (Core 4/15, passed_count 18)
 40.88% of Permutation test rounds,  94.74% of Permutation tests (Core 2/15, passed_count 18)
 40.89% of Permutation test rounds, 100.00% of Permutation tests (Core 7/15, passed_count 19)
 44.59% of Permutation test rounds, 100.00% of Permutation tests (Core 8/15, passed_count 19)
 48.27% of Permutation test rounds, 100.00% of Permutation tests (Core 14/15, passed_count 19)
 51.97% of Permutation test rounds, 100.00% of Permutation tests (Core 11/15, passed_count 19)
 55.54% of Permutation test rounds, 100.00% of Permutation tests (Core 0/15, passed_count 19)
 59.34% of Permutation test rounds, 100.00% of Permutation tests (Core 3/15, passed_count 19)
 63.09% of Permutation test rounds, 100.00% of Permutation tests (Core 9/15, passed_count 19)
 66.85% of Permutation test rounds, 100.00% of Permutation tests (Core 12/15, passed_count 19)
 70.36% of Permutation test rounds, 100.00% of Permutation tests (Core 15/15, passed_count 19)
 74.14% of Permutation test rounds, 100.00% of Permutation tests (Core 10/15, passed_count 19)
 77.65% of Permutation test rounds, 100.00% of Permutation tests (Core 1/15, passed_count 19)
 81.37% of Permutation test rounds, 100.00% of Permutation tests (Core 6/15, passed_count 19)
 85.08% of Permutation test rounds, 100.00% of Permutation tests (Core 13/15, passed_count 19)
 88.85% of Permutation test rounds, 100.00% of Permutation tests (Core 5/15, passed_count 19)
 92.59% of Permutation test rounds, 100.00% of Permutation tests (Core 4/15, passed_count 19)
 96.30% of Permutation test rounds, 100.00% of Permutation tests (Core 2/15, passed_count 19)


                statistic  C[i][0]  C[i][1]  C[i][2]
----------------------------------------------------
                excursion       6       0      22
       numDirectionalRuns     107       0       6
       lenDirectionalRuns       4       3       3
    numIncreasesDecreases      10       1       5
            numRunsMedian       9       0       6
            lenRunsMedian       4       3       3
             avgCollision      11       0       6
             maxCollision       9       4       2
           periodicity(1)     114       0       6
           periodicity(2)      11       0       6
           periodicity(8)       6       0      18
          periodicity(16)      37       1       5
          periodicity(32)       6       0      12
            covariance(1)       6       0      94
            covariance(2)       6       0      52
            covariance(8)       6       0       6
           covariance(16)    4083       0       6
           covariance(32)      20       0       6
              compression      10       0       6
(* denotes failed test)

** Passed IID permutation tests

your 131072x1 screen size is bogus. expect trouble
your 131072x1 screen size is bogus. expect trouble
Identity added: /home/mmggjj/.ssh/id_ed25519 (mariogj.03@gmail.com)
tiempo_s=21.21 maxrss_kB=162768
--- condC_rep2_noniid_b8: exit 0, 9 s ---
Agent pid 423
Opening file: '/mnt/c/Users/mario/Documents/TFM_FPGA_CRYPTO/results/esp32_campana_rng/condC_rep2.bin' (SHA-256 hash a869392ee3d02dac117d7b50352f893afb226cc278e6df8fe4890e90ac258fb2)
Loaded 125000 samples of 256 distinct 8-bit-wide symbols
Number of Binary Symbols: 1000000

*** Warning: data contains less than 1000000 samples ***


Running non-IID tests...

Running Most Common Value Estimate...
Bitstring MCV Estimate: mode = 500595, p-hat = 0.50059500000000001, p_u = 0.50188291438382349
	Most Common Value Estimate (bit string) = 0.994577 / 1 bit(s)
Literal MCV Estimate: mode = 563, p-hat = 0.0045040000000000002, p_u = 0.0049918460139521592
	Most Common Value Estimate = 7.646211 / 8 bit(s)

Running Entropic Statistic Estimates (bit strings only)...
Bitstring Collision Estimate: X-bar = 2.498954186627083, sigma-hat = 0.49999953101216893, p = 0.53925403399293448
	Collision Test Estimate (bit string) = 0.890963 / 1 bit(s)
Bitstring Markov Estimate: P_0 = 0.50059500000000001, P_1 = 0.49940499999999999, P_0,0 = 0.50099581498017365, P_0,1 = 0.49900418501982635, P_1,0 = 0.50019423152397657, P_1,1 = 0.49980576847602343, p_max = 3.7880609597191123e-39
	Markov Test Estimate (bit string) = 0.997139 / 1 bit(s)
Bitstring Compression Estimate: X-bar = 5.2192749198229169, sigma-hat = 1.0125005088378007, p = 0.02715780449046945
	Compression Test Estimate (bit string) = 0.867082 / 1 bit(s)

Running Tuple Estimates...
Bitstring t-Tuple Estimate: t = 15, p-hat_max = 0.5193896877616499461973, p_u = 0.5206766342837777962341
Bitstring LRS Estimate: u = 16, v = 38, p-hat = 0.50184866175508014, p_u = 0.50313656824775174
	T-Tuple Test Estimate (bit string) = 0.941540 / 1 bit(s)
Literal t-Tuple Estimate: t = 1, p-hat_max = 0.004503999999999999999897, p_u = 0.004991846013952158566176
Literal LRS Estimate: u = 2, v = 3, p-hat = 0.0039893579534288794, p_u = 0.0044486059840894848
	T-Tuple Test Estimate = 7.646211 / 8 bit(s)
	LRS Test Estimate (bit string) = 0.990978 / 1 bit(s)
	LRS Test Estimate = 7.812431 / 8 bit(s)

Running Predictor Estimates...
Bitstring MultiMCW Prediction Estimate: N = 999937, Pglobal' = 0.50098643663713915 (C = 499667) Plocal can't affect result (r = 19)
	Multi Most Common in Window (MultiMCW) Prediction Test Estimate (bit string) = 0.997157 / 1 bit(s)
Literal MultiMCW Prediction Estimate: N = 124937, Pglobal' = 0.0041995456286205365 (C = 469) Plocal = 0.004323073550451053 (r = 3)
	Multi Most Common in Window (MultiMCW) Prediction Test Estimate = 7.853727 / 8 bit(s)
Bitstring Lag Prediction Estimate: N = 999999, Pglobal' = 0.50133641598213208 (C = 500048) Plocal can't affect result (r = 19)
	Lag Prediction Test Estimate (bit string) = 0.996149 / 1 bit(s)
Literal Lag Prediction Estimate: N = 124999, Pglobal' = 0.0045021780116237106 (C = 505) Plocal can't affect result (r = 3)
	Lag Prediction Test Estimate = 7.795161 / 8 bit(s)
Bitstring MultiMMC Prediction Estimate: N = 999998, Pglobal' = 0.50032891229669041 (C = 499040) Plocal can't affect result (r = 20)
	Multi Markov Model with Counting (MultiMMC) Prediction Test Estimate (bit string) = 0.999051 / 1 bit(s)
Literal MultiMMC Prediction Estimate: N = 124998, Pglobal' = 0.0043499334698679218 (C = 487) Plocal can't affect result (r = 3)
	Multi Markov Model with Counting (MultiMMC) Prediction Test Estimate = 7.844791 / 8 bit(s)
Bitstring LZ78Y Prediction Estimate: N = 999983, Pglobal' = 0.50132642689385576 (C = 500030) Plocal can't affect result (r = 21)
	LZ78Y Prediction Test Estimate (bit string) = 0.996178 / 1 bit(s)
Literal LZ78Y Prediction Estimate: N = 124983, Pglobal' = 0.0043419898774963482 (C = 486) Plocal can't affect result (r = 3)
	LZ78Y Prediction Test Estimate = 7.847428 / 8 bit(s)

H_original: 7.646211
H_bitstring: 0.867082
min(H_original, 8 X H_bitstring): 6.936652
your 131072x1 screen size is bogus. expect trouble
your 131072x1 screen size is bogus. expect trouble
Identity added: /home/mmggjj/.ssh/id_ed25519 (mariogj.03@gmail.com)
tiempo_s=10.91 maxrss_kB=288880
--- condC_rep2_iid_b8: exit 0, 1 s ---
Agent pid 423
Opening file: '/mnt/c/Users/mario/Documents/TFM_FPGA_CRYPTO/results/esp32_campana_rng/condC_rep2.bin' (SHA-256 hash a869392ee3d02dac117d7b50352f893afb226cc278e6df8fe4890e90ac258fb2)
Loaded 125000 samples of 256 distinct 8-bit-wide symbols
Number of Binary samples: 1000000

*** Warning: data contains less than 1000000 samples ***

Calculating baseline statistics...
	Raw Mean: 127.244536
	Median: 127.000000
	Binary: false

Literal MCV Estimate: mode = 563, p-hat = 0.0045040000000000002, p_u = 0.0049918460139521592
Bitstring MCV Estimate: mode = 500595, p-hat = 0.50059500000000001, p_u = 0.50188291438382349
H_original: 7.646211
H_bitstring: 0.994577
min(H_original, 8 X H_bitstring): 7.646211
Chi square independence
	score = 11141.432020
	degrees of freedom = 11118
	p-value = 0.435851

Chi square goodness of fit
	score = 2287.123266
	degrees of freedom = 2295
	p-value = 0.542428

** Passed chi square tests

Literal Longest Repeated Substring results
	P_col: 0.003915
	Length of LRS: 3
	Pr(X >= 1): 1.000000
** Passed length of longest repeated substring test

Beginning initial tests...

Initial test results
              excursion: 20140.3
     numDirectionalRuns: 83411
     lenDirectionalRuns: 7
  numIncreasesDecreases: 62641
          numRunsMedian: 62726
          lenRunsMedian: 16
           avgCollision: 20.6934
           maxCollision: 66
         periodicity(1): 478
         periodicity(2): 481
         periodicity(8): 505
        periodicity(16): 503
        periodicity(32): 481
          covariance(1): 2.02082e+09
          covariance(2): 2.02322e+09
          covariance(8): 2.0275e+09
         covariance(16): 2.02666e+09
         covariance(32): 2.02177e+09
            compression: 133329

Beginning permutation tests... these may take some time
  0.01% of Permutation test rounds,   0.00% of Permutation tests (Core 7/15, passed_count 0)
  0.02% of Permutation test rounds,   0.00% of Permutation tests (Core 10/15, passed_count 0)
  0.03% of Permutation test rounds,   0.00% of Permutation tests (Core 8/15, passed_count 0)
  0.04% of Permutation test rounds,   0.00% of Permutation tests (Core 9/15, passed_count 0)
  0.05% of Permutation test rounds,   0.00% of Permutation tests (Core 1/15, passed_count 0)
  0.06% of Permutation test rounds,   0.00% of Permutation tests (Core 6/15, passed_count 0)
  0.07% of Permutation test rounds,   0.00% of Permutation tests (Core 3/15, passed_count 0)
  0.08% of Permutation test rounds,   0.00% of Permutation tests (Core 12/15, passed_count 0)
  0.09% of Permutation test rounds,   0.00% of Permutation tests (Core 0/15, passed_count 0)
  0.10% of Permutation test rounds,   5.26% of Permutation tests (Core 13/15, passed_count 1)
  0.11% of Permutation test rounds,   5.26% of Permutation tests (Core 11/15, passed_count 1)
  0.12% of Permutation test rounds,  21.05% of Permutation tests (Core 5/15, passed_count 4)
  0.13% of Permutation test rounds,  26.32% of Permutation tests (Core 4/15, passed_count 5)
  0.14% of Permutation test rounds,  26.32% of Permutation tests (Core 14/15, passed_count 5)
  0.15% of Permutation test rounds,  36.84% of Permutation tests (Core 15/15, passed_count 7)
  0.16% of Permutation test rounds,  42.11% of Permutation tests (Core 2/15, passed_count 8)
  0.17% of Permutation test rounds,  42.11% of Permutation tests (Core 7/15, passed_count 8)
  0.18% of Permutation test rounds,  47.37% of Permutation tests (Core 9/15, passed_count 9)
  0.19% of Permutation test rounds,  47.37% of Permutation tests (Core 10/15, passed_count 9)
  0.20% of Permutation test rounds,  47.37% of Permutation tests (Core 3/15, passed_count 9)
  0.21% of Permutation test rounds,  47.37% of Permutation tests (Core 8/15, passed_count 9)
  0.22% of Permutation test rounds,  52.63% of Permutation tests (Core 1/15, passed_count 10)
  0.23% of Permutation test rounds,  52.63% of Permutation tests (Core 12/15, passed_count 10)
  0.24% of Permutation test rounds,  52.63% of Permutation tests (Core 6/15, passed_count 10)
  0.25% of Permutation test rounds,  52.63% of Permutation tests (Core 5/15, passed_count 10)
  0.26% of Permutation test rounds,  52.63% of Permutation tests (Core 7/15, passed_count 10)
  0.27% of Permutation test rounds,  52.63% of Permutation tests (Core 0/15, passed_count 10)
  0.28% of Permutation test rounds,  52.63% of Permutation tests (Core 9/15, passed_count 10)
  0.29% of Permutation test rounds,  52.63% of Permutation tests (Core 13/15, passed_count 10)
  0.30% of Permutation test rounds,  52.63% of Permutation tests (Core 11/15, passed_count 10)
  0.31% of Permutation test rounds,  57.89% of Permutation tests (Core 1/15, passed_count 11)
  0.32% of Permutation test rounds,  57.89% of Permutation tests (Core 10/15, passed_count 11)
  0.33% of Permutation test rounds,  57.89% of Permutation tests (Core 12/15, passed_count 11)
  0.34% of Permutation test rounds,  63.16% of Permutation tests (Core 6/15, passed_count 12)
  0.35% of Permutation test rounds,  63.16% of Permutation tests (Core 4/15, passed_count 12)
  0.36% of Permutation test rounds,  63.16% of Permutation tests (Core 8/15, passed_count 12)
  0.37% of Permutation test rounds,  63.16% of Permutation tests (Core 3/15, passed_count 12)
  0.38% of Permutation test rounds,  63.16% of Permutation tests (Core 14/15, passed_count 12)
  0.39% of Permutation test rounds,  63.16% of Permutation tests (Core 2/15, passed_count 12)
  0.40% of Permutation test rounds,  63.16% of Permutation tests (Core 15/15, passed_count 12)
  0.41% of Permutation test rounds,  63.16% of Permutation tests (Core 5/15, passed_count 12)
  0.42% of Permutation test rounds,  68.42% of Permutation tests (Core 7/15, passed_count 13)
  0.43% of Permutation test rounds,  68.42% of Permutation tests (Core 9/15, passed_count 13)
  0.44% of Permutation test rounds,  73.68% of Permutation tests (Core 1/15, passed_count 14)
  0.45% of Permutation test rounds,  73.68% of Permutation tests (Core 12/15, passed_count 14)
  0.46% of Permutation test rounds,  73.68% of Permutation tests (Core 6/15, passed_count 14)
  0.47% of Permutation test rounds,  73.68% of Permutation tests (Core 10/15, passed_count 14)
  0.48% of Permutation test rounds,  78.95% of Permutation tests (Core 3/15, passed_count 15)
  0.49% of Permutation test rounds,  78.95% of Permutation tests (Core 3/15, passed_count 15)
  0.50% of Permutation test rounds,  78.95% of Permutation tests (Core 3/15, passed_count 15)
  0.51% of Permutation test rounds,  78.95% of Permutation tests (Core 3/15, passed_count 15)
  0.52% of Permutation test rounds,  78.95% of Permutation tests (Core 8/15, passed_count 15)
  0.53% of Permutation test rounds,  78.95% of Permutation tests (Core 8/15, passed_count 15)
  0.54% of Permutation test rounds,  78.95% of Permutation tests (Core 3/15, passed_count 15)
  0.55% of Permutation test rounds,  78.95% of Permutation tests (Core 8/15, passed_count 15)
  0.56% of Permutation test rounds,  78.95% of Permutation tests (Core 3/15, passed_count 15)
  0.57% of Permutation test rounds,  84.21% of Permutation tests (Core 8/15, passed_count 16)
  0.58% of Permutation test rounds,  84.21% of Permutation tests (Core 3/15, passed_count 16)
  0.59% of Permutation test rounds,  84.21% of Permutation tests (Core 8/15, passed_count 16)
  0.60% of Permutation test rounds,  84.21% of Permutation tests (Core 3/15, passed_count 16)
  0.61% of Permutation test rounds,  84.21% of Permutation tests (Core 3/15, passed_count 16)
  0.62% of Permutation test rounds,  84.21% of Permutation tests (Core 3/15, passed_count 16)
  0.63% of Permutation test rounds,  84.21% of Permutation tests (Core 3/15, passed_count 16)
  0.64% of Permutation test rounds,  84.21% of Permutation tests (Core 3/15, passed_count 16)
  0.65% of Permutation test rounds,  84.21% of Permutation tests (Core 3/15, passed_count 16)
  0.66% of Permutation test rounds,  84.21% of Permutation tests (Core 3/15, passed_count 16)
  0.67% of Permutation test rounds,  84.21% of Permutation tests (Core 3/15, passed_count 16)
  0.68% of Permutation test rounds,  84.21% of Permutation tests (Core 3/15, passed_count 16)
  0.69% of Permutation test rounds,  84.21% of Permutation tests (Core 3/15, passed_count 16)
  0.70% of Permutation test rounds,  84.21% of Permutation tests (Core 0/15, passed_count 16)
  0.71% of Permutation test rounds,  84.21% of Permutation tests (Core 3/15, passed_count 16)
  0.72% of Permutation test rounds,  84.21% of Permutation tests (Core 11/15, passed_count 16)
  0.73% of Permutation test rounds,  84.21% of Permutation tests (Core 8/15, passed_count 16)
  0.74% of Permutation test rounds,  84.21% of Permutation tests (Core 3/15, passed_count 16)
  0.75% of Permutation test rounds,  89.47% of Permutation tests (Core 0/15, passed_count 17)
  0.76% of Permutation test rounds,  89.47% of Permutation tests (Core 13/15, passed_count 17)
  0.77% of Permutation test rounds,  89.47% of Permutation tests (Core 0/15, passed_count 17)
  0.78% of Permutation test rounds,  89.47% of Permutation tests (Core 13/15, passed_count 17)
  0.79% of Permutation test rounds,  89.47% of Permutation tests (Core 11/15, passed_count 17)
  0.80% of Permutation test rounds,  89.47% of Permutation tests (Core 3/15, passed_count 17)
  0.81% of Permutation test rounds,  89.47% of Permutation tests (Core 0/15, passed_count 17)
  0.82% of Permutation test rounds,  89.47% of Permutation tests (Core 8/15, passed_count 17)
  0.83% of Permutation test rounds,  89.47% of Permutation tests (Core 13/15, passed_count 17)
  0.84% of Permutation test rounds,  89.47% of Permutation tests (Core 11/15, passed_count 17)
  0.85% of Permutation test rounds,  89.47% of Permutation tests (Core 3/15, passed_count 17)
  0.86% of Permutation test rounds,  89.47% of Permutation tests (Core 3/15, passed_count 17)
  0.87% of Permutation test rounds,  89.47% of Permutation tests (Core 8/15, passed_count 17)
  0.88% of Permutation test rounds,  89.47% of Permutation tests (Core 13/15, passed_count 17)
  0.89% of Permutation test rounds,  89.47% of Permutation tests (Core 11/15, passed_count 17)
  0.90% of Permutation test rounds,  89.47% of Permutation tests (Core 11/15, passed_count 17)
  0.91% of Permutation test rounds,  89.47% of Permutation tests (Core 5/15, passed_count 17)
  0.92% of Permutation test rounds,  89.47% of Permutation tests (Core 3/15, passed_count 17)
  0.93% of Permutation test rounds,  89.47% of Permutation tests (Core 8/15, passed_count 17)
  0.94% of Permutation test rounds,  89.47% of Permutation tests (Core 13/15, passed_count 17)
  0.95% of Permutation test rounds,  89.47% of Permutation tests (Core 0/15, passed_count 17)
  0.96% of Permutation test rounds,  89.47% of Permutation tests (Core 11/15, passed_count 17)
  0.97% of Permutation test rounds,  89.47% of Permutation tests (Core 5/15, passed_count 17)
  1.04% of Permutation test rounds,  89.47% of Permutation tests (Core 3/15, passed_count 17)
  1.01% of Permutation test rounds,  89.47% of Permutation tests (Core 2/15, passed_count 17)
  1.00% of Permutation test rounds,  89.47% of Permutation tests (Core 8/15, passed_count 17)
  1.03% of Permutation test rounds,  89.47% of Permutation tests (Core 0/15, passed_count 17)
  0.99% of Permutation test rounds,  89.47% of Permutation tests (Core 11/15, passed_count 17)
  0.98% of Permutation test rounds,  89.47% of Permutation tests (Core 4/15, passed_count 17)
  1.02% of Permutation test rounds,  89.47% of Permutation tests (Core 13/15, passed_count 17)
  1.05% of Permutation test rounds,  89.47% of Permutation tests (Core 9/15, passed_count 17)
  1.06% of Permutation test rounds,  89.47% of Permutation tests (Core 5/15, passed_count 17)
  1.07% of Permutation test rounds,  89.47% of Permutation tests (Core 15/15, passed_count 17)
  1.08% of Permutation test rounds,  89.47% of Permutation tests (Core 9/15, passed_count 17)
  1.09% of Permutation test rounds,  89.47% of Permutation tests (Core 2/15, passed_count 17)
  1.10% of Permutation test rounds,  89.47% of Permutation tests (Core 8/15, passed_count 17)
  1.11% of Permutation test rounds,  89.47% of Permutation tests (Core 0/15, passed_count 17)
  1.12% of Permutation test rounds,  89.47% of Permutation tests (Core 11/15, passed_count 17)
  1.13% of Permutation test rounds,  89.47% of Permutation tests (Core 1/15, passed_count 17)
  1.14% of Permutation test rounds,  89.47% of Permutation tests (Core 4/15, passed_count 17)
  1.15% of Permutation test rounds,  94.74% of Permutation tests (Core 13/15, passed_count 18)
  1.16% of Permutation test rounds,  94.74% of Permutation tests (Core 3/15, passed_count 18)
  1.17% of Permutation test rounds,  94.74% of Permutation tests (Core 5/15, passed_count 18)
  1.18% of Permutation test rounds,  94.74% of Permutation tests (Core 5/15, passed_count 18)
  1.19% of Permutation test rounds,  94.74% of Permutation tests (Core 7/15, passed_count 18)
  1.20% of Permutation test rounds,  94.74% of Permutation tests (Core 5/15, passed_count 18)
  1.21% of Permutation test rounds,  94.74% of Permutation tests (Core 7/15, passed_count 18)
  1.22% of Permutation test rounds,  94.74% of Permutation tests (Core 8/15, passed_count 18)
  1.23% of Permutation test rounds,  94.74% of Permutation tests (Core 0/15, passed_count 18)
  1.24% of Permutation test rounds,  94.74% of Permutation tests (Core 10/15, passed_count 18)
  1.25% of Permutation test rounds,  94.74% of Permutation tests (Core 11/15, passed_count 18)
  1.26% of Permutation test rounds,  94.74% of Permutation tests (Core 14/15, passed_count 18)
  1.27% of Permutation test rounds,  94.74% of Permutation tests (Core 10/15, passed_count 18)
  1.28% of Permutation test rounds,  94.74% of Permutation tests (Core 12/15, passed_count 18)
  1.29% of Permutation test rounds,  94.74% of Permutation tests (Core 4/15, passed_count 18)
  1.30% of Permutation test rounds,  94.74% of Permutation tests (Core 13/15, passed_count 18)
  1.31% of Permutation test rounds,  94.74% of Permutation tests (Core 6/15, passed_count 18)
  1.32% of Permutation test rounds,  94.74% of Permutation tests (Core 3/15, passed_count 18)
  1.33% of Permutation test rounds,  94.74% of Permutation tests (Core 15/15, passed_count 18)
  1.34% of Permutation test rounds,  94.74% of Permutation tests (Core 9/15, passed_count 18)
  1.35% of Permutation test rounds,  94.74% of Permutation tests (Core 5/15, passed_count 18)
  1.36% of Permutation test rounds,  94.74% of Permutation tests (Core 2/15, passed_count 18)
  1.37% of Permutation test rounds,  94.74% of Permutation tests (Core 7/15, passed_count 18)
  1.38% of Permutation test rounds,  94.74% of Permutation tests (Core 8/15, passed_count 18)
  1.39% of Permutation test rounds,  94.74% of Permutation tests (Core 0/15, passed_count 18)
  1.40% of Permutation test rounds,  94.74% of Permutation tests (Core 1/15, passed_count 18)
  1.41% of Permutation test rounds,  94.74% of Permutation tests (Core 11/15, passed_count 18)
  1.42% of Permutation test rounds,  94.74% of Permutation tests (Core 14/15, passed_count 18)
  1.43% of Permutation test rounds,  94.74% of Permutation tests (Core 10/15, passed_count 18)
  1.44% of Permutation test rounds,  94.74% of Permutation tests (Core 12/15, passed_count 18)
  1.45% of Permutation test rounds,  94.74% of Permutation tests (Core 12/15, passed_count 18)
  1.46% of Permutation test rounds,  94.74% of Permutation tests (Core 13/15, passed_count 18)
  1.47% of Permutation test rounds,  94.74% of Permutation tests (Core 6/15, passed_count 18)
  1.48% of Permutation test rounds,  94.74% of Permutation tests (Core 3/15, passed_count 18)
  1.49% of Permutation test rounds,  94.74% of Permutation tests (Core 15/15, passed_count 18)
  1.50% of Permutation test rounds,  94.74% of Permutation tests (Core 9/15, passed_count 18)
  1.51% of Permutation test rounds,  94.74% of Permutation tests (Core 5/15, passed_count 18)
  1.52% of Permutation test rounds,  94.74% of Permutation tests (Core 2/15, passed_count 18)
  1.53% of Permutation test rounds,  94.74% of Permutation tests (Core 7/15, passed_count 18)
  1.54% of Permutation test rounds,  94.74% of Permutation tests (Core 8/15, passed_count 18)
  1.55% of Permutation test rounds,  94.74% of Permutation tests (Core 0/15, passed_count 18)
  1.56% of Permutation test rounds,  94.74% of Permutation tests (Core 1/15, passed_count 18)
  1.57% of Permutation test rounds,  94.74% of Permutation tests (Core 11/15, passed_count 18)
  1.58% of Permutation test rounds,  94.74% of Permutation tests (Core 14/15, passed_count 18)
  1.59% of Permutation test rounds,  94.74% of Permutation tests (Core 10/15, passed_count 18)
  1.60% of Permutation test rounds,  94.74% of Permutation tests (Core 4/15, passed_count 18)
  1.61% of Permutation test rounds,  94.74% of Permutation tests (Core 12/15, passed_count 18)
  1.62% of Permutation test rounds,  94.74% of Permutation tests (Core 13/15, passed_count 18)
  1.63% of Permutation test rounds,  94.74% of Permutation tests (Core 6/15, passed_count 18)
  1.64% of Permutation test rounds,  94.74% of Permutation tests (Core 3/15, passed_count 18)
  1.65% of Permutation test rounds,  94.74% of Permutation tests (Core 15/15, passed_count 18)
  1.66% of Permutation test rounds,  94.74% of Permutation tests (Core 9/15, passed_count 18)
  1.67% of Permutation test rounds,  94.74% of Permutation tests (Core 5/15, passed_count 18)
  1.68% of Permutation test rounds,  94.74% of Permutation tests (Core 2/15, passed_count 18)
  1.69% of Permutation test rounds,  94.74% of Permutation tests (Core 7/15, passed_count 18)
  1.70% of Permutation test rounds,  94.74% of Permutation tests (Core 8/15, passed_count 18)
  1.71% of Permutation test rounds,  94.74% of Permutation tests (Core 8/15, passed_count 18)
  1.72% of Permutation test rounds,  94.74% of Permutation tests (Core 8/15, passed_count 18)
  1.73% of Permutation test rounds,  94.74% of Permutation tests (Core 8/15, passed_count 18)
  1.74% of Permutation test rounds,  94.74% of Permutation tests (Core 8/15, passed_count 18)
  1.75% of Permutation test rounds,  94.74% of Permutation tests (Core 8/15, passed_count 18)
  1.76% of Permutation test rounds,  94.74% of Permutation tests (Core 1/15, passed_count 18)
  1.77% of Permutation test rounds,  94.74% of Permutation tests (Core 11/15, passed_count 18)
  1.78% of Permutation test rounds,  94.74% of Permutation tests (Core 14/15, passed_count 18)
  1.79% of Permutation test rounds,  94.74% of Permutation tests (Core 10/15, passed_count 18)
  1.80% of Permutation test rounds,  94.74% of Permutation tests (Core 4/15, passed_count 18)
  1.81% of Permutation test rounds,  94.74% of Permutation tests (Core 12/15, passed_count 18)
  1.82% of Permutation test rounds,  94.74% of Permutation tests (Core 13/15, passed_count 18)
  1.83% of Permutation test rounds,  94.74% of Permutation tests (Core 13/15, passed_count 18)
  1.84% of Permutation test rounds,  94.74% of Permutation tests (Core 6/15, passed_count 18)
  1.85% of Permutation test rounds,  94.74% of Permutation tests (Core 3/15, passed_count 18)
  1.86% of Permutation test rounds,  94.74% of Permutation tests (Core 3/15, passed_count 18)
  1.87% of Permutation test rounds,  94.74% of Permutation tests (Core 9/15, passed_count 18)
  1.88% of Permutation test rounds,  94.74% of Permutation tests (Core 5/15, passed_count 18)
  1.89% of Permutation test rounds,  94.74% of Permutation tests (Core 2/15, passed_count 18)
  1.90% of Permutation test rounds,  94.74% of Permutation tests (Core 7/15, passed_count 18)
  1.91% of Permutation test rounds,  94.74% of Permutation tests (Core 0/15, passed_count 18)
  1.92% of Permutation test rounds,  94.74% of Permutation tests (Core 0/15, passed_count 18)
  1.93% of Permutation test rounds,  94.74% of Permutation tests (Core 1/15, passed_count 18)
  1.94% of Permutation test rounds,  94.74% of Permutation tests (Core 11/15, passed_count 18)
  1.95% of Permutation test rounds,  94.74% of Permutation tests (Core 14/15, passed_count 18)
  1.96% of Permutation test rounds,  94.74% of Permutation tests (Core 10/15, passed_count 18)
  1.97% of Permutation test rounds,  94.74% of Permutation tests (Core 4/15, passed_count 18)
  1.98% of Permutation test rounds,  94.74% of Permutation tests (Core 12/15, passed_count 18)
  1.99% of Permutation test rounds,  94.74% of Permutation tests (Core 13/15, passed_count 18)
  2.00% of Permutation test rounds,  94.74% of Permutation tests (Core 6/15, passed_count 18)
  2.01% of Permutation test rounds,  94.74% of Permutation tests (Core 15/15, passed_count 18)
  2.02% of Permutation test rounds,  94.74% of Permutation tests (Core 3/15, passed_count 18)
  2.03% of Permutation test rounds,  94.74% of Permutation tests (Core 9/15, passed_count 18)
  2.04% of Permutation test rounds,  94.74% of Permutation tests (Core 5/15, passed_count 18)
  2.05% of Permutation test rounds,  94.74% of Permutation tests (Core 2/15, passed_count 18)
  2.06% of Permutation test rounds,  94.74% of Permutation tests (Core 7/15, passed_count 18)
  2.07% of Permutation test rounds,  94.74% of Permutation tests (Core 8/15, passed_count 18)
  2.08% of Permutation test rounds,  94.74% of Permutation tests (Core 0/15, passed_count 18)
  2.09% of Permutation test rounds,  94.74% of Permutation tests (Core 1/15, passed_count 18)
  2.10% of Permutation test rounds,  94.74% of Permutation tests (Core 11/15, passed_count 18)
  2.11% of Permutation test rounds,  94.74% of Permutation tests (Core 14/15, passed_count 18)
  2.12% of Permutation test rounds,  94.74% of Permutation tests (Core 10/15, passed_count 18)
  2.13% of Permutation test rounds,  94.74% of Permutation tests (Core 4/15, passed_count 18)
  2.14% of Permutation test rounds,  94.74% of Permutation tests (Core 4/15, passed_count 18)
  2.15% of Permutation test rounds,  94.74% of Permutation tests (Core 4/15, passed_count 18)
  2.16% of Permutation test rounds,  94.74% of Permutation tests (Core 4/15, passed_count 18)
  2.17% of Permutation test rounds,  94.74% of Permutation tests (Core 4/15, passed_count 18)
  2.18% of Permutation test rounds,  94.74% of Permutation tests (Core 13/15, passed_count 18)
  2.19% of Permutation test rounds,  94.74% of Permutation tests (Core 6/15, passed_count 18)
  2.20% of Permutation test rounds,  94.74% of Permutation tests (Core 15/15, passed_count 18)
  2.21% of Permutation test rounds,  94.74% of Permutation tests (Core 3/15, passed_count 18)
  2.22% of Permutation test rounds, 100.00% of Permutation tests (Core 9/15, passed_count 19)
  8.36% of Permutation test rounds, 100.00% of Permutation tests (Core 5/15, passed_count 19)
 14.47% of Permutation test rounds, 100.00% of Permutation tests (Core 2/15, passed_count 19)
 20.63% of Permutation test rounds, 100.00% of Permutation tests (Core 7/15, passed_count 19)
 26.77% of Permutation test rounds, 100.00% of Permutation tests (Core 8/15, passed_count 19)
 32.78% of Permutation test rounds, 100.00% of Permutation tests (Core 0/15, passed_count 19)
 38.88% of Permutation test rounds, 100.00% of Permutation tests (Core 1/15, passed_count 19)
 45.03% of Permutation test rounds, 100.00% of Permutation tests (Core 11/15, passed_count 19)
 51.12% of Permutation test rounds, 100.00% of Permutation tests (Core 14/15, passed_count 19)
 57.29% of Permutation test rounds, 100.00% of Permutation tests (Core 10/15, passed_count 19)
 63.43% of Permutation test rounds, 100.00% of Permutation tests (Core 12/15, passed_count 19)
 69.58% of Permutation test rounds, 100.00% of Permutation tests (Core 4/15, passed_count 19)
 75.70% of Permutation test rounds, 100.00% of Permutation tests (Core 13/15, passed_count 19)
 81.79% of Permutation test rounds, 100.00% of Permutation tests (Core 6/15, passed_count 19)
 87.94% of Permutation test rounds, 100.00% of Permutation tests (Core 15/15, passed_count 19)
 94.11% of Permutation test rounds, 100.00% of Permutation tests (Core 3/15, passed_count 19)


                statistic  C[i][0]  C[i][1]  C[i][2]
----------------------------------------------------
                excursion       9       0       6
       numDirectionalRuns       6       0      16
       lenDirectionalRuns       7       6       0
    numIncreasesDecreases      36       0       6
            numRunsMedian       6       0      51
            lenRunsMedian       4       3       3
             avgCollision      10       0       6
             maxCollision       5       1       6
           periodicity(1)      25       0       6
           periodicity(2)       6       0       6
           periodicity(8)       5       1      28
          periodicity(16)       6       0       9
          periodicity(32)       6       0       6
            covariance(1)      69       0       6
            covariance(2)       6       0      12
            covariance(8)       6       0     216
           covariance(16)       6       0     109
           covariance(32)      38       0       6
              compression      42       0       6
(* denotes failed test)

** Passed IID permutation tests

your 131072x1 screen size is bogus. expect trouble
your 131072x1 screen size is bogus. expect trouble
Identity added: /home/mmggjj/.ssh/id_ed25519 (mariogj.03@gmail.com)
tiempo_s=0.60 maxrss_kB=76824
--- condC_rep2_noniid_b1: exit 0, 1 s ---
Agent pid 423
Opening file: '/mnt/c/Users/mario/Documents/TFM_FPGA_CRYPTO/results/entropia90b/bits/condC_rep2.bits' (SHA-256 hash aff419a66438967d2a98a392b3c4f2fa8e2059a009cf967059ee938834d6b4c9)
Loaded 1000000 samples of 2 distinct 1-bit-wide symbols

Running non-IID tests...

Running Most Common Value Estimate...
Literal MCV Estimate: mode = 500595, p-hat = 0.50059500000000001, p_u = 0.50188291438382349
	Most Common Value Estimate = 0.994577 / 1 bit(s)

Running Entropic Statistic Estimates (bit strings only)...
Literal Collision Estimate: X-bar = 2.498954186627083, sigma-hat = 0.49999953101216893, p = 0.53925403399293448
	Collision Test Estimate = 0.890963 / 1 bit(s)
Literal Markov Estimate: P_0 = 0.50059500000000001, P_1 = 0.49940499999999999, P_0,0 = 0.50099581498017365, P_0,1 = 0.49900418501982635, P_1,0 = 0.50019423152397657, P_1,1 = 0.49980576847602343, p_max = 3.7880609597191123e-39
	Markov Test Estimate = 0.997139 / 1 bit(s)
Literal Compression Estimate: X-bar = 5.2192749198229169, sigma-hat = 1.0125005088378007, p = 0.02715780449046945
	Compression Test Estimate = 0.867082 / 1 bit(s)

Running Tuple Estimates...
Literal t-Tuple Estimate: t = 15, p-hat_max = 0.5193896877616499461973, p_u = 0.5206766342837777962341
Literal LRS Estimate: u = 16, v = 38, p-hat = 0.50184866175508014, p_u = 0.50313656824775174
	T-Tuple Test Estimate = 0.941540 / 1 bit(s)
	LRS Test Estimate = 0.990978 / 1 bit(s)

Running Predictor Estimates...
Literal MultiMCW Prediction Estimate: N = 999937, Pglobal' = 0.50098643663713915 (C = 499667) Plocal can't affect result (r = 19)
	Multi Most Common in Window (MultiMCW) Prediction Test Estimate = 0.997157 / 1 bit(s)
Literal Lag Prediction Estimate: N = 999999, Pglobal' = 0.50133641598213208 (C = 500048) Plocal can't affect result (r = 19)
	Lag Prediction Test Estimate = 0.996149 / 1 bit(s)
Literal MultiMMC Prediction Estimate: N = 999998, Pglobal' = 0.50032891229669041 (C = 499040) Plocal can't affect result (r = 20)
	Multi Markov Model with Counting (MultiMMC) Prediction Test Estimate = 0.999051 / 1 bit(s)
Literal LZ78Y Prediction Estimate: N = 999983, Pglobal' = 0.50132642689385576 (C = 500030) Plocal can't affect result (r = 21)
	LZ78Y Prediction Test Estimate = 0.996178 / 1 bit(s)

H_original: 0.867082
your 131072x1 screen size is bogus. expect trouble
your 131072x1 screen size is bogus. expect trouble
Identity added: /home/mmggjj/.ssh/id_ed25519 (mariogj.03@gmail.com)
tiempo_s=0.92 maxrss_kB=22740
--- condC_rep2_iid_b1: exit 0, 3 s ---
Agent pid 423
Opening file: '/mnt/c/Users/mario/Documents/TFM_FPGA_CRYPTO/results/entropia90b/bits/condC_rep2.bits' (SHA-256 hash aff419a66438967d2a98a392b3c4f2fa8e2059a009cf967059ee938834d6b4c9)
Loaded 1000000 samples of 2 distinct 1-bit-wide symbols
Calculating baseline statistics...
	Raw Mean: 0.499405
	Median: 0.500000
	Binary: true

Literal MCV Estimate: mode = 500595, p-hat = 0.50059500000000001, p_u = 0.50188291438382349
H_original: 0.994577
Chi square independence
	score = 2123.493369
	degrees of freedom = 2046
	p-value = 0.113745

Chi square goodness of fit
	score = 18.419806
	degrees of freedom = 9
	p-value = 0.030604

** Passed chi square tests

Literal Longest Repeated Substring results
	P_col: 0.500001
	Length of LRS: 38
	Pr(X >= 1): 0.837804
** Passed length of longest repeated substring test

Beginning initial tests...

Initial test results
              excursion: 468.915
     numDirectionalRuns: 79799
     lenDirectionalRuns: 11
  numIncreasesDecreases: 74776
          numRunsMedian: 499599
          lenRunsMedian: 20
           avgCollision: 20.6934
           maxCollision: 66
         periodicity(1): 24564
         periodicity(2): 24757
         periodicity(8): 24537
        periodicity(16): 24421
        periodicity(32): 24430
          covariance(1): 1.99454e+06
          covariance(2): 1.99552e+06
          covariance(8): 1.99588e+06
         covariance(16): 1.99543e+06
         covariance(32): 1.99367e+06
            compression: 155876

Beginning permutation tests... these may take some time
  0.01% of Permutation test rounds,   0.00% of Permutation tests (Core 14/15, passed_count 0)
  0.02% of Permutation test rounds,   0.00% of Permutation tests (Core 2/15, passed_count 0)
  0.03% of Permutation test rounds,   0.00% of Permutation tests (Core 11/15, passed_count 0)
  0.04% of Permutation test rounds,   0.00% of Permutation tests (Core 15/15, passed_count 0)
  0.05% of Permutation test rounds,   0.00% of Permutation tests (Core 7/15, passed_count 0)
  0.06% of Permutation test rounds,   0.00% of Permutation tests (Core 8/15, passed_count 0)
  0.07% of Permutation test rounds,   0.00% of Permutation tests (Core 10/15, passed_count 0)
  0.08% of Permutation test rounds,   0.00% of Permutation tests (Core 5/15, passed_count 0)
  0.09% of Permutation test rounds,   5.26% of Permutation tests (Core 3/15, passed_count 1)
  0.10% of Permutation test rounds,  10.53% of Permutation tests (Core 0/15, passed_count 2)
  0.11% of Permutation test rounds,  10.53% of Permutation tests (Core 9/15, passed_count 2)
  0.12% of Permutation test rounds,  15.79% of Permutation tests (Core 6/15, passed_count 3)
  0.13% of Permutation test rounds,  21.05% of Permutation tests (Core 4/15, passed_count 4)
  0.14% of Permutation test rounds,  31.58% of Permutation tests (Core 13/15, passed_count 6)
  0.15% of Permutation test rounds,  47.37% of Permutation tests (Core 1/15, passed_count 9)
  0.16% of Permutation test rounds,  47.37% of Permutation tests (Core 1/15, passed_count 9)
  0.17% of Permutation test rounds,  52.63% of Permutation tests (Core 12/15, passed_count 10)
  0.18% of Permutation test rounds,  52.63% of Permutation tests (Core 1/15, passed_count 10)
  0.19% of Permutation test rounds,  52.63% of Permutation tests (Core 12/15, passed_count 10)
  0.20% of Permutation test rounds,  52.63% of Permutation tests (Core 1/15, passed_count 10)
  0.21% of Permutation test rounds,  57.89% of Permutation tests (Core 12/15, passed_count 11)
  0.22% of Permutation test rounds,  57.89% of Permutation tests (Core 1/15, passed_count 11)
  0.23% of Permutation test rounds,  63.16% of Permutation tests (Core 12/15, passed_count 12)
  0.24% of Permutation test rounds,  68.42% of Permutation tests (Core 1/15, passed_count 13)
  0.25% of Permutation test rounds,  68.42% of Permutation tests (Core 12/15, passed_count 13)
  0.26% of Permutation test rounds,  68.42% of Permutation tests (Core 1/15, passed_count 13)
  0.27% of Permutation test rounds,  68.42% of Permutation tests (Core 12/15, passed_count 13)
  0.28% of Permutation test rounds,  68.42% of Permutation tests (Core 1/15, passed_count 13)
  0.29% of Permutation test rounds,  68.42% of Permutation tests (Core 12/15, passed_count 13)
  0.30% of Permutation test rounds,  68.42% of Permutation tests (Core 1/15, passed_count 13)
  0.31% of Permutation test rounds,  73.68% of Permutation tests (Core 12/15, passed_count 14)
  0.32% of Permutation test rounds,  78.95% of Permutation tests (Core 1/15, passed_count 15)
  0.33% of Permutation test rounds,  78.95% of Permutation tests (Core 12/15, passed_count 15)
  0.34% of Permutation test rounds,  78.95% of Permutation tests (Core 1/15, passed_count 15)
  0.35% of Permutation test rounds,  78.95% of Permutation tests (Core 12/15, passed_count 15)
  0.36% of Permutation test rounds,  78.95% of Permutation tests (Core 1/15, passed_count 15)
  0.37% of Permutation test rounds,  78.95% of Permutation tests (Core 12/15, passed_count 15)
  0.38% of Permutation test rounds,  84.21% of Permutation tests (Core 1/15, passed_count 16)
  0.39% of Permutation test rounds,  84.21% of Permutation tests (Core 12/15, passed_count 16)
  0.40% of Permutation test rounds,  84.21% of Permutation tests (Core 12/15, passed_count 16)
  0.41% of Permutation test rounds,  84.21% of Permutation tests (Core 1/15, passed_count 16)
  0.42% of Permutation test rounds,  84.21% of Permutation tests (Core 1/15, passed_count 16)
  0.43% of Permutation test rounds,  84.21% of Permutation tests (Core 12/15, passed_count 16)
  0.44% of Permutation test rounds,  84.21% of Permutation tests (Core 12/15, passed_count 16)
  0.45% of Permutation test rounds,  84.21% of Permutation tests (Core 1/15, passed_count 16)
  0.46% of Permutation test rounds,  84.21% of Permutation tests (Core 12/15, passed_count 16)
  0.47% of Permutation test rounds,  84.21% of Permutation tests (Core 14/15, passed_count 16)
  0.48% of Permutation test rounds,  89.47% of Permutation tests (Core 1/15, passed_count 17)
  0.49% of Permutation test rounds,  89.47% of Permutation tests (Core 12/15, passed_count 17)
  0.50% of Permutation test rounds,  89.47% of Permutation tests (Core 14/15, passed_count 17)
  0.51% of Permutation test rounds,  89.47% of Permutation tests (Core 1/15, passed_count 17)
  0.52% of Permutation test rounds,  89.47% of Permutation tests (Core 12/15, passed_count 17)
  0.53% of Permutation test rounds,  89.47% of Permutation tests (Core 14/15, passed_count 17)
  0.54% of Permutation test rounds,  89.47% of Permutation tests (Core 1/15, passed_count 17)
  0.55% of Permutation test rounds,  89.47% of Permutation tests (Core 12/15, passed_count 17)
  0.56% of Permutation test rounds,  89.47% of Permutation tests (Core 14/15, passed_count 17)
  0.57% of Permutation test rounds,  89.47% of Permutation tests (Core 1/15, passed_count 17)
  0.58% of Permutation test rounds,  89.47% of Permutation tests (Core 12/15, passed_count 17)
  0.59% of Permutation test rounds,  89.47% of Permutation tests (Core 14/15, passed_count 17)
  0.60% of Permutation test rounds,  89.47% of Permutation tests (Core 2/15, passed_count 17)
  0.61% of Permutation test rounds,  89.47% of Permutation tests (Core 1/15, passed_count 17)
  0.62% of Permutation test rounds,  89.47% of Permutation tests (Core 12/15, passed_count 17)
  0.63% of Permutation test rounds,  89.47% of Permutation tests (Core 14/15, passed_count 17)
  0.64% of Permutation test rounds,  89.47% of Permutation tests (Core 2/15, passed_count 17)
  0.65% of Permutation test rounds,  89.47% of Permutation tests (Core 1/15, passed_count 17)
  0.66% of Permutation test rounds,  94.74% of Permutation tests (Core 11/15, passed_count 18)
  0.67% of Permutation test rounds, 100.00% of Permutation tests (Core 7/15, passed_count 19)
  6.91% of Permutation test rounds, 100.00% of Permutation tests (Core 15/15, passed_count 19)
 13.15% of Permutation test rounds, 100.00% of Permutation tests (Core 12/15, passed_count 19)
 19.19% of Permutation test rounds, 100.00% of Permutation tests (Core 14/15, passed_count 19)
 25.37% of Permutation test rounds, 100.00% of Permutation tests (Core 2/15, passed_count 19)
 31.59% of Permutation test rounds, 100.00% of Permutation tests (Core 1/15, passed_count 19)
 37.62% of Permutation test rounds, 100.00% of Permutation tests (Core 11/15, passed_count 19)
 43.85% of Permutation test rounds, 100.00% of Permutation tests (Core 8/15, passed_count 19)
 50.09% of Permutation test rounds, 100.00% of Permutation tests (Core 10/15, passed_count 19)
 56.33% of Permutation test rounds, 100.00% of Permutation tests (Core 0/15, passed_count 19)
 62.57% of Permutation test rounds, 100.00% of Permutation tests (Core 3/15, passed_count 19)
 68.81% of Permutation test rounds, 100.00% of Permutation tests (Core 5/15, passed_count 19)
 75.05% of Permutation test rounds, 100.00% of Permutation tests (Core 6/15, passed_count 19)
 81.29% of Permutation test rounds, 100.00% of Permutation tests (Core 9/15, passed_count 19)
 87.53% of Permutation test rounds, 100.00% of Permutation tests (Core 4/15, passed_count 19)
 93.77% of Permutation test rounds, 100.00% of Permutation tests (Core 13/15, passed_count 19)


                statistic  C[i][0]  C[i][1]  C[i][2]
----------------------------------------------------
                excursion       6       0      15
       numDirectionalRuns       6       0      17
       lenDirectionalRuns       1       5       3
    numIncreasesDecreases       6       0       9
            numRunsMedian       8       0       6
            lenRunsMedian       4       2       4
             avgCollision       8       0       6
             maxCollision       6       0       6
           periodicity(1)       6       0       9
           periodicity(2)       6       0      61
           periodicity(8)       6       0      18
          periodicity(16)      25       0       6
          periodicity(32)       7       0       6
            covariance(1)      42       0       6
            covariance(2)       6       0      11
            covariance(8)       6       0      32
           covariance(16)       6       0      26
           covariance(32)      60       0       6
              compression       6       0       9
(* denotes failed test)

** Passed IID permutation tests

your 131072x1 screen size is bogus. expect trouble
your 131072x1 screen size is bogus. expect trouble
Identity added: /home/mmggjj/.ssh/id_ed25519 (mariogj.03@gmail.com)
tiempo_s=2.47 maxrss_kB=162768
--- condD_rep2_noniid_b8: exit 0, 7 s ---
Agent pid 423
Opening file: '/mnt/c/Users/mario/Documents/TFM_FPGA_CRYPTO/results/esp32_campana_rng/condD_rep2.bin' (SHA-256 hash a0636bdab73f942823ceb9fa32308ca406374f4c6e9bfabe3cf146eda1c7f69b)
Loaded 125000 samples of 256 distinct 8-bit-wide symbols
Number of Binary Symbols: 1000000

*** Warning: data contains less than 1000000 samples ***


Running non-IID tests...

Running Most Common Value Estimate...
Bitstring MCV Estimate: mode = 500420, p-hat = 0.50041999999999998, p_u = 0.50170791484135568
	Most Common Value Estimate (bit string) = 0.995080 / 1 bit(s)
Literal MCV Estimate: mode = 556, p-hat = 0.0044479999999999997, p_u = 0.0049328173731532799
	Most Common Value Estimate = 7.663372 / 8 bit(s)

Running Entropic Statistic Estimates (bit strings only)...
Bitstring Collision Estimate: X-bar = 2.5012568815829956, sigma-hat = 0.499999045559608, p = 0.51974839519969773
	Collision Test Estimate (bit string) = 0.944115 / 1 bit(s)
Bitstring Markov Estimate: P_0 = 0.49958000000000002, P_1 = 0.50041999999999998, P_0,0 = 0.4985898126222279, P_0,1 = 0.5014101873777721, P_1,0 = 0.5005675232804444, P_1,1 = 0.4994324767195556, p_max = 3.7767220890462261e-39
	Markov Test Estimate (bit string) = 0.997172 / 1 bit(s)
Bitstring Compression Estimate: X-bar = 5.215558319135102, sigma-hat = 1.0172985689119896, p = 0.031459285800794046
	Compression Test Estimate (bit string) = 0.831728 / 1 bit(s)

Running Tuple Estimates...
Bitstring t-Tuple Estimate: t = 15, p-hat_max = 0.5212651963271891817709, p_u = 0.5225519462830254483615
Bitstring LRS Estimate: u = 16, v = 39, p-hat = 0.50128460831368278, p_u = 0.50257251935872468
	T-Tuple Test Estimate (bit string) = 0.936354 / 1 bit(s)
Literal t-Tuple Estimate: t = 1, p-hat_max = 0.00444799999999999999989, p_u = 0.00493281737315328011457
Literal LRS Estimate: u = 2, v = 4, p-hat = 0.0047568950570268933, p_u = 0.005258186376420035
	T-Tuple Test Estimate = 7.663372 / 8 bit(s)
	LRS Test Estimate (bit string) = 0.992596 / 1 bit(s)
	LRS Test Estimate = 7.571219 / 8 bit(s)

Running Predictor Estimates...
Bitstring MultiMCW Prediction Estimate: N = 999937, Pglobal' = 0.50154647198139779 (C = 500227) Plocal can't affect result (r = 19)
	Multi Most Common in Window (MultiMCW) Prediction Test Estimate (bit string) = 0.995545 / 1 bit(s)
Literal MultiMCW Prediction Estimate: N = 124937, Pglobal' = 0.0043435882101656607 (C = 486) Plocal can't affect result (r = 3)
	Multi Most Common in Window (MultiMCW) Prediction Test Estimate = 7.846897 / 8 bit(s)
Bitstring Lag Prediction Estimate: N = 999999, Pglobal' = 0.50202041529010955 (C = 500732) Plocal can't affect result (r = 19)
	Lag Prediction Test Estimate (bit string) = 0.994182 / 1 bit(s)
Literal Lag Prediction Estimate: N = 124999, Pglobal' = 0.0044429762987397573 (C = 498) Plocal can't affect result (r = 3)
	Lag Prediction Test Estimate = 7.814258 / 8 bit(s)
Bitstring MultiMMC Prediction Estimate: N = 999998, Pglobal' = 0.50121591642629737 (C = 499927) Plocal can't affect result (r = 21)
	Multi Markov Model with Counting (MultiMMC) Prediction Test Estimate (bit string) = 0.996496 / 1 bit(s)
Literal MultiMMC Prediction Estimate: N = 124998, Pglobal' = 0.0043160724278938712 (C = 483) Plocal = 0.0043223691745210161 (r = 3)
	Multi Markov Model with Counting (MultiMMC) Prediction Test Estimate = 7.853962 / 8 bit(s)
Bitstring LZ78Y Prediction Estimate: N = 999983, Pglobal' = 0.50207743805928018 (C = 500781) Plocal can't affect result (r = 21)
	LZ78Y Prediction Test Estimate (bit string) = 0.994018 / 1 bit(s)
Literal LZ78Y Prediction Estimate: N = 124983, Pglobal' = 0.0043335238447129078 (C = 485) Plocal can't affect result (r = 3)
	LZ78Y Prediction Test Estimate = 7.850244 / 8 bit(s)

H_original: 7.571219
H_bitstring: 0.831728
min(H_original, 8 X H_bitstring): 6.653827
your 131072x1 screen size is bogus. expect trouble
your 131072x1 screen size is bogus. expect trouble
Identity added: /home/mmggjj/.ssh/id_ed25519 (mariogj.03@gmail.com)
tiempo_s=6.22 maxrss_kB=288752
--- condD_rep2_iid_b8: exit 0, 1 s ---
Agent pid 423
Opening file: '/mnt/c/Users/mario/Documents/TFM_FPGA_CRYPTO/results/esp32_campana_rng/condD_rep2.bin' (SHA-256 hash a0636bdab73f942823ceb9fa32308ca406374f4c6e9bfabe3cf146eda1c7f69b)
Loaded 125000 samples of 256 distinct 8-bit-wide symbols
Number of Binary samples: 1000000

*** Warning: data contains less than 1000000 samples ***

Calculating baseline statistics...
	Raw Mean: 127.728712
	Median: 128.000000
	Binary: false

Literal MCV Estimate: mode = 556, p-hat = 0.0044479999999999997, p_u = 0.0049328173731532799
Bitstring MCV Estimate: mode = 500420, p-hat = 0.50041999999999998, p_u = 0.50170791484135568
H_original: 7.663372
H_bitstring: 0.995080
min(H_original, 8 X H_bitstring): 7.663372
Chi square independence
	score = 11142.899364
	degrees of freedom = 11087
	p-value = 0.352256

Chi square goodness of fit
	score = 2231.598042
	degrees of freedom = 2295
	p-value = 0.825035

** Passed chi square tests

Literal Longest Repeated Substring results
	P_col: 0.003914
	Length of LRS: 4
	Pr(X >= 1): 0.840068
** Passed length of longest repeated substring test

Beginning initial tests...

Initial test results
              excursion: 33427
     numDirectionalRuns: 83263
     lenDirectionalRuns: 8
  numIncreasesDecreases: 62900
          numRunsMedian: 62343
          lenRunsMedian: 19
           avgCollision: 20.4732
           maxCollision: 68
         periodicity(1): 518
         periodicity(2): 499
         periodicity(8): 490
        periodicity(16): 511
        periodicity(32): 480
          covariance(1): 2.04016e+09
          covariance(2): 2.03968e+09
          covariance(8): 2.03511e+09
         covariance(16): 2.03769e+09
         covariance(32): 2.03749e+09
            compression: 133377

Beginning permutation tests... these may take some time
  0.01% of Permutation test rounds,   0.00% of Permutation tests (Core 7/15, passed_count 0)
  0.02% of Permutation test rounds,   0.00% of Permutation tests (Core 6/15, passed_count 0)
  0.03% of Permutation test rounds,   0.00% of Permutation tests (Core 1/15, passed_count 0)
  0.04% of Permutation test rounds,   0.00% of Permutation tests (Core 5/15, passed_count 0)
  0.05% of Permutation test rounds,   0.00% of Permutation tests (Core 14/15, passed_count 0)
  0.06% of Permutation test rounds,   0.00% of Permutation tests (Core 0/15, passed_count 0)
  0.07% of Permutation test rounds,   0.00% of Permutation tests (Core 9/15, passed_count 0)
  0.08% of Permutation test rounds,   0.00% of Permutation tests (Core 11/15, passed_count 0)
  0.09% of Permutation test rounds,   0.00% of Permutation tests (Core 15/15, passed_count 0)
  0.10% of Permutation test rounds,   5.26% of Permutation tests (Core 4/15, passed_count 1)
  0.11% of Permutation test rounds,   5.26% of Permutation tests (Core 12/15, passed_count 1)
  0.12% of Permutation test rounds,  10.53% of Permutation tests (Core 13/15, passed_count 2)
  0.13% of Permutation test rounds,  15.79% of Permutation tests (Core 2/15, passed_count 3)
  0.14% of Permutation test rounds,  15.79% of Permutation tests (Core 8/15, passed_count 3)
  0.15% of Permutation test rounds,  21.05% of Permutation tests (Core 10/15, passed_count 4)
  0.16% of Permutation test rounds,  36.84% of Permutation tests (Core 3/15, passed_count 7)
  0.17% of Permutation test rounds,  42.11% of Permutation tests (Core 7/15, passed_count 8)
  0.18% of Permutation test rounds,  42.11% of Permutation tests (Core 7/15, passed_count 8)
  0.19% of Permutation test rounds,  42.11% of Permutation tests (Core 1/15, passed_count 8)
  0.20% of Permutation test rounds,  47.37% of Permutation tests (Core 7/15, passed_count 9)
  0.21% of Permutation test rounds,  52.63% of Permutation tests (Core 6/15, passed_count 10)
  0.22% of Permutation test rounds,  52.63% of Permutation tests (Core 1/15, passed_count 10)
  0.23% of Permutation test rounds,  52.63% of Permutation tests (Core 5/15, passed_count 10)
  0.24% of Permutation test rounds,  52.63% of Permutation tests (Core 7/15, passed_count 10)
  0.25% of Permutation test rounds,  52.63% of Permutation tests (Core 6/15, passed_count 10)
  0.26% of Permutation test rounds,  63.16% of Permutation tests (Core 14/15, passed_count 12)
  0.27% of Permutation test rounds,  63.16% of Permutation tests (Core 1/15, passed_count 12)
  0.28% of Permutation test rounds,  63.16% of Permutation tests (Core 5/15, passed_count 12)
  0.29% of Permutation test rounds,  63.16% of Permutation tests (Core 11/15, passed_count 12)
  0.30% of Permutation test rounds,  63.16% of Permutation tests (Core 7/15, passed_count 12)
  0.31% of Permutation test rounds,  68.42% of Permutation tests (Core 14/15, passed_count 13)
  0.32% of Permutation test rounds,  68.42% of Permutation tests (Core 6/15, passed_count 13)
  0.33% of Permutation test rounds,  73.68% of Permutation tests (Core 1/15, passed_count 14)
  0.34% of Permutation test rounds,  73.68% of Permutation tests (Core 5/15, passed_count 14)
  0.35% of Permutation test rounds,  73.68% of Permutation tests (Core 13/15, passed_count 14)
  0.36% of Permutation test rounds,  73.68% of Permutation tests (Core 14/15, passed_count 14)
  0.37% of Permutation test rounds,  73.68% of Permutation tests (Core 7/15, passed_count 14)
  0.38% of Permutation test rounds,  73.68% of Permutation tests (Core 0/15, passed_count 14)
  0.39% of Permutation test rounds,  73.68% of Permutation tests (Core 4/15, passed_count 14)
  0.40% of Permutation test rounds,  73.68% of Permutation tests (Core 6/15, passed_count 14)
  0.41% of Permutation test rounds,  73.68% of Permutation tests (Core 1/15, passed_count 14)
  0.42% of Permutation test rounds,  73.68% of Permutation tests (Core 5/15, passed_count 14)
  0.43% of Permutation test rounds,  73.68% of Permutation tests (Core 12/15, passed_count 14)
  0.44% of Permutation test rounds,  73.68% of Permutation tests (Core 13/15, passed_count 14)
  0.45% of Permutation test rounds,  73.68% of Permutation tests (Core 11/15, passed_count 14)
  0.46% of Permutation test rounds,  73.68% of Permutation tests (Core 15/15, passed_count 14)
  0.47% of Permutation test rounds,  73.68% of Permutation tests (Core 9/15, passed_count 14)
  0.48% of Permutation test rounds,  73.68% of Permutation tests (Core 7/15, passed_count 14)
  0.49% of Permutation test rounds,  73.68% of Permutation tests (Core 14/15, passed_count 14)
  0.50% of Permutation test rounds,  73.68% of Permutation tests (Core 0/15, passed_count 14)
  0.51% of Permutation test rounds,  78.95% of Permutation tests (Core 4/15, passed_count 15)
  0.52% of Permutation test rounds,  78.95% of Permutation tests (Core 3/15, passed_count 15)
  0.53% of Permutation test rounds,  78.95% of Permutation tests (Core 6/15, passed_count 15)
  0.54% of Permutation test rounds,  78.95% of Permutation tests (Core 10/15, passed_count 15)
  0.55% of Permutation test rounds,  78.95% of Permutation tests (Core 1/15, passed_count 15)
  0.56% of Permutation test rounds,  78.95% of Permutation tests (Core 12/15, passed_count 15)
  0.57% of Permutation test rounds,  78.95% of Permutation tests (Core 5/15, passed_count 15)
  0.58% of Permutation test rounds,  78.95% of Permutation tests (Core 2/15, passed_count 15)
  0.59% of Permutation test rounds,  78.95% of Permutation tests (Core 13/15, passed_count 15)
  0.60% of Permutation test rounds,  78.95% of Permutation tests (Core 3/15, passed_count 15)
  0.61% of Permutation test rounds,  78.95% of Permutation tests (Core 6/15, passed_count 15)
  0.62% of Permutation test rounds,  78.95% of Permutation tests (Core 10/15, passed_count 15)
  0.63% of Permutation test rounds,  78.95% of Permutation tests (Core 7/15, passed_count 15)
  0.64% of Permutation test rounds,  78.95% of Permutation tests (Core 14/15, passed_count 15)
  0.65% of Permutation test rounds,  78.95% of Permutation tests (Core 13/15, passed_count 15)
  0.66% of Permutation test rounds,  78.95% of Permutation tests (Core 4/15, passed_count 15)
  0.67% of Permutation test rounds,  78.95% of Permutation tests (Core 15/15, passed_count 15)
  0.68% of Permutation test rounds,  78.95% of Permutation tests (Core 10/15, passed_count 15)
  0.69% of Permutation test rounds,  78.95% of Permutation tests (Core 9/15, passed_count 15)
  0.70% of Permutation test rounds,  78.95% of Permutation tests (Core 8/15, passed_count 15)
  0.71% of Permutation test rounds,  78.95% of Permutation tests (Core 1/15, passed_count 15)
  0.72% of Permutation test rounds,  78.95% of Permutation tests (Core 12/15, passed_count 15)
  0.73% of Permutation test rounds,  78.95% of Permutation tests (Core 5/15, passed_count 15)
  0.74% of Permutation test rounds,  78.95% of Permutation tests (Core 2/15, passed_count 15)
  0.75% of Permutation test rounds,  78.95% of Permutation tests (Core 8/15, passed_count 15)
  0.76% of Permutation test rounds,  78.95% of Permutation tests (Core 3/15, passed_count 15)
  0.77% of Permutation test rounds,  78.95% of Permutation tests (Core 11/15, passed_count 15)
  0.78% of Permutation test rounds,  78.95% of Permutation tests (Core 7/15, passed_count 15)
  0.79% of Permutation test rounds,  78.95% of Permutation tests (Core 6/15, passed_count 15)
  0.80% of Permutation test rounds,  78.95% of Permutation tests (Core 14/15, passed_count 15)
  0.81% of Permutation test rounds,  78.95% of Permutation tests (Core 11/15, passed_count 15)
  0.82% of Permutation test rounds,  78.95% of Permutation tests (Core 15/15, passed_count 15)
  0.83% of Permutation test rounds,  78.95% of Permutation tests (Core 14/15, passed_count 15)
  0.84% of Permutation test rounds,  78.95% of Permutation tests (Core 13/15, passed_count 15)
  0.85% of Permutation test rounds,  78.95% of Permutation tests (Core 11/15, passed_count 15)
  0.86% of Permutation test rounds,  78.95% of Permutation tests (Core 9/15, passed_count 15)
  0.87% of Permutation test rounds,  78.95% of Permutation tests (Core 1/15, passed_count 15)
  0.88% of Permutation test rounds,  78.95% of Permutation tests (Core 12/15, passed_count 15)
  0.89% of Permutation test rounds,  78.95% of Permutation tests (Core 2/15, passed_count 15)
  0.90% of Permutation test rounds,  78.95% of Permutation tests (Core 8/15, passed_count 15)
  0.91% of Permutation test rounds,  78.95% of Permutation tests (Core 5/15, passed_count 15)
  0.92% of Permutation test rounds,  78.95% of Permutation tests (Core 12/15, passed_count 15)
  0.93% of Permutation test rounds,  78.95% of Permutation tests (Core 7/15, passed_count 15)
  0.94% of Permutation test rounds,  78.95% of Permutation tests (Core 3/15, passed_count 15)
  0.95% of Permutation test rounds,  78.95% of Permutation tests (Core 6/15, passed_count 15)
  0.96% of Permutation test rounds,  78.95% of Permutation tests (Core 10/15, passed_count 15)
  0.97% of Permutation test rounds,  78.95% of Permutation tests (Core 5/15, passed_count 15)
  0.98% of Permutation test rounds,  78.95% of Permutation tests (Core 15/15, passed_count 15)
  0.99% of Permutation test rounds,  78.95% of Permutation tests (Core 14/15, passed_count 15)
  1.00% of Permutation test rounds,  84.21% of Permutation tests (Core 13/15, passed_count 16)
  1.01% of Permutation test rounds,  84.21% of Permutation tests (Core 11/15, passed_count 16)
  1.02% of Permutation test rounds,  84.21% of Permutation tests (Core 9/15, passed_count 16)
  1.03% of Permutation test rounds,  84.21% of Permutation tests (Core 1/15, passed_count 16)
  1.04% of Permutation test rounds,  84.21% of Permutation tests (Core 4/15, passed_count 16)
  1.05% of Permutation test rounds,  84.21% of Permutation tests (Core 2/15, passed_count 16)
  1.06% of Permutation test rounds,  84.21% of Permutation tests (Core 8/15, passed_count 16)
  1.07% of Permutation test rounds,  84.21% of Permutation tests (Core 0/15, passed_count 16)
  1.08% of Permutation test rounds,  84.21% of Permutation tests (Core 12/15, passed_count 16)
  1.09% of Permutation test rounds,  84.21% of Permutation tests (Core 7/15, passed_count 16)
  1.10% of Permutation test rounds,  84.21% of Permutation tests (Core 3/15, passed_count 16)
  1.11% of Permutation test rounds,  84.21% of Permutation tests (Core 10/15, passed_count 16)
  1.12% of Permutation test rounds,  84.21% of Permutation tests (Core 5/15, passed_count 16)
  1.13% of Permutation test rounds,  84.21% of Permutation tests (Core 6/15, passed_count 16)
  1.14% of Permutation test rounds,  89.47% of Permutation tests (Core 15/15, passed_count 17)
  1.15% of Permutation test rounds,  89.47% of Permutation tests (Core 14/15, passed_count 17)
  1.16% of Permutation test rounds,  89.47% of Permutation tests (Core 11/15, passed_count 17)
  1.17% of Permutation test rounds,  89.47% of Permutation tests (Core 13/15, passed_count 17)
  1.18% of Permutation test rounds,  89.47% of Permutation tests (Core 9/15, passed_count 17)
  1.19% of Permutation test rounds,  89.47% of Permutation tests (Core 1/15, passed_count 17)
  1.20% of Permutation test rounds,  89.47% of Permutation tests (Core 4/15, passed_count 17)
  1.21% of Permutation test rounds,  89.47% of Permutation tests (Core 2/15, passed_count 17)
  1.22% of Permutation test rounds,  89.47% of Permutation tests (Core 0/15, passed_count 17)
  1.23% of Permutation test rounds,  89.47% of Permutation tests (Core 12/15, passed_count 17)
  1.24% of Permutation test rounds,  89.47% of Permutation tests (Core 8/15, passed_count 17)
  1.25% of Permutation test rounds,  89.47% of Permutation tests (Core 7/15, passed_count 17)
  1.26% of Permutation test rounds,  89.47% of Permutation tests (Core 3/15, passed_count 17)
  1.27% of Permutation test rounds,  89.47% of Permutation tests (Core 10/15, passed_count 17)
  1.28% of Permutation test rounds,  89.47% of Permutation tests (Core 5/15, passed_count 17)
  1.29% of Permutation test rounds,  89.47% of Permutation tests (Core 15/15, passed_count 17)
  1.30% of Permutation test rounds,  89.47% of Permutation tests (Core 14/15, passed_count 17)
  1.31% of Permutation test rounds,  89.47% of Permutation tests (Core 11/15, passed_count 17)
  1.32% of Permutation test rounds,  89.47% of Permutation tests (Core 13/15, passed_count 17)
  1.33% of Permutation test rounds,  89.47% of Permutation tests (Core 9/15, passed_count 17)
  1.34% of Permutation test rounds,  89.47% of Permutation tests (Core 6/15, passed_count 17)
  1.35% of Permutation test rounds,  89.47% of Permutation tests (Core 1/15, passed_count 17)
  1.36% of Permutation test rounds,  89.47% of Permutation tests (Core 4/15, passed_count 17)
  1.37% of Permutation test rounds,  89.47% of Permutation tests (Core 2/15, passed_count 17)
  1.38% of Permutation test rounds,  89.47% of Permutation tests (Core 0/15, passed_count 17)
  1.39% of Permutation test rounds,  89.47% of Permutation tests (Core 12/15, passed_count 17)
  1.40% of Permutation test rounds,  89.47% of Permutation tests (Core 8/15, passed_count 17)
  1.41% of Permutation test rounds,  89.47% of Permutation tests (Core 7/15, passed_count 17)
  1.42% of Permutation test rounds,  89.47% of Permutation tests (Core 10/15, passed_count 17)
  1.43% of Permutation test rounds,  89.47% of Permutation tests (Core 5/15, passed_count 17)
  1.44% of Permutation test rounds,  89.47% of Permutation tests (Core 15/15, passed_count 17)
  1.45% of Permutation test rounds,  89.47% of Permutation tests (Core 14/15, passed_count 17)
  1.46% of Permutation test rounds,  89.47% of Permutation tests (Core 0/15, passed_count 17)
  1.47% of Permutation test rounds,  89.47% of Permutation tests (Core 11/15, passed_count 17)
  1.48% of Permutation test rounds,  89.47% of Permutation tests (Core 13/15, passed_count 17)
  1.49% of Permutation test rounds,  89.47% of Permutation tests (Core 9/15, passed_count 17)
  1.50% of Permutation test rounds,  89.47% of Permutation tests (Core 6/15, passed_count 17)
  1.51% of Permutation test rounds,  89.47% of Permutation tests (Core 1/15, passed_count 17)
  1.52% of Permutation test rounds,  89.47% of Permutation tests (Core 4/15, passed_count 17)
  1.53% of Permutation test rounds,  89.47% of Permutation tests (Core 2/15, passed_count 17)
  1.54% of Permutation test rounds,  89.47% of Permutation tests (Core 3/15, passed_count 17)
  1.55% of Permutation test rounds,  94.74% of Permutation tests (Core 12/15, passed_count 18)
  1.56% of Permutation test rounds,  94.74% of Permutation tests (Core 8/15, passed_count 18)
  1.57% of Permutation test rounds,  94.74% of Permutation tests (Core 7/15, passed_count 18)
  1.58% of Permutation test rounds,  94.74% of Permutation tests (Core 10/15, passed_count 18)
  1.59% of Permutation test rounds,  94.74% of Permutation tests (Core 15/15, passed_count 18)
  1.60% of Permutation test rounds,  94.74% of Permutation tests (Core 14/15, passed_count 18)
  1.61% of Permutation test rounds,  94.74% of Permutation tests (Core 0/15, passed_count 18)
  1.62% of Permutation test rounds,  94.74% of Permutation tests (Core 11/15, passed_count 18)
  1.63% of Permutation test rounds,  94.74% of Permutation tests (Core 12/15, passed_count 18)
  1.64% of Permutation test rounds,  94.74% of Permutation tests (Core 13/15, passed_count 18)
  1.65% of Permutation test rounds,  94.74% of Permutation tests (Core 6/15, passed_count 18)
  1.66% of Permutation test rounds,  94.74% of Permutation tests (Core 9/15, passed_count 18)
  1.67% of Permutation test rounds,  94.74% of Permutation tests (Core 4/15, passed_count 18)
  1.68% of Permutation test rounds,  94.74% of Permutation tests (Core 2/15, passed_count 18)
  1.69% of Permutation test rounds,  94.74% of Permutation tests (Core 5/15, passed_count 18)
  1.70% of Permutation test rounds,  94.74% of Permutation tests (Core 3/15, passed_count 18)
  1.71% of Permutation test rounds,  94.74% of Permutation tests (Core 8/15, passed_count 18)
  1.72% of Permutation test rounds,  94.74% of Permutation tests (Core 11/15, passed_count 18)
  1.73% of Permutation test rounds,  94.74% of Permutation tests (Core 7/15, passed_count 18)
  1.74% of Permutation test rounds,  94.74% of Permutation tests (Core 15/15, passed_count 18)
  1.75% of Permutation test rounds,  94.74% of Permutation tests (Core 10/15, passed_count 18)
  1.76% of Permutation test rounds,  94.74% of Permutation tests (Core 14/15, passed_count 18)
  1.77% of Permutation test rounds,  94.74% of Permutation tests (Core 0/15, passed_count 18)
  1.78% of Permutation test rounds,  94.74% of Permutation tests (Core 7/15, passed_count 18)
  1.79% of Permutation test rounds,  94.74% of Permutation tests (Core 12/15, passed_count 18)
  1.80% of Permutation test rounds,  94.74% of Permutation tests (Core 13/15, passed_count 18)
  1.81% of Permutation test rounds,  94.74% of Permutation tests (Core 9/15, passed_count 18)
  1.82% of Permutation test rounds,  94.74% of Permutation tests (Core 4/15, passed_count 18)
  1.83% of Permutation test rounds,  94.74% of Permutation tests (Core 2/15, passed_count 18)
  1.84% of Permutation test rounds,  94.74% of Permutation tests (Core 5/15, passed_count 18)
  1.85% of Permutation test rounds,  94.74% of Permutation tests (Core 3/15, passed_count 18)
  1.86% of Permutation test rounds,  94.74% of Permutation tests (Core 8/15, passed_count 18)
  1.87% of Permutation test rounds,  94.74% of Permutation tests (Core 6/15, passed_count 18)
  1.88% of Permutation test rounds,  94.74% of Permutation tests (Core 2/15, passed_count 18)
  1.89% of Permutation test rounds,  94.74% of Permutation tests (Core 1/15, passed_count 18)
  1.90% of Permutation test rounds,  94.74% of Permutation tests (Core 5/15, passed_count 18)
  1.91% of Permutation test rounds,  94.74% of Permutation tests (Core 10/15, passed_count 18)
  1.92% of Permutation test rounds,  94.74% of Permutation tests (Core 14/15, passed_count 18)
  1.93% of Permutation test rounds,  94.74% of Permutation tests (Core 0/15, passed_count 18)
  1.94% of Permutation test rounds,  94.74% of Permutation tests (Core 7/15, passed_count 18)
  1.95% of Permutation test rounds,  94.74% of Permutation tests (Core 13/15, passed_count 18)
  1.96% of Permutation test rounds,  94.74% of Permutation tests (Core 9/15, passed_count 18)
  1.97% of Permutation test rounds,  94.74% of Permutation tests (Core 4/15, passed_count 18)
  1.98% of Permutation test rounds,  94.74% of Permutation tests (Core 12/15, passed_count 18)
  1.99% of Permutation test rounds,  94.74% of Permutation tests (Core 11/15, passed_count 18)
  2.00% of Permutation test rounds,  94.74% of Permutation tests (Core 15/15, passed_count 18)
  2.01% of Permutation test rounds,  94.74% of Permutation tests (Core 3/15, passed_count 18)
  2.02% of Permutation test rounds,  94.74% of Permutation tests (Core 8/15, passed_count 18)
  2.03% of Permutation test rounds,  94.74% of Permutation tests (Core 6/15, passed_count 18)
  2.04% of Permutation test rounds,  94.74% of Permutation tests (Core 2/15, passed_count 18)
  2.05% of Permutation test rounds,  94.74% of Permutation tests (Core 1/15, passed_count 18)
  2.06% of Permutation test rounds,  94.74% of Permutation tests (Core 5/15, passed_count 18)
  2.07% of Permutation test rounds,  94.74% of Permutation tests (Core 10/15, passed_count 18)
  2.08% of Permutation test rounds,  94.74% of Permutation tests (Core 14/15, passed_count 18)
  2.09% of Permutation test rounds,  94.74% of Permutation tests (Core 0/15, passed_count 18)
  2.10% of Permutation test rounds,  94.74% of Permutation tests (Core 7/15, passed_count 18)
  2.11% of Permutation test rounds,  94.74% of Permutation tests (Core 13/15, passed_count 18)
  2.12% of Permutation test rounds, 100.00% of Permutation tests (Core 9/15, passed_count 19)
  8.26% of Permutation test rounds, 100.00% of Permutation tests (Core 11/15, passed_count 19)
 14.38% of Permutation test rounds, 100.00% of Permutation tests (Core 15/15, passed_count 19)
 20.52% of Permutation test rounds, 100.00% of Permutation tests (Core 12/15, passed_count 19)
 26.64% of Permutation test rounds, 100.00% of Permutation tests (Core 3/15, passed_count 19)
 32.78% of Permutation test rounds, 100.00% of Permutation tests (Core 4/15, passed_count 19)
 38.92% of Permutation test rounds, 100.00% of Permutation tests (Core 8/15, passed_count 19)
 45.06% of Permutation test rounds, 100.00% of Permutation tests (Core 6/15, passed_count 19)
 51.16% of Permutation test rounds, 100.00% of Permutation tests (Core 2/15, passed_count 19)
 57.29% of Permutation test rounds, 100.00% of Permutation tests (Core 1/15, passed_count 19)
 63.39% of Permutation test rounds, 100.00% of Permutation tests (Core 5/15, passed_count 19)
 69.48% of Permutation test rounds, 100.00% of Permutation tests (Core 10/15, passed_count 19)
 75.61% of Permutation test rounds, 100.00% of Permutation tests (Core 14/15, passed_count 19)
 81.70% of Permutation test rounds, 100.00% of Permutation tests (Core 0/15, passed_count 19)
 87.84% of Permutation test rounds, 100.00% of Permutation tests (Core 7/15, passed_count 19)
 93.90% of Permutation test rounds, 100.00% of Permutation tests (Core 13/15, passed_count 19)


                statistic  C[i][0]  C[i][1]  C[i][2]
----------------------------------------------------
                excursion       6       0      45
       numDirectionalRuns      14       0       6
       lenDirectionalRuns       0       6      10
    numIncreasesDecreases       6       0      94
            numRunsMedian      20       0       6
            lenRunsMedian       3       3      27
             avgCollision     206       0       6
             maxCollision       4       2       4
           periodicity(1)       5       1     108
           periodicity(2)       6       0      20
           periodicity(8)       5       1       7
          periodicity(16)       5       1      25
          periodicity(32)       6       0       6
            covariance(1)       6       0      15
            covariance(2)       6       0       9
            covariance(8)     149       0       6
           covariance(16)      10       0       6
           covariance(32)      10       0       6
              compression      11       0       6
(* denotes failed test)

** Passed IID permutation tests

your 131072x1 screen size is bogus. expect trouble
your 131072x1 screen size is bogus. expect trouble
Identity added: /home/mmggjj/.ssh/id_ed25519 (mariogj.03@gmail.com)
tiempo_s=0.44 maxrss_kB=75864
--- condD_rep2_noniid_b1: exit 0, 1 s ---
Agent pid 423
Opening file: '/mnt/c/Users/mario/Documents/TFM_FPGA_CRYPTO/results/entropia90b/bits/condD_rep2.bits' (SHA-256 hash 10402f5b980765b8b90ebdadbf67c3b3cc79d73f111431206e46d2eda1bf0d80)
Loaded 1000000 samples of 2 distinct 1-bit-wide symbols

Running non-IID tests...

Running Most Common Value Estimate...
Literal MCV Estimate: mode = 500420, p-hat = 0.50041999999999998, p_u = 0.50170791484135568
	Most Common Value Estimate = 0.995080 / 1 bit(s)

Running Entropic Statistic Estimates (bit strings only)...
Literal Collision Estimate: X-bar = 2.5012568815829956, sigma-hat = 0.499999045559608, p = 0.51974839519969773
	Collision Test Estimate = 0.944115 / 1 bit(s)
Literal Markov Estimate: P_0 = 0.49958000000000002, P_1 = 0.50041999999999998, P_0,0 = 0.4985898126222279, P_0,1 = 0.5014101873777721, P_1,0 = 0.5005675232804444, P_1,1 = 0.4994324767195556, p_max = 3.7767220890462261e-39
	Markov Test Estimate = 0.997172 / 1 bit(s)
Literal Compression Estimate: X-bar = 5.215558319135102, sigma-hat = 1.0172985689119896, p = 0.031459285800794046
	Compression Test Estimate = 0.831728 / 1 bit(s)

Running Tuple Estimates...
Literal t-Tuple Estimate: t = 15, p-hat_max = 0.5212651963271891817709, p_u = 0.5225519462830254483615
Literal LRS Estimate: u = 16, v = 39, p-hat = 0.50128460831368278, p_u = 0.50257251935872468
	T-Tuple Test Estimate = 0.936354 / 1 bit(s)
	LRS Test Estimate = 0.992596 / 1 bit(s)

Running Predictor Estimates...
Literal MultiMCW Prediction Estimate: N = 999937, Pglobal' = 0.50154647198139779 (C = 500227) Plocal can't affect result (r = 19)
	Multi Most Common in Window (MultiMCW) Prediction Test Estimate = 0.995545 / 1 bit(s)
Literal Lag Prediction Estimate: N = 999999, Pglobal' = 0.50202041529010955 (C = 500732) Plocal can't affect result (r = 19)
	Lag Prediction Test Estimate = 0.994182 / 1 bit(s)
Literal MultiMMC Prediction Estimate: N = 999998, Pglobal' = 0.50121591642629737 (C = 499927) Plocal can't affect result (r = 21)
	Multi Markov Model with Counting (MultiMMC) Prediction Test Estimate = 0.996496 / 1 bit(s)
Literal LZ78Y Prediction Estimate: N = 999983, Pglobal' = 0.50207743805928018 (C = 500781) Plocal can't affect result (r = 21)
	LZ78Y Prediction Test Estimate = 0.994018 / 1 bit(s)

H_original: 0.831728
your 131072x1 screen size is bogus. expect trouble
your 131072x1 screen size is bogus. expect trouble
Identity added: /home/mmggjj/.ssh/id_ed25519 (mariogj.03@gmail.com)
tiempo_s=0.91 maxrss_kB=22744
--- condD_rep2_iid_b1: exit 0, 4 s ---
Agent pid 423
Opening file: '/mnt/c/Users/mario/Documents/TFM_FPGA_CRYPTO/results/entropia90b/bits/condD_rep2.bits' (SHA-256 hash 10402f5b980765b8b90ebdadbf67c3b3cc79d73f111431206e46d2eda1bf0d80)
Loaded 1000000 samples of 2 distinct 1-bit-wide symbols
Calculating baseline statistics...
	Raw Mean: 0.500420
	Median: 0.500000
	Binary: true

Literal MCV Estimate: mode = 500420, p-hat = 0.50041999999999998, p_u = 0.50170791484135568
H_original: 0.995080
Chi square independence
	score = 2158.520362
	degrees of freedom = 2046
	p-value = 0.041095

Chi square goodness of fit
	score = 5.286324
	degrees of freedom = 9
	p-value = 0.808669

** Passed chi square tests

Literal Longest Repeated Substring results
	P_col: 0.500000
	Length of LRS: 39
	Pr(X >= 1): 0.597254
** Passed length of longest repeated substring test

Beginning initial tests...

Initial test results
              excursion: 560.288
     numDirectionalRuns: 79831
     lenDirectionalRuns: 10
  numIncreasesDecreases: 74681
          numRunsMedian: 500989
          lenRunsMedian: 20
           avgCollision: 20.4732
           maxCollision: 68
         periodicity(1): 24542
         periodicity(2): 24729
         periodicity(8): 24820
        periodicity(16): 24634
        periodicity(32): 24464
          covariance(1): 2.00465e+06
          covariance(2): 2.00382e+06
          covariance(8): 2.00185e+06
         covariance(16): 2.00269e+06
         covariance(32): 2.00293e+06
            compression: 155873

Beginning permutation tests... these may take some time
  0.01% of Permutation test rounds,   0.00% of Permutation tests (Core 7/15, passed_count 0)
  0.02% of Permutation test rounds,   0.00% of Permutation tests (Core 2/15, passed_count 0)
  0.03% of Permutation test rounds,   0.00% of Permutation tests (Core 11/15, passed_count 0)
  0.04% of Permutation test rounds,   0.00% of Permutation tests (Core 8/15, passed_count 0)
  0.05% of Permutation test rounds,   0.00% of Permutation tests (Core 1/15, passed_count 0)
  0.06% of Permutation test rounds,   0.00% of Permutation tests (Core 9/15, passed_count 0)
  0.07% of Permutation test rounds,   0.00% of Permutation tests (Core 3/15, passed_count 0)
  0.08% of Permutation test rounds,   0.00% of Permutation tests (Core 0/15, passed_count 0)
  0.09% of Permutation test rounds,   5.26% of Permutation tests (Core 4/15, passed_count 1)
  0.10% of Permutation test rounds,   5.26% of Permutation tests (Core 15/15, passed_count 1)
  0.11% of Permutation test rounds,   5.26% of Permutation tests (Core 10/15, passed_count 1)
  0.12% of Permutation test rounds,   5.26% of Permutation tests (Core 6/15, passed_count 1)
  0.13% of Permutation test rounds,  10.53% of Permutation tests (Core 5/15, passed_count 2)
  0.14% of Permutation test rounds,  15.79% of Permutation tests (Core 12/15, passed_count 3)
  0.15% of Permutation test rounds,  15.79% of Permutation tests (Core 13/15, passed_count 3)
  0.16% of Permutation test rounds,  26.32% of Permutation tests (Core 14/15, passed_count 5)
  0.17% of Permutation test rounds,  26.32% of Permutation tests (Core 12/15, passed_count 5)
  0.18% of Permutation test rounds,  26.32% of Permutation tests (Core 13/15, passed_count 5)
  0.19% of Permutation test rounds,  31.58% of Permutation tests (Core 14/15, passed_count 6)
  0.20% of Permutation test rounds,  31.58% of Permutation tests (Core 12/15, passed_count 6)
  0.21% of Permutation test rounds,  36.84% of Permutation tests (Core 13/15, passed_count 7)
  0.22% of Permutation test rounds,  42.11% of Permutation tests (Core 14/15, passed_count 8)
  0.23% of Permutation test rounds,  42.11% of Permutation tests (Core 12/15, passed_count 8)
  0.24% of Permutation test rounds,  42.11% of Permutation tests (Core 13/15, passed_count 8)
  0.25% of Permutation test rounds,  42.11% of Permutation tests (Core 14/15, passed_count 8)
  0.26% of Permutation test rounds,  47.37% of Permutation tests (Core 12/15, passed_count 9)
  0.27% of Permutation test rounds,  52.63% of Permutation tests (Core 13/15, passed_count 10)
  0.28% of Permutation test rounds,  52.63% of Permutation tests (Core 14/15, passed_count 10)
  0.29% of Permutation test rounds,  57.89% of Permutation tests (Core 12/15, passed_count 11)
  0.30% of Permutation test rounds,  57.89% of Permutation tests (Core 13/15, passed_count 11)
  0.31% of Permutation test rounds,  57.89% of Permutation tests (Core 14/15, passed_count 11)
  0.32% of Permutation test rounds,  57.89% of Permutation tests (Core 12/15, passed_count 11)
  0.33% of Permutation test rounds,  57.89% of Permutation tests (Core 13/15, passed_count 11)
  0.34% of Permutation test rounds,  57.89% of Permutation tests (Core 14/15, passed_count 11)
  0.35% of Permutation test rounds,  57.89% of Permutation tests (Core 12/15, passed_count 11)
  0.36% of Permutation test rounds,  63.16% of Permutation tests (Core 13/15, passed_count 12)
  0.37% of Permutation test rounds,  63.16% of Permutation tests (Core 14/15, passed_count 12)
  0.38% of Permutation test rounds,  63.16% of Permutation tests (Core 12/15, passed_count 12)
  0.39% of Permutation test rounds,  63.16% of Permutation tests (Core 13/15, passed_count 12)
  0.40% of Permutation test rounds,  63.16% of Permutation tests (Core 14/15, passed_count 12)
  0.41% of Permutation test rounds,  63.16% of Permutation tests (Core 12/15, passed_count 12)
  0.42% of Permutation test rounds,  63.16% of Permutation tests (Core 13/15, passed_count 12)
  0.43% of Permutation test rounds,  63.16% of Permutation tests (Core 14/15, passed_count 12)
  0.44% of Permutation test rounds,  63.16% of Permutation tests (Core 12/15, passed_count 12)
  0.45% of Permutation test rounds,  63.16% of Permutation tests (Core 13/15, passed_count 12)
  0.46% of Permutation test rounds,  63.16% of Permutation tests (Core 14/15, passed_count 12)
  0.47% of Permutation test rounds,  63.16% of Permutation tests (Core 12/15, passed_count 12)
  0.48% of Permutation test rounds,  63.16% of Permutation tests (Core 13/15, passed_count 12)
  0.49% of Permutation test rounds,  63.16% of Permutation tests (Core 14/15, passed_count 12)
  0.50% of Permutation test rounds,  63.16% of Permutation tests (Core 12/15, passed_count 12)
  0.51% of Permutation test rounds,  63.16% of Permutation tests (Core 13/15, passed_count 12)
  0.52% of Permutation test rounds,  63.16% of Permutation tests (Core 14/15, passed_count 12)
  0.53% of Permutation test rounds,  63.16% of Permutation tests (Core 12/15, passed_count 12)
  0.54% of Permutation test rounds,  63.16% of Permutation tests (Core 13/15, passed_count 12)
  0.55% of Permutation test rounds,  63.16% of Permutation tests (Core 14/15, passed_count 12)
  0.56% of Permutation test rounds,  68.42% of Permutation tests (Core 12/15, passed_count 13)
  0.57% of Permutation test rounds,  68.42% of Permutation tests (Core 13/15, passed_count 13)
  0.58% of Permutation test rounds,  68.42% of Permutation tests (Core 14/15, passed_count 13)
  0.59% of Permutation test rounds,  68.42% of Permutation tests (Core 12/15, passed_count 13)
  0.60% of Permutation test rounds,  68.42% of Permutation tests (Core 13/15, passed_count 13)
  0.61% of Permutation test rounds,  68.42% of Permutation tests (Core 14/15, passed_count 13)
  0.62% of Permutation test rounds,  68.42% of Permutation tests (Core 7/15, passed_count 13)
  0.63% of Permutation test rounds,  68.42% of Permutation tests (Core 13/15, passed_count 13)
  0.64% of Permutation test rounds,  68.42% of Permutation tests (Core 2/15, passed_count 13)
  0.65% of Permutation test rounds,  68.42% of Permutation tests (Core 12/15, passed_count 13)
  0.66% of Permutation test rounds,  68.42% of Permutation tests (Core 14/15, passed_count 13)
  0.67% of Permutation test rounds,  68.42% of Permutation tests (Core 7/15, passed_count 13)
  0.68% of Permutation test rounds,  68.42% of Permutation tests (Core 13/15, passed_count 13)
  0.69% of Permutation test rounds,  68.42% of Permutation tests (Core 2/15, passed_count 13)
  0.70% of Permutation test rounds,  73.68% of Permutation tests (Core 12/15, passed_count 14)
  0.71% of Permutation test rounds,  73.68% of Permutation tests (Core 8/15, passed_count 14)
  0.72% of Permutation test rounds,  73.68% of Permutation tests (Core 14/15, passed_count 14)
  0.73% of Permutation test rounds,  73.68% of Permutation tests (Core 7/15, passed_count 14)
  0.74% of Permutation test rounds,  73.68% of Permutation tests (Core 11/15, passed_count 14)
  0.75% of Permutation test rounds,  73.68% of Permutation tests (Core 13/15, passed_count 14)
  0.76% of Permutation test rounds,  73.68% of Permutation tests (Core 2/15, passed_count 14)
  0.77% of Permutation test rounds,  73.68% of Permutation tests (Core 3/15, passed_count 14)
  0.78% of Permutation test rounds,  73.68% of Permutation tests (Core 11/15, passed_count 14)
  0.79% of Permutation test rounds,  73.68% of Permutation tests (Core 9/15, passed_count 14)
  0.80% of Permutation test rounds,  73.68% of Permutation tests (Core 8/15, passed_count 14)
  0.81% of Permutation test rounds,  73.68% of Permutation tests (Core 14/15, passed_count 14)
  0.82% of Permutation test rounds,  73.68% of Permutation tests (Core 1/15, passed_count 14)
  0.83% of Permutation test rounds,  73.68% of Permutation tests (Core 7/15, passed_count 14)
  0.84% of Permutation test rounds,  73.68% of Permutation tests (Core 12/15, passed_count 14)
  0.85% of Permutation test rounds,  73.68% of Permutation tests (Core 13/15, passed_count 14)
  0.86% of Permutation test rounds,  73.68% of Permutation tests (Core 2/15, passed_count 14)
  0.87% of Permutation test rounds,  73.68% of Permutation tests (Core 0/15, passed_count 14)
  0.88% of Permutation test rounds,  73.68% of Permutation tests (Core 11/15, passed_count 14)
  0.89% of Permutation test rounds,  73.68% of Permutation tests (Core 3/15, passed_count 14)
  0.90% of Permutation test rounds,  73.68% of Permutation tests (Core 4/15, passed_count 14)
  0.91% of Permutation test rounds,  73.68% of Permutation tests (Core 9/15, passed_count 14)
  0.92% of Permutation test rounds,  73.68% of Permutation tests (Core 10/15, passed_count 14)
  0.93% of Permutation test rounds,  73.68% of Permutation tests (Core 8/15, passed_count 14)
  0.94% of Permutation test rounds,  73.68% of Permutation tests (Core 14/15, passed_count 14)
  0.95% of Permutation test rounds,  73.68% of Permutation tests (Core 1/15, passed_count 14)
  0.96% of Permutation test rounds,  73.68% of Permutation tests (Core 7/15, passed_count 14)
  0.97% of Permutation test rounds,  73.68% of Permutation tests (Core 15/15, passed_count 14)
  0.98% of Permutation test rounds,  73.68% of Permutation tests (Core 12/15, passed_count 14)
  0.99% of Permutation test rounds,  73.68% of Permutation tests (Core 5/15, passed_count 14)
  1.00% of Permutation test rounds,  73.68% of Permutation tests (Core 13/15, passed_count 14)
  1.01% of Permutation test rounds,  73.68% of Permutation tests (Core 2/15, passed_count 14)
  1.02% of Permutation test rounds,  73.68% of Permutation tests (Core 0/15, passed_count 14)
  1.03% of Permutation test rounds,  73.68% of Permutation tests (Core 11/15, passed_count 14)
  1.04% of Permutation test rounds,  73.68% of Permutation tests (Core 3/15, passed_count 14)
  1.05% of Permutation test rounds,  73.68% of Permutation tests (Core 4/15, passed_count 14)
  1.06% of Permutation test rounds,  78.95% of Permutation tests (Core 9/15, passed_count 15)
  1.07% of Permutation test rounds,  78.95% of Permutation tests (Core 6/15, passed_count 15)
  1.08% of Permutation test rounds,  78.95% of Permutation tests (Core 10/15, passed_count 15)
  1.09% of Permutation test rounds,  78.95% of Permutation tests (Core 8/15, passed_count 15)
  1.10% of Permutation test rounds,  78.95% of Permutation tests (Core 14/15, passed_count 15)
  1.11% of Permutation test rounds,  78.95% of Permutation tests (Core 1/15, passed_count 15)
  1.12% of Permutation test rounds,  78.95% of Permutation tests (Core 7/15, passed_count 15)
  1.13% of Permutation test rounds,  78.95% of Permutation tests (Core 15/15, passed_count 15)
  1.14% of Permutation test rounds,  78.95% of Permutation tests (Core 12/15, passed_count 15)
  1.15% of Permutation test rounds,  78.95% of Permutation tests (Core 13/15, passed_count 15)
  1.16% of Permutation test rounds,  78.95% of Permutation tests (Core 2/15, passed_count 15)
  1.17% of Permutation test rounds,  78.95% of Permutation tests (Core 5/15, passed_count 15)
  1.18% of Permutation test rounds,  84.21% of Permutation tests (Core 0/15, passed_count 16)
  1.19% of Permutation test rounds,  84.21% of Permutation tests (Core 11/15, passed_count 16)
  1.20% of Permutation test rounds,  84.21% of Permutation tests (Core 3/15, passed_count 16)
  1.21% of Permutation test rounds,  84.21% of Permutation tests (Core 11/15, passed_count 16)
  1.23% of Permutation test rounds,  84.21% of Permutation tests (Core 6/15, passed_count 16)
  1.22% of Permutation test rounds,  84.21% of Permutation tests (Core 9/15, passed_count 16)
  1.24% of Permutation test rounds,  84.21% of Permutation tests (Core 10/15, passed_count 16)
  1.25% of Permutation test rounds,  84.21% of Permutation tests (Core 8/15, passed_count 16)
  1.26% of Permutation test rounds,  84.21% of Permutation tests (Core 14/15, passed_count 16)
  1.27% of Permutation test rounds,  84.21% of Permutation tests (Core 1/15, passed_count 16)
  1.28% of Permutation test rounds,  89.47% of Permutation tests (Core 7/15, passed_count 17)
  1.29% of Permutation test rounds,  89.47% of Permutation tests (Core 15/15, passed_count 17)
  1.30% of Permutation test rounds,  89.47% of Permutation tests (Core 12/15, passed_count 17)
  1.31% of Permutation test rounds,  89.47% of Permutation tests (Core 13/15, passed_count 17)
  1.32% of Permutation test rounds,  89.47% of Permutation tests (Core 2/15, passed_count 17)
  1.33% of Permutation test rounds,  89.47% of Permutation tests (Core 5/15, passed_count 17)
  1.34% of Permutation test rounds,  89.47% of Permutation tests (Core 0/15, passed_count 17)
  1.35% of Permutation test rounds,  89.47% of Permutation tests (Core 4/15, passed_count 17)
  1.36% of Permutation test rounds,  89.47% of Permutation tests (Core 3/15, passed_count 17)
  1.37% of Permutation test rounds,  89.47% of Permutation tests (Core 11/15, passed_count 17)
  1.38% of Permutation test rounds,  89.47% of Permutation tests (Core 6/15, passed_count 17)
  1.39% of Permutation test rounds,  89.47% of Permutation tests (Core 9/15, passed_count 17)
  1.40% of Permutation test rounds,  89.47% of Permutation tests (Core 10/15, passed_count 17)
  1.41% of Permutation test rounds,  89.47% of Permutation tests (Core 8/15, passed_count 17)
  1.42% of Permutation test rounds,  89.47% of Permutation tests (Core 14/15, passed_count 17)
  1.43% of Permutation test rounds,  89.47% of Permutation tests (Core 7/15, passed_count 17)
  1.44% of Permutation test rounds,  89.47% of Permutation tests (Core 1/15, passed_count 17)
  1.45% of Permutation test rounds,  89.47% of Permutation tests (Core 15/15, passed_count 17)
  1.46% of Permutation test rounds,  89.47% of Permutation tests (Core 12/15, passed_count 17)
  1.47% of Permutation test rounds,  89.47% of Permutation tests (Core 13/15, passed_count 17)
  1.48% of Permutation test rounds,  89.47% of Permutation tests (Core 2/15, passed_count 17)
  1.49% of Permutation test rounds,  89.47% of Permutation tests (Core 5/15, passed_count 17)
  1.50% of Permutation test rounds,  89.47% of Permutation tests (Core 0/15, passed_count 17)
  1.51% of Permutation test rounds,  89.47% of Permutation tests (Core 4/15, passed_count 17)
  1.52% of Permutation test rounds,  89.47% of Permutation tests (Core 3/15, passed_count 17)
  1.53% of Permutation test rounds,  89.47% of Permutation tests (Core 11/15, passed_count 17)
  1.54% of Permutation test rounds,  89.47% of Permutation tests (Core 6/15, passed_count 17)
  1.55% of Permutation test rounds,  89.47% of Permutation tests (Core 9/15, passed_count 17)
  1.56% of Permutation test rounds,  89.47% of Permutation tests (Core 10/15, passed_count 17)
  1.57% of Permutation test rounds,  89.47% of Permutation tests (Core 8/15, passed_count 17)
  1.58% of Permutation test rounds,  89.47% of Permutation tests (Core 14/15, passed_count 17)
  1.59% of Permutation test rounds,  89.47% of Permutation tests (Core 7/15, passed_count 17)
  1.60% of Permutation test rounds,  89.47% of Permutation tests (Core 1/15, passed_count 17)
  1.61% of Permutation test rounds,  89.47% of Permutation tests (Core 15/15, passed_count 17)
  1.62% of Permutation test rounds,  89.47% of Permutation tests (Core 12/15, passed_count 17)
  1.63% of Permutation test rounds,  89.47% of Permutation tests (Core 13/15, passed_count 17)
  1.64% of Permutation test rounds,  89.47% of Permutation tests (Core 2/15, passed_count 17)
  1.65% of Permutation test rounds,  89.47% of Permutation tests (Core 5/15, passed_count 17)
  1.66% of Permutation test rounds,  89.47% of Permutation tests (Core 0/15, passed_count 17)
  1.67% of Permutation test rounds,  89.47% of Permutation tests (Core 4/15, passed_count 17)
  1.68% of Permutation test rounds,  89.47% of Permutation tests (Core 3/15, passed_count 17)
  1.69% of Permutation test rounds,  89.47% of Permutation tests (Core 11/15, passed_count 17)
  1.70% of Permutation test rounds,  89.47% of Permutation tests (Core 6/15, passed_count 17)
  1.71% of Permutation test rounds,  89.47% of Permutation tests (Core 9/15, passed_count 17)
  1.72% of Permutation test rounds,  89.47% of Permutation tests (Core 10/15, passed_count 17)
  1.73% of Permutation test rounds,  89.47% of Permutation tests (Core 8/15, passed_count 17)
  1.74% of Permutation test rounds,  89.47% of Permutation tests (Core 14/15, passed_count 17)
  1.75% of Permutation test rounds,  89.47% of Permutation tests (Core 7/15, passed_count 17)
  1.76% of Permutation test rounds,  89.47% of Permutation tests (Core 1/15, passed_count 17)
  1.77% of Permutation test rounds,  89.47% of Permutation tests (Core 15/15, passed_count 17)
  1.78% of Permutation test rounds,  89.47% of Permutation tests (Core 12/15, passed_count 17)
  1.79% of Permutation test rounds,  89.47% of Permutation tests (Core 13/15, passed_count 17)
  1.80% of Permutation test rounds,  89.47% of Permutation tests (Core 2/15, passed_count 17)
  1.81% of Permutation test rounds,  89.47% of Permutation tests (Core 5/15, passed_count 17)
  1.82% of Permutation test rounds,  89.47% of Permutation tests (Core 0/15, passed_count 17)
  1.83% of Permutation test rounds,  89.47% of Permutation tests (Core 4/15, passed_count 17)
  1.84% of Permutation test rounds,  89.47% of Permutation tests (Core 3/15, passed_count 17)
  1.85% of Permutation test rounds,  89.47% of Permutation tests (Core 11/15, passed_count 17)
  1.86% of Permutation test rounds,  89.47% of Permutation tests (Core 6/15, passed_count 17)
  1.87% of Permutation test rounds,  89.47% of Permutation tests (Core 9/15, passed_count 17)
  1.88% of Permutation test rounds,  89.47% of Permutation tests (Core 10/15, passed_count 17)
  1.89% of Permutation test rounds,  89.47% of Permutation tests (Core 8/15, passed_count 17)
  1.90% of Permutation test rounds,  89.47% of Permutation tests (Core 14/15, passed_count 17)
  1.91% of Permutation test rounds,  89.47% of Permutation tests (Core 7/15, passed_count 17)
  1.92% of Permutation test rounds,  89.47% of Permutation tests (Core 1/15, passed_count 17)
  1.93% of Permutation test rounds,  89.47% of Permutation tests (Core 15/15, passed_count 17)
  1.94% of Permutation test rounds,  89.47% of Permutation tests (Core 12/15, passed_count 17)
  1.95% of Permutation test rounds,  89.47% of Permutation tests (Core 13/15, passed_count 17)
  1.96% of Permutation test rounds,  89.47% of Permutation tests (Core 2/15, passed_count 17)
  1.97% of Permutation test rounds,  89.47% of Permutation tests (Core 5/15, passed_count 17)
  1.98% of Permutation test rounds,  89.47% of Permutation tests (Core 0/15, passed_count 17)
  1.99% of Permutation test rounds,  89.47% of Permutation tests (Core 4/15, passed_count 17)
  2.00% of Permutation test rounds,  89.47% of Permutation tests (Core 3/15, passed_count 17)
  2.01% of Permutation test rounds,  89.47% of Permutation tests (Core 11/15, passed_count 17)
  2.02% of Permutation test rounds,  89.47% of Permutation tests (Core 6/15, passed_count 17)
  2.03% of Permutation test rounds,  89.47% of Permutation tests (Core 9/15, passed_count 17)
  2.04% of Permutation test rounds,  89.47% of Permutation tests (Core 10/15, passed_count 17)
  2.05% of Permutation test rounds,  89.47% of Permutation tests (Core 8/15, passed_count 17)
  2.06% of Permutation test rounds,  89.47% of Permutation tests (Core 14/15, passed_count 17)
  2.07% of Permutation test rounds,  89.47% of Permutation tests (Core 7/15, passed_count 17)
  2.08% of Permutation test rounds,  89.47% of Permutation tests (Core 1/15, passed_count 17)
  2.09% of Permutation test rounds,  89.47% of Permutation tests (Core 15/15, passed_count 17)
  2.10% of Permutation test rounds,  89.47% of Permutation tests (Core 12/15, passed_count 17)
  2.11% of Permutation test rounds,  89.47% of Permutation tests (Core 13/15, passed_count 17)
  2.12% of Permutation test rounds,  89.47% of Permutation tests (Core 2/15, passed_count 17)
  2.13% of Permutation test rounds,  89.47% of Permutation tests (Core 5/15, passed_count 17)
  2.14% of Permutation test rounds,  89.47% of Permutation tests (Core 0/15, passed_count 17)
  2.15% of Permutation test rounds,  89.47% of Permutation tests (Core 3/15, passed_count 17)
  2.16% of Permutation test rounds,  89.47% of Permutation tests (Core 4/15, passed_count 17)
  2.17% of Permutation test rounds,  89.47% of Permutation tests (Core 11/15, passed_count 17)
  2.18% of Permutation test rounds,  89.47% of Permutation tests (Core 6/15, passed_count 17)
  2.19% of Permutation test rounds,  89.47% of Permutation tests (Core 9/15, passed_count 17)
  2.20% of Permutation test rounds,  89.47% of Permutation tests (Core 10/15, passed_count 17)
  2.21% of Permutation test rounds,  89.47% of Permutation tests (Core 8/15, passed_count 17)
  2.22% of Permutation test rounds,  89.47% of Permutation tests (Core 14/15, passed_count 17)
  2.23% of Permutation test rounds,  89.47% of Permutation tests (Core 7/15, passed_count 17)
  2.24% of Permutation test rounds,  89.47% of Permutation tests (Core 1/15, passed_count 17)
  2.25% of Permutation test rounds,  89.47% of Permutation tests (Core 15/15, passed_count 17)
  2.26% of Permutation test rounds,  89.47% of Permutation tests (Core 12/15, passed_count 17)
  2.27% of Permutation test rounds,  89.47% of Permutation tests (Core 13/15, passed_count 17)
  2.28% of Permutation test rounds,  89.47% of Permutation tests (Core 2/15, passed_count 17)
  2.29% of Permutation test rounds,  89.47% of Permutation tests (Core 5/15, passed_count 17)
  2.30% of Permutation test rounds,  89.47% of Permutation tests (Core 0/15, passed_count 17)
  2.31% of Permutation test rounds,  89.47% of Permutation tests (Core 3/15, passed_count 17)
  2.32% of Permutation test rounds,  89.47% of Permutation tests (Core 4/15, passed_count 17)
  2.33% of Permutation test rounds,  89.47% of Permutation tests (Core 11/15, passed_count 17)
  2.34% of Permutation test rounds,  89.47% of Permutation tests (Core 6/15, passed_count 17)
  2.35% of Permutation test rounds,  89.47% of Permutation tests (Core 9/15, passed_count 17)
  2.36% of Permutation test rounds,  89.47% of Permutation tests (Core 10/15, passed_count 17)
  2.37% of Permutation test rounds,  89.47% of Permutation tests (Core 8/15, passed_count 17)
  2.38% of Permutation test rounds,  89.47% of Permutation tests (Core 14/15, passed_count 17)
  2.39% of Permutation test rounds,  89.47% of Permutation tests (Core 7/15, passed_count 17)
  2.40% of Permutation test rounds,  89.47% of Permutation tests (Core 1/15, passed_count 17)
  2.41% of Permutation test rounds,  94.74% of Permutation tests (Core 15/15, passed_count 18)
  2.42% of Permutation test rounds,  94.74% of Permutation tests (Core 12/15, passed_count 18)
  2.43% of Permutation test rounds,  94.74% of Permutation tests (Core 13/15, passed_count 18)
  2.44% of Permutation test rounds,  94.74% of Permutation tests (Core 2/15, passed_count 18)
  2.45% of Permutation test rounds,  94.74% of Permutation tests (Core 5/15, passed_count 18)
  2.46% of Permutation test rounds,  94.74% of Permutation tests (Core 0/15, passed_count 18)
  2.47% of Permutation test rounds,  94.74% of Permutation tests (Core 3/15, passed_count 18)
  2.48% of Permutation test rounds, 100.00% of Permutation tests (Core 4/15, passed_count 19)
  8.63% of Permutation test rounds, 100.00% of Permutation tests (Core 11/15, passed_count 19)
 14.74% of Permutation test rounds, 100.00% of Permutation tests (Core 6/15, passed_count 19)
 20.89% of Permutation test rounds, 100.00% of Permutation tests (Core 9/15, passed_count 19)
 27.02% of Permutation test rounds, 100.00% of Permutation tests (Core 10/15, passed_count 19)
 33.16% of Permutation test rounds, 100.00% of Permutation tests (Core 8/15, passed_count 19)
 39.28% of Permutation test rounds, 100.00% of Permutation tests (Core 14/15, passed_count 19)
 45.24% of Permutation test rounds, 100.00% of Permutation tests (Core 7/15, passed_count 19)
 51.34% of Permutation test rounds, 100.00% of Permutation tests (Core 1/15, passed_count 19)
 57.47% of Permutation test rounds, 100.00% of Permutation tests (Core 15/15, passed_count 19)
 63.61% of Permutation test rounds, 100.00% of Permutation tests (Core 12/15, passed_count 19)
 69.57% of Permutation test rounds, 100.00% of Permutation tests (Core 13/15, passed_count 19)
 75.52% of Permutation test rounds, 100.00% of Permutation tests (Core 2/15, passed_count 19)
 81.62% of Permutation test rounds, 100.00% of Permutation tests (Core 5/15, passed_count 19)
 87.76% of Permutation test rounds, 100.00% of Permutation tests (Core 0/15, passed_count 19)
 93.89% of Permutation test rounds, 100.00% of Permutation tests (Core 3/15, passed_count 19)


                statistic  C[i][0]  C[i][1]  C[i][2]
----------------------------------------------------
                excursion       6       0      50
       numDirectionalRuns       6       0      23
       lenDirectionalRuns      16       6       0
    numIncreasesDecreases      15       0       6
            numRunsMedian       6       0     235
            lenRunsMedian       3       3       3
             avgCollision     122       0       6
             maxCollision       4       2      20
           periodicity(1)       6       0       8
           periodicity(2)       6       0      64
           periodicity(8)       6       0     242
          periodicity(16)       6       0      30
          periodicity(32)       7       0       6
            covariance(1)       6       0     112
            covariance(2)       6       0      13
            covariance(8)     100       0       6
           covariance(16)      21       0       6
           covariance(32)       6       0      10
              compression      10       0       6
(* denotes failed test)

** Passed IID permutation tests

your 131072x1 screen size is bogus. expect trouble
your 131072x1 screen size is bogus. expect trouble
Identity added: /home/mmggjj/.ssh/id_ed25519 (mariogj.03@gmail.com)
tiempo_s=3.23 maxrss_kB=162764

resumen: C:\Users\mario\Documents\TFM_FPGA_CRYPTO\results\entropia_90b.csv (40 filas, 118 columnas)
