--- condA_rep1_noniid_b8: exit 0, 6 s ---
Agent pid 423
Opening file: '/mnt/c/Users/mario/Documents/TFM_RNG/tfm_esp32_rng/results/condA_rep1.bin' (SHA-256 hash be60443540effef3a1d2ec5895093817307d0efc140eb27db9991b971b49db5f)
Loaded 125000 samples of 256 distinct 8-bit-wide symbols
Number of Binary Symbols: 1000000

*** Warning: data contains less than 1000000 samples ***


Running non-IID tests...

Running Most Common Value Estimate...
Bitstring MCV Estimate: mode = 500791, p-hat = 0.50079099999999999, p_u = 0.50207891368408297
	Most Common Value Estimate (bit string) = 0.994014 / 1 bit(s)
Literal MCV Estimate: mode = 548, p-hat = 0.0043839999999999999, p_u = 0.0048653323116216764
	Most Common Value Estimate = 7.683246 / 8 bit(s)

Running Entropic Statistic Estimates (bit strings only)...
Bitstring Collision Estimate: X-bar = 2.5008515416530162, sigma-hat = 0.49999990009068918, p = 0.52434315739639725
	Collision Test Estimate (bit string) = 0.931417 / 1 bit(s)
Bitstring Markov Estimate: P_0 = 0.49920900000000001, P_1 = 0.50079099999999999, P_0,0 = 0.49862181695806157, P_0,1 = 0.50137818304193837, P_1,0 = 0.49979332695675444, P_1,1 = 0.50020667304324551, p_max = 3.4093267201194804e-39
	Markov Test Estimate (bit string) = 0.998326 / 1 bit(s)
Bitstring Compression Estimate: X-bar = 5.2147529445756948, sigma-hat = 1.0182771159799078, p = 0.032280973255623291
	Compression Test Estimate (bit string) = 0.825529 / 1 bit(s)

Running Tuple Estimates...
Bitstring t-Tuple Estimate: t = 16, p-hat_max = 0.5275569070895033270104, p_u = 0.5288428648552972063902
Bitstring LRS Estimate: u = 17, v = 41, p-hat = 0.51886258802425074, p_u = 0.52014958652029048
	T-Tuple Test Estimate (bit string) = 0.919089 / 1 bit(s)
Literal t-Tuple Estimate: t = 1, p-hat_max = 0.004383999999999999999821, p_u = 0.004865332311621676468217
Literal LRS Estimate: u = 2, v = 4, p-hat = 0.0040000560011920286, p_u = 0.004459916920341585
	T-Tuple Test Estimate = 7.683246 / 8 bit(s)
	LRS Test Estimate (bit string) = 0.943002 / 1 bit(s)
	LRS Test Estimate = 7.808767 / 8 bit(s)

Running Predictor Estimates...
Bitstring MultiMCW Prediction Estimate: N = 999937, Pglobal' = 0.50132645828885591 (C = 500007) Plocal can't affect result (r = 20)
	Multi Most Common in Window (MultiMCW) Prediction Test Estimate (bit string) = 0.996178 / 1 bit(s)
Literal MultiMCW Prediction Estimate: N = 124937, Pglobal' = 0.0043605250576549551 (C = 488) Plocal can't affect result (r = 3)
	Multi Most Common in Window (MultiMCW) Prediction Test Estimate = 7.841282 / 8 bit(s)
Bitstring Lag Prediction Estimate: N = 999999, Pglobal' = 0.50144841603383705 (C = 500160) Plocal can't affect result (r = 23)
	Lag Prediction Test Estimate (bit string) = 0.995827 / 1 bit(s)
Literal Lag Prediction Estimate: N = 124999, Pglobal' = 0.0043752891875178728 (C = 490) Plocal can't affect result (r = 3)
	Lag Prediction Test Estimate = 7.836406 / 8 bit(s)
Bitstring MultiMMC Prediction Estimate: N = 999998, Pglobal' = 0.5011269161948817 (C = 499838) Plocal can't affect result (r = 19)
	Multi Markov Model with Counting (MultiMMC) Prediction Test Estimate (bit string) = 0.996752 / 1 bit(s)
Literal MultiMMC Prediction Estimate: N = 124998, Pglobal' = 0.0044853014158403245 (C = 503) Plocal can't affect result (r = 3)
	Multi Markov Model with Counting (MultiMMC) Prediction Test Estimate = 7.800579 / 8 bit(s)
Bitstring LZ78Y Prediction Estimate: N = 999983, Pglobal' = 0.50118342443850272 (C = 499887) Plocal can't affect result (r = 20)
	LZ78Y Prediction Test Estimate (bit string) = 0.996589 / 1 bit(s)
Literal LZ78Y Prediction Estimate: N = 124983, Pglobal' = 0.0044942971603787593 (C = 504) Plocal can't affect result (r = 3)
	LZ78Y Prediction Test Estimate = 7.797689 / 8 bit(s)

H_original: 7.683246
H_bitstring: 0.825529
min(H_original, 8 X H_bitstring): 6.604229
your 131072x1 screen size is bogus. expect trouble
your 131072x1 screen size is bogus. expect trouble
Identity added: /home/mmggjj/.ssh/id_ed25519 (mariogj.03@gmail.com)
tiempo_s=4.92 maxrss_kB=288844
--- condA_rep1_iid_b8: exit 0, 2 s ---
Agent pid 423
Opening file: '/mnt/c/Users/mario/Documents/TFM_RNG/tfm_esp32_rng/results/condA_rep1.bin' (SHA-256 hash be60443540effef3a1d2ec5895093817307d0efc140eb27db9991b971b49db5f)
Loaded 125000 samples of 256 distinct 8-bit-wide symbols
Number of Binary samples: 1000000

*** Warning: data contains less than 1000000 samples ***

Calculating baseline statistics...
	Raw Mean: 128.185392
	Median: 129.000000
	Binary: false

Literal MCV Estimate: mode = 548, p-hat = 0.0043839999999999999, p_u = 0.0048653323116216764
Bitstring MCV Estimate: mode = 500791, p-hat = 0.50079099999999999, p_u = 0.50207891368408297
H_original: 7.683246
H_bitstring: 0.994014
min(H_original, 8 X H_bitstring): 7.683246
Chi square independence
	score = 11165.769940
	degrees of freedom = 11117
	p-value = 0.370298

Chi square goodness of fit
	score = 2244.565815
	degrees of freedom = 2295
	p-value = 0.770376

** Passed chi square tests

Literal Longest Repeated Substring results
	P_col: 0.003914
	Length of LRS: 4
	Pr(X >= 1): 0.840199
** Passed length of longest repeated substring test

Beginning initial tests...

Initial test results
              excursion: 17609.3
     numDirectionalRuns: 83487
     lenDirectionalRuns: 7
  numIncreasesDecreases: 62508
          numRunsMedian: 62571
          lenRunsMedian: 17
           avgCollision: 20.7672
           maxCollision: 65
         periodicity(1): 512
         periodicity(2): 477
         periodicity(8): 484
        periodicity(16): 474
        periodicity(32): 498
          covariance(1): 2.05167e+09
          covariance(2): 2.05445e+09
          covariance(8): 2.05666e+09
         covariance(16): 2.05288e+09
         covariance(32): 2.05272e+09
            compression: 133298

Beginning permutation tests... these may take some time
  0.01% of Permutation test rounds,   0.00% of Permutation tests (Core 0/15, passed_count 0)
  0.02% of Permutation test rounds,   0.00% of Permutation tests (Core 12/15, passed_count 0)
  0.03% of Permutation test rounds,   0.00% of Permutation tests (Core 1/15, passed_count 0)
  0.04% of Permutation test rounds,   0.00% of Permutation tests (Core 11/15, passed_count 0)
  0.05% of Permutation test rounds,   0.00% of Permutation tests (Core 14/15, passed_count 0)
  0.06% of Permutation test rounds,   0.00% of Permutation tests (Core 10/15, passed_count 0)
  0.07% of Permutation test rounds,   0.00% of Permutation tests (Core 3/15, passed_count 0)
  0.08% of Permutation test rounds,   0.00% of Permutation tests (Core 6/15, passed_count 0)
  0.09% of Permutation test rounds,   0.00% of Permutation tests (Core 15/15, passed_count 0)
  0.10% of Permutation test rounds,   0.00% of Permutation tests (Core 8/15, passed_count 0)
  0.11% of Permutation test rounds,  15.79% of Permutation tests (Core 4/15, passed_count 3)
  0.12% of Permutation test rounds,  15.79% of Permutation tests (Core 5/15, passed_count 3)
  0.13% of Permutation test rounds,  26.32% of Permutation tests (Core 9/15, passed_count 5)
  0.14% of Permutation test rounds,  31.58% of Permutation tests (Core 2/15, passed_count 6)
  0.15% of Permutation test rounds,  36.84% of Permutation tests (Core 7/15, passed_count 7)
  0.16% of Permutation test rounds,  36.84% of Permutation tests (Core 13/15, passed_count 7)
  0.17% of Permutation test rounds,  42.11% of Permutation tests (Core 0/15, passed_count 8)
  0.18% of Permutation test rounds,  42.11% of Permutation tests (Core 12/15, passed_count 8)
  0.19% of Permutation test rounds,  42.11% of Permutation tests (Core 1/15, passed_count 8)
  0.20% of Permutation test rounds,  47.37% of Permutation tests (Core 11/15, passed_count 9)
  0.21% of Permutation test rounds,  47.37% of Permutation tests (Core 14/15, passed_count 9)
  0.22% of Permutation test rounds,  52.63% of Permutation tests (Core 3/15, passed_count 10)
  0.23% of Permutation test rounds,  52.63% of Permutation tests (Core 6/15, passed_count 10)
  0.24% of Permutation test rounds,  63.16% of Permutation tests (Core 10/15, passed_count 12)
  0.25% of Permutation test rounds,  63.16% of Permutation tests (Core 13/15, passed_count 12)
  0.26% of Permutation test rounds,  63.16% of Permutation tests (Core 4/15, passed_count 12)
  0.27% of Permutation test rounds,  73.68% of Permutation tests (Core 15/15, passed_count 14)
  0.28% of Permutation test rounds,  78.95% of Permutation tests (Core 8/15, passed_count 15)
  0.29% of Permutation test rounds,  78.95% of Permutation tests (Core 5/15, passed_count 15)
  0.30% of Permutation test rounds,  78.95% of Permutation tests (Core 7/15, passed_count 15)
  0.31% of Permutation test rounds,  78.95% of Permutation tests (Core 9/15, passed_count 15)
  0.32% of Permutation test rounds,  78.95% of Permutation tests (Core 2/15, passed_count 15)
  0.33% of Permutation test rounds,  78.95% of Permutation tests (Core 0/15, passed_count 15)
  0.34% of Permutation test rounds,  78.95% of Permutation tests (Core 12/15, passed_count 15)
  0.35% of Permutation test rounds,  78.95% of Permutation tests (Core 1/15, passed_count 15)
  0.36% of Permutation test rounds,  78.95% of Permutation tests (Core 14/15, passed_count 15)
  0.37% of Permutation test rounds,  78.95% of Permutation tests (Core 6/15, passed_count 15)
  0.38% of Permutation test rounds,  78.95% of Permutation tests (Core 11/15, passed_count 15)
  0.39% of Permutation test rounds,  78.95% of Permutation tests (Core 3/15, passed_count 15)
  0.40% of Permutation test rounds,  78.95% of Permutation tests (Core 13/15, passed_count 15)
  0.41% of Permutation test rounds,  78.95% of Permutation tests (Core 10/15, passed_count 15)
  0.42% of Permutation test rounds,  78.95% of Permutation tests (Core 0/15, passed_count 15)
  0.43% of Permutation test rounds,  78.95% of Permutation tests (Core 4/15, passed_count 15)
  0.44% of Permutation test rounds,  78.95% of Permutation tests (Core 15/15, passed_count 15)
  0.45% of Permutation test rounds,  78.95% of Permutation tests (Core 8/15, passed_count 15)
  0.46% of Permutation test rounds,  78.95% of Permutation tests (Core 9/15, passed_count 15)
  0.47% of Permutation test rounds,  78.95% of Permutation tests (Core 12/15, passed_count 15)
  0.48% of Permutation test rounds,  78.95% of Permutation tests (Core 1/15, passed_count 15)
  0.49% of Permutation test rounds,  78.95% of Permutation tests (Core 5/15, passed_count 15)
  0.50% of Permutation test rounds,  78.95% of Permutation tests (Core 14/15, passed_count 15)
  0.51% of Permutation test rounds,  78.95% of Permutation tests (Core 7/15, passed_count 15)
  0.52% of Permutation test rounds,  78.95% of Permutation tests (Core 2/15, passed_count 15)
  0.53% of Permutation test rounds,  78.95% of Permutation tests (Core 6/15, passed_count 15)
  0.54% of Permutation test rounds,  78.95% of Permutation tests (Core 3/15, passed_count 15)
  0.55% of Permutation test rounds,  78.95% of Permutation tests (Core 11/15, passed_count 15)
  0.56% of Permutation test rounds,  78.95% of Permutation tests (Core 13/15, passed_count 15)
  0.57% of Permutation test rounds,  78.95% of Permutation tests (Core 10/15, passed_count 15)
  0.58% of Permutation test rounds,  78.95% of Permutation tests (Core 9/15, passed_count 15)
  0.59% of Permutation test rounds,  78.95% of Permutation tests (Core 1/15, passed_count 15)
  0.60% of Permutation test rounds,  78.95% of Permutation tests (Core 14/15, passed_count 15)
  0.61% of Permutation test rounds,  78.95% of Permutation tests (Core 0/15, passed_count 15)
  0.62% of Permutation test rounds,  78.95% of Permutation tests (Core 6/15, passed_count 15)
  0.63% of Permutation test rounds,  78.95% of Permutation tests (Core 2/15, passed_count 15)
  0.64% of Permutation test rounds,  78.95% of Permutation tests (Core 4/15, passed_count 15)
  0.65% of Permutation test rounds,  78.95% of Permutation tests (Core 15/15, passed_count 15)
  0.66% of Permutation test rounds,  78.95% of Permutation tests (Core 8/15, passed_count 15)
  0.67% of Permutation test rounds,  78.95% of Permutation tests (Core 12/15, passed_count 15)
  0.68% of Permutation test rounds,  78.95% of Permutation tests (Core 5/15, passed_count 15)
  0.69% of Permutation test rounds,  78.95% of Permutation tests (Core 7/15, passed_count 15)
  0.70% of Permutation test rounds,  78.95% of Permutation tests (Core 11/15, passed_count 15)
  0.71% of Permutation test rounds,  78.95% of Permutation tests (Core 13/15, passed_count 15)
  0.72% of Permutation test rounds,  78.95% of Permutation tests (Core 3/15, passed_count 15)
  0.73% of Permutation test rounds,  78.95% of Permutation tests (Core 10/15, passed_count 15)
  0.74% of Permutation test rounds,  78.95% of Permutation tests (Core 9/15, passed_count 15)
  0.75% of Permutation test rounds,  78.95% of Permutation tests (Core 1/15, passed_count 15)
  0.76% of Permutation test rounds,  78.95% of Permutation tests (Core 14/15, passed_count 15)
  0.77% of Permutation test rounds,  78.95% of Permutation tests (Core 6/15, passed_count 15)
  0.78% of Permutation test rounds,  78.95% of Permutation tests (Core 12/15, passed_count 15)
  0.79% of Permutation test rounds,  78.95% of Permutation tests (Core 4/15, passed_count 15)
  0.80% of Permutation test rounds,  78.95% of Permutation tests (Core 0/15, passed_count 15)
  0.81% of Permutation test rounds,  78.95% of Permutation tests (Core 13/15, passed_count 15)
  0.82% of Permutation test rounds,  78.95% of Permutation tests (Core 2/15, passed_count 15)
  0.83% of Permutation test rounds,  78.95% of Permutation tests (Core 15/15, passed_count 15)
  0.84% of Permutation test rounds,  78.95% of Permutation tests (Core 8/15, passed_count 15)
  0.85% of Permutation test rounds,  78.95% of Permutation tests (Core 3/15, passed_count 15)
  0.86% of Permutation test rounds,  78.95% of Permutation tests (Core 7/15, passed_count 15)
  0.87% of Permutation test rounds,  78.95% of Permutation tests (Core 5/15, passed_count 15)
  0.88% of Permutation test rounds,  78.95% of Permutation tests (Core 10/15, passed_count 15)
  0.89% of Permutation test rounds,  78.95% of Permutation tests (Core 11/15, passed_count 15)
  0.90% of Permutation test rounds,  84.21% of Permutation tests (Core 9/15, passed_count 16)
  0.91% of Permutation test rounds,  84.21% of Permutation tests (Core 1/15, passed_count 16)
  0.92% of Permutation test rounds,  84.21% of Permutation tests (Core 14/15, passed_count 16)
  0.93% of Permutation test rounds,  84.21% of Permutation tests (Core 6/15, passed_count 16)
  0.94% of Permutation test rounds,  84.21% of Permutation tests (Core 13/15, passed_count 16)
  0.95% of Permutation test rounds,  84.21% of Permutation tests (Core 3/15, passed_count 16)
  0.96% of Permutation test rounds,  89.47% of Permutation tests (Core 0/15, passed_count 17)
  0.97% of Permutation test rounds,  89.47% of Permutation tests (Core 7/15, passed_count 17)
  0.98% of Permutation test rounds,  89.47% of Permutation tests (Core 12/15, passed_count 17)
  0.99% of Permutation test rounds,  89.47% of Permutation tests (Core 4/15, passed_count 17)
  1.00% of Permutation test rounds,  89.47% of Permutation tests (Core 10/15, passed_count 17)
  1.01% of Permutation test rounds,  89.47% of Permutation tests (Core 15/15, passed_count 17)
  1.02% of Permutation test rounds,  89.47% of Permutation tests (Core 2/15, passed_count 17)
  1.03% of Permutation test rounds,  89.47% of Permutation tests (Core 8/15, passed_count 17)
  1.04% of Permutation test rounds,  89.47% of Permutation tests (Core 5/15, passed_count 17)
  1.05% of Permutation test rounds,  89.47% of Permutation tests (Core 11/15, passed_count 17)
  1.06% of Permutation test rounds,  89.47% of Permutation tests (Core 1/15, passed_count 17)
  1.07% of Permutation test rounds,  89.47% of Permutation tests (Core 14/15, passed_count 17)
  1.08% of Permutation test rounds,  89.47% of Permutation tests (Core 6/15, passed_count 17)
  1.09% of Permutation test rounds,  89.47% of Permutation tests (Core 9/15, passed_count 17)
  1.10% of Permutation test rounds,  89.47% of Permutation tests (Core 3/15, passed_count 17)
  1.11% of Permutation test rounds,  89.47% of Permutation tests (Core 13/15, passed_count 17)
  1.12% of Permutation test rounds,  89.47% of Permutation tests (Core 0/15, passed_count 17)
  1.13% of Permutation test rounds,  89.47% of Permutation tests (Core 10/15, passed_count 17)
  1.14% of Permutation test rounds,  89.47% of Permutation tests (Core 15/15, passed_count 17)
  1.15% of Permutation test rounds,  89.47% of Permutation tests (Core 12/15, passed_count 17)
  1.16% of Permutation test rounds,  89.47% of Permutation tests (Core 7/15, passed_count 17)
  1.17% of Permutation test rounds,  89.47% of Permutation tests (Core 1/15, passed_count 17)
  1.18% of Permutation test rounds,  89.47% of Permutation tests (Core 4/15, passed_count 17)
  1.19% of Permutation test rounds,  89.47% of Permutation tests (Core 14/15, passed_count 17)
  1.20% of Permutation test rounds,  89.47% of Permutation tests (Core 2/15, passed_count 17)
  1.21% of Permutation test rounds,  89.47% of Permutation tests (Core 8/15, passed_count 17)
  1.22% of Permutation test rounds,  89.47% of Permutation tests (Core 6/15, passed_count 17)
  1.23% of Permutation test rounds,  89.47% of Permutation tests (Core 11/15, passed_count 17)
  1.24% of Permutation test rounds,  89.47% of Permutation tests (Core 5/15, passed_count 17)
  1.25% of Permutation test rounds,  89.47% of Permutation tests (Core 3/15, passed_count 17)
  1.26% of Permutation test rounds,  89.47% of Permutation tests (Core 10/15, passed_count 17)
  1.27% of Permutation test rounds,  89.47% of Permutation tests (Core 0/15, passed_count 17)
  1.28% of Permutation test rounds,  89.47% of Permutation tests (Core 9/15, passed_count 17)
  1.29% of Permutation test rounds,  89.47% of Permutation tests (Core 13/15, passed_count 17)
  1.30% of Permutation test rounds,  89.47% of Permutation tests (Core 12/15, passed_count 17)
  1.31% of Permutation test rounds,  89.47% of Permutation tests (Core 14/15, passed_count 17)
  1.32% of Permutation test rounds,  89.47% of Permutation tests (Core 15/15, passed_count 17)
  1.33% of Permutation test rounds,  89.47% of Permutation tests (Core 8/15, passed_count 17)
  1.34% of Permutation test rounds,  89.47% of Permutation tests (Core 1/15, passed_count 17)
  1.35% of Permutation test rounds,  89.47% of Permutation tests (Core 7/15, passed_count 17)
  1.36% of Permutation test rounds,  89.47% of Permutation tests (Core 6/15, passed_count 17)
  1.37% of Permutation test rounds,  89.47% of Permutation tests (Core 4/15, passed_count 17)
  1.38% of Permutation test rounds,  89.47% of Permutation tests (Core 2/15, passed_count 17)
  1.39% of Permutation test rounds,  89.47% of Permutation tests (Core 11/15, passed_count 17)
  1.40% of Permutation test rounds,  89.47% of Permutation tests (Core 3/15, passed_count 17)
  1.41% of Permutation test rounds,  89.47% of Permutation tests (Core 10/15, passed_count 17)
  1.42% of Permutation test rounds,  89.47% of Permutation tests (Core 9/15, passed_count 17)
  1.43% of Permutation test rounds,  89.47% of Permutation tests (Core 5/15, passed_count 17)
  1.44% of Permutation test rounds,  89.47% of Permutation tests (Core 0/15, passed_count 17)
  1.45% of Permutation test rounds,  89.47% of Permutation tests (Core 12/15, passed_count 17)
  1.46% of Permutation test rounds,  89.47% of Permutation tests (Core 13/15, passed_count 17)
  1.47% of Permutation test rounds,  89.47% of Permutation tests (Core 14/15, passed_count 17)
  1.48% of Permutation test rounds,  89.47% of Permutation tests (Core 1/15, passed_count 17)
  1.49% of Permutation test rounds,  89.47% of Permutation tests (Core 6/15, passed_count 17)
  1.50% of Permutation test rounds,  89.47% of Permutation tests (Core 8/15, passed_count 17)
  1.51% of Permutation test rounds,  89.47% of Permutation tests (Core 15/15, passed_count 17)
  1.52% of Permutation test rounds,  89.47% of Permutation tests (Core 2/15, passed_count 17)
  1.53% of Permutation test rounds,  89.47% of Permutation tests (Core 10/15, passed_count 17)
  1.54% of Permutation test rounds,  89.47% of Permutation tests (Core 7/15, passed_count 17)
  1.55% of Permutation test rounds,  89.47% of Permutation tests (Core 4/15, passed_count 17)
  1.56% of Permutation test rounds,  89.47% of Permutation tests (Core 3/15, passed_count 17)
  1.57% of Permutation test rounds,  89.47% of Permutation tests (Core 9/15, passed_count 17)
  1.58% of Permutation test rounds,  89.47% of Permutation tests (Core 11/15, passed_count 17)
  1.59% of Permutation test rounds,  89.47% of Permutation tests (Core 5/15, passed_count 17)
  1.60% of Permutation test rounds,  89.47% of Permutation tests (Core 12/15, passed_count 17)
  1.61% of Permutation test rounds,  89.47% of Permutation tests (Core 1/15, passed_count 17)
  1.62% of Permutation test rounds,  89.47% of Permutation tests (Core 8/15, passed_count 17)
  1.63% of Permutation test rounds,  89.47% of Permutation tests (Core 6/15, passed_count 17)
  1.64% of Permutation test rounds,  89.47% of Permutation tests (Core 14/15, passed_count 17)
  1.65% of Permutation test rounds,  89.47% of Permutation tests (Core 0/15, passed_count 17)
  1.66% of Permutation test rounds,  89.47% of Permutation tests (Core 10/15, passed_count 17)
  1.67% of Permutation test rounds,  89.47% of Permutation tests (Core 2/15, passed_count 17)
  1.68% of Permutation test rounds,  89.47% of Permutation tests (Core 15/15, passed_count 17)
  1.69% of Permutation test rounds,  89.47% of Permutation tests (Core 13/15, passed_count 17)
  1.70% of Permutation test rounds,  89.47% of Permutation tests (Core 3/15, passed_count 17)
  1.71% of Permutation test rounds,  89.47% of Permutation tests (Core 9/15, passed_count 17)
  1.72% of Permutation test rounds,  89.47% of Permutation tests (Core 7/15, passed_count 17)
  1.73% of Permutation test rounds,  89.47% of Permutation tests (Core 4/15, passed_count 17)
  1.74% of Permutation test rounds,  89.47% of Permutation tests (Core 12/15, passed_count 17)
  1.75% of Permutation test rounds,  89.47% of Permutation tests (Core 1/15, passed_count 17)
  1.76% of Permutation test rounds,  89.47% of Permutation tests (Core 8/15, passed_count 17)
  1.77% of Permutation test rounds,  89.47% of Permutation tests (Core 6/15, passed_count 17)
  1.78% of Permutation test rounds,  89.47% of Permutation tests (Core 14/15, passed_count 17)
  1.79% of Permutation test rounds,  89.47% of Permutation tests (Core 11/15, passed_count 17)
  1.80% of Permutation test rounds,  89.47% of Permutation tests (Core 10/15, passed_count 17)
  1.81% of Permutation test rounds,  89.47% of Permutation tests (Core 5/15, passed_count 17)
  1.82% of Permutation test rounds,  89.47% of Permutation tests (Core 0/15, passed_count 17)
  1.83% of Permutation test rounds,  89.47% of Permutation tests (Core 2/15, passed_count 17)
  1.84% of Permutation test rounds,  89.47% of Permutation tests (Core 3/15, passed_count 17)
  1.85% of Permutation test rounds,  89.47% of Permutation tests (Core 15/15, passed_count 17)
  1.86% of Permutation test rounds,  89.47% of Permutation tests (Core 9/15, passed_count 17)
  1.87% of Permutation test rounds,  89.47% of Permutation tests (Core 13/15, passed_count 17)
  1.88% of Permutation test rounds,  89.47% of Permutation tests (Core 12/15, passed_count 17)
  1.89% of Permutation test rounds,  89.47% of Permutation tests (Core 8/15, passed_count 17)
  1.90% of Permutation test rounds,  89.47% of Permutation tests (Core 1/15, passed_count 17)
  1.91% of Permutation test rounds,  89.47% of Permutation tests (Core 7/15, passed_count 17)
  1.92% of Permutation test rounds,  89.47% of Permutation tests (Core 6/15, passed_count 17)
  1.93% of Permutation test rounds,  89.47% of Permutation tests (Core 4/15, passed_count 17)
  1.94% of Permutation test rounds,  89.47% of Permutation tests (Core 14/15, passed_count 17)
  1.95% of Permutation test rounds,  89.47% of Permutation tests (Core 10/15, passed_count 17)
  1.96% of Permutation test rounds,  89.47% of Permutation tests (Core 11/15, passed_count 17)
  1.97% of Permutation test rounds,  89.47% of Permutation tests (Core 5/15, passed_count 17)
  1.98% of Permutation test rounds,  89.47% of Permutation tests (Core 0/15, passed_count 17)
  1.99% of Permutation test rounds,  89.47% of Permutation tests (Core 3/15, passed_count 17)
  2.00% of Permutation test rounds,  89.47% of Permutation tests (Core 2/15, passed_count 17)
  2.01% of Permutation test rounds,  89.47% of Permutation tests (Core 12/15, passed_count 17)
  2.02% of Permutation test rounds,  89.47% of Permutation tests (Core 15/15, passed_count 17)
  2.03% of Permutation test rounds,  89.47% of Permutation tests (Core 9/15, passed_count 17)
  2.04% of Permutation test rounds,  89.47% of Permutation tests (Core 1/15, passed_count 17)
  2.05% of Permutation test rounds,  89.47% of Permutation tests (Core 6/15, passed_count 17)
  2.06% of Permutation test rounds,  89.47% of Permutation tests (Core 13/15, passed_count 17)
  2.07% of Permutation test rounds,  89.47% of Permutation tests (Core 7/15, passed_count 17)
  2.08% of Permutation test rounds,  89.47% of Permutation tests (Core 14/15, passed_count 17)
  2.09% of Permutation test rounds,  89.47% of Permutation tests (Core 8/15, passed_count 17)
  2.10% of Permutation test rounds,  89.47% of Permutation tests (Core 10/15, passed_count 17)
  2.11% of Permutation test rounds,  89.47% of Permutation tests (Core 4/15, passed_count 17)
  2.12% of Permutation test rounds,  89.47% of Permutation tests (Core 11/15, passed_count 17)
  2.13% of Permutation test rounds,  89.47% of Permutation tests (Core 0/15, passed_count 17)
  2.14% of Permutation test rounds,  89.47% of Permutation tests (Core 3/15, passed_count 17)
  2.15% of Permutation test rounds,  89.47% of Permutation tests (Core 5/15, passed_count 17)
  2.16% of Permutation test rounds,  89.47% of Permutation tests (Core 12/15, passed_count 17)
  2.17% of Permutation test rounds,  89.47% of Permutation tests (Core 15/15, passed_count 17)
  2.18% of Permutation test rounds,  89.47% of Permutation tests (Core 1/15, passed_count 17)
  2.19% of Permutation test rounds,  89.47% of Permutation tests (Core 2/15, passed_count 17)
  2.20% of Permutation test rounds,  89.47% of Permutation tests (Core 14/15, passed_count 17)
  2.21% of Permutation test rounds,  89.47% of Permutation tests (Core 10/15, passed_count 17)
  2.22% of Permutation test rounds,  89.47% of Permutation tests (Core 4/15, passed_count 17)
  2.23% of Permutation test rounds,  89.47% of Permutation tests (Core 9/15, passed_count 17)
  2.24% of Permutation test rounds,  89.47% of Permutation tests (Core 8/15, passed_count 17)
  2.25% of Permutation test rounds,  89.47% of Permutation tests (Core 13/15, passed_count 17)
  2.26% of Permutation test rounds,  89.47% of Permutation tests (Core 6/15, passed_count 17)
  2.27% of Permutation test rounds,  89.47% of Permutation tests (Core 7/15, passed_count 17)
  2.28% of Permutation test rounds,  89.47% of Permutation tests (Core 0/15, passed_count 17)
  2.29% of Permutation test rounds,  89.47% of Permutation tests (Core 3/15, passed_count 17)
  2.30% of Permutation test rounds,  89.47% of Permutation tests (Core 5/15, passed_count 17)
  2.31% of Permutation test rounds,  89.47% of Permutation tests (Core 11/15, passed_count 17)
  2.32% of Permutation test rounds,  89.47% of Permutation tests (Core 1/15, passed_count 17)
  2.33% of Permutation test rounds,  89.47% of Permutation tests (Core 14/15, passed_count 17)
  2.34% of Permutation test rounds,  89.47% of Permutation tests (Core 12/15, passed_count 17)
  2.35% of Permutation test rounds,  89.47% of Permutation tests (Core 15/15, passed_count 17)
  2.36% of Permutation test rounds,  89.47% of Permutation tests (Core 10/15, passed_count 17)
  2.37% of Permutation test rounds,  89.47% of Permutation tests (Core 8/15, passed_count 17)
  2.38% of Permutation test rounds,  89.47% of Permutation tests (Core 7/15, passed_count 17)
  2.39% of Permutation test rounds,  89.47% of Permutation tests (Core 6/15, passed_count 17)
  2.40% of Permutation test rounds,  89.47% of Permutation tests (Core 2/15, passed_count 17)
  2.41% of Permutation test rounds,  89.47% of Permutation tests (Core 4/15, passed_count 17)
  2.42% of Permutation test rounds,  89.47% of Permutation tests (Core 9/15, passed_count 17)
  2.43% of Permutation test rounds,  89.47% of Permutation tests (Core 0/15, passed_count 17)
  2.44% of Permutation test rounds,  89.47% of Permutation tests (Core 13/15, passed_count 17)
  2.45% of Permutation test rounds,  89.47% of Permutation tests (Core 3/15, passed_count 17)
  2.46% of Permutation test rounds,  89.47% of Permutation tests (Core 5/15, passed_count 17)
  2.47% of Permutation test rounds,  89.47% of Permutation tests (Core 1/15, passed_count 17)
  2.48% of Permutation test rounds,  89.47% of Permutation tests (Core 14/15, passed_count 17)
  2.49% of Permutation test rounds,  89.47% of Permutation tests (Core 11/15, passed_count 17)
  2.50% of Permutation test rounds,  89.47% of Permutation tests (Core 10/15, passed_count 17)
  2.51% of Permutation test rounds,  89.47% of Permutation tests (Core 7/15, passed_count 17)
  2.52% of Permutation test rounds,  89.47% of Permutation tests (Core 2/15, passed_count 17)
  2.53% of Permutation test rounds,  89.47% of Permutation tests (Core 12/15, passed_count 17)
  2.54% of Permutation test rounds,  89.47% of Permutation tests (Core 15/15, passed_count 17)
  2.55% of Permutation test rounds,  89.47% of Permutation tests (Core 8/15, passed_count 17)
  2.56% of Permutation test rounds,  89.47% of Permutation tests (Core 6/15, passed_count 17)
  2.57% of Permutation test rounds,  89.47% of Permutation tests (Core 0/15, passed_count 17)
  2.58% of Permutation test rounds,  89.47% of Permutation tests (Core 3/15, passed_count 17)
  2.59% of Permutation test rounds,  89.47% of Permutation tests (Core 9/15, passed_count 17)
  2.60% of Permutation test rounds,  89.47% of Permutation tests (Core 4/15, passed_count 17)
  2.61% of Permutation test rounds,  89.47% of Permutation tests (Core 5/15, passed_count 17)
  2.62% of Permutation test rounds,  89.47% of Permutation tests (Core 13/15, passed_count 17)
  2.63% of Permutation test rounds,  89.47% of Permutation tests (Core 14/15, passed_count 17)
  2.64% of Permutation test rounds,  89.47% of Permutation tests (Core 1/15, passed_count 17)
  2.65% of Permutation test rounds,  89.47% of Permutation tests (Core 10/15, passed_count 17)
  2.66% of Permutation test rounds,  89.47% of Permutation tests (Core 11/15, passed_count 17)
  2.67% of Permutation test rounds,  89.47% of Permutation tests (Core 2/15, passed_count 17)
  2.68% of Permutation test rounds,  89.47% of Permutation tests (Core 12/15, passed_count 17)
  2.69% of Permutation test rounds,  89.47% of Permutation tests (Core 0/15, passed_count 17)
  2.70% of Permutation test rounds,  89.47% of Permutation tests (Core 7/15, passed_count 17)
  2.71% of Permutation test rounds,  89.47% of Permutation tests (Core 15/15, passed_count 17)
  2.72% of Permutation test rounds,  89.47% of Permutation tests (Core 3/15, passed_count 17)
  2.73% of Permutation test rounds,  89.47% of Permutation tests (Core 8/15, passed_count 17)
  2.74% of Permutation test rounds,  89.47% of Permutation tests (Core 5/15, passed_count 17)
  2.75% of Permutation test rounds,  89.47% of Permutation tests (Core 6/15, passed_count 17)
  2.76% of Permutation test rounds,  89.47% of Permutation tests (Core 9/15, passed_count 17)
  2.77% of Permutation test rounds,  89.47% of Permutation tests (Core 4/15, passed_count 17)
  2.78% of Permutation test rounds,  89.47% of Permutation tests (Core 14/15, passed_count 17)
  2.79% of Permutation test rounds,  89.47% of Permutation tests (Core 13/15, passed_count 17)
  2.80% of Permutation test rounds,  89.47% of Permutation tests (Core 10/15, passed_count 17)
  2.81% of Permutation test rounds,  89.47% of Permutation tests (Core 2/15, passed_count 17)
  2.82% of Permutation test rounds,  89.47% of Permutation tests (Core 1/15, passed_count 17)
  2.83% of Permutation test rounds,  89.47% of Permutation tests (Core 12/15, passed_count 17)
  2.84% of Permutation test rounds,  89.47% of Permutation tests (Core 0/15, passed_count 17)
  2.85% of Permutation test rounds,  89.47% of Permutation tests (Core 11/15, passed_count 17)
  2.86% of Permutation test rounds,  89.47% of Permutation tests (Core 8/15, passed_count 17)
  2.87% of Permutation test rounds,  89.47% of Permutation tests (Core 15/15, passed_count 17)
  2.88% of Permutation test rounds,  89.47% of Permutation tests (Core 5/15, passed_count 17)
  2.89% of Permutation test rounds,  89.47% of Permutation tests (Core 7/15, passed_count 17)
  2.90% of Permutation test rounds,  89.47% of Permutation tests (Core 3/15, passed_count 17)
  2.91% of Permutation test rounds,  89.47% of Permutation tests (Core 6/15, passed_count 17)
  2.92% of Permutation test rounds,  89.47% of Permutation tests (Core 14/15, passed_count 17)
  2.93% of Permutation test rounds,  89.47% of Permutation tests (Core 10/15, passed_count 17)
  2.94% of Permutation test rounds,  89.47% of Permutation tests (Core 9/15, passed_count 17)
  2.95% of Permutation test rounds,  89.47% of Permutation tests (Core 4/15, passed_count 17)
  2.96% of Permutation test rounds,  89.47% of Permutation tests (Core 13/15, passed_count 17)
  2.97% of Permutation test rounds,  89.47% of Permutation tests (Core 2/15, passed_count 17)
  2.98% of Permutation test rounds,  89.47% of Permutation tests (Core 12/15, passed_count 17)
  2.99% of Permutation test rounds,  89.47% of Permutation tests (Core 0/15, passed_count 17)
  3.00% of Permutation test rounds,  89.47% of Permutation tests (Core 1/15, passed_count 17)
  3.01% of Permutation test rounds,  89.47% of Permutation tests (Core 8/15, passed_count 17)
  3.02% of Permutation test rounds,  89.47% of Permutation tests (Core 5/15, passed_count 17)
  3.03% of Permutation test rounds,  89.47% of Permutation tests (Core 15/15, passed_count 17)
  3.04% of Permutation test rounds,  89.47% of Permutation tests (Core 3/15, passed_count 17)
  3.05% of Permutation test rounds,  89.47% of Permutation tests (Core 11/15, passed_count 17)
  3.06% of Permutation test rounds,  89.47% of Permutation tests (Core 7/15, passed_count 17)
  3.07% of Permutation test rounds,  89.47% of Permutation tests (Core 6/15, passed_count 17)
  3.08% of Permutation test rounds,  89.47% of Permutation tests (Core 14/15, passed_count 17)
  3.09% of Permutation test rounds,  89.47% of Permutation tests (Core 10/15, passed_count 17)
  3.10% of Permutation test rounds,  89.47% of Permutation tests (Core 4/15, passed_count 17)
  3.11% of Permutation test rounds,  89.47% of Permutation tests (Core 2/15, passed_count 17)
  3.12% of Permutation test rounds,  89.47% of Permutation tests (Core 12/15, passed_count 17)
  3.13% of Permutation test rounds,  89.47% of Permutation tests (Core 9/15, passed_count 17)
  3.14% of Permutation test rounds,  89.47% of Permutation tests (Core 0/15, passed_count 17)
  3.15% of Permutation test rounds,  89.47% of Permutation tests (Core 8/15, passed_count 17)
  3.16% of Permutation test rounds,  89.47% of Permutation tests (Core 13/15, passed_count 17)
  3.17% of Permutation test rounds,  89.47% of Permutation tests (Core 3/15, passed_count 17)
  3.18% of Permutation test rounds,  89.47% of Permutation tests (Core 1/15, passed_count 17)
  3.19% of Permutation test rounds,  89.47% of Permutation tests (Core 5/15, passed_count 17)
  3.20% of Permutation test rounds,  89.47% of Permutation tests (Core 14/15, passed_count 17)
  3.21% of Permutation test rounds,  89.47% of Permutation tests (Core 10/15, passed_count 17)
  3.22% of Permutation test rounds,  89.47% of Permutation tests (Core 6/15, passed_count 17)
  3.23% of Permutation test rounds,  89.47% of Permutation tests (Core 15/15, passed_count 17)
  3.24% of Permutation test rounds,  89.47% of Permutation tests (Core 11/15, passed_count 17)
  3.25% of Permutation test rounds,  89.47% of Permutation tests (Core 7/15, passed_count 17)
  3.26% of Permutation test rounds,  89.47% of Permutation tests (Core 12/15, passed_count 17)
  3.27% of Permutation test rounds,  89.47% of Permutation tests (Core 8/15, passed_count 17)
  3.28% of Permutation test rounds,  89.47% of Permutation tests (Core 4/15, passed_count 17)
  3.29% of Permutation test rounds,  89.47% of Permutation tests (Core 9/15, passed_count 17)
  3.30% of Permutation test rounds,  89.47% of Permutation tests (Core 0/15, passed_count 17)
  3.31% of Permutation test rounds,  94.74% of Permutation tests (Core 2/15, passed_count 18)
  3.32% of Permutation test rounds,  94.74% of Permutation tests (Core 0/15, passed_count 18)
  3.33% of Permutation test rounds,  94.74% of Permutation tests (Core 2/15, passed_count 18)
  3.34% of Permutation test rounds,  94.74% of Permutation tests (Core 0/15, passed_count 18)
  3.35% of Permutation test rounds,  94.74% of Permutation tests (Core 1/15, passed_count 18)
  3.36% of Permutation test rounds,  94.74% of Permutation tests (Core 2/15, passed_count 18)
  3.37% of Permutation test rounds,  94.74% of Permutation tests (Core 1/15, passed_count 18)
  3.38% of Permutation test rounds,  94.74% of Permutation tests (Core 3/15, passed_count 18)
  3.39% of Permutation test rounds,  94.74% of Permutation tests (Core 0/15, passed_count 18)
  3.40% of Permutation test rounds,  94.74% of Permutation tests (Core 2/15, passed_count 18)
  3.41% of Permutation test rounds,  94.74% of Permutation tests (Core 1/15, passed_count 18)
  3.42% of Permutation test rounds,  94.74% of Permutation tests (Core 3/15, passed_count 18)
  3.43% of Permutation test rounds,  94.74% of Permutation tests (Core 0/15, passed_count 18)
  3.44% of Permutation test rounds,  94.74% of Permutation tests (Core 2/15, passed_count 18)
  3.45% of Permutation test rounds,  94.74% of Permutation tests (Core 1/15, passed_count 18)
  3.46% of Permutation test rounds,  94.74% of Permutation tests (Core 13/15, passed_count 18)
  3.47% of Permutation test rounds,  94.74% of Permutation tests (Core 3/15, passed_count 18)
  3.48% of Permutation test rounds,  94.74% of Permutation tests (Core 0/15, passed_count 18)
  3.49% of Permutation test rounds,  94.74% of Permutation tests (Core 2/15, passed_count 18)
  3.50% of Permutation test rounds,  94.74% of Permutation tests (Core 1/15, passed_count 18)
  3.51% of Permutation test rounds,  94.74% of Permutation tests (Core 13/15, passed_count 18)
  3.52% of Permutation test rounds,  94.74% of Permutation tests (Core 3/15, passed_count 18)
  3.53% of Permutation test rounds,  94.74% of Permutation tests (Core 0/15, passed_count 18)
  3.54% of Permutation test rounds,  94.74% of Permutation tests (Core 10/15, passed_count 18)
  3.55% of Permutation test rounds,  94.74% of Permutation tests (Core 2/15, passed_count 18)
  3.56% of Permutation test rounds,  94.74% of Permutation tests (Core 1/15, passed_count 18)
  3.57% of Permutation test rounds,  94.74% of Permutation tests (Core 13/15, passed_count 18)
  3.58% of Permutation test rounds,  94.74% of Permutation tests (Core 14/15, passed_count 18)
  3.59% of Permutation test rounds,  94.74% of Permutation tests (Core 3/15, passed_count 18)
  3.60% of Permutation test rounds,  94.74% of Permutation tests (Core 5/15, passed_count 18)
  3.61% of Permutation test rounds,  94.74% of Permutation tests (Core 0/15, passed_count 18)
  3.62% of Permutation test rounds,  94.74% of Permutation tests (Core 10/15, passed_count 18)
  3.63% of Permutation test rounds,  94.74% of Permutation tests (Core 2/15, passed_count 18)
  3.64% of Permutation test rounds,  94.74% of Permutation tests (Core 6/15, passed_count 18)
  3.65% of Permutation test rounds,  94.74% of Permutation tests (Core 1/15, passed_count 18)
  3.66% of Permutation test rounds,  94.74% of Permutation tests (Core 13/15, passed_count 18)
  3.67% of Permutation test rounds,  94.74% of Permutation tests (Core 14/15, passed_count 18)
  3.68% of Permutation test rounds,  94.74% of Permutation tests (Core 3/15, passed_count 18)
  3.69% of Permutation test rounds,  94.74% of Permutation tests (Core 5/15, passed_count 18)
  3.70% of Permutation test rounds,  94.74% of Permutation tests (Core 0/15, passed_count 18)
  3.71% of Permutation test rounds,  94.74% of Permutation tests (Core 10/15, passed_count 18)
  3.72% of Permutation test rounds,  94.74% of Permutation tests (Core 2/15, passed_count 18)
  3.73% of Permutation test rounds,  94.74% of Permutation tests (Core 6/15, passed_count 18)
  3.74% of Permutation test rounds,  94.74% of Permutation tests (Core 7/15, passed_count 18)
  3.75% of Permutation test rounds,  94.74% of Permutation tests (Core 1/15, passed_count 18)
  3.76% of Permutation test rounds,  94.74% of Permutation tests (Core 11/15, passed_count 18)
  3.77% of Permutation test rounds,  94.74% of Permutation tests (Core 13/15, passed_count 18)
  3.78% of Permutation test rounds,  94.74% of Permutation tests (Core 14/15, passed_count 18)
  3.79% of Permutation test rounds,  94.74% of Permutation tests (Core 3/15, passed_count 18)
  3.80% of Permutation test rounds,  94.74% of Permutation tests (Core 15/15, passed_count 18)
  3.81% of Permutation test rounds,  94.74% of Permutation tests (Core 5/15, passed_count 18)
  3.82% of Permutation test rounds,  94.74% of Permutation tests (Core 0/15, passed_count 18)
  3.83% of Permutation test rounds,  94.74% of Permutation tests (Core 8/15, passed_count 18)
  3.84% of Permutation test rounds,  94.74% of Permutation tests (Core 10/15, passed_count 18)
  3.85% of Permutation test rounds,  94.74% of Permutation tests (Core 12/15, passed_count 18)
  3.86% of Permutation test rounds,  94.74% of Permutation tests (Core 2/15, passed_count 18)
  3.87% of Permutation test rounds,  94.74% of Permutation tests (Core 6/15, passed_count 18)
  3.88% of Permutation test rounds,  94.74% of Permutation tests (Core 7/15, passed_count 18)
  3.89% of Permutation test rounds,  94.74% of Permutation tests (Core 1/15, passed_count 18)
  3.90% of Permutation test rounds,  94.74% of Permutation tests (Core 11/15, passed_count 18)
  3.91% of Permutation test rounds,  94.74% of Permutation tests (Core 13/15, passed_count 18)
  3.92% of Permutation test rounds,  94.74% of Permutation tests (Core 14/15, passed_count 18)
  3.93% of Permutation test rounds,  94.74% of Permutation tests (Core 3/15, passed_count 18)
  3.94% of Permutation test rounds,  94.74% of Permutation tests (Core 9/15, passed_count 18)
  3.95% of Permutation test rounds,  94.74% of Permutation tests (Core 15/15, passed_count 18)
  3.96% of Permutation test rounds,  94.74% of Permutation tests (Core 5/15, passed_count 18)
  3.97% of Permutation test rounds,  94.74% of Permutation tests (Core 0/15, passed_count 18)
  3.98% of Permutation test rounds,  94.74% of Permutation tests (Core 8/15, passed_count 18)
  3.99% of Permutation test rounds,  94.74% of Permutation tests (Core 10/15, passed_count 18)
  4.00% of Permutation test rounds,  94.74% of Permutation tests (Core 12/15, passed_count 18)
  4.01% of Permutation test rounds,  94.74% of Permutation tests (Core 2/15, passed_count 18)
  4.02% of Permutation test rounds,  94.74% of Permutation tests (Core 6/15, passed_count 18)
  4.03% of Permutation test rounds,  94.74% of Permutation tests (Core 7/15, passed_count 18)
  4.04% of Permutation test rounds,  94.74% of Permutation tests (Core 1/15, passed_count 18)
  4.05% of Permutation test rounds,  94.74% of Permutation tests (Core 11/15, passed_count 18)
  4.06% of Permutation test rounds,  94.74% of Permutation tests (Core 13/15, passed_count 18)
  4.07% of Permutation test rounds,  94.74% of Permutation tests (Core 14/15, passed_count 18)
  4.08% of Permutation test rounds,  94.74% of Permutation tests (Core 3/15, passed_count 18)
  4.09% of Permutation test rounds,  94.74% of Permutation tests (Core 4/15, passed_count 18)
  4.10% of Permutation test rounds,  94.74% of Permutation tests (Core 9/15, passed_count 18)
  4.11% of Permutation test rounds,  94.74% of Permutation tests (Core 15/15, passed_count 18)
  4.12% of Permutation test rounds,  94.74% of Permutation tests (Core 5/15, passed_count 18)
  4.13% of Permutation test rounds,  94.74% of Permutation tests (Core 0/15, passed_count 18)
  4.14% of Permutation test rounds,  94.74% of Permutation tests (Core 8/15, passed_count 18)
  4.15% of Permutation test rounds,  94.74% of Permutation tests (Core 10/15, passed_count 18)
  4.16% of Permutation test rounds,  94.74% of Permutation tests (Core 12/15, passed_count 18)
  4.17% of Permutation test rounds,  94.74% of Permutation tests (Core 2/15, passed_count 18)
  4.18% of Permutation test rounds,  94.74% of Permutation tests (Core 6/15, passed_count 18)
  4.19% of Permutation test rounds,  94.74% of Permutation tests (Core 7/15, passed_count 18)
  4.20% of Permutation test rounds,  94.74% of Permutation tests (Core 1/15, passed_count 18)
  4.21% of Permutation test rounds,  94.74% of Permutation tests (Core 11/15, passed_count 18)
  4.22% of Permutation test rounds,  94.74% of Permutation tests (Core 13/15, passed_count 18)
  4.23% of Permutation test rounds,  94.74% of Permutation tests (Core 14/15, passed_count 18)
  4.24% of Permutation test rounds,  94.74% of Permutation tests (Core 3/15, passed_count 18)
  4.25% of Permutation test rounds,  94.74% of Permutation tests (Core 4/15, passed_count 18)
  4.26% of Permutation test rounds,  94.74% of Permutation tests (Core 9/15, passed_count 18)
  4.27% of Permutation test rounds,  94.74% of Permutation tests (Core 15/15, passed_count 18)
  4.28% of Permutation test rounds,  94.74% of Permutation tests (Core 5/15, passed_count 18)
  4.29% of Permutation test rounds,  94.74% of Permutation tests (Core 0/15, passed_count 18)
  4.30% of Permutation test rounds,  94.74% of Permutation tests (Core 8/15, passed_count 18)
  4.31% of Permutation test rounds,  94.74% of Permutation tests (Core 10/15, passed_count 18)
  4.32% of Permutation test rounds,  94.74% of Permutation tests (Core 12/15, passed_count 18)
  4.33% of Permutation test rounds,  94.74% of Permutation tests (Core 2/15, passed_count 18)
  4.34% of Permutation test rounds,  94.74% of Permutation tests (Core 6/15, passed_count 18)
  4.35% of Permutation test rounds,  94.74% of Permutation tests (Core 7/15, passed_count 18)
  4.36% of Permutation test rounds,  94.74% of Permutation tests (Core 1/15, passed_count 18)
  4.37% of Permutation test rounds,  94.74% of Permutation tests (Core 11/15, passed_count 18)
  4.38% of Permutation test rounds,  94.74% of Permutation tests (Core 13/15, passed_count 18)
  4.39% of Permutation test rounds,  94.74% of Permutation tests (Core 14/15, passed_count 18)
  4.40% of Permutation test rounds,  94.74% of Permutation tests (Core 3/15, passed_count 18)
  4.41% of Permutation test rounds,  94.74% of Permutation tests (Core 4/15, passed_count 18)
  4.42% of Permutation test rounds,  94.74% of Permutation tests (Core 9/15, passed_count 18)
  4.43% of Permutation test rounds,  94.74% of Permutation tests (Core 15/15, passed_count 18)
  4.44% of Permutation test rounds,  94.74% of Permutation tests (Core 5/15, passed_count 18)
  4.45% of Permutation test rounds,  94.74% of Permutation tests (Core 0/15, passed_count 18)
  4.46% of Permutation test rounds,  94.74% of Permutation tests (Core 8/15, passed_count 18)
  4.47% of Permutation test rounds,  94.74% of Permutation tests (Core 10/15, passed_count 18)
  4.48% of Permutation test rounds,  94.74% of Permutation tests (Core 12/15, passed_count 18)
  4.49% of Permutation test rounds,  94.74% of Permutation tests (Core 2/15, passed_count 18)
  4.50% of Permutation test rounds,  94.74% of Permutation tests (Core 6/15, passed_count 18)
  4.51% of Permutation test rounds,  94.74% of Permutation tests (Core 7/15, passed_count 18)
  4.52% of Permutation test rounds,  94.74% of Permutation tests (Core 1/15, passed_count 18)
  4.53% of Permutation test rounds,  94.74% of Permutation tests (Core 11/15, passed_count 18)
  4.54% of Permutation test rounds,  94.74% of Permutation tests (Core 13/15, passed_count 18)
  4.55% of Permutation test rounds,  94.74% of Permutation tests (Core 14/15, passed_count 18)
  4.56% of Permutation test rounds,  94.74% of Permutation tests (Core 3/15, passed_count 18)
  4.57% of Permutation test rounds,  94.74% of Permutation tests (Core 4/15, passed_count 18)
  4.58% of Permutation test rounds,  94.74% of Permutation tests (Core 9/15, passed_count 18)
  4.59% of Permutation test rounds,  94.74% of Permutation tests (Core 15/15, passed_count 18)
  4.60% of Permutation test rounds,  94.74% of Permutation tests (Core 5/15, passed_count 18)
  4.61% of Permutation test rounds,  94.74% of Permutation tests (Core 0/15, passed_count 18)
  4.62% of Permutation test rounds,  94.74% of Permutation tests (Core 8/15, passed_count 18)
  4.63% of Permutation test rounds,  94.74% of Permutation tests (Core 10/15, passed_count 18)
  4.64% of Permutation test rounds,  94.74% of Permutation tests (Core 12/15, passed_count 18)
  4.65% of Permutation test rounds,  94.74% of Permutation tests (Core 2/15, passed_count 18)
  4.66% of Permutation test rounds,  94.74% of Permutation tests (Core 6/15, passed_count 18)
  4.67% of Permutation test rounds,  94.74% of Permutation tests (Core 7/15, passed_count 18)
  4.68% of Permutation test rounds,  94.74% of Permutation tests (Core 1/15, passed_count 18)
  4.69% of Permutation test rounds,  94.74% of Permutation tests (Core 11/15, passed_count 18)
  4.70% of Permutation test rounds,  94.74% of Permutation tests (Core 13/15, passed_count 18)
  4.71% of Permutation test rounds,  94.74% of Permutation tests (Core 14/15, passed_count 18)
  4.72% of Permutation test rounds,  94.74% of Permutation tests (Core 3/15, passed_count 18)
  4.73% of Permutation test rounds,  94.74% of Permutation tests (Core 4/15, passed_count 18)
  4.74% of Permutation test rounds,  94.74% of Permutation tests (Core 9/15, passed_count 18)
  4.75% of Permutation test rounds,  94.74% of Permutation tests (Core 15/15, passed_count 18)
  4.76% of Permutation test rounds,  94.74% of Permutation tests (Core 5/15, passed_count 18)
  4.77% of Permutation test rounds,  94.74% of Permutation tests (Core 0/15, passed_count 18)
  4.78% of Permutation test rounds,  94.74% of Permutation tests (Core 8/15, passed_count 18)
  4.79% of Permutation test rounds,  94.74% of Permutation tests (Core 10/15, passed_count 18)
  4.80% of Permutation test rounds,  94.74% of Permutation tests (Core 12/15, passed_count 18)
  4.81% of Permutation test rounds,  94.74% of Permutation tests (Core 2/15, passed_count 18)
  4.82% of Permutation test rounds,  94.74% of Permutation tests (Core 6/15, passed_count 18)
  4.83% of Permutation test rounds,  94.74% of Permutation tests (Core 7/15, passed_count 18)
  4.84% of Permutation test rounds,  94.74% of Permutation tests (Core 1/15, passed_count 18)
  4.85% of Permutation test rounds,  94.74% of Permutation tests (Core 11/15, passed_count 18)
  4.86% of Permutation test rounds,  94.74% of Permutation tests (Core 13/15, passed_count 18)
  4.87% of Permutation test rounds,  94.74% of Permutation tests (Core 14/15, passed_count 18)
  4.88% of Permutation test rounds,  94.74% of Permutation tests (Core 3/15, passed_count 18)
  4.89% of Permutation test rounds,  94.74% of Permutation tests (Core 4/15, passed_count 18)
  4.90% of Permutation test rounds,  94.74% of Permutation tests (Core 9/15, passed_count 18)
  4.91% of Permutation test rounds,  94.74% of Permutation tests (Core 15/15, passed_count 18)
  4.92% of Permutation test rounds,  94.74% of Permutation tests (Core 5/15, passed_count 18)
  4.93% of Permutation test rounds,  94.74% of Permutation tests (Core 0/15, passed_count 18)
  4.94% of Permutation test rounds,  94.74% of Permutation tests (Core 8/15, passed_count 18)
  4.95% of Permutation test rounds,  94.74% of Permutation tests (Core 10/15, passed_count 18)
  4.96% of Permutation test rounds,  94.74% of Permutation tests (Core 12/15, passed_count 18)
  4.97% of Permutation test rounds,  94.74% of Permutation tests (Core 2/15, passed_count 18)
  4.98% of Permutation test rounds,  94.74% of Permutation tests (Core 6/15, passed_count 18)
  4.99% of Permutation test rounds,  94.74% of Permutation tests (Core 7/15, passed_count 18)
  5.00% of Permutation test rounds,  94.74% of Permutation tests (Core 1/15, passed_count 18)
  5.01% of Permutation test rounds,  94.74% of Permutation tests (Core 11/15, passed_count 18)
  5.02% of Permutation test rounds,  94.74% of Permutation tests (Core 13/15, passed_count 18)
  5.03% of Permutation test rounds,  94.74% of Permutation tests (Core 14/15, passed_count 18)
  5.04% of Permutation test rounds,  94.74% of Permutation tests (Core 3/15, passed_count 18)
  5.05% of Permutation test rounds,  94.74% of Permutation tests (Core 4/15, passed_count 18)
  5.06% of Permutation test rounds,  94.74% of Permutation tests (Core 9/15, passed_count 18)
  5.07% of Permutation test rounds,  94.74% of Permutation tests (Core 15/15, passed_count 18)
  5.08% of Permutation test rounds,  94.74% of Permutation tests (Core 5/15, passed_count 18)
  5.09% of Permutation test rounds,  94.74% of Permutation tests (Core 0/15, passed_count 18)
  5.10% of Permutation test rounds,  94.74% of Permutation tests (Core 8/15, passed_count 18)
  5.11% of Permutation test rounds,  94.74% of Permutation tests (Core 10/15, passed_count 18)
  5.12% of Permutation test rounds,  94.74% of Permutation tests (Core 12/15, passed_count 18)
  5.13% of Permutation test rounds,  94.74% of Permutation tests (Core 2/15, passed_count 18)
  5.14% of Permutation test rounds,  94.74% of Permutation tests (Core 6/15, passed_count 18)
  5.15% of Permutation test rounds,  94.74% of Permutation tests (Core 7/15, passed_count 18)
  5.16% of Permutation test rounds,  94.74% of Permutation tests (Core 1/15, passed_count 18)
  5.17% of Permutation test rounds,  94.74% of Permutation tests (Core 11/15, passed_count 18)
  5.18% of Permutation test rounds,  94.74% of Permutation tests (Core 13/15, passed_count 18)
  5.19% of Permutation test rounds,  94.74% of Permutation tests (Core 14/15, passed_count 18)
  5.20% of Permutation test rounds,  94.74% of Permutation tests (Core 3/15, passed_count 18)
  5.21% of Permutation test rounds,  94.74% of Permutation tests (Core 4/15, passed_count 18)
  5.22% of Permutation test rounds,  94.74% of Permutation tests (Core 9/15, passed_count 18)
  5.23% of Permutation test rounds,  94.74% of Permutation tests (Core 15/15, passed_count 18)
  5.24% of Permutation test rounds,  94.74% of Permutation tests (Core 5/15, passed_count 18)
  5.25% of Permutation test rounds,  94.74% of Permutation tests (Core 0/15, passed_count 18)
  5.26% of Permutation test rounds,  94.74% of Permutation tests (Core 8/15, passed_count 18)
  5.27% of Permutation test rounds,  94.74% of Permutation tests (Core 10/15, passed_count 18)
  5.28% of Permutation test rounds,  94.74% of Permutation tests (Core 12/15, passed_count 18)
  5.29% of Permutation test rounds,  94.74% of Permutation tests (Core 2/15, passed_count 18)
  5.30% of Permutation test rounds,  94.74% of Permutation tests (Core 6/15, passed_count 18)
  5.31% of Permutation test rounds,  94.74% of Permutation tests (Core 7/15, passed_count 18)
  5.32% of Permutation test rounds,  94.74% of Permutation tests (Core 1/15, passed_count 18)
  5.33% of Permutation test rounds,  94.74% of Permutation tests (Core 11/15, passed_count 18)
  5.34% of Permutation test rounds,  94.74% of Permutation tests (Core 13/15, passed_count 18)
  5.35% of Permutation test rounds,  94.74% of Permutation tests (Core 14/15, passed_count 18)
  5.36% of Permutation test rounds,  94.74% of Permutation tests (Core 3/15, passed_count 18)
  5.37% of Permutation test rounds,  94.74% of Permutation tests (Core 4/15, passed_count 18)
  5.38% of Permutation test rounds,  94.74% of Permutation tests (Core 9/15, passed_count 18)
  5.39% of Permutation test rounds,  94.74% of Permutation tests (Core 15/15, passed_count 18)
  5.40% of Permutation test rounds,  94.74% of Permutation tests (Core 5/15, passed_count 18)
  5.41% of Permutation test rounds,  94.74% of Permutation tests (Core 0/15, passed_count 18)
  5.42% of Permutation test rounds,  94.74% of Permutation tests (Core 8/15, passed_count 18)
  5.43% of Permutation test rounds,  94.74% of Permutation tests (Core 10/15, passed_count 18)
  5.44% of Permutation test rounds,  94.74% of Permutation tests (Core 12/15, passed_count 18)
  5.45% of Permutation test rounds,  94.74% of Permutation tests (Core 2/15, passed_count 18)
  5.46% of Permutation test rounds,  94.74% of Permutation tests (Core 6/15, passed_count 18)
  5.47% of Permutation test rounds,  94.74% of Permutation tests (Core 7/15, passed_count 18)
  5.48% of Permutation test rounds,  94.74% of Permutation tests (Core 1/15, passed_count 18)
  5.49% of Permutation test rounds,  94.74% of Permutation tests (Core 11/15, passed_count 18)
  5.50% of Permutation test rounds,  94.74% of Permutation tests (Core 13/15, passed_count 18)
  5.51% of Permutation test rounds,  94.74% of Permutation tests (Core 14/15, passed_count 18)
  5.52% of Permutation test rounds,  94.74% of Permutation tests (Core 3/15, passed_count 18)
  5.53% of Permutation test rounds,  94.74% of Permutation tests (Core 4/15, passed_count 18)
  5.54% of Permutation test rounds,  94.74% of Permutation tests (Core 9/15, passed_count 18)
  5.55% of Permutation test rounds,  94.74% of Permutation tests (Core 15/15, passed_count 18)
  5.56% of Permutation test rounds,  94.74% of Permutation tests (Core 5/15, passed_count 18)
  5.57% of Permutation test rounds,  94.74% of Permutation tests (Core 0/15, passed_count 18)
  5.58% of Permutation test rounds,  94.74% of Permutation tests (Core 8/15, passed_count 18)
  5.59% of Permutation test rounds,  94.74% of Permutation tests (Core 10/15, passed_count 18)
  5.60% of Permutation test rounds,  94.74% of Permutation tests (Core 12/15, passed_count 18)
  5.61% of Permutation test rounds,  94.74% of Permutation tests (Core 2/15, passed_count 18)
  5.62% of Permutation test rounds,  94.74% of Permutation tests (Core 6/15, passed_count 18)
  5.63% of Permutation test rounds,  94.74% of Permutation tests (Core 7/15, passed_count 18)
  5.64% of Permutation test rounds,  94.74% of Permutation tests (Core 1/15, passed_count 18)
  5.65% of Permutation test rounds,  94.74% of Permutation tests (Core 11/15, passed_count 18)
  5.66% of Permutation test rounds,  94.74% of Permutation tests (Core 13/15, passed_count 18)
  5.67% of Permutation test rounds,  94.74% of Permutation tests (Core 14/15, passed_count 18)
  5.68% of Permutation test rounds,  94.74% of Permutation tests (Core 3/15, passed_count 18)
  5.69% of Permutation test rounds,  94.74% of Permutation tests (Core 4/15, passed_count 18)
  5.70% of Permutation test rounds,  94.74% of Permutation tests (Core 9/15, passed_count 18)
  5.71% of Permutation test rounds,  94.74% of Permutation tests (Core 15/15, passed_count 18)
  5.72% of Permutation test rounds,  94.74% of Permutation tests (Core 5/15, passed_count 18)
  5.73% of Permutation test rounds,  94.74% of Permutation tests (Core 0/15, passed_count 18)
  5.74% of Permutation test rounds,  94.74% of Permutation tests (Core 8/15, passed_count 18)
  5.75% of Permutation test rounds,  94.74% of Permutation tests (Core 10/15, passed_count 18)
  5.76% of Permutation test rounds,  94.74% of Permutation tests (Core 12/15, passed_count 18)
  5.77% of Permutation test rounds,  94.74% of Permutation tests (Core 2/15, passed_count 18)
  5.78% of Permutation test rounds,  94.74% of Permutation tests (Core 6/15, passed_count 18)
  5.79% of Permutation test rounds,  94.74% of Permutation tests (Core 7/15, passed_count 18)
  5.80% of Permutation test rounds,  94.74% of Permutation tests (Core 1/15, passed_count 18)
  5.81% of Permutation test rounds,  94.74% of Permutation tests (Core 11/15, passed_count 18)
  5.82% of Permutation test rounds,  94.74% of Permutation tests (Core 13/15, passed_count 18)
  5.83% of Permutation test rounds,  94.74% of Permutation tests (Core 14/15, passed_count 18)
  5.84% of Permutation test rounds,  94.74% of Permutation tests (Core 3/15, passed_count 18)
  5.85% of Permutation test rounds,  94.74% of Permutation tests (Core 4/15, passed_count 18)
  5.86% of Permutation test rounds,  94.74% of Permutation tests (Core 9/15, passed_count 18)
  5.87% of Permutation test rounds,  94.74% of Permutation tests (Core 15/15, passed_count 18)
  5.88% of Permutation test rounds,  94.74% of Permutation tests (Core 5/15, passed_count 18)
  5.89% of Permutation test rounds,  94.74% of Permutation tests (Core 0/15, passed_count 18)
  5.90% of Permutation test rounds,  94.74% of Permutation tests (Core 8/15, passed_count 18)
  5.91% of Permutation test rounds,  94.74% of Permutation tests (Core 10/15, passed_count 18)
  5.92% of Permutation test rounds,  94.74% of Permutation tests (Core 12/15, passed_count 18)
  5.93% of Permutation test rounds,  94.74% of Permutation tests (Core 2/15, passed_count 18)
  5.94% of Permutation test rounds,  94.74% of Permutation tests (Core 6/15, passed_count 18)
  5.95% of Permutation test rounds,  94.74% of Permutation tests (Core 7/15, passed_count 18)
  5.96% of Permutation test rounds,  94.74% of Permutation tests (Core 1/15, passed_count 18)
  5.97% of Permutation test rounds,  94.74% of Permutation tests (Core 11/15, passed_count 18)
  5.98% of Permutation test rounds,  94.74% of Permutation tests (Core 13/15, passed_count 18)
  5.99% of Permutation test rounds,  94.74% of Permutation tests (Core 14/15, passed_count 18)
  6.00% of Permutation test rounds,  94.74% of Permutation tests (Core 3/15, passed_count 18)
  6.01% of Permutation test rounds,  94.74% of Permutation tests (Core 4/15, passed_count 18)
  6.02% of Permutation test rounds,  94.74% of Permutation tests (Core 9/15, passed_count 18)
  6.03% of Permutation test rounds,  94.74% of Permutation tests (Core 15/15, passed_count 18)
  6.04% of Permutation test rounds,  94.74% of Permutation tests (Core 5/15, passed_count 18)
  6.05% of Permutation test rounds,  94.74% of Permutation tests (Core 0/15, passed_count 18)
  6.06% of Permutation test rounds,  94.74% of Permutation tests (Core 8/15, passed_count 18)
  6.07% of Permutation test rounds,  94.74% of Permutation tests (Core 10/15, passed_count 18)
  6.08% of Permutation test rounds,  94.74% of Permutation tests (Core 12/15, passed_count 18)
  6.09% of Permutation test rounds,  94.74% of Permutation tests (Core 2/15, passed_count 18)
  6.10% of Permutation test rounds,  94.74% of Permutation tests (Core 6/15, passed_count 18)
  6.11% of Permutation test rounds,  94.74% of Permutation tests (Core 7/15, passed_count 18)
  6.12% of Permutation test rounds,  94.74% of Permutation tests (Core 1/15, passed_count 18)
  6.13% of Permutation test rounds,  94.74% of Permutation tests (Core 11/15, passed_count 18)
  6.14% of Permutation test rounds,  94.74% of Permutation tests (Core 13/15, passed_count 18)
  6.15% of Permutation test rounds,  94.74% of Permutation tests (Core 14/15, passed_count 18)
  6.16% of Permutation test rounds,  94.74% of Permutation tests (Core 3/15, passed_count 18)
  6.17% of Permutation test rounds,  94.74% of Permutation tests (Core 4/15, passed_count 18)
  6.18% of Permutation test rounds,  94.74% of Permutation tests (Core 9/15, passed_count 18)
  6.19% of Permutation test rounds,  94.74% of Permutation tests (Core 15/15, passed_count 18)
  6.20% of Permutation test rounds,  94.74% of Permutation tests (Core 5/15, passed_count 18)
  6.21% of Permutation test rounds,  94.74% of Permutation tests (Core 0/15, passed_count 18)
  6.22% of Permutation test rounds,  94.74% of Permutation tests (Core 8/15, passed_count 18)
  6.23% of Permutation test rounds,  94.74% of Permutation tests (Core 10/15, passed_count 18)
  6.24% of Permutation test rounds,  94.74% of Permutation tests (Core 12/15, passed_count 18)
  6.25% of Permutation test rounds,  94.74% of Permutation tests (Core 2/15, passed_count 18)
  6.26% of Permutation test rounds,  94.74% of Permutation tests (Core 6/15, passed_count 18)
  6.27% of Permutation test rounds,  94.74% of Permutation tests (Core 7/15, passed_count 18)
  6.28% of Permutation test rounds,  94.74% of Permutation tests (Core 1/15, passed_count 18)
  6.29% of Permutation test rounds,  94.74% of Permutation tests (Core 11/15, passed_count 18)
  6.30% of Permutation test rounds,  94.74% of Permutation tests (Core 13/15, passed_count 18)
  6.31% of Permutation test rounds,  94.74% of Permutation tests (Core 14/15, passed_count 18)
  6.32% of Permutation test rounds,  94.74% of Permutation tests (Core 3/15, passed_count 18)
  6.33% of Permutation test rounds,  94.74% of Permutation tests (Core 4/15, passed_count 18)
  6.34% of Permutation test rounds,  94.74% of Permutation tests (Core 9/15, passed_count 18)
  6.35% of Permutation test rounds,  94.74% of Permutation tests (Core 15/15, passed_count 18)
  6.36% of Permutation test rounds,  94.74% of Permutation tests (Core 5/15, passed_count 18)
  6.37% of Permutation test rounds,  94.74% of Permutation tests (Core 0/15, passed_count 18)
  6.38% of Permutation test rounds,  94.74% of Permutation tests (Core 8/15, passed_count 18)
  6.39% of Permutation test rounds,  94.74% of Permutation tests (Core 10/15, passed_count 18)
  6.40% of Permutation test rounds,  94.74% of Permutation tests (Core 12/15, passed_count 18)
  6.41% of Permutation test rounds,  94.74% of Permutation tests (Core 2/15, passed_count 18)
  6.42% of Permutation test rounds,  94.74% of Permutation tests (Core 6/15, passed_count 18)
  6.43% of Permutation test rounds,  94.74% of Permutation tests (Core 7/15, passed_count 18)
  6.44% of Permutation test rounds,  94.74% of Permutation tests (Core 1/15, passed_count 18)
  6.45% of Permutation test rounds,  94.74% of Permutation tests (Core 11/15, passed_count 18)
  6.46% of Permutation test rounds,  94.74% of Permutation tests (Core 13/15, passed_count 18)
  6.47% of Permutation test rounds,  94.74% of Permutation tests (Core 14/15, passed_count 18)
  6.48% of Permutation test rounds,  94.74% of Permutation tests (Core 3/15, passed_count 18)
  6.49% of Permutation test rounds,  94.74% of Permutation tests (Core 4/15, passed_count 18)
  6.50% of Permutation test rounds,  94.74% of Permutation tests (Core 9/15, passed_count 18)
  6.51% of Permutation test rounds,  94.74% of Permutation tests (Core 15/15, passed_count 18)
  6.52% of Permutation test rounds,  94.74% of Permutation tests (Core 5/15, passed_count 18)
  6.53% of Permutation test rounds,  94.74% of Permutation tests (Core 0/15, passed_count 18)
  6.54% of Permutation test rounds,  94.74% of Permutation tests (Core 8/15, passed_count 18)
  6.55% of Permutation test rounds,  94.74% of Permutation tests (Core 10/15, passed_count 18)
  6.56% of Permutation test rounds,  94.74% of Permutation tests (Core 12/15, passed_count 18)
  6.57% of Permutation test rounds,  94.74% of Permutation tests (Core 2/15, passed_count 18)
  6.58% of Permutation test rounds,  94.74% of Permutation tests (Core 6/15, passed_count 18)
  6.59% of Permutation test rounds,  94.74% of Permutation tests (Core 7/15, passed_count 18)
  6.60% of Permutation test rounds,  94.74% of Permutation tests (Core 1/15, passed_count 18)
  6.61% of Permutation test rounds,  94.74% of Permutation tests (Core 11/15, passed_count 18)
  6.62% of Permutation test rounds,  94.74% of Permutation tests (Core 13/15, passed_count 18)
  6.63% of Permutation test rounds,  94.74% of Permutation tests (Core 14/15, passed_count 18)
  6.64% of Permutation test rounds,  94.74% of Permutation tests (Core 3/15, passed_count 18)
  6.65% of Permutation test rounds,  94.74% of Permutation tests (Core 4/15, passed_count 18)
  6.66% of Permutation test rounds,  94.74% of Permutation tests (Core 9/15, passed_count 18)
  6.67% of Permutation test rounds,  94.74% of Permutation tests (Core 15/15, passed_count 18)
  6.68% of Permutation test rounds,  94.74% of Permutation tests (Core 5/15, passed_count 18)
  6.69% of Permutation test rounds,  94.74% of Permutation tests (Core 0/15, passed_count 18)
  6.70% of Permutation test rounds,  94.74% of Permutation tests (Core 8/15, passed_count 18)
  6.71% of Permutation test rounds,  94.74% of Permutation tests (Core 10/15, passed_count 18)
  6.72% of Permutation test rounds,  94.74% of Permutation tests (Core 12/15, passed_count 18)
  6.73% of Permutation test rounds,  94.74% of Permutation tests (Core 2/15, passed_count 18)
  6.74% of Permutation test rounds,  94.74% of Permutation tests (Core 6/15, passed_count 18)
  6.75% of Permutation test rounds,  94.74% of Permutation tests (Core 7/15, passed_count 18)
  6.76% of Permutation test rounds,  94.74% of Permutation tests (Core 1/15, passed_count 18)
  6.77% of Permutation test rounds,  94.74% of Permutation tests (Core 11/15, passed_count 18)
  6.78% of Permutation test rounds,  94.74% of Permutation tests (Core 13/15, passed_count 18)
  6.79% of Permutation test rounds,  94.74% of Permutation tests (Core 14/15, passed_count 18)
  6.80% of Permutation test rounds,  94.74% of Permutation tests (Core 3/15, passed_count 18)
  6.81% of Permutation test rounds,  94.74% of Permutation tests (Core 4/15, passed_count 18)
  6.82% of Permutation test rounds,  94.74% of Permutation tests (Core 9/15, passed_count 18)
  6.83% of Permutation test rounds,  94.74% of Permutation tests (Core 15/15, passed_count 18)
  6.84% of Permutation test rounds,  94.74% of Permutation tests (Core 5/15, passed_count 18)
  6.85% of Permutation test rounds,  94.74% of Permutation tests (Core 0/15, passed_count 18)
  6.86% of Permutation test rounds,  94.74% of Permutation tests (Core 8/15, passed_count 18)
  6.87% of Permutation test rounds,  94.74% of Permutation tests (Core 10/15, passed_count 18)
  6.88% of Permutation test rounds,  94.74% of Permutation tests (Core 12/15, passed_count 18)
  6.89% of Permutation test rounds,  94.74% of Permutation tests (Core 2/15, passed_count 18)
  6.90% of Permutation test rounds,  94.74% of Permutation tests (Core 6/15, passed_count 18)
  6.91% of Permutation test rounds,  94.74% of Permutation tests (Core 7/15, passed_count 18)
  6.92% of Permutation test rounds,  94.74% of Permutation tests (Core 1/15, passed_count 18)
  6.93% of Permutation test rounds,  94.74% of Permutation tests (Core 11/15, passed_count 18)
  6.94% of Permutation test rounds,  94.74% of Permutation tests (Core 13/15, passed_count 18)
  6.95% of Permutation test rounds,  94.74% of Permutation tests (Core 14/15, passed_count 18)
  6.96% of Permutation test rounds,  94.74% of Permutation tests (Core 3/15, passed_count 18)
  6.97% of Permutation test rounds,  94.74% of Permutation tests (Core 4/15, passed_count 18)
  6.98% of Permutation test rounds,  94.74% of Permutation tests (Core 9/15, passed_count 18)
  6.99% of Permutation test rounds,  94.74% of Permutation tests (Core 15/15, passed_count 18)
  7.00% of Permutation test rounds,  94.74% of Permutation tests (Core 15/15, passed_count 18)
  7.01% of Permutation test rounds,  94.74% of Permutation tests (Core 0/15, passed_count 18)
  7.02% of Permutation test rounds,  94.74% of Permutation tests (Core 8/15, passed_count 18)
  7.03% of Permutation test rounds,  94.74% of Permutation tests (Core 10/15, passed_count 18)
  7.04% of Permutation test rounds,  94.74% of Permutation tests (Core 12/15, passed_count 18)
  7.05% of Permutation test rounds,  94.74% of Permutation tests (Core 2/15, passed_count 18)
  7.06% of Permutation test rounds,  94.74% of Permutation tests (Core 6/15, passed_count 18)
  7.07% of Permutation test rounds,  94.74% of Permutation tests (Core 7/15, passed_count 18)
  7.08% of Permutation test rounds,  94.74% of Permutation tests (Core 1/15, passed_count 18)
  7.09% of Permutation test rounds,  94.74% of Permutation tests (Core 11/15, passed_count 18)
  7.10% of Permutation test rounds,  94.74% of Permutation tests (Core 13/15, passed_count 18)
  7.11% of Permutation test rounds,  94.74% of Permutation tests (Core 14/15, passed_count 18)
  7.12% of Permutation test rounds,  94.74% of Permutation tests (Core 3/15, passed_count 18)
  7.13% of Permutation test rounds,  94.74% of Permutation tests (Core 4/15, passed_count 18)
  7.14% of Permutation test rounds,  94.74% of Permutation tests (Core 9/15, passed_count 18)
  7.15% of Permutation test rounds,  94.74% of Permutation tests (Core 5/15, passed_count 18)
  7.16% of Permutation test rounds,  94.74% of Permutation tests (Core 15/15, passed_count 18)
  7.17% of Permutation test rounds,  94.74% of Permutation tests (Core 0/15, passed_count 18)
  7.18% of Permutation test rounds,  94.74% of Permutation tests (Core 8/15, passed_count 18)
  7.19% of Permutation test rounds,  94.74% of Permutation tests (Core 10/15, passed_count 18)
  7.20% of Permutation test rounds,  94.74% of Permutation tests (Core 12/15, passed_count 18)
  7.21% of Permutation test rounds,  94.74% of Permutation tests (Core 2/15, passed_count 18)
  7.22% of Permutation test rounds,  94.74% of Permutation tests (Core 6/15, passed_count 18)
  7.23% of Permutation test rounds,  94.74% of Permutation tests (Core 7/15, passed_count 18)
  7.24% of Permutation test rounds,  94.74% of Permutation tests (Core 1/15, passed_count 18)
  7.25% of Permutation test rounds,  94.74% of Permutation tests (Core 11/15, passed_count 18)
  7.26% of Permutation test rounds,  94.74% of Permutation tests (Core 13/15, passed_count 18)
  7.27% of Permutation test rounds,  94.74% of Permutation tests (Core 14/15, passed_count 18)
  7.28% of Permutation test rounds,  94.74% of Permutation tests (Core 3/15, passed_count 18)
  7.29% of Permutation test rounds,  94.74% of Permutation tests (Core 4/15, passed_count 18)
  7.30% of Permutation test rounds,  94.74% of Permutation tests (Core 9/15, passed_count 18)
  7.31% of Permutation test rounds,  94.74% of Permutation tests (Core 5/15, passed_count 18)
  7.32% of Permutation test rounds,  94.74% of Permutation tests (Core 15/15, passed_count 18)
  7.33% of Permutation test rounds,  94.74% of Permutation tests (Core 0/15, passed_count 18)
  7.34% of Permutation test rounds,  94.74% of Permutation tests (Core 8/15, passed_count 18)
  7.35% of Permutation test rounds,  94.74% of Permutation tests (Core 10/15, passed_count 18)
  7.36% of Permutation test rounds,  94.74% of Permutation tests (Core 12/15, passed_count 18)
  7.37% of Permutation test rounds,  94.74% of Permutation tests (Core 2/15, passed_count 18)
  7.38% of Permutation test rounds,  94.74% of Permutation tests (Core 6/15, passed_count 18)
  7.39% of Permutation test rounds,  94.74% of Permutation tests (Core 7/15, passed_count 18)
  7.40% of Permutation test rounds,  94.74% of Permutation tests (Core 1/15, passed_count 18)
  7.41% of Permutation test rounds,  94.74% of Permutation tests (Core 11/15, passed_count 18)
  7.42% of Permutation test rounds,  94.74% of Permutation tests (Core 13/15, passed_count 18)
  7.43% of Permutation test rounds,  94.74% of Permutation tests (Core 14/15, passed_count 18)
  7.44% of Permutation test rounds,  94.74% of Permutation tests (Core 3/15, passed_count 18)
  7.45% of Permutation test rounds,  94.74% of Permutation tests (Core 4/15, passed_count 18)
  7.46% of Permutation test rounds,  94.74% of Permutation tests (Core 9/15, passed_count 18)
  7.47% of Permutation test rounds,  94.74% of Permutation tests (Core 5/15, passed_count 18)
  7.48% of Permutation test rounds,  94.74% of Permutation tests (Core 15/15, passed_count 18)
  7.49% of Permutation test rounds,  94.74% of Permutation tests (Core 0/15, passed_count 18)
  7.50% of Permutation test rounds,  94.74% of Permutation tests (Core 8/15, passed_count 18)
  7.51% of Permutation test rounds,  94.74% of Permutation tests (Core 10/15, passed_count 18)
  7.52% of Permutation test rounds,  94.74% of Permutation tests (Core 12/15, passed_count 18)
  7.53% of Permutation test rounds,  94.74% of Permutation tests (Core 2/15, passed_count 18)
  7.54% of Permutation test rounds,  94.74% of Permutation tests (Core 6/15, passed_count 18)
  7.55% of Permutation test rounds,  94.74% of Permutation tests (Core 7/15, passed_count 18)
  7.56% of Permutation test rounds,  94.74% of Permutation tests (Core 1/15, passed_count 18)
  7.57% of Permutation test rounds,  94.74% of Permutation tests (Core 11/15, passed_count 18)
  7.58% of Permutation test rounds,  94.74% of Permutation tests (Core 13/15, passed_count 18)
  7.59% of Permutation test rounds,  94.74% of Permutation tests (Core 14/15, passed_count 18)
  7.60% of Permutation test rounds,  94.74% of Permutation tests (Core 3/15, passed_count 18)
  7.61% of Permutation test rounds,  94.74% of Permutation tests (Core 4/15, passed_count 18)
  7.62% of Permutation test rounds,  94.74% of Permutation tests (Core 9/15, passed_count 18)
  7.63% of Permutation test rounds,  94.74% of Permutation tests (Core 5/15, passed_count 18)
  7.64% of Permutation test rounds,  94.74% of Permutation tests (Core 15/15, passed_count 18)
  7.65% of Permutation test rounds,  94.74% of Permutation tests (Core 0/15, passed_count 18)
  7.66% of Permutation test rounds,  94.74% of Permutation tests (Core 8/15, passed_count 18)
  7.67% of Permutation test rounds,  94.74% of Permutation tests (Core 10/15, passed_count 18)
  7.68% of Permutation test rounds,  94.74% of Permutation tests (Core 12/15, passed_count 18)
  7.69% of Permutation test rounds,  94.74% of Permutation tests (Core 2/15, passed_count 18)
  7.70% of Permutation test rounds,  94.74% of Permutation tests (Core 6/15, passed_count 18)
  7.71% of Permutation test rounds,  94.74% of Permutation tests (Core 7/15, passed_count 18)
  7.72% of Permutation test rounds,  94.74% of Permutation tests (Core 1/15, passed_count 18)
  7.73% of Permutation test rounds,  94.74% of Permutation tests (Core 11/15, passed_count 18)
  7.74% of Permutation test rounds,  94.74% of Permutation tests (Core 13/15, passed_count 18)
  7.75% of Permutation test rounds,  94.74% of Permutation tests (Core 14/15, passed_count 18)
  7.76% of Permutation test rounds,  94.74% of Permutation tests (Core 3/15, passed_count 18)
  7.77% of Permutation test rounds,  94.74% of Permutation tests (Core 4/15, passed_count 18)
  7.78% of Permutation test rounds,  94.74% of Permutation tests (Core 9/15, passed_count 18)
  7.79% of Permutation test rounds,  94.74% of Permutation tests (Core 5/15, passed_count 18)
  7.80% of Permutation test rounds,  94.74% of Permutation tests (Core 15/15, passed_count 18)
  7.81% of Permutation test rounds,  94.74% of Permutation tests (Core 0/15, passed_count 18)
  7.82% of Permutation test rounds,  94.74% of Permutation tests (Core 8/15, passed_count 18)
  7.83% of Permutation test rounds,  94.74% of Permutation tests (Core 10/15, passed_count 18)
  7.84% of Permutation test rounds,  94.74% of Permutation tests (Core 12/15, passed_count 18)
  7.85% of Permutation test rounds,  94.74% of Permutation tests (Core 2/15, passed_count 18)
  7.86% of Permutation test rounds,  94.74% of Permutation tests (Core 6/15, passed_count 18)
  7.87% of Permutation test rounds,  94.74% of Permutation tests (Core 7/15, passed_count 18)
  7.88% of Permutation test rounds,  94.74% of Permutation tests (Core 1/15, passed_count 18)
  7.89% of Permutation test rounds,  94.74% of Permutation tests (Core 11/15, passed_count 18)
  7.90% of Permutation test rounds,  94.74% of Permutation tests (Core 13/15, passed_count 18)
  7.91% of Permutation test rounds,  94.74% of Permutation tests (Core 14/15, passed_count 18)
  7.92% of Permutation test rounds,  94.74% of Permutation tests (Core 3/15, passed_count 18)
  7.93% of Permutation test rounds,  94.74% of Permutation tests (Core 4/15, passed_count 18)
  7.94% of Permutation test rounds,  94.74% of Permutation tests (Core 9/15, passed_count 18)
  7.95% of Permutation test rounds,  94.74% of Permutation tests (Core 5/15, passed_count 18)
  7.96% of Permutation test rounds,  94.74% of Permutation tests (Core 15/15, passed_count 18)
  7.97% of Permutation test rounds,  94.74% of Permutation tests (Core 0/15, passed_count 18)
  7.98% of Permutation test rounds,  94.74% of Permutation tests (Core 8/15, passed_count 18)
  7.99% of Permutation test rounds,  94.74% of Permutation tests (Core 10/15, passed_count 18)
  8.00% of Permutation test rounds,  94.74% of Permutation tests (Core 12/15, passed_count 18)
  8.01% of Permutation test rounds,  94.74% of Permutation tests (Core 2/15, passed_count 18)
  8.02% of Permutation test rounds,  94.74% of Permutation tests (Core 6/15, passed_count 18)
  8.03% of Permutation test rounds,  94.74% of Permutation tests (Core 7/15, passed_count 18)
  8.04% of Permutation test rounds,  94.74% of Permutation tests (Core 1/15, passed_count 18)
  8.05% of Permutation test rounds,  94.74% of Permutation tests (Core 11/15, passed_count 18)
  8.06% of Permutation test rounds,  94.74% of Permutation tests (Core 13/15, passed_count 18)
  8.07% of Permutation test rounds,  94.74% of Permutation tests (Core 14/15, passed_count 18)
  8.08% of Permutation test rounds,  94.74% of Permutation tests (Core 3/15, passed_count 18)
  8.09% of Permutation test rounds,  94.74% of Permutation tests (Core 4/15, passed_count 18)
  8.10% of Permutation test rounds,  94.74% of Permutation tests (Core 9/15, passed_count 18)
  8.11% of Permutation test rounds,  94.74% of Permutation tests (Core 5/15, passed_count 18)
  8.12% of Permutation test rounds,  94.74% of Permutation tests (Core 15/15, passed_count 18)
  8.13% of Permutation test rounds,  94.74% of Permutation tests (Core 0/15, passed_count 18)
  8.14% of Permutation test rounds,  94.74% of Permutation tests (Core 8/15, passed_count 18)
  8.15% of Permutation test rounds,  94.74% of Permutation tests (Core 10/15, passed_count 18)
  8.16% of Permutation test rounds,  94.74% of Permutation tests (Core 12/15, passed_count 18)
  8.17% of Permutation test rounds,  94.74% of Permutation tests (Core 2/15, passed_count 18)
  8.18% of Permutation test rounds,  94.74% of Permutation tests (Core 6/15, passed_count 18)
  8.19% of Permutation test rounds,  94.74% of Permutation tests (Core 7/15, passed_count 18)
  8.20% of Permutation test rounds,  94.74% of Permutation tests (Core 1/15, passed_count 18)
  8.21% of Permutation test rounds,  94.74% of Permutation tests (Core 11/15, passed_count 18)
  8.22% of Permutation test rounds,  94.74% of Permutation tests (Core 13/15, passed_count 18)
  8.23% of Permutation test rounds,  94.74% of Permutation tests (Core 14/15, passed_count 18)
  8.24% of Permutation test rounds,  94.74% of Permutation tests (Core 3/15, passed_count 18)
  8.25% of Permutation test rounds,  94.74% of Permutation tests (Core 4/15, passed_count 18)
  8.26% of Permutation test rounds,  94.74% of Permutation tests (Core 9/15, passed_count 18)
  8.27% of Permutation test rounds,  94.74% of Permutation tests (Core 5/15, passed_count 18)
  8.28% of Permutation test rounds,  94.74% of Permutation tests (Core 15/15, passed_count 18)
  8.29% of Permutation test rounds,  94.74% of Permutation tests (Core 0/15, passed_count 18)
  8.30% of Permutation test rounds,  94.74% of Permutation tests (Core 8/15, passed_count 18)
  8.31% of Permutation test rounds,  94.74% of Permutation tests (Core 10/15, passed_count 18)
  8.32% of Permutation test rounds,  94.74% of Permutation tests (Core 12/15, passed_count 18)
  8.33% of Permutation test rounds,  94.74% of Permutation tests (Core 2/15, passed_count 18)
  8.34% of Permutation test rounds,  94.74% of Permutation tests (Core 6/15, passed_count 18)
  8.35% of Permutation test rounds,  94.74% of Permutation tests (Core 7/15, passed_count 18)
  8.36% of Permutation test rounds,  94.74% of Permutation tests (Core 1/15, passed_count 18)
  8.37% of Permutation test rounds,  94.74% of Permutation tests (Core 11/15, passed_count 18)
  8.38% of Permutation test rounds,  94.74% of Permutation tests (Core 13/15, passed_count 18)
  8.39% of Permutation test rounds,  94.74% of Permutation tests (Core 14/15, passed_count 18)
  8.40% of Permutation test rounds,  94.74% of Permutation tests (Core 3/15, passed_count 18)
  8.41% of Permutation test rounds,  94.74% of Permutation tests (Core 4/15, passed_count 18)
  8.42% of Permutation test rounds,  94.74% of Permutation tests (Core 9/15, passed_count 18)
  8.43% of Permutation test rounds,  94.74% of Permutation tests (Core 5/15, passed_count 18)
  8.44% of Permutation test rounds,  94.74% of Permutation tests (Core 15/15, passed_count 18)
  8.45% of Permutation test rounds,  94.74% of Permutation tests (Core 0/15, passed_count 18)
  8.46% of Permutation test rounds,  94.74% of Permutation tests (Core 8/15, passed_count 18)
  8.47% of Permutation test rounds,  94.74% of Permutation tests (Core 10/15, passed_count 18)
  8.48% of Permutation test rounds,  94.74% of Permutation tests (Core 12/15, passed_count 18)
  8.49% of Permutation test rounds,  94.74% of Permutation tests (Core 2/15, passed_count 18)
  8.50% of Permutation test rounds,  94.74% of Permutation tests (Core 6/15, passed_count 18)
  8.51% of Permutation test rounds,  94.74% of Permutation tests (Core 7/15, passed_count 18)
  8.52% of Permutation test rounds,  94.74% of Permutation tests (Core 1/15, passed_count 18)
  8.53% of Permutation test rounds,  94.74% of Permutation tests (Core 11/15, passed_count 18)
  8.54% of Permutation test rounds,  94.74% of Permutation tests (Core 13/15, passed_count 18)
  8.55% of Permutation test rounds,  94.74% of Permutation tests (Core 14/15, passed_count 18)
  8.56% of Permutation test rounds,  94.74% of Permutation tests (Core 3/15, passed_count 18)
  8.57% of Permutation test rounds,  94.74% of Permutation tests (Core 4/15, passed_count 18)
  8.58% of Permutation test rounds,  94.74% of Permutation tests (Core 9/15, passed_count 18)
  8.59% of Permutation test rounds,  94.74% of Permutation tests (Core 5/15, passed_count 18)
  8.60% of Permutation test rounds,  94.74% of Permutation tests (Core 15/15, passed_count 18)
  8.61% of Permutation test rounds,  94.74% of Permutation tests (Core 0/15, passed_count 18)
  8.62% of Permutation test rounds,  94.74% of Permutation tests (Core 8/15, passed_count 18)
  8.63% of Permutation test rounds,  94.74% of Permutation tests (Core 10/15, passed_count 18)
  8.64% of Permutation test rounds,  94.74% of Permutation tests (Core 12/15, passed_count 18)
  8.65% of Permutation test rounds,  94.74% of Permutation tests (Core 2/15, passed_count 18)
  8.66% of Permutation test rounds,  94.74% of Permutation tests (Core 6/15, passed_count 18)
  8.67% of Permutation test rounds,  94.74% of Permutation tests (Core 7/15, passed_count 18)
  8.68% of Permutation test rounds,  94.74% of Permutation tests (Core 1/15, passed_count 18)
  8.69% of Permutation test rounds,  94.74% of Permutation tests (Core 11/15, passed_count 18)
  8.70% of Permutation test rounds,  94.74% of Permutation tests (Core 13/15, passed_count 18)
  8.71% of Permutation test rounds,  94.74% of Permutation tests (Core 14/15, passed_count 18)
  8.72% of Permutation test rounds,  94.74% of Permutation tests (Core 3/15, passed_count 18)
  8.73% of Permutation test rounds,  94.74% of Permutation tests (Core 4/15, passed_count 18)
  8.74% of Permutation test rounds,  94.74% of Permutation tests (Core 9/15, passed_count 18)
  8.75% of Permutation test rounds,  94.74% of Permutation tests (Core 5/15, passed_count 18)
  8.76% of Permutation test rounds,  94.74% of Permutation tests (Core 15/15, passed_count 18)
  8.77% of Permutation test rounds,  94.74% of Permutation tests (Core 0/15, passed_count 18)
  8.78% of Permutation test rounds,  94.74% of Permutation tests (Core 8/15, passed_count 18)
  8.79% of Permutation test rounds,  94.74% of Permutation tests (Core 10/15, passed_count 18)
  8.80% of Permutation test rounds,  94.74% of Permutation tests (Core 12/15, passed_count 18)
  8.81% of Permutation test rounds,  94.74% of Permutation tests (Core 2/15, passed_count 18)
  8.82% of Permutation test rounds,  94.74% of Permutation tests (Core 6/15, passed_count 18)
  8.83% of Permutation test rounds,  94.74% of Permutation tests (Core 7/15, passed_count 18)
  8.84% of Permutation test rounds,  94.74% of Permutation tests (Core 1/15, passed_count 18)
  8.85% of Permutation test rounds,  94.74% of Permutation tests (Core 11/15, passed_count 18)
  8.86% of Permutation test rounds,  94.74% of Permutation tests (Core 13/15, passed_count 18)
  8.87% of Permutation test rounds,  94.74% of Permutation tests (Core 14/15, passed_count 18)
  8.88% of Permutation test rounds,  94.74% of Permutation tests (Core 3/15, passed_count 18)
  8.89% of Permutation test rounds,  94.74% of Permutation tests (Core 4/15, passed_count 18)
  8.90% of Permutation test rounds,  94.74% of Permutation tests (Core 9/15, passed_count 18)
  8.91% of Permutation test rounds,  94.74% of Permutation tests (Core 5/15, passed_count 18)
  8.92% of Permutation test rounds,  94.74% of Permutation tests (Core 15/15, passed_count 18)
  8.93% of Permutation test rounds,  94.74% of Permutation tests (Core 0/15, passed_count 18)
  8.94% of Permutation test rounds,  94.74% of Permutation tests (Core 8/15, passed_count 18)
  8.95% of Permutation test rounds,  94.74% of Permutation tests (Core 10/15, passed_count 18)
  8.96% of Permutation test rounds,  94.74% of Permutation tests (Core 12/15, passed_count 18)
  8.97% of Permutation test rounds,  94.74% of Permutation tests (Core 2/15, passed_count 18)
  8.98% of Permutation test rounds,  94.74% of Permutation tests (Core 6/15, passed_count 18)
  8.99% of Permutation test rounds,  94.74% of Permutation tests (Core 7/15, passed_count 18)
  9.00% of Permutation test rounds,  94.74% of Permutation tests (Core 1/15, passed_count 18)
  9.01% of Permutation test rounds,  94.74% of Permutation tests (Core 11/15, passed_count 18)
  9.02% of Permutation test rounds,  94.74% of Permutation tests (Core 13/15, passed_count 18)
  9.03% of Permutation test rounds,  94.74% of Permutation tests (Core 14/15, passed_count 18)
  9.04% of Permutation test rounds,  94.74% of Permutation tests (Core 3/15, passed_count 18)
  9.05% of Permutation test rounds,  94.74% of Permutation tests (Core 4/15, passed_count 18)
  9.06% of Permutation test rounds,  94.74% of Permutation tests (Core 9/15, passed_count 18)
  9.07% of Permutation test rounds,  94.74% of Permutation tests (Core 5/15, passed_count 18)
  9.08% of Permutation test rounds,  94.74% of Permutation tests (Core 15/15, passed_count 18)
  9.09% of Permutation test rounds,  94.74% of Permutation tests (Core 0/15, passed_count 18)
  9.10% of Permutation test rounds,  94.74% of Permutation tests (Core 8/15, passed_count 18)
  9.11% of Permutation test rounds,  94.74% of Permutation tests (Core 10/15, passed_count 18)
  9.12% of Permutation test rounds,  94.74% of Permutation tests (Core 12/15, passed_count 18)
  9.13% of Permutation test rounds,  94.74% of Permutation tests (Core 2/15, passed_count 18)
  9.14% of Permutation test rounds,  94.74% of Permutation tests (Core 6/15, passed_count 18)
  9.15% of Permutation test rounds,  94.74% of Permutation tests (Core 7/15, passed_count 18)
  9.16% of Permutation test rounds,  94.74% of Permutation tests (Core 1/15, passed_count 18)
  9.17% of Permutation test rounds,  94.74% of Permutation tests (Core 11/15, passed_count 18)
  9.18% of Permutation test rounds,  94.74% of Permutation tests (Core 13/15, passed_count 18)
  9.19% of Permutation test rounds,  94.74% of Permutation tests (Core 14/15, passed_count 18)
  9.20% of Permutation test rounds,  94.74% of Permutation tests (Core 3/15, passed_count 18)
  9.21% of Permutation test rounds,  94.74% of Permutation tests (Core 4/15, passed_count 18)
  9.22% of Permutation test rounds,  94.74% of Permutation tests (Core 9/15, passed_count 18)
  9.23% of Permutation test rounds,  94.74% of Permutation tests (Core 5/15, passed_count 18)
  9.24% of Permutation test rounds,  94.74% of Permutation tests (Core 15/15, passed_count 18)
  9.25% of Permutation test rounds,  94.74% of Permutation tests (Core 0/15, passed_count 18)
  9.26% of Permutation test rounds,  94.74% of Permutation tests (Core 8/15, passed_count 18)
  9.27% of Permutation test rounds,  94.74% of Permutation tests (Core 10/15, passed_count 18)
  9.28% of Permutation test rounds,  94.74% of Permutation tests (Core 12/15, passed_count 18)
  9.29% of Permutation test rounds,  94.74% of Permutation tests (Core 2/15, passed_count 18)
  9.30% of Permutation test rounds,  94.74% of Permutation tests (Core 6/15, passed_count 18)
  9.31% of Permutation test rounds,  94.74% of Permutation tests (Core 7/15, passed_count 18)
  9.32% of Permutation test rounds,  94.74% of Permutation tests (Core 1/15, passed_count 18)
  9.33% of Permutation test rounds,  94.74% of Permutation tests (Core 11/15, passed_count 18)
  9.34% of Permutation test rounds,  94.74% of Permutation tests (Core 13/15, passed_count 18)
  9.35% of Permutation test rounds,  94.74% of Permutation tests (Core 14/15, passed_count 18)
  9.36% of Permutation test rounds,  94.74% of Permutation tests (Core 3/15, passed_count 18)
  9.37% of Permutation test rounds,  94.74% of Permutation tests (Core 4/15, passed_count 18)
  9.38% of Permutation test rounds,  94.74% of Permutation tests (Core 9/15, passed_count 18)
  9.39% of Permutation test rounds,  94.74% of Permutation tests (Core 5/15, passed_count 18)
  9.40% of Permutation test rounds,  94.74% of Permutation tests (Core 15/15, passed_count 18)
  9.41% of Permutation test rounds,  94.74% of Permutation tests (Core 0/15, passed_count 18)
  9.42% of Permutation test rounds,  94.74% of Permutation tests (Core 8/15, passed_count 18)
  9.43% of Permutation test rounds,  94.74% of Permutation tests (Core 10/15, passed_count 18)
  9.44% of Permutation test rounds,  94.74% of Permutation tests (Core 12/15, passed_count 18)
  9.45% of Permutation test rounds,  94.74% of Permutation tests (Core 2/15, passed_count 18)
  9.46% of Permutation test rounds,  94.74% of Permutation tests (Core 6/15, passed_count 18)
  9.47% of Permutation test rounds,  94.74% of Permutation tests (Core 7/15, passed_count 18)
  9.48% of Permutation test rounds,  94.74% of Permutation tests (Core 1/15, passed_count 18)
  9.49% of Permutation test rounds,  94.74% of Permutation tests (Core 11/15, passed_count 18)
  9.50% of Permutation test rounds,  94.74% of Permutation tests (Core 13/15, passed_count 18)
  9.51% of Permutation test rounds,  94.74% of Permutation tests (Core 14/15, passed_count 18)
  9.52% of Permutation test rounds,  94.74% of Permutation tests (Core 3/15, passed_count 18)
  9.53% of Permutation test rounds,  94.74% of Permutation tests (Core 4/15, passed_count 18)
  9.54% of Permutation test rounds,  94.74% of Permutation tests (Core 9/15, passed_count 18)
  9.55% of Permutation test rounds,  94.74% of Permutation tests (Core 5/15, passed_count 18)
  9.56% of Permutation test rounds,  94.74% of Permutation tests (Core 15/15, passed_count 18)
  9.57% of Permutation test rounds,  94.74% of Permutation tests (Core 0/15, passed_count 18)
  9.58% of Permutation test rounds,  94.74% of Permutation tests (Core 8/15, passed_count 18)
  9.59% of Permutation test rounds,  94.74% of Permutation tests (Core 10/15, passed_count 18)
  9.60% of Permutation test rounds,  94.74% of Permutation tests (Core 12/15, passed_count 18)
  9.61% of Permutation test rounds,  94.74% of Permutation tests (Core 2/15, passed_count 18)
  9.62% of Permutation test rounds,  94.74% of Permutation tests (Core 6/15, passed_count 18)
  9.63% of Permutation test rounds,  94.74% of Permutation tests (Core 7/15, passed_count 18)
  9.64% of Permutation test rounds,  94.74% of Permutation tests (Core 1/15, passed_count 18)
  9.65% of Permutation test rounds,  94.74% of Permutation tests (Core 11/15, passed_count 18)
  9.66% of Permutation test rounds,  94.74% of Permutation tests (Core 13/15, passed_count 18)
  9.67% of Permutation test rounds,  94.74% of Permutation tests (Core 14/15, passed_count 18)
  9.68% of Permutation test rounds,  94.74% of Permutation tests (Core 3/15, passed_count 18)
  9.69% of Permutation test rounds,  94.74% of Permutation tests (Core 4/15, passed_count 18)
  9.70% of Permutation test rounds,  94.74% of Permutation tests (Core 9/15, passed_count 18)
  9.71% of Permutation test rounds,  94.74% of Permutation tests (Core 5/15, passed_count 18)
  9.72% of Permutation test rounds,  94.74% of Permutation tests (Core 15/15, passed_count 18)
  9.73% of Permutation test rounds,  94.74% of Permutation tests (Core 0/15, passed_count 18)
  9.74% of Permutation test rounds,  94.74% of Permutation tests (Core 8/15, passed_count 18)
  9.75% of Permutation test rounds,  94.74% of Permutation tests (Core 10/15, passed_count 18)
  9.76% of Permutation test rounds,  94.74% of Permutation tests (Core 12/15, passed_count 18)
  9.77% of Permutation test rounds,  94.74% of Permutation tests (Core 2/15, passed_count 18)
  9.78% of Permutation test rounds,  94.74% of Permutation tests (Core 6/15, passed_count 18)
  9.79% of Permutation test rounds,  94.74% of Permutation tests (Core 7/15, passed_count 18)
  9.80% of Permutation test rounds,  94.74% of Permutation tests (Core 1/15, passed_count 18)
  9.81% of Permutation test rounds,  94.74% of Permutation tests (Core 11/15, passed_count 18)
  9.82% of Permutation test rounds,  94.74% of Permutation tests (Core 13/15, passed_count 18)
  9.83% of Permutation test rounds,  94.74% of Permutation tests (Core 14/15, passed_count 18)
  9.84% of Permutation test rounds,  94.74% of Permutation tests (Core 3/15, passed_count 18)
  9.85% of Permutation test rounds,  94.74% of Permutation tests (Core 4/15, passed_count 18)
  9.86% of Permutation test rounds,  94.74% of Permutation tests (Core 9/15, passed_count 18)
  9.87% of Permutation test rounds,  94.74% of Permutation tests (Core 5/15, passed_count 18)
  9.88% of Permutation test rounds,  94.74% of Permutation tests (Core 15/15, passed_count 18)
  9.89% of Permutation test rounds,  94.74% of Permutation tests (Core 0/15, passed_count 18)
  9.90% of Permutation test rounds,  94.74% of Permutation tests (Core 8/15, passed_count 18)
  9.91% of Permutation test rounds,  94.74% of Permutation tests (Core 10/15, passed_count 18)
  9.92% of Permutation test rounds,  94.74% of Permutation tests (Core 12/15, passed_count 18)
  9.93% of Permutation test rounds,  94.74% of Permutation tests (Core 2/15, passed_count 18)
  9.94% of Permutation test rounds,  94.74% of Permutation tests (Core 6/15, passed_count 18)
  9.95% of Permutation test rounds,  94.74% of Permutation tests (Core 7/15, passed_count 18)
  9.96% of Permutation test rounds,  94.74% of Permutation tests (Core 1/15, passed_count 18)
  9.97% of Permutation test rounds,  94.74% of Permutation tests (Core 11/15, passed_count 18)
  9.98% of Permutation test rounds,  94.74% of Permutation tests (Core 13/15, passed_count 18)
  9.99% of Permutation test rounds,  94.74% of Permutation tests (Core 14/15, passed_count 18)
 10.00% of Permutation test rounds,  94.74% of Permutation tests (Core 3/15, passed_count 18)
 10.01% of Permutation test rounds,  94.74% of Permutation tests (Core 4/15, passed_count 18)
 10.02% of Permutation test rounds,  94.74% of Permutation tests (Core 9/15, passed_count 18)
 10.03% of Permutation test rounds,  94.74% of Permutation tests (Core 5/15, passed_count 18)
 10.04% of Permutation test rounds,  94.74% of Permutation tests (Core 15/15, passed_count 18)
 10.05% of Permutation test rounds,  94.74% of Permutation tests (Core 0/15, passed_count 18)
 10.06% of Permutation test rounds,  94.74% of Permutation tests (Core 8/15, passed_count 18)
 10.07% of Permutation test rounds,  94.74% of Permutation tests (Core 10/15, passed_count 18)
 10.08% of Permutation test rounds,  94.74% of Permutation tests (Core 12/15, passed_count 18)
 10.09% of Permutation test rounds,  94.74% of Permutation tests (Core 2/15, passed_count 18)
 10.10% of Permutation test rounds,  94.74% of Permutation tests (Core 6/15, passed_count 18)
 10.11% of Permutation test rounds,  94.74% of Permutation tests (Core 7/15, passed_count 18)
 10.12% of Permutation test rounds,  94.74% of Permutation tests (Core 1/15, passed_count 18)
 10.13% of Permutation test rounds,  94.74% of Permutation tests (Core 11/15, passed_count 18)
 10.14% of Permutation test rounds,  94.74% of Permutation tests (Core 13/15, passed_count 18)
 10.15% of Permutation test rounds,  94.74% of Permutation tests (Core 14/15, passed_count 18)
 10.16% of Permutation test rounds,  94.74% of Permutation tests (Core 3/15, passed_count 18)
 10.17% of Permutation test rounds,  94.74% of Permutation tests (Core 4/15, passed_count 18)
 10.18% of Permutation test rounds,  94.74% of Permutation tests (Core 9/15, passed_count 18)
 10.19% of Permutation test rounds,  94.74% of Permutation tests (Core 5/15, passed_count 18)
 10.20% of Permutation test rounds,  94.74% of Permutation tests (Core 15/15, passed_count 18)
 10.21% of Permutation test rounds,  94.74% of Permutation tests (Core 0/15, passed_count 18)
 10.22% of Permutation test rounds,  94.74% of Permutation tests (Core 8/15, passed_count 18)
 10.23% of Permutation test rounds,  94.74% of Permutation tests (Core 10/15, passed_count 18)
 10.24% of Permutation test rounds,  94.74% of Permutation tests (Core 12/15, passed_count 18)
 10.25% of Permutation test rounds,  94.74% of Permutation tests (Core 2/15, passed_count 18)
 10.26% of Permutation test rounds,  94.74% of Permutation tests (Core 6/15, passed_count 18)
 10.27% of Permutation test rounds,  94.74% of Permutation tests (Core 7/15, passed_count 18)
 10.28% of Permutation test rounds,  94.74% of Permutation tests (Core 1/15, passed_count 18)
 10.29% of Permutation test rounds,  94.74% of Permutation tests (Core 11/15, passed_count 18)
 10.30% of Permutation test rounds,  94.74% of Permutation tests (Core 13/15, passed_count 18)
 10.31% of Permutation test rounds,  94.74% of Permutation tests (Core 14/15, passed_count 18)
 10.32% of Permutation test rounds,  94.74% of Permutation tests (Core 3/15, passed_count 18)
 10.33% of Permutation test rounds,  94.74% of Permutation tests (Core 4/15, passed_count 18)
 10.34% of Permutation test rounds,  94.74% of Permutation tests (Core 9/15, passed_count 18)
 10.35% of Permutation test rounds,  94.74% of Permutation tests (Core 5/15, passed_count 18)
 10.36% of Permutation test rounds,  94.74% of Permutation tests (Core 15/15, passed_count 18)
 10.37% of Permutation test rounds,  94.74% of Permutation tests (Core 0/15, passed_count 18)
 10.38% of Permutation test rounds,  94.74% of Permutation tests (Core 8/15, passed_count 18)
 10.39% of Permutation test rounds,  94.74% of Permutation tests (Core 10/15, passed_count 18)
 10.40% of Permutation test rounds,  94.74% of Permutation tests (Core 12/15, passed_count 18)
 10.41% of Permutation test rounds,  94.74% of Permutation tests (Core 2/15, passed_count 18)
 10.42% of Permutation test rounds,  94.74% of Permutation tests (Core 6/15, passed_count 18)
 10.43% of Permutation test rounds,  94.74% of Permutation tests (Core 7/15, passed_count 18)
 10.44% of Permutation test rounds,  94.74% of Permutation tests (Core 1/15, passed_count 18)
 10.45% of Permutation test rounds,  94.74% of Permutation tests (Core 11/15, passed_count 18)
 10.46% of Permutation test rounds,  94.74% of Permutation tests (Core 13/15, passed_count 18)
 10.47% of Permutation test rounds,  94.74% of Permutation tests (Core 14/15, passed_count 18)
 10.48% of Permutation test rounds,  94.74% of Permutation tests (Core 3/15, passed_count 18)
 10.49% of Permutation test rounds,  94.74% of Permutation tests (Core 4/15, passed_count 18)
 10.50% of Permutation test rounds,  94.74% of Permutation tests (Core 9/15, passed_count 18)
 10.51% of Permutation test rounds,  94.74% of Permutation tests (Core 5/15, passed_count 18)
 10.52% of Permutation test rounds,  94.74% of Permutation tests (Core 15/15, passed_count 18)
 10.53% of Permutation test rounds,  94.74% of Permutation tests (Core 0/15, passed_count 18)
 10.54% of Permutation test rounds,  94.74% of Permutation tests (Core 8/15, passed_count 18)
 10.55% of Permutation test rounds,  94.74% of Permutation tests (Core 10/15, passed_count 18)
 10.56% of Permutation test rounds,  94.74% of Permutation tests (Core 12/15, passed_count 18)
 10.57% of Permutation test rounds,  94.74% of Permutation tests (Core 2/15, passed_count 18)
 10.58% of Permutation test rounds,  94.74% of Permutation tests (Core 6/15, passed_count 18)
 10.59% of Permutation test rounds,  94.74% of Permutation tests (Core 7/15, passed_count 18)
 10.60% of Permutation test rounds,  94.74% of Permutation tests (Core 1/15, passed_count 18)
 10.61% of Permutation test rounds,  94.74% of Permutation tests (Core 11/15, passed_count 18)
 10.62% of Permutation test rounds,  94.74% of Permutation tests (Core 13/15, passed_count 18)
 10.63% of Permutation test rounds,  94.74% of Permutation tests (Core 14/15, passed_count 18)
 10.64% of Permutation test rounds,  94.74% of Permutation tests (Core 3/15, passed_count 18)
 10.65% of Permutation test rounds,  94.74% of Permutation tests (Core 4/15, passed_count 18)
 10.66% of Permutation test rounds,  94.74% of Permutation tests (Core 9/15, passed_count 18)
 10.67% of Permutation test rounds,  94.74% of Permutation tests (Core 5/15, passed_count 18)
 10.68% of Permutation test rounds,  94.74% of Permutation tests (Core 15/15, passed_count 18)
 10.69% of Permutation test rounds,  94.74% of Permutation tests (Core 0/15, passed_count 18)
 10.70% of Permutation test rounds,  94.74% of Permutation tests (Core 8/15, passed_count 18)
 10.71% of Permutation test rounds,  94.74% of Permutation tests (Core 10/15, passed_count 18)
 10.72% of Permutation test rounds,  94.74% of Permutation tests (Core 12/15, passed_count 18)
 10.73% of Permutation test rounds,  94.74% of Permutation tests (Core 2/15, passed_count 18)
 10.74% of Permutation test rounds,  94.74% of Permutation tests (Core 6/15, passed_count 18)
 10.75% of Permutation test rounds,  94.74% of Permutation tests (Core 7/15, passed_count 18)
 10.76% of Permutation test rounds,  94.74% of Permutation tests (Core 1/15, passed_count 18)
 10.77% of Permutation test rounds,  94.74% of Permutation tests (Core 11/15, passed_count 18)
 10.78% of Permutation test rounds,  94.74% of Permutation tests (Core 13/15, passed_count 18)
 10.79% of Permutation test rounds,  94.74% of Permutation tests (Core 14/15, passed_count 18)
 10.80% of Permutation test rounds,  94.74% of Permutation tests (Core 3/15, passed_count 18)
 10.81% of Permutation test rounds,  94.74% of Permutation tests (Core 4/15, passed_count 18)
 10.82% of Permutation test rounds,  94.74% of Permutation tests (Core 9/15, passed_count 18)
 10.83% of Permutation test rounds,  94.74% of Permutation tests (Core 5/15, passed_count 18)
 10.84% of Permutation test rounds,  94.74% of Permutation tests (Core 15/15, passed_count 18)
 10.85% of Permutation test rounds,  94.74% of Permutation tests (Core 0/15, passed_count 18)
 10.86% of Permutation test rounds,  94.74% of Permutation tests (Core 8/15, passed_count 18)
 10.87% of Permutation test rounds,  94.74% of Permutation tests (Core 10/15, passed_count 18)
 10.88% of Permutation test rounds,  94.74% of Permutation tests (Core 12/15, passed_count 18)
 10.89% of Permutation test rounds,  94.74% of Permutation tests (Core 2/15, passed_count 18)
 10.90% of Permutation test rounds,  94.74% of Permutation tests (Core 6/15, passed_count 18)
 10.91% of Permutation test rounds,  94.74% of Permutation tests (Core 7/15, passed_count 18)
 10.92% of Permutation test rounds,  94.74% of Permutation tests (Core 1/15, passed_count 18)
 10.93% of Permutation test rounds,  94.74% of Permutation tests (Core 11/15, passed_count 18)
 10.94% of Permutation test rounds,  94.74% of Permutation tests (Core 13/15, passed_count 18)
 10.95% of Permutation test rounds,  94.74% of Permutation tests (Core 14/15, passed_count 18)
 10.96% of Permutation test rounds,  94.74% of Permutation tests (Core 3/15, passed_count 18)
 10.97% of Permutation test rounds,  94.74% of Permutation tests (Core 4/15, passed_count 18)
 10.98% of Permutation test rounds,  94.74% of Permutation tests (Core 9/15, passed_count 18)
 10.99% of Permutation test rounds,  94.74% of Permutation tests (Core 5/15, passed_count 18)
 11.00% of Permutation test rounds,  94.74% of Permutation tests (Core 15/15, passed_count 18)
 11.01% of Permutation test rounds,  94.74% of Permutation tests (Core 0/15, passed_count 18)
 11.02% of Permutation test rounds,  94.74% of Permutation tests (Core 8/15, passed_count 18)
 11.03% of Permutation test rounds,  94.74% of Permutation tests (Core 10/15, passed_count 18)
 11.04% of Permutation test rounds,  94.74% of Permutation tests (Core 12/15, passed_count 18)
 11.05% of Permutation test rounds,  94.74% of Permutation tests (Core 2/15, passed_count 18)
 11.06% of Permutation test rounds,  94.74% of Permutation tests (Core 6/15, passed_count 18)
 11.07% of Permutation test rounds,  94.74% of Permutation tests (Core 7/15, passed_count 18)
 11.08% of Permutation test rounds,  94.74% of Permutation tests (Core 1/15, passed_count 18)
 11.09% of Permutation test rounds,  94.74% of Permutation tests (Core 11/15, passed_count 18)
 11.10% of Permutation test rounds,  94.74% of Permutation tests (Core 13/15, passed_count 18)
 11.11% of Permutation test rounds,  94.74% of Permutation tests (Core 14/15, passed_count 18)
 11.12% of Permutation test rounds,  94.74% of Permutation tests (Core 3/15, passed_count 18)
 11.13% of Permutation test rounds,  94.74% of Permutation tests (Core 4/15, passed_count 18)
 11.14% of Permutation test rounds,  94.74% of Permutation tests (Core 9/15, passed_count 18)
 11.15% of Permutation test rounds,  94.74% of Permutation tests (Core 5/15, passed_count 18)
 11.16% of Permutation test rounds,  94.74% of Permutation tests (Core 15/15, passed_count 18)
 11.17% of Permutation test rounds,  94.74% of Permutation tests (Core 0/15, passed_count 18)
 11.18% of Permutation test rounds,  94.74% of Permutation tests (Core 8/15, passed_count 18)
 11.19% of Permutation test rounds,  94.74% of Permutation tests (Core 10/15, passed_count 18)
 11.20% of Permutation test rounds,  94.74% of Permutation tests (Core 12/15, passed_count 18)
 11.21% of Permutation test rounds,  94.74% of Permutation tests (Core 2/15, passed_count 18)
 11.22% of Permutation test rounds,  94.74% of Permutation tests (Core 6/15, passed_count 18)
 11.23% of Permutation test rounds,  94.74% of Permutation tests (Core 7/15, passed_count 18)
 11.24% of Permutation test rounds,  94.74% of Permutation tests (Core 1/15, passed_count 18)
 11.25% of Permutation test rounds,  94.74% of Permutation tests (Core 11/15, passed_count 18)
 11.26% of Permutation test rounds,  94.74% of Permutation tests (Core 13/15, passed_count 18)
 11.27% of Permutation test rounds,  94.74% of Permutation tests (Core 14/15, passed_count 18)
 11.28% of Permutation test rounds,  94.74% of Permutation tests (Core 3/15, passed_count 18)
 11.29% of Permutation test rounds,  94.74% of Permutation tests (Core 4/15, passed_count 18)
 11.30% of Permutation test rounds,  94.74% of Permutation tests (Core 9/15, passed_count 18)
 11.31% of Permutation test rounds,  94.74% of Permutation tests (Core 5/15, passed_count 18)
 11.32% of Permutation test rounds,  94.74% of Permutation tests (Core 15/15, passed_count 18)
 11.33% of Permutation test rounds,  94.74% of Permutation tests (Core 0/15, passed_count 18)
 11.34% of Permutation test rounds,  94.74% of Permutation tests (Core 8/15, passed_count 18)
 11.35% of Permutation test rounds,  94.74% of Permutation tests (Core 10/15, passed_count 18)
 11.36% of Permutation test rounds,  94.74% of Permutation tests (Core 12/15, passed_count 18)
 11.37% of Permutation test rounds,  94.74% of Permutation tests (Core 2/15, passed_count 18)
 11.38% of Permutation test rounds,  94.74% of Permutation tests (Core 6/15, passed_count 18)
 11.39% of Permutation test rounds,  94.74% of Permutation tests (Core 7/15, passed_count 18)
 11.40% of Permutation test rounds,  94.74% of Permutation tests (Core 1/15, passed_count 18)
 11.41% of Permutation test rounds,  94.74% of Permutation tests (Core 11/15, passed_count 18)
 11.42% of Permutation test rounds,  94.74% of Permutation tests (Core 13/15, passed_count 18)
 11.43% of Permutation test rounds,  94.74% of Permutation tests (Core 14/15, passed_count 18)
 11.44% of Permutation test rounds,  94.74% of Permutation tests (Core 3/15, passed_count 18)
 11.45% of Permutation test rounds,  94.74% of Permutation tests (Core 4/15, passed_count 18)
 11.46% of Permutation test rounds,  94.74% of Permutation tests (Core 9/15, passed_count 18)
 11.47% of Permutation test rounds,  94.74% of Permutation tests (Core 5/15, passed_count 18)
 11.48% of Permutation test rounds,  94.74% of Permutation tests (Core 15/15, passed_count 18)
 11.49% of Permutation test rounds,  94.74% of Permutation tests (Core 0/15, passed_count 18)
 11.50% of Permutation test rounds,  94.74% of Permutation tests (Core 8/15, passed_count 18)
 11.51% of Permutation test rounds,  94.74% of Permutation tests (Core 10/15, passed_count 18)
 11.52% of Permutation test rounds,  94.74% of Permutation tests (Core 12/15, passed_count 18)
 11.53% of Permutation test rounds,  94.74% of Permutation tests (Core 2/15, passed_count 18)
 11.54% of Permutation test rounds,  94.74% of Permutation tests (Core 6/15, passed_count 18)
 11.55% of Permutation test rounds,  94.74% of Permutation tests (Core 7/15, passed_count 18)
 11.56% of Permutation test rounds,  94.74% of Permutation tests (Core 1/15, passed_count 18)
 11.57% of Permutation test rounds,  94.74% of Permutation tests (Core 11/15, passed_count 18)
 11.58% of Permutation test rounds,  94.74% of Permutation tests (Core 13/15, passed_count 18)
 11.59% of Permutation test rounds,  94.74% of Permutation tests (Core 14/15, passed_count 18)
 11.60% of Permutation test rounds,  94.74% of Permutation tests (Core 3/15, passed_count 18)
 11.61% of Permutation test rounds,  94.74% of Permutation tests (Core 4/15, passed_count 18)
 11.62% of Permutation test rounds,  94.74% of Permutation tests (Core 9/15, passed_count 18)
 11.63% of Permutation test rounds,  94.74% of Permutation tests (Core 5/15, passed_count 18)
 11.64% of Permutation test rounds,  94.74% of Permutation tests (Core 15/15, passed_count 18)
 11.65% of Permutation test rounds,  94.74% of Permutation tests (Core 0/15, passed_count 18)
 11.66% of Permutation test rounds,  94.74% of Permutation tests (Core 8/15, passed_count 18)
 11.67% of Permutation test rounds,  94.74% of Permutation tests (Core 10/15, passed_count 18)
 11.68% of Permutation test rounds,  94.74% of Permutation tests (Core 12/15, passed_count 18)
 11.69% of Permutation test rounds,  94.74% of Permutation tests (Core 2/15, passed_count 18)
 11.70% of Permutation test rounds,  94.74% of Permutation tests (Core 2/15, passed_count 18)
 11.71% of Permutation test rounds,  94.74% of Permutation tests (Core 7/15, passed_count 18)
 11.72% of Permutation test rounds,  94.74% of Permutation tests (Core 1/15, passed_count 18)
 11.73% of Permutation test rounds,  94.74% of Permutation tests (Core 11/15, passed_count 18)
 11.74% of Permutation test rounds,  94.74% of Permutation tests (Core 13/15, passed_count 18)
 11.75% of Permutation test rounds,  94.74% of Permutation tests (Core 14/15, passed_count 18)
 11.76% of Permutation test rounds,  94.74% of Permutation tests (Core 3/15, passed_count 18)
 11.77% of Permutation test rounds,  94.74% of Permutation tests (Core 4/15, passed_count 18)
 11.78% of Permutation test rounds,  94.74% of Permutation tests (Core 9/15, passed_count 18)
 11.79% of Permutation test rounds,  94.74% of Permutation tests (Core 5/15, passed_count 18)
 11.80% of Permutation test rounds,  94.74% of Permutation tests (Core 15/15, passed_count 18)
 11.81% of Permutation test rounds,  94.74% of Permutation tests (Core 0/15, passed_count 18)
 11.82% of Permutation test rounds,  94.74% of Permutation tests (Core 8/15, passed_count 18)
 11.83% of Permutation test rounds,  94.74% of Permutation tests (Core 10/15, passed_count 18)
 11.84% of Permutation test rounds,  94.74% of Permutation tests (Core 12/15, passed_count 18)
 11.85% of Permutation test rounds,  94.74% of Permutation tests (Core 6/15, passed_count 18)
 11.86% of Permutation test rounds,  94.74% of Permutation tests (Core 2/15, passed_count 18)
 11.87% of Permutation test rounds,  94.74% of Permutation tests (Core 7/15, passed_count 18)
 11.88% of Permutation test rounds, 100.00% of Permutation tests (Core 1/15, passed_count 19)
 17.33% of Permutation test rounds, 100.00% of Permutation tests (Core 11/15, passed_count 19)
 22.88% of Permutation test rounds, 100.00% of Permutation tests (Core 13/15, passed_count 19)
 28.39% of Permutation test rounds, 100.00% of Permutation tests (Core 14/15, passed_count 19)
 33.88% of Permutation test rounds, 100.00% of Permutation tests (Core 3/15, passed_count 19)
 39.34% of Permutation test rounds, 100.00% of Permutation tests (Core 4/15, passed_count 19)
 44.91% of Permutation test rounds, 100.00% of Permutation tests (Core 9/15, passed_count 19)
 50.46% of Permutation test rounds, 100.00% of Permutation tests (Core 5/15, passed_count 19)
 56.00% of Permutation test rounds, 100.00% of Permutation tests (Core 15/15, passed_count 19)
 61.54% of Permutation test rounds, 100.00% of Permutation tests (Core 0/15, passed_count 19)
 66.98% of Permutation test rounds, 100.00% of Permutation tests (Core 8/15, passed_count 19)
 72.51% of Permutation test rounds, 100.00% of Permutation tests (Core 10/15, passed_count 19)
 77.99% of Permutation test rounds, 100.00% of Permutation tests (Core 12/15, passed_count 19)
 83.51% of Permutation test rounds, 100.00% of Permutation tests (Core 6/15, passed_count 19)
 89.02% of Permutation test rounds, 100.00% of Permutation tests (Core 2/15, passed_count 19)
 94.47% of Permutation test rounds, 100.00% of Permutation tests (Core 7/15, passed_count 19)


                statistic  C[i][0]  C[i][1]  C[i][2]
----------------------------------------------------
                excursion       6       0       8
       numDirectionalRuns       5       1      21
       lenDirectionalRuns       5       6       0
    numIncreasesDecreases    1182       1       5
            numRunsMedian       6       0      14
            lenRunsMedian       5       3       3
             avgCollision       6       0       9
             maxCollision       3       3       5
           periodicity(1)       5       1      22
           periodicity(2)      18       0       6
           periodicity(8)      18       0       6
          periodicity(16)      11       0       6
          periodicity(32)       6       0      16
            covariance(1)      90       0       6
            covariance(2)       6       0       7
            covariance(8)       6       0      84
           covariance(16)       6       0       7
           covariance(32)      21       0       6
              compression     325       0       6
(* denotes failed test)

** Passed IID permutation tests

your 131072x1 screen size is bogus. expect trouble
your 131072x1 screen size is bogus. expect trouble
Identity added: /home/mmggjj/.ssh/id_ed25519 (mariogj.03@gmail.com)
tiempo_s=1.93 maxrss_kB=76832
--- condA_rep1_noniid_b1: exit 0, 1 s ---
Agent pid 423
Opening file: '/mnt/c/Users/mario/Documents/TFM_FPGA_CRYPTO/results/entropia90b/bits/condA_rep1.bits' (SHA-256 hash 0f7f7065a7b8cab925e53dd6954530f56d72367642f0963d601b628850a92d2c)
Loaded 1000000 samples of 2 distinct 1-bit-wide symbols

Running non-IID tests...

Running Most Common Value Estimate...
Literal MCV Estimate: mode = 500791, p-hat = 0.50079099999999999, p_u = 0.50207891368408297
	Most Common Value Estimate = 0.994014 / 1 bit(s)

Running Entropic Statistic Estimates (bit strings only)...
Literal Collision Estimate: X-bar = 2.5008515416530162, sigma-hat = 0.49999990009068918, p = 0.52434315739639725
	Collision Test Estimate = 0.931417 / 1 bit(s)
Literal Markov Estimate: P_0 = 0.49920900000000001, P_1 = 0.50079099999999999, P_0,0 = 0.49862181695806157, P_0,1 = 0.50137818304193837, P_1,0 = 0.49979332695675444, P_1,1 = 0.50020667304324551, p_max = 3.4093267201194804e-39
	Markov Test Estimate = 0.998326 / 1 bit(s)
Literal Compression Estimate: X-bar = 5.2147529445756948, sigma-hat = 1.0182771159799078, p = 0.032280973255623291
	Compression Test Estimate = 0.825529 / 1 bit(s)

Running Tuple Estimates...
Literal t-Tuple Estimate: t = 16, p-hat_max = 0.5275569070895033270104, p_u = 0.5288428648552972063902
Literal LRS Estimate: u = 17, v = 41, p-hat = 0.51886258802425074, p_u = 0.52014958652029048
	T-Tuple Test Estimate = 0.919089 / 1 bit(s)
	LRS Test Estimate = 0.943002 / 1 bit(s)

Running Predictor Estimates...
Literal MultiMCW Prediction Estimate: N = 999937, Pglobal' = 0.50132645828885591 (C = 500007) Plocal can't affect result (r = 20)
	Multi Most Common in Window (MultiMCW) Prediction Test Estimate = 0.996178 / 1 bit(s)
Literal Lag Prediction Estimate: N = 999999, Pglobal' = 0.50144841603383705 (C = 500160) Plocal can't affect result (r = 23)
	Lag Prediction Test Estimate = 0.995827 / 1 bit(s)
Literal MultiMMC Prediction Estimate: N = 999998, Pglobal' = 0.5011269161948817 (C = 499838) Plocal can't affect result (r = 19)
	Multi Markov Model with Counting (MultiMMC) Prediction Test Estimate = 0.996752 / 1 bit(s)
Literal LZ78Y Prediction Estimate: N = 999983, Pglobal' = 0.50118342443850272 (C = 499887) Plocal can't affect result (r = 20)
	LZ78Y Prediction Test Estimate = 0.996589 / 1 bit(s)

H_original: 0.825529
your 131072x1 screen size is bogus. expect trouble
your 131072x1 screen size is bogus. expect trouble
Identity added: /home/mmggjj/.ssh/id_ed25519 (mariogj.03@gmail.com)
tiempo_s=0.66 maxrss_kB=22612
--- condA_rep1_iid_b1: exit 0, 11 s ---
Agent pid 423
Opening file: '/mnt/c/Users/mario/Documents/TFM_FPGA_CRYPTO/results/entropia90b/bits/condA_rep1.bits' (SHA-256 hash 0f7f7065a7b8cab925e53dd6954530f56d72367642f0963d601b628850a92d2c)
Loaded 1000000 samples of 2 distinct 1-bit-wide symbols
Calculating baseline statistics...
	Raw Mean: 0.500791
	Median: 0.500000
	Binary: true

Literal MCV Estimate: mode = 500791, p-hat = 0.50079099999999999, p_u = 0.50207891368408297
H_original: 0.994014
Chi square independence
	score = 2097.967604
	degrees of freedom = 2046
	p-value = 0.207246

Chi square goodness of fit
	score = 8.543497
	degrees of freedom = 9
	p-value = 0.480433

** Passed chi square tests

Literal Longest Repeated Substring results
	P_col: 0.500001
	Length of LRS: 41
	Pr(X >= 1): 0.203381
** Passed length of longest repeated substring test

Beginning initial tests...

Initial test results
              excursion: 387.694
     numDirectionalRuns: 80040
     lenDirectionalRuns: 12
  numIncreasesDecreases: 74570
          numRunsMedian: 500585
          lenRunsMedian: 21
           avgCollision: 20.7672
           maxCollision: 65
         periodicity(1): 24475
         periodicity(2): 24612
         periodicity(8): 24587
        periodicity(16): 24633
        periodicity(32): 24523
          covariance(1): 2.00641e+06
          covariance(2): 2.00597e+06
          covariance(8): 2.00676e+06
         covariance(16): 2.00616e+06
         covariance(32): 2.00588e+06
            compression: 155783

Beginning permutation tests... these may take some time
  0.01% of Permutation test rounds,   0.00% of Permutation tests (Core 5/15, passed_count 0)
  0.02% of Permutation test rounds,   0.00% of Permutation tests (Core 6/15, passed_count 0)
  0.03% of Permutation test rounds,   0.00% of Permutation tests (Core 15/15, passed_count 0)
  0.04% of Permutation test rounds,   0.00% of Permutation tests (Core 1/15, passed_count 0)
  0.05% of Permutation test rounds,   0.00% of Permutation tests (Core 9/15, passed_count 0)
  0.06% of Permutation test rounds,   0.00% of Permutation tests (Core 8/15, passed_count 0)
  0.07% of Permutation test rounds,   0.00% of Permutation tests (Core 3/15, passed_count 0)
  0.08% of Permutation test rounds,   0.00% of Permutation tests (Core 11/15, passed_count 0)
  0.09% of Permutation test rounds,   0.00% of Permutation tests (Core 4/15, passed_count 0)
  0.10% of Permutation test rounds,   5.26% of Permutation tests (Core 14/15, passed_count 1)
  0.11% of Permutation test rounds,   5.26% of Permutation tests (Core 7/15, passed_count 1)
  0.12% of Permutation test rounds,  31.58% of Permutation tests (Core 2/15, passed_count 6)
  0.13% of Permutation test rounds,  36.84% of Permutation tests (Core 10/15, passed_count 7)
  0.14% of Permutation test rounds,  42.11% of Permutation tests (Core 12/15, passed_count 8)
  0.15% of Permutation test rounds,  57.89% of Permutation tests (Core 13/15, passed_count 11)
  0.16% of Permutation test rounds,  57.89% of Permutation tests (Core 0/15, passed_count 11)
  0.17% of Permutation test rounds,  63.16% of Permutation tests (Core 5/15, passed_count 12)
  0.18% of Permutation test rounds,  63.16% of Permutation tests (Core 15/15, passed_count 12)
  0.19% of Permutation test rounds,  68.42% of Permutation tests (Core 9/15, passed_count 13)
  0.20% of Permutation test rounds,  68.42% of Permutation tests (Core 6/15, passed_count 13)
  0.21% of Permutation test rounds,  68.42% of Permutation tests (Core 8/15, passed_count 13)
  0.22% of Permutation test rounds,  68.42% of Permutation tests (Core 4/15, passed_count 13)
  0.23% of Permutation test rounds,  73.68% of Permutation tests (Core 1/15, passed_count 14)
  0.24% of Permutation test rounds,  73.68% of Permutation tests (Core 3/15, passed_count 14)
  0.25% of Permutation test rounds,  73.68% of Permutation tests (Core 11/15, passed_count 14)
  0.26% of Permutation test rounds,  73.68% of Permutation tests (Core 10/15, passed_count 14)
  0.27% of Permutation test rounds,  73.68% of Permutation tests (Core 14/15, passed_count 14)
  0.28% of Permutation test rounds,  73.68% of Permutation tests (Core 2/15, passed_count 14)
  0.29% of Permutation test rounds,  73.68% of Permutation tests (Core 7/15, passed_count 14)
  0.30% of Permutation test rounds,  73.68% of Permutation tests (Core 13/15, passed_count 14)
  0.31% of Permutation test rounds,  73.68% of Permutation tests (Core 0/15, passed_count 14)
  0.32% of Permutation test rounds,  73.68% of Permutation tests (Core 12/15, passed_count 14)
  0.33% of Permutation test rounds,  73.68% of Permutation tests (Core 5/15, passed_count 14)
  0.34% of Permutation test rounds,  73.68% of Permutation tests (Core 15/15, passed_count 14)
  0.35% of Permutation test rounds,  73.68% of Permutation tests (Core 9/15, passed_count 14)
  0.36% of Permutation test rounds,  73.68% of Permutation tests (Core 8/15, passed_count 14)
  0.37% of Permutation test rounds,  78.95% of Permutation tests (Core 1/15, passed_count 15)
  0.38% of Permutation test rounds,  78.95% of Permutation tests (Core 3/15, passed_count 15)
  0.39% of Permutation test rounds,  78.95% of Permutation tests (Core 4/15, passed_count 15)
  0.40% of Permutation test rounds,  78.95% of Permutation tests (Core 6/15, passed_count 15)
  0.41% of Permutation test rounds,  84.21% of Permutation tests (Core 10/15, passed_count 16)
  0.42% of Permutation test rounds,  84.21% of Permutation tests (Core 11/15, passed_count 16)
  0.43% of Permutation test rounds,  84.21% of Permutation tests (Core 14/15, passed_count 16)
  0.44% of Permutation test rounds,  84.21% of Permutation tests (Core 2/15, passed_count 16)
  0.45% of Permutation test rounds,  84.21% of Permutation tests (Core 7/15, passed_count 16)
  0.46% of Permutation test rounds,  84.21% of Permutation tests (Core 0/15, passed_count 16)
  0.47% of Permutation test rounds,  84.21% of Permutation tests (Core 13/15, passed_count 16)
  0.48% of Permutation test rounds,  84.21% of Permutation tests (Core 12/15, passed_count 16)
  0.49% of Permutation test rounds,  84.21% of Permutation tests (Core 5/15, passed_count 16)
  0.50% of Permutation test rounds,  84.21% of Permutation tests (Core 15/15, passed_count 16)
  0.51% of Permutation test rounds,  84.21% of Permutation tests (Core 9/15, passed_count 16)
  0.52% of Permutation test rounds,  84.21% of Permutation tests (Core 8/15, passed_count 16)
  0.53% of Permutation test rounds,  84.21% of Permutation tests (Core 3/15, passed_count 16)
  0.54% of Permutation test rounds,  84.21% of Permutation tests (Core 10/15, passed_count 16)
  0.55% of Permutation test rounds,  84.21% of Permutation tests (Core 11/15, passed_count 16)
  0.56% of Permutation test rounds,  84.21% of Permutation tests (Core 1/15, passed_count 16)
  0.57% of Permutation test rounds,  84.21% of Permutation tests (Core 4/15, passed_count 16)
  0.58% of Permutation test rounds,  84.21% of Permutation tests (Core 14/15, passed_count 16)
  0.59% of Permutation test rounds,  84.21% of Permutation tests (Core 6/15, passed_count 16)
  0.60% of Permutation test rounds,  84.21% of Permutation tests (Core 2/15, passed_count 16)
  0.61% of Permutation test rounds,  84.21% of Permutation tests (Core 7/15, passed_count 16)
  0.62% of Permutation test rounds,  84.21% of Permutation tests (Core 0/15, passed_count 16)
  0.63% of Permutation test rounds,  84.21% of Permutation tests (Core 13/15, passed_count 16)
  0.64% of Permutation test rounds,  84.21% of Permutation tests (Core 12/15, passed_count 16)
  0.65% of Permutation test rounds,  84.21% of Permutation tests (Core 5/15, passed_count 16)
  0.66% of Permutation test rounds,  84.21% of Permutation tests (Core 9/15, passed_count 16)
  0.67% of Permutation test rounds,  84.21% of Permutation tests (Core 15/15, passed_count 16)
  0.68% of Permutation test rounds,  84.21% of Permutation tests (Core 3/15, passed_count 16)
  0.69% of Permutation test rounds,  84.21% of Permutation tests (Core 10/15, passed_count 16)
  0.70% of Permutation test rounds,  84.21% of Permutation tests (Core 8/15, passed_count 16)
  0.71% of Permutation test rounds,  84.21% of Permutation tests (Core 11/15, passed_count 16)
  0.72% of Permutation test rounds,  84.21% of Permutation tests (Core 4/15, passed_count 16)
  0.73% of Permutation test rounds,  84.21% of Permutation tests (Core 1/15, passed_count 16)
  0.74% of Permutation test rounds,  84.21% of Permutation tests (Core 14/15, passed_count 16)
  0.75% of Permutation test rounds,  84.21% of Permutation tests (Core 6/15, passed_count 16)
  0.76% of Permutation test rounds,  84.21% of Permutation tests (Core 5/15, passed_count 16)
  0.77% of Permutation test rounds,  84.21% of Permutation tests (Core 0/15, passed_count 16)
  0.78% of Permutation test rounds,  84.21% of Permutation tests (Core 9/15, passed_count 16)
  0.79% of Permutation test rounds,  84.21% of Permutation tests (Core 7/15, passed_count 16)
  0.80% of Permutation test rounds,  84.21% of Permutation tests (Core 2/15, passed_count 16)
  0.81% of Permutation test rounds,  84.21% of Permutation tests (Core 12/15, passed_count 16)
  0.82% of Permutation test rounds,  84.21% of Permutation tests (Core 13/15, passed_count 16)
  0.83% of Permutation test rounds,  84.21% of Permutation tests (Core 15/15, passed_count 16)
  0.84% of Permutation test rounds,  84.21% of Permutation tests (Core 3/15, passed_count 16)
  0.85% of Permutation test rounds,  84.21% of Permutation tests (Core 8/15, passed_count 16)
  0.86% of Permutation test rounds,  84.21% of Permutation tests (Core 10/15, passed_count 16)
  0.87% of Permutation test rounds,  84.21% of Permutation tests (Core 11/15, passed_count 16)
  0.88% of Permutation test rounds,  84.21% of Permutation tests (Core 4/15, passed_count 16)
  0.89% of Permutation test rounds,  84.21% of Permutation tests (Core 1/15, passed_count 16)
  0.90% of Permutation test rounds,  84.21% of Permutation tests (Core 14/15, passed_count 16)
  0.91% of Permutation test rounds,  84.21% of Permutation tests (Core 6/15, passed_count 16)
  0.92% of Permutation test rounds,  84.21% of Permutation tests (Core 5/15, passed_count 16)
  0.93% of Permutation test rounds,  84.21% of Permutation tests (Core 9/15, passed_count 16)
  0.94% of Permutation test rounds,  84.21% of Permutation tests (Core 0/15, passed_count 16)
  0.95% of Permutation test rounds,  84.21% of Permutation tests (Core 7/15, passed_count 16)
  0.96% of Permutation test rounds,  84.21% of Permutation tests (Core 2/15, passed_count 16)
  0.97% of Permutation test rounds,  84.21% of Permutation tests (Core 12/15, passed_count 16)
  0.98% of Permutation test rounds,  84.21% of Permutation tests (Core 3/15, passed_count 16)
  0.99% of Permutation test rounds,  84.21% of Permutation tests (Core 13/15, passed_count 16)
  1.00% of Permutation test rounds,  84.21% of Permutation tests (Core 15/15, passed_count 16)
  1.01% of Permutation test rounds,  84.21% of Permutation tests (Core 8/15, passed_count 16)
  1.02% of Permutation test rounds,  84.21% of Permutation tests (Core 10/15, passed_count 16)
  1.03% of Permutation test rounds,  84.21% of Permutation tests (Core 11/15, passed_count 16)
  1.04% of Permutation test rounds,  84.21% of Permutation tests (Core 4/15, passed_count 16)
  1.05% of Permutation test rounds,  84.21% of Permutation tests (Core 1/15, passed_count 16)
  1.06% of Permutation test rounds,  84.21% of Permutation tests (Core 14/15, passed_count 16)
  1.07% of Permutation test rounds,  84.21% of Permutation tests (Core 5/15, passed_count 16)
  1.08% of Permutation test rounds,  84.21% of Permutation tests (Core 6/15, passed_count 16)
  1.09% of Permutation test rounds,  84.21% of Permutation tests (Core 9/15, passed_count 16)
  1.10% of Permutation test rounds,  84.21% of Permutation tests (Core 0/15, passed_count 16)
  1.11% of Permutation test rounds,  84.21% of Permutation tests (Core 13/15, passed_count 16)
  1.12% of Permutation test rounds,  84.21% of Permutation tests (Core 12/15, passed_count 16)
  1.13% of Permutation test rounds,  84.21% of Permutation tests (Core 2/15, passed_count 16)
  1.14% of Permutation test rounds,  84.21% of Permutation tests (Core 15/15, passed_count 16)
  1.15% of Permutation test rounds,  84.21% of Permutation tests (Core 11/15, passed_count 16)
  1.16% of Permutation test rounds,  84.21% of Permutation tests (Core 7/15, passed_count 16)
  1.17% of Permutation test rounds,  84.21% of Permutation tests (Core 3/15, passed_count 16)
  1.18% of Permutation test rounds,  84.21% of Permutation tests (Core 10/15, passed_count 16)
  1.19% of Permutation test rounds,  84.21% of Permutation tests (Core 8/15, passed_count 16)
  1.20% of Permutation test rounds,  84.21% of Permutation tests (Core 4/15, passed_count 16)
  1.21% of Permutation test rounds,  84.21% of Permutation tests (Core 5/15, passed_count 16)
  1.22% of Permutation test rounds,  84.21% of Permutation tests (Core 9/15, passed_count 16)
  1.23% of Permutation test rounds,  84.21% of Permutation tests (Core 14/15, passed_count 16)
  1.24% of Permutation test rounds,  84.21% of Permutation tests (Core 1/15, passed_count 16)
  1.25% of Permutation test rounds,  84.21% of Permutation tests (Core 6/15, passed_count 16)
  1.26% of Permutation test rounds,  84.21% of Permutation tests (Core 15/15, passed_count 16)
  1.27% of Permutation test rounds,  84.21% of Permutation tests (Core 11/15, passed_count 16)
  1.28% of Permutation test rounds,  84.21% of Permutation tests (Core 3/15, passed_count 16)
  1.29% of Permutation test rounds,  84.21% of Permutation tests (Core 10/15, passed_count 16)
  1.30% of Permutation test rounds,  84.21% of Permutation tests (Core 8/15, passed_count 16)
  1.31% of Permutation test rounds,  84.21% of Permutation tests (Core 0/15, passed_count 16)
  1.32% of Permutation test rounds,  84.21% of Permutation tests (Core 4/15, passed_count 16)
  1.33% of Permutation test rounds,  84.21% of Permutation tests (Core 13/15, passed_count 16)
  1.34% of Permutation test rounds,  84.21% of Permutation tests (Core 12/15, passed_count 16)
  1.35% of Permutation test rounds,  84.21% of Permutation tests (Core 2/15, passed_count 16)
  1.36% of Permutation test rounds,  84.21% of Permutation tests (Core 7/15, passed_count 16)
  1.37% of Permutation test rounds,  84.21% of Permutation tests (Core 5/15, passed_count 16)
  1.38% of Permutation test rounds,  84.21% of Permutation tests (Core 9/15, passed_count 16)
  1.39% of Permutation test rounds,  84.21% of Permutation tests (Core 15/15, passed_count 16)
  1.40% of Permutation test rounds,  84.21% of Permutation tests (Core 3/15, passed_count 16)
  1.41% of Permutation test rounds,  84.21% of Permutation tests (Core 10/15, passed_count 16)
  1.42% of Permutation test rounds,  84.21% of Permutation tests (Core 14/15, passed_count 16)
  1.43% of Permutation test rounds,  84.21% of Permutation tests (Core 11/15, passed_count 16)
  1.44% of Permutation test rounds,  84.21% of Permutation tests (Core 1/15, passed_count 16)
  1.45% of Permutation test rounds,  84.21% of Permutation tests (Core 6/15, passed_count 16)
  1.46% of Permutation test rounds,  84.21% of Permutation tests (Core 8/15, passed_count 16)
  1.47% of Permutation test rounds,  84.21% of Permutation tests (Core 4/15, passed_count 16)
  1.48% of Permutation test rounds,  84.21% of Permutation tests (Core 2/15, passed_count 16)
  1.49% of Permutation test rounds,  84.21% of Permutation tests (Core 0/15, passed_count 16)
  1.50% of Permutation test rounds,  84.21% of Permutation tests (Core 13/15, passed_count 16)
  1.51% of Permutation test rounds,  84.21% of Permutation tests (Core 12/15, passed_count 16)
  1.52% of Permutation test rounds,  84.21% of Permutation tests (Core 7/15, passed_count 16)
  1.53% of Permutation test rounds,  84.21% of Permutation tests (Core 5/15, passed_count 16)
  1.54% of Permutation test rounds,  84.21% of Permutation tests (Core 9/15, passed_count 16)
  1.55% of Permutation test rounds,  84.21% of Permutation tests (Core 3/15, passed_count 16)
  1.56% of Permutation test rounds,  84.21% of Permutation tests (Core 10/15, passed_count 16)
  1.57% of Permutation test rounds,  84.21% of Permutation tests (Core 15/15, passed_count 16)
  1.58% of Permutation test rounds,  84.21% of Permutation tests (Core 11/15, passed_count 16)
  1.59% of Permutation test rounds,  84.21% of Permutation tests (Core 6/15, passed_count 16)
  1.60% of Permutation test rounds,  84.21% of Permutation tests (Core 8/15, passed_count 16)
  1.61% of Permutation test rounds,  84.21% of Permutation tests (Core 14/15, passed_count 16)
  1.62% of Permutation test rounds,  84.21% of Permutation tests (Core 4/15, passed_count 16)
  1.63% of Permutation test rounds,  84.21% of Permutation tests (Core 1/15, passed_count 16)
  1.64% of Permutation test rounds,  84.21% of Permutation tests (Core 2/15, passed_count 16)
  1.65% of Permutation test rounds,  84.21% of Permutation tests (Core 0/15, passed_count 16)
  1.66% of Permutation test rounds,  84.21% of Permutation tests (Core 12/15, passed_count 16)
  1.67% of Permutation test rounds,  84.21% of Permutation tests (Core 7/15, passed_count 16)
  1.68% of Permutation test rounds,  84.21% of Permutation tests (Core 13/15, passed_count 16)
  1.69% of Permutation test rounds,  84.21% of Permutation tests (Core 9/15, passed_count 16)
  1.70% of Permutation test rounds,  89.47% of Permutation tests (Core 5/15, passed_count 17)
  1.71% of Permutation test rounds,  89.47% of Permutation tests (Core 5/15, passed_count 17)
  1.72% of Permutation test rounds,  89.47% of Permutation tests (Core 5/15, passed_count 17)
  1.73% of Permutation test rounds,  89.47% of Permutation tests (Core 5/15, passed_count 17)
  1.74% of Permutation test rounds,  89.47% of Permutation tests (Core 5/15, passed_count 17)
  1.75% of Permutation test rounds,  89.47% of Permutation tests (Core 5/15, passed_count 17)
  1.76% of Permutation test rounds,  89.47% of Permutation tests (Core 5/15, passed_count 17)
  1.77% of Permutation test rounds,  89.47% of Permutation tests (Core 5/15, passed_count 17)
  1.78% of Permutation test rounds,  89.47% of Permutation tests (Core 5/15, passed_count 17)
  1.79% of Permutation test rounds,  89.47% of Permutation tests (Core 5/15, passed_count 17)
  1.80% of Permutation test rounds,  89.47% of Permutation tests (Core 5/15, passed_count 17)
  1.81% of Permutation test rounds,  89.47% of Permutation tests (Core 5/15, passed_count 17)
  1.82% of Permutation test rounds,  89.47% of Permutation tests (Core 5/15, passed_count 17)
  1.83% of Permutation test rounds,  89.47% of Permutation tests (Core 5/15, passed_count 17)
  1.84% of Permutation test rounds,  89.47% of Permutation tests (Core 3/15, passed_count 17)
  1.85% of Permutation test rounds,  89.47% of Permutation tests (Core 5/15, passed_count 17)
  1.86% of Permutation test rounds,  89.47% of Permutation tests (Core 10/15, passed_count 17)
  1.87% of Permutation test rounds,  89.47% of Permutation tests (Core 3/15, passed_count 17)
  1.88% of Permutation test rounds,  89.47% of Permutation tests (Core 11/15, passed_count 17)
  1.89% of Permutation test rounds,  89.47% of Permutation tests (Core 5/15, passed_count 17)
  1.90% of Permutation test rounds,  89.47% of Permutation tests (Core 10/15, passed_count 17)
  1.91% of Permutation test rounds,  89.47% of Permutation tests (Core 3/15, passed_count 17)
  1.92% of Permutation test rounds,  89.47% of Permutation tests (Core 11/15, passed_count 17)
  1.93% of Permutation test rounds,  89.47% of Permutation tests (Core 5/15, passed_count 17)
  1.94% of Permutation test rounds,  89.47% of Permutation tests (Core 10/15, passed_count 17)
  1.95% of Permutation test rounds,  89.47% of Permutation tests (Core 3/15, passed_count 17)
  1.96% of Permutation test rounds,  89.47% of Permutation tests (Core 11/15, passed_count 17)
  1.97% of Permutation test rounds,  89.47% of Permutation tests (Core 15/15, passed_count 17)
  1.98% of Permutation test rounds,  89.47% of Permutation tests (Core 5/15, passed_count 17)
  1.99% of Permutation test rounds,  89.47% of Permutation tests (Core 10/15, passed_count 17)
  2.00% of Permutation test rounds,  89.47% of Permutation tests (Core 3/15, passed_count 17)
  2.01% of Permutation test rounds,  89.47% of Permutation tests (Core 11/15, passed_count 17)
  2.02% of Permutation test rounds,  89.47% of Permutation tests (Core 6/15, passed_count 17)
  2.03% of Permutation test rounds,  89.47% of Permutation tests (Core 15/15, passed_count 17)
  2.04% of Permutation test rounds,  89.47% of Permutation tests (Core 5/15, passed_count 17)
  2.05% of Permutation test rounds,  89.47% of Permutation tests (Core 10/15, passed_count 17)
  2.06% of Permutation test rounds,  89.47% of Permutation tests (Core 4/15, passed_count 17)
  2.07% of Permutation test rounds,  89.47% of Permutation tests (Core 3/15, passed_count 17)
  2.08% of Permutation test rounds,  89.47% of Permutation tests (Core 11/15, passed_count 17)
  2.09% of Permutation test rounds,  89.47% of Permutation tests (Core 6/15, passed_count 17)
  2.10% of Permutation test rounds,  89.47% of Permutation tests (Core 8/15, passed_count 17)
  2.11% of Permutation test rounds,  89.47% of Permutation tests (Core 15/15, passed_count 17)
  2.12% of Permutation test rounds,  89.47% of Permutation tests (Core 5/15, passed_count 17)
  2.13% of Permutation test rounds,  89.47% of Permutation tests (Core 10/15, passed_count 17)
  2.14% of Permutation test rounds,  89.47% of Permutation tests (Core 4/15, passed_count 17)
  2.15% of Permutation test rounds,  89.47% of Permutation tests (Core 3/15, passed_count 17)
  2.16% of Permutation test rounds,  89.47% of Permutation tests (Core 11/15, passed_count 17)
  2.17% of Permutation test rounds,  89.47% of Permutation tests (Core 6/15, passed_count 17)
  2.18% of Permutation test rounds,  89.47% of Permutation tests (Core 8/15, passed_count 17)
  2.19% of Permutation test rounds,  89.47% of Permutation tests (Core 15/15, passed_count 17)
  2.20% of Permutation test rounds,  89.47% of Permutation tests (Core 5/15, passed_count 17)
  2.21% of Permutation test rounds,  89.47% of Permutation tests (Core 14/15, passed_count 17)
  2.22% of Permutation test rounds,  89.47% of Permutation tests (Core 10/15, passed_count 17)
  2.23% of Permutation test rounds,  89.47% of Permutation tests (Core 4/15, passed_count 17)
  2.24% of Permutation test rounds,  89.47% of Permutation tests (Core 3/15, passed_count 17)
  2.25% of Permutation test rounds,  89.47% of Permutation tests (Core 11/15, passed_count 17)
  2.26% of Permutation test rounds,  89.47% of Permutation tests (Core 6/15, passed_count 17)
  2.27% of Permutation test rounds,  89.47% of Permutation tests (Core 1/15, passed_count 17)
  2.28% of Permutation test rounds,  89.47% of Permutation tests (Core 8/15, passed_count 17)
  2.29% of Permutation test rounds,  89.47% of Permutation tests (Core 15/15, passed_count 17)
  2.30% of Permutation test rounds,  89.47% of Permutation tests (Core 5/15, passed_count 17)
  2.31% of Permutation test rounds,  89.47% of Permutation tests (Core 14/15, passed_count 17)
  2.32% of Permutation test rounds,  89.47% of Permutation tests (Core 10/15, passed_count 17)
  2.33% of Permutation test rounds,  89.47% of Permutation tests (Core 4/15, passed_count 17)
  2.34% of Permutation test rounds,  89.47% of Permutation tests (Core 3/15, passed_count 17)
  2.35% of Permutation test rounds,  89.47% of Permutation tests (Core 11/15, passed_count 17)
  2.36% of Permutation test rounds,  89.47% of Permutation tests (Core 6/15, passed_count 17)
  2.37% of Permutation test rounds,  89.47% of Permutation tests (Core 1/15, passed_count 17)
  2.38% of Permutation test rounds,  89.47% of Permutation tests (Core 8/15, passed_count 17)
  2.39% of Permutation test rounds,  89.47% of Permutation tests (Core 15/15, passed_count 17)
  2.40% of Permutation test rounds,  89.47% of Permutation tests (Core 5/15, passed_count 17)
  2.41% of Permutation test rounds,  89.47% of Permutation tests (Core 14/15, passed_count 17)
  2.42% of Permutation test rounds,  89.47% of Permutation tests (Core 10/15, passed_count 17)
  2.43% of Permutation test rounds,  89.47% of Permutation tests (Core 12/15, passed_count 17)
  2.44% of Permutation test rounds,  89.47% of Permutation tests (Core 4/15, passed_count 17)
  2.45% of Permutation test rounds,  89.47% of Permutation tests (Core 2/15, passed_count 17)
  2.46% of Permutation test rounds,  89.47% of Permutation tests (Core 3/15, passed_count 17)
  2.47% of Permutation test rounds,  89.47% of Permutation tests (Core 11/15, passed_count 17)
  2.48% of Permutation test rounds,  89.47% of Permutation tests (Core 6/15, passed_count 17)
  2.49% of Permutation test rounds,  89.47% of Permutation tests (Core 1/15, passed_count 17)
  2.50% of Permutation test rounds,  89.47% of Permutation tests (Core 8/15, passed_count 17)
  2.51% of Permutation test rounds,  89.47% of Permutation tests (Core 0/15, passed_count 17)
  2.52% of Permutation test rounds,  89.47% of Permutation tests (Core 15/15, passed_count 17)
  2.53% of Permutation test rounds,  89.47% of Permutation tests (Core 7/15, passed_count 17)
  2.54% of Permutation test rounds,  94.74% of Permutation tests (Core 5/15, passed_count 18)
  2.55% of Permutation test rounds,  94.74% of Permutation tests (Core 14/15, passed_count 18)
  2.56% of Permutation test rounds,  94.74% of Permutation tests (Core 13/15, passed_count 18)
  2.57% of Permutation test rounds,  94.74% of Permutation tests (Core 9/15, passed_count 18)
  2.58% of Permutation test rounds,  94.74% of Permutation tests (Core 10/15, passed_count 18)
  2.59% of Permutation test rounds,  94.74% of Permutation tests (Core 12/15, passed_count 18)
  2.60% of Permutation test rounds,  94.74% of Permutation tests (Core 4/15, passed_count 18)
  2.61% of Permutation test rounds,  94.74% of Permutation tests (Core 2/15, passed_count 18)
  2.62% of Permutation test rounds,  94.74% of Permutation tests (Core 3/15, passed_count 18)
  2.63% of Permutation test rounds,  94.74% of Permutation tests (Core 11/15, passed_count 18)
  2.64% of Permutation test rounds,  94.74% of Permutation tests (Core 6/15, passed_count 18)
  2.65% of Permutation test rounds,  94.74% of Permutation tests (Core 1/15, passed_count 18)
  2.66% of Permutation test rounds,  94.74% of Permutation tests (Core 8/15, passed_count 18)
  2.67% of Permutation test rounds,  94.74% of Permutation tests (Core 0/15, passed_count 18)
  2.68% of Permutation test rounds,  94.74% of Permutation tests (Core 15/15, passed_count 18)
  2.69% of Permutation test rounds,  94.74% of Permutation tests (Core 7/15, passed_count 18)
  2.70% of Permutation test rounds,  94.74% of Permutation tests (Core 5/15, passed_count 18)
  2.71% of Permutation test rounds,  94.74% of Permutation tests (Core 14/15, passed_count 18)
  2.72% of Permutation test rounds,  94.74% of Permutation tests (Core 13/15, passed_count 18)
  2.73% of Permutation test rounds,  94.74% of Permutation tests (Core 9/15, passed_count 18)
  2.74% of Permutation test rounds,  94.74% of Permutation tests (Core 10/15, passed_count 18)
  2.75% of Permutation test rounds,  94.74% of Permutation tests (Core 12/15, passed_count 18)
  2.76% of Permutation test rounds,  94.74% of Permutation tests (Core 4/15, passed_count 18)
  2.77% of Permutation test rounds,  94.74% of Permutation tests (Core 2/15, passed_count 18)
  2.78% of Permutation test rounds,  94.74% of Permutation tests (Core 3/15, passed_count 18)
  2.79% of Permutation test rounds,  94.74% of Permutation tests (Core 11/15, passed_count 18)
  2.80% of Permutation test rounds,  94.74% of Permutation tests (Core 6/15, passed_count 18)
  2.81% of Permutation test rounds,  94.74% of Permutation tests (Core 1/15, passed_count 18)
  2.82% of Permutation test rounds,  94.74% of Permutation tests (Core 8/15, passed_count 18)
  2.83% of Permutation test rounds,  94.74% of Permutation tests (Core 0/15, passed_count 18)
  2.84% of Permutation test rounds,  94.74% of Permutation tests (Core 15/15, passed_count 18)
  2.85% of Permutation test rounds,  94.74% of Permutation tests (Core 7/15, passed_count 18)
  2.86% of Permutation test rounds,  94.74% of Permutation tests (Core 5/15, passed_count 18)
  2.87% of Permutation test rounds,  94.74% of Permutation tests (Core 14/15, passed_count 18)
  2.88% of Permutation test rounds,  94.74% of Permutation tests (Core 13/15, passed_count 18)
  2.89% of Permutation test rounds,  94.74% of Permutation tests (Core 9/15, passed_count 18)
  2.90% of Permutation test rounds,  94.74% of Permutation tests (Core 10/15, passed_count 18)
  2.91% of Permutation test rounds,  94.74% of Permutation tests (Core 12/15, passed_count 18)
  2.92% of Permutation test rounds,  94.74% of Permutation tests (Core 4/15, passed_count 18)
  2.93% of Permutation test rounds,  94.74% of Permutation tests (Core 2/15, passed_count 18)
  2.94% of Permutation test rounds,  94.74% of Permutation tests (Core 3/15, passed_count 18)
  2.95% of Permutation test rounds,  94.74% of Permutation tests (Core 11/15, passed_count 18)
  2.96% of Permutation test rounds,  94.74% of Permutation tests (Core 6/15, passed_count 18)
  2.97% of Permutation test rounds,  94.74% of Permutation tests (Core 1/15, passed_count 18)
  2.98% of Permutation test rounds,  94.74% of Permutation tests (Core 8/15, passed_count 18)
  2.99% of Permutation test rounds,  94.74% of Permutation tests (Core 0/15, passed_count 18)
  3.00% of Permutation test rounds,  94.74% of Permutation tests (Core 15/15, passed_count 18)
  3.01% of Permutation test rounds,  94.74% of Permutation tests (Core 7/15, passed_count 18)
  3.02% of Permutation test rounds,  94.74% of Permutation tests (Core 5/15, passed_count 18)
  3.03% of Permutation test rounds,  94.74% of Permutation tests (Core 14/15, passed_count 18)
  3.04% of Permutation test rounds,  94.74% of Permutation tests (Core 13/15, passed_count 18)
  3.05% of Permutation test rounds,  94.74% of Permutation tests (Core 9/15, passed_count 18)
  3.06% of Permutation test rounds,  94.74% of Permutation tests (Core 10/15, passed_count 18)
  3.07% of Permutation test rounds,  94.74% of Permutation tests (Core 12/15, passed_count 18)
  3.08% of Permutation test rounds,  94.74% of Permutation tests (Core 4/15, passed_count 18)
  3.09% of Permutation test rounds,  94.74% of Permutation tests (Core 2/15, passed_count 18)
  3.10% of Permutation test rounds,  94.74% of Permutation tests (Core 3/15, passed_count 18)
  3.11% of Permutation test rounds,  94.74% of Permutation tests (Core 11/15, passed_count 18)
  3.12% of Permutation test rounds,  94.74% of Permutation tests (Core 6/15, passed_count 18)
  3.13% of Permutation test rounds,  94.74% of Permutation tests (Core 1/15, passed_count 18)
  3.14% of Permutation test rounds,  94.74% of Permutation tests (Core 8/15, passed_count 18)
  3.15% of Permutation test rounds,  94.74% of Permutation tests (Core 0/15, passed_count 18)
  3.16% of Permutation test rounds,  94.74% of Permutation tests (Core 15/15, passed_count 18)
  3.17% of Permutation test rounds,  94.74% of Permutation tests (Core 7/15, passed_count 18)
  3.18% of Permutation test rounds,  94.74% of Permutation tests (Core 5/15, passed_count 18)
  3.19% of Permutation test rounds,  94.74% of Permutation tests (Core 14/15, passed_count 18)
  3.20% of Permutation test rounds,  94.74% of Permutation tests (Core 13/15, passed_count 18)
  3.21% of Permutation test rounds,  94.74% of Permutation tests (Core 9/15, passed_count 18)
  3.22% of Permutation test rounds,  94.74% of Permutation tests (Core 10/15, passed_count 18)
  3.23% of Permutation test rounds,  94.74% of Permutation tests (Core 12/15, passed_count 18)
  3.24% of Permutation test rounds,  94.74% of Permutation tests (Core 4/15, passed_count 18)
  3.25% of Permutation test rounds,  94.74% of Permutation tests (Core 2/15, passed_count 18)
  3.26% of Permutation test rounds,  94.74% of Permutation tests (Core 3/15, passed_count 18)
  3.27% of Permutation test rounds,  94.74% of Permutation tests (Core 11/15, passed_count 18)
  3.28% of Permutation test rounds,  94.74% of Permutation tests (Core 6/15, passed_count 18)
  3.29% of Permutation test rounds,  94.74% of Permutation tests (Core 1/15, passed_count 18)
  3.30% of Permutation test rounds,  94.74% of Permutation tests (Core 8/15, passed_count 18)
  3.31% of Permutation test rounds,  94.74% of Permutation tests (Core 0/15, passed_count 18)
  3.32% of Permutation test rounds,  94.74% of Permutation tests (Core 15/15, passed_count 18)
  3.33% of Permutation test rounds,  94.74% of Permutation tests (Core 7/15, passed_count 18)
  3.34% of Permutation test rounds,  94.74% of Permutation tests (Core 5/15, passed_count 18)
  3.35% of Permutation test rounds,  94.74% of Permutation tests (Core 14/15, passed_count 18)
  3.36% of Permutation test rounds,  94.74% of Permutation tests (Core 13/15, passed_count 18)
  3.37% of Permutation test rounds,  94.74% of Permutation tests (Core 9/15, passed_count 18)
  3.38% of Permutation test rounds,  94.74% of Permutation tests (Core 10/15, passed_count 18)
  3.39% of Permutation test rounds,  94.74% of Permutation tests (Core 12/15, passed_count 18)
  3.40% of Permutation test rounds,  94.74% of Permutation tests (Core 4/15, passed_count 18)
  3.41% of Permutation test rounds,  94.74% of Permutation tests (Core 2/15, passed_count 18)
  3.42% of Permutation test rounds,  94.74% of Permutation tests (Core 3/15, passed_count 18)
  3.43% of Permutation test rounds,  94.74% of Permutation tests (Core 11/15, passed_count 18)
  3.44% of Permutation test rounds,  94.74% of Permutation tests (Core 6/15, passed_count 18)
  3.45% of Permutation test rounds,  94.74% of Permutation tests (Core 1/15, passed_count 18)
  3.46% of Permutation test rounds,  94.74% of Permutation tests (Core 8/15, passed_count 18)
  3.47% of Permutation test rounds,  94.74% of Permutation tests (Core 0/15, passed_count 18)
  3.48% of Permutation test rounds,  94.74% of Permutation tests (Core 15/15, passed_count 18)
  3.49% of Permutation test rounds,  94.74% of Permutation tests (Core 7/15, passed_count 18)
  3.50% of Permutation test rounds,  94.74% of Permutation tests (Core 5/15, passed_count 18)
  3.51% of Permutation test rounds,  94.74% of Permutation tests (Core 14/15, passed_count 18)
  3.52% of Permutation test rounds,  94.74% of Permutation tests (Core 13/15, passed_count 18)
  3.53% of Permutation test rounds,  94.74% of Permutation tests (Core 9/15, passed_count 18)
  3.54% of Permutation test rounds,  94.74% of Permutation tests (Core 10/15, passed_count 18)
  3.55% of Permutation test rounds,  94.74% of Permutation tests (Core 12/15, passed_count 18)
  3.56% of Permutation test rounds,  94.74% of Permutation tests (Core 4/15, passed_count 18)
  3.57% of Permutation test rounds,  94.74% of Permutation tests (Core 2/15, passed_count 18)
  3.58% of Permutation test rounds,  94.74% of Permutation tests (Core 3/15, passed_count 18)
  3.59% of Permutation test rounds,  94.74% of Permutation tests (Core 11/15, passed_count 18)
  3.60% of Permutation test rounds,  94.74% of Permutation tests (Core 6/15, passed_count 18)
  3.61% of Permutation test rounds,  94.74% of Permutation tests (Core 1/15, passed_count 18)
  3.62% of Permutation test rounds,  94.74% of Permutation tests (Core 8/15, passed_count 18)
  3.63% of Permutation test rounds,  94.74% of Permutation tests (Core 0/15, passed_count 18)
  3.64% of Permutation test rounds,  94.74% of Permutation tests (Core 15/15, passed_count 18)
  3.65% of Permutation test rounds,  94.74% of Permutation tests (Core 7/15, passed_count 18)
  3.66% of Permutation test rounds,  94.74% of Permutation tests (Core 5/15, passed_count 18)
  3.67% of Permutation test rounds,  94.74% of Permutation tests (Core 14/15, passed_count 18)
  3.68% of Permutation test rounds,  94.74% of Permutation tests (Core 13/15, passed_count 18)
  3.69% of Permutation test rounds,  94.74% of Permutation tests (Core 9/15, passed_count 18)
  3.70% of Permutation test rounds,  94.74% of Permutation tests (Core 10/15, passed_count 18)
  3.71% of Permutation test rounds,  94.74% of Permutation tests (Core 12/15, passed_count 18)
  3.72% of Permutation test rounds,  94.74% of Permutation tests (Core 4/15, passed_count 18)
  3.73% of Permutation test rounds,  94.74% of Permutation tests (Core 2/15, passed_count 18)
  3.74% of Permutation test rounds,  94.74% of Permutation tests (Core 3/15, passed_count 18)
  3.75% of Permutation test rounds,  94.74% of Permutation tests (Core 11/15, passed_count 18)
  3.76% of Permutation test rounds,  94.74% of Permutation tests (Core 6/15, passed_count 18)
  3.77% of Permutation test rounds,  94.74% of Permutation tests (Core 1/15, passed_count 18)
  3.78% of Permutation test rounds,  94.74% of Permutation tests (Core 8/15, passed_count 18)
  3.79% of Permutation test rounds,  94.74% of Permutation tests (Core 0/15, passed_count 18)
  3.80% of Permutation test rounds,  94.74% of Permutation tests (Core 15/15, passed_count 18)
  3.81% of Permutation test rounds,  94.74% of Permutation tests (Core 7/15, passed_count 18)
  3.82% of Permutation test rounds,  94.74% of Permutation tests (Core 5/15, passed_count 18)
  3.83% of Permutation test rounds,  94.74% of Permutation tests (Core 14/15, passed_count 18)
  3.84% of Permutation test rounds,  94.74% of Permutation tests (Core 13/15, passed_count 18)
  3.85% of Permutation test rounds,  94.74% of Permutation tests (Core 9/15, passed_count 18)
  3.86% of Permutation test rounds,  94.74% of Permutation tests (Core 10/15, passed_count 18)
  3.87% of Permutation test rounds,  94.74% of Permutation tests (Core 12/15, passed_count 18)
  3.88% of Permutation test rounds,  94.74% of Permutation tests (Core 4/15, passed_count 18)
  3.89% of Permutation test rounds,  94.74% of Permutation tests (Core 2/15, passed_count 18)
  3.90% of Permutation test rounds,  94.74% of Permutation tests (Core 3/15, passed_count 18)
  3.91% of Permutation test rounds,  94.74% of Permutation tests (Core 11/15, passed_count 18)
  3.92% of Permutation test rounds,  94.74% of Permutation tests (Core 6/15, passed_count 18)
  3.93% of Permutation test rounds,  94.74% of Permutation tests (Core 1/15, passed_count 18)
  3.94% of Permutation test rounds,  94.74% of Permutation tests (Core 8/15, passed_count 18)
  3.95% of Permutation test rounds,  94.74% of Permutation tests (Core 0/15, passed_count 18)
  3.96% of Permutation test rounds,  94.74% of Permutation tests (Core 15/15, passed_count 18)
  3.97% of Permutation test rounds,  94.74% of Permutation tests (Core 7/15, passed_count 18)
  3.98% of Permutation test rounds,  94.74% of Permutation tests (Core 5/15, passed_count 18)
  3.99% of Permutation test rounds,  94.74% of Permutation tests (Core 14/15, passed_count 18)
  4.00% of Permutation test rounds,  94.74% of Permutation tests (Core 13/15, passed_count 18)
  4.01% of Permutation test rounds,  94.74% of Permutation tests (Core 9/15, passed_count 18)
  4.02% of Permutation test rounds,  94.74% of Permutation tests (Core 10/15, passed_count 18)
  4.03% of Permutation test rounds,  94.74% of Permutation tests (Core 12/15, passed_count 18)
  4.04% of Permutation test rounds,  94.74% of Permutation tests (Core 4/15, passed_count 18)
  4.05% of Permutation test rounds,  94.74% of Permutation tests (Core 2/15, passed_count 18)
  4.06% of Permutation test rounds,  94.74% of Permutation tests (Core 3/15, passed_count 18)
  4.07% of Permutation test rounds,  94.74% of Permutation tests (Core 11/15, passed_count 18)
  4.08% of Permutation test rounds,  94.74% of Permutation tests (Core 6/15, passed_count 18)
  4.09% of Permutation test rounds,  94.74% of Permutation tests (Core 1/15, passed_count 18)
  4.10% of Permutation test rounds,  94.74% of Permutation tests (Core 8/15, passed_count 18)
  4.11% of Permutation test rounds,  94.74% of Permutation tests (Core 0/15, passed_count 18)
  4.12% of Permutation test rounds,  94.74% of Permutation tests (Core 15/15, passed_count 18)
  4.13% of Permutation test rounds,  94.74% of Permutation tests (Core 7/15, passed_count 18)
  4.14% of Permutation test rounds,  94.74% of Permutation tests (Core 5/15, passed_count 18)
  4.15% of Permutation test rounds,  94.74% of Permutation tests (Core 14/15, passed_count 18)
  4.16% of Permutation test rounds,  94.74% of Permutation tests (Core 13/15, passed_count 18)
  4.17% of Permutation test rounds,  94.74% of Permutation tests (Core 9/15, passed_count 18)
  4.18% of Permutation test rounds,  94.74% of Permutation tests (Core 10/15, passed_count 18)
  4.19% of Permutation test rounds,  94.74% of Permutation tests (Core 12/15, passed_count 18)
  4.20% of Permutation test rounds,  94.74% of Permutation tests (Core 4/15, passed_count 18)
  4.21% of Permutation test rounds,  94.74% of Permutation tests (Core 2/15, passed_count 18)
  4.22% of Permutation test rounds,  94.74% of Permutation tests (Core 3/15, passed_count 18)
  4.23% of Permutation test rounds,  94.74% of Permutation tests (Core 11/15, passed_count 18)
  4.24% of Permutation test rounds,  94.74% of Permutation tests (Core 6/15, passed_count 18)
  4.25% of Permutation test rounds,  94.74% of Permutation tests (Core 1/15, passed_count 18)
  4.26% of Permutation test rounds,  94.74% of Permutation tests (Core 8/15, passed_count 18)
  4.27% of Permutation test rounds,  94.74% of Permutation tests (Core 0/15, passed_count 18)
  4.28% of Permutation test rounds,  94.74% of Permutation tests (Core 15/15, passed_count 18)
  4.29% of Permutation test rounds,  94.74% of Permutation tests (Core 7/15, passed_count 18)
  4.30% of Permutation test rounds,  94.74% of Permutation tests (Core 5/15, passed_count 18)
  4.31% of Permutation test rounds,  94.74% of Permutation tests (Core 14/15, passed_count 18)
  4.32% of Permutation test rounds,  94.74% of Permutation tests (Core 13/15, passed_count 18)
  4.33% of Permutation test rounds,  94.74% of Permutation tests (Core 9/15, passed_count 18)
  4.34% of Permutation test rounds,  94.74% of Permutation tests (Core 10/15, passed_count 18)
  4.35% of Permutation test rounds,  94.74% of Permutation tests (Core 12/15, passed_count 18)
  4.36% of Permutation test rounds,  94.74% of Permutation tests (Core 4/15, passed_count 18)
  4.37% of Permutation test rounds,  94.74% of Permutation tests (Core 2/15, passed_count 18)
  4.38% of Permutation test rounds,  94.74% of Permutation tests (Core 3/15, passed_count 18)
  4.39% of Permutation test rounds,  94.74% of Permutation tests (Core 11/15, passed_count 18)
  4.40% of Permutation test rounds,  94.74% of Permutation tests (Core 6/15, passed_count 18)
  4.41% of Permutation test rounds,  94.74% of Permutation tests (Core 1/15, passed_count 18)
  4.42% of Permutation test rounds,  94.74% of Permutation tests (Core 8/15, passed_count 18)
  4.43% of Permutation test rounds,  94.74% of Permutation tests (Core 0/15, passed_count 18)
  4.44% of Permutation test rounds,  94.74% of Permutation tests (Core 15/15, passed_count 18)
  4.45% of Permutation test rounds,  94.74% of Permutation tests (Core 7/15, passed_count 18)
  4.46% of Permutation test rounds,  94.74% of Permutation tests (Core 5/15, passed_count 18)
  4.47% of Permutation test rounds,  94.74% of Permutation tests (Core 14/15, passed_count 18)
  4.48% of Permutation test rounds,  94.74% of Permutation tests (Core 13/15, passed_count 18)
  4.49% of Permutation test rounds,  94.74% of Permutation tests (Core 9/15, passed_count 18)
  4.50% of Permutation test rounds,  94.74% of Permutation tests (Core 10/15, passed_count 18)
  4.51% of Permutation test rounds,  94.74% of Permutation tests (Core 12/15, passed_count 18)
  4.52% of Permutation test rounds,  94.74% of Permutation tests (Core 4/15, passed_count 18)
  4.53% of Permutation test rounds,  94.74% of Permutation tests (Core 2/15, passed_count 18)
  4.54% of Permutation test rounds,  94.74% of Permutation tests (Core 3/15, passed_count 18)
  4.55% of Permutation test rounds,  94.74% of Permutation tests (Core 11/15, passed_count 18)
  4.56% of Permutation test rounds,  94.74% of Permutation tests (Core 6/15, passed_count 18)
  4.57% of Permutation test rounds,  94.74% of Permutation tests (Core 1/15, passed_count 18)
  4.58% of Permutation test rounds,  94.74% of Permutation tests (Core 8/15, passed_count 18)
  4.59% of Permutation test rounds,  94.74% of Permutation tests (Core 0/15, passed_count 18)
  4.60% of Permutation test rounds,  94.74% of Permutation tests (Core 15/15, passed_count 18)
  4.61% of Permutation test rounds,  94.74% of Permutation tests (Core 7/15, passed_count 18)
  4.62% of Permutation test rounds,  94.74% of Permutation tests (Core 5/15, passed_count 18)
  4.63% of Permutation test rounds,  94.74% of Permutation tests (Core 14/15, passed_count 18)
  4.64% of Permutation test rounds,  94.74% of Permutation tests (Core 13/15, passed_count 18)
  4.65% of Permutation test rounds,  94.74% of Permutation tests (Core 9/15, passed_count 18)
  4.66% of Permutation test rounds,  94.74% of Permutation tests (Core 10/15, passed_count 18)
  4.67% of Permutation test rounds,  94.74% of Permutation tests (Core 12/15, passed_count 18)
  4.68% of Permutation test rounds,  94.74% of Permutation tests (Core 4/15, passed_count 18)
  4.69% of Permutation test rounds,  94.74% of Permutation tests (Core 2/15, passed_count 18)
  4.70% of Permutation test rounds,  94.74% of Permutation tests (Core 3/15, passed_count 18)
  4.71% of Permutation test rounds,  94.74% of Permutation tests (Core 11/15, passed_count 18)
  4.72% of Permutation test rounds,  94.74% of Permutation tests (Core 6/15, passed_count 18)
  4.73% of Permutation test rounds,  94.74% of Permutation tests (Core 1/15, passed_count 18)
  4.74% of Permutation test rounds,  94.74% of Permutation tests (Core 8/15, passed_count 18)
  4.75% of Permutation test rounds,  94.74% of Permutation tests (Core 0/15, passed_count 18)
  4.76% of Permutation test rounds,  94.74% of Permutation tests (Core 15/15, passed_count 18)
  4.77% of Permutation test rounds,  94.74% of Permutation tests (Core 7/15, passed_count 18)
  4.78% of Permutation test rounds,  94.74% of Permutation tests (Core 5/15, passed_count 18)
  4.79% of Permutation test rounds,  94.74% of Permutation tests (Core 14/15, passed_count 18)
  4.80% of Permutation test rounds,  94.74% of Permutation tests (Core 13/15, passed_count 18)
  4.81% of Permutation test rounds,  94.74% of Permutation tests (Core 9/15, passed_count 18)
  4.82% of Permutation test rounds,  94.74% of Permutation tests (Core 10/15, passed_count 18)
  4.83% of Permutation test rounds,  94.74% of Permutation tests (Core 12/15, passed_count 18)
  4.84% of Permutation test rounds,  94.74% of Permutation tests (Core 4/15, passed_count 18)
  4.85% of Permutation test rounds,  94.74% of Permutation tests (Core 2/15, passed_count 18)
  4.86% of Permutation test rounds,  94.74% of Permutation tests (Core 3/15, passed_count 18)
  4.87% of Permutation test rounds,  94.74% of Permutation tests (Core 11/15, passed_count 18)
  4.88% of Permutation test rounds,  94.74% of Permutation tests (Core 6/15, passed_count 18)
  4.89% of Permutation test rounds,  94.74% of Permutation tests (Core 1/15, passed_count 18)
  4.90% of Permutation test rounds,  94.74% of Permutation tests (Core 8/15, passed_count 18)
  4.91% of Permutation test rounds,  94.74% of Permutation tests (Core 0/15, passed_count 18)
  4.92% of Permutation test rounds,  94.74% of Permutation tests (Core 15/15, passed_count 18)
  4.93% of Permutation test rounds,  94.74% of Permutation tests (Core 7/15, passed_count 18)
  4.94% of Permutation test rounds,  94.74% of Permutation tests (Core 5/15, passed_count 18)
  4.95% of Permutation test rounds,  94.74% of Permutation tests (Core 14/15, passed_count 18)
  4.96% of Permutation test rounds,  94.74% of Permutation tests (Core 13/15, passed_count 18)
  4.97% of Permutation test rounds,  94.74% of Permutation tests (Core 9/15, passed_count 18)
  4.98% of Permutation test rounds,  94.74% of Permutation tests (Core 10/15, passed_count 18)
  4.99% of Permutation test rounds,  94.74% of Permutation tests (Core 12/15, passed_count 18)
  5.00% of Permutation test rounds,  94.74% of Permutation tests (Core 4/15, passed_count 18)
  5.01% of Permutation test rounds,  94.74% of Permutation tests (Core 2/15, passed_count 18)
  5.02% of Permutation test rounds,  94.74% of Permutation tests (Core 3/15, passed_count 18)
  5.03% of Permutation test rounds,  94.74% of Permutation tests (Core 11/15, passed_count 18)
  5.04% of Permutation test rounds,  94.74% of Permutation tests (Core 6/15, passed_count 18)
  5.05% of Permutation test rounds,  94.74% of Permutation tests (Core 1/15, passed_count 18)
  5.06% of Permutation test rounds,  94.74% of Permutation tests (Core 8/15, passed_count 18)
  5.07% of Permutation test rounds,  94.74% of Permutation tests (Core 0/15, passed_count 18)
  5.08% of Permutation test rounds,  94.74% of Permutation tests (Core 15/15, passed_count 18)
  5.09% of Permutation test rounds,  94.74% of Permutation tests (Core 7/15, passed_count 18)
  5.10% of Permutation test rounds,  94.74% of Permutation tests (Core 5/15, passed_count 18)
  5.11% of Permutation test rounds,  94.74% of Permutation tests (Core 14/15, passed_count 18)
  5.12% of Permutation test rounds,  94.74% of Permutation tests (Core 13/15, passed_count 18)
  5.13% of Permutation test rounds,  94.74% of Permutation tests (Core 9/15, passed_count 18)
  5.14% of Permutation test rounds,  94.74% of Permutation tests (Core 10/15, passed_count 18)
  5.15% of Permutation test rounds,  94.74% of Permutation tests (Core 12/15, passed_count 18)
  5.16% of Permutation test rounds,  94.74% of Permutation tests (Core 4/15, passed_count 18)
  5.17% of Permutation test rounds,  94.74% of Permutation tests (Core 2/15, passed_count 18)
  5.18% of Permutation test rounds,  94.74% of Permutation tests (Core 3/15, passed_count 18)
  5.19% of Permutation test rounds,  94.74% of Permutation tests (Core 11/15, passed_count 18)
  5.20% of Permutation test rounds,  94.74% of Permutation tests (Core 6/15, passed_count 18)
  5.21% of Permutation test rounds,  94.74% of Permutation tests (Core 1/15, passed_count 18)
  5.22% of Permutation test rounds,  94.74% of Permutation tests (Core 8/15, passed_count 18)
  5.23% of Permutation test rounds,  94.74% of Permutation tests (Core 0/15, passed_count 18)
  5.24% of Permutation test rounds,  94.74% of Permutation tests (Core 15/15, passed_count 18)
  5.25% of Permutation test rounds,  94.74% of Permutation tests (Core 7/15, passed_count 18)
  5.26% of Permutation test rounds,  94.74% of Permutation tests (Core 5/15, passed_count 18)
  5.27% of Permutation test rounds,  94.74% of Permutation tests (Core 14/15, passed_count 18)
  5.28% of Permutation test rounds,  94.74% of Permutation tests (Core 13/15, passed_count 18)
  5.29% of Permutation test rounds,  94.74% of Permutation tests (Core 9/15, passed_count 18)
  5.30% of Permutation test rounds,  94.74% of Permutation tests (Core 10/15, passed_count 18)
  5.31% of Permutation test rounds,  94.74% of Permutation tests (Core 12/15, passed_count 18)
  5.32% of Permutation test rounds,  94.74% of Permutation tests (Core 4/15, passed_count 18)
  5.33% of Permutation test rounds,  94.74% of Permutation tests (Core 2/15, passed_count 18)
  5.34% of Permutation test rounds,  94.74% of Permutation tests (Core 3/15, passed_count 18)
  5.35% of Permutation test rounds,  94.74% of Permutation tests (Core 11/15, passed_count 18)
  5.36% of Permutation test rounds,  94.74% of Permutation tests (Core 6/15, passed_count 18)
  5.37% of Permutation test rounds,  94.74% of Permutation tests (Core 1/15, passed_count 18)
  5.38% of Permutation test rounds,  94.74% of Permutation tests (Core 8/15, passed_count 18)
  5.39% of Permutation test rounds,  94.74% of Permutation tests (Core 0/15, passed_count 18)
  5.40% of Permutation test rounds,  94.74% of Permutation tests (Core 15/15, passed_count 18)
  5.41% of Permutation test rounds,  94.74% of Permutation tests (Core 7/15, passed_count 18)
  5.42% of Permutation test rounds,  94.74% of Permutation tests (Core 5/15, passed_count 18)
  5.43% of Permutation test rounds,  94.74% of Permutation tests (Core 14/15, passed_count 18)
  5.44% of Permutation test rounds,  94.74% of Permutation tests (Core 13/15, passed_count 18)
  5.45% of Permutation test rounds,  94.74% of Permutation tests (Core 9/15, passed_count 18)
  5.46% of Permutation test rounds,  94.74% of Permutation tests (Core 10/15, passed_count 18)
  5.47% of Permutation test rounds,  94.74% of Permutation tests (Core 12/15, passed_count 18)
  5.48% of Permutation test rounds,  94.74% of Permutation tests (Core 4/15, passed_count 18)
  5.49% of Permutation test rounds,  94.74% of Permutation tests (Core 2/15, passed_count 18)
  5.50% of Permutation test rounds,  94.74% of Permutation tests (Core 3/15, passed_count 18)
  5.51% of Permutation test rounds,  94.74% of Permutation tests (Core 11/15, passed_count 18)
  5.52% of Permutation test rounds,  94.74% of Permutation tests (Core 6/15, passed_count 18)
  5.53% of Permutation test rounds,  94.74% of Permutation tests (Core 1/15, passed_count 18)
  5.54% of Permutation test rounds,  94.74% of Permutation tests (Core 8/15, passed_count 18)
  5.55% of Permutation test rounds,  94.74% of Permutation tests (Core 0/15, passed_count 18)
  5.56% of Permutation test rounds,  94.74% of Permutation tests (Core 15/15, passed_count 18)
  5.57% of Permutation test rounds,  94.74% of Permutation tests (Core 7/15, passed_count 18)
  5.58% of Permutation test rounds,  94.74% of Permutation tests (Core 5/15, passed_count 18)
  5.59% of Permutation test rounds,  94.74% of Permutation tests (Core 14/15, passed_count 18)
  5.60% of Permutation test rounds,  94.74% of Permutation tests (Core 13/15, passed_count 18)
  5.61% of Permutation test rounds,  94.74% of Permutation tests (Core 9/15, passed_count 18)
  5.62% of Permutation test rounds,  94.74% of Permutation tests (Core 10/15, passed_count 18)
  5.63% of Permutation test rounds,  94.74% of Permutation tests (Core 12/15, passed_count 18)
  5.64% of Permutation test rounds,  94.74% of Permutation tests (Core 4/15, passed_count 18)
  5.65% of Permutation test rounds,  94.74% of Permutation tests (Core 2/15, passed_count 18)
  5.66% of Permutation test rounds,  94.74% of Permutation tests (Core 3/15, passed_count 18)
  5.67% of Permutation test rounds,  94.74% of Permutation tests (Core 11/15, passed_count 18)
  5.68% of Permutation test rounds,  94.74% of Permutation tests (Core 6/15, passed_count 18)
  5.69% of Permutation test rounds,  94.74% of Permutation tests (Core 1/15, passed_count 18)
  5.70% of Permutation test rounds,  94.74% of Permutation tests (Core 8/15, passed_count 18)
  5.71% of Permutation test rounds,  94.74% of Permutation tests (Core 0/15, passed_count 18)
  5.72% of Permutation test rounds,  94.74% of Permutation tests (Core 15/15, passed_count 18)
  5.73% of Permutation test rounds,  94.74% of Permutation tests (Core 7/15, passed_count 18)
  5.74% of Permutation test rounds,  94.74% of Permutation tests (Core 5/15, passed_count 18)
  5.75% of Permutation test rounds,  94.74% of Permutation tests (Core 14/15, passed_count 18)
  5.76% of Permutation test rounds,  94.74% of Permutation tests (Core 13/15, passed_count 18)
  5.77% of Permutation test rounds,  94.74% of Permutation tests (Core 9/15, passed_count 18)
  5.78% of Permutation test rounds,  94.74% of Permutation tests (Core 10/15, passed_count 18)
  5.79% of Permutation test rounds,  94.74% of Permutation tests (Core 12/15, passed_count 18)
  5.80% of Permutation test rounds,  94.74% of Permutation tests (Core 4/15, passed_count 18)
  5.81% of Permutation test rounds,  94.74% of Permutation tests (Core 2/15, passed_count 18)
  5.82% of Permutation test rounds,  94.74% of Permutation tests (Core 3/15, passed_count 18)
  5.83% of Permutation test rounds,  94.74% of Permutation tests (Core 11/15, passed_count 18)
  5.84% of Permutation test rounds,  94.74% of Permutation tests (Core 6/15, passed_count 18)
  5.85% of Permutation test rounds,  94.74% of Permutation tests (Core 1/15, passed_count 18)
  5.86% of Permutation test rounds,  94.74% of Permutation tests (Core 8/15, passed_count 18)
  5.87% of Permutation test rounds,  94.74% of Permutation tests (Core 0/15, passed_count 18)
  5.88% of Permutation test rounds,  94.74% of Permutation tests (Core 15/15, passed_count 18)
  5.89% of Permutation test rounds,  94.74% of Permutation tests (Core 7/15, passed_count 18)
  5.90% of Permutation test rounds,  94.74% of Permutation tests (Core 5/15, passed_count 18)
  5.91% of Permutation test rounds,  94.74% of Permutation tests (Core 14/15, passed_count 18)
  5.92% of Permutation test rounds,  94.74% of Permutation tests (Core 13/15, passed_count 18)
  5.93% of Permutation test rounds,  94.74% of Permutation tests (Core 9/15, passed_count 18)
  5.94% of Permutation test rounds,  94.74% of Permutation tests (Core 10/15, passed_count 18)
  5.95% of Permutation test rounds,  94.74% of Permutation tests (Core 12/15, passed_count 18)
  5.96% of Permutation test rounds,  94.74% of Permutation tests (Core 4/15, passed_count 18)
  5.97% of Permutation test rounds,  94.74% of Permutation tests (Core 2/15, passed_count 18)
  5.98% of Permutation test rounds,  94.74% of Permutation tests (Core 3/15, passed_count 18)
  5.99% of Permutation test rounds,  94.74% of Permutation tests (Core 11/15, passed_count 18)
  6.00% of Permutation test rounds,  94.74% of Permutation tests (Core 6/15, passed_count 18)
  6.01% of Permutation test rounds,  94.74% of Permutation tests (Core 1/15, passed_count 18)
  6.02% of Permutation test rounds,  94.74% of Permutation tests (Core 8/15, passed_count 18)
  6.03% of Permutation test rounds,  94.74% of Permutation tests (Core 0/15, passed_count 18)
  6.04% of Permutation test rounds,  94.74% of Permutation tests (Core 15/15, passed_count 18)
  6.05% of Permutation test rounds, 100.00% of Permutation tests (Core 7/15, passed_count 19)
 11.98% of Permutation test rounds, 100.00% of Permutation tests (Core 5/15, passed_count 19)
 17.67% of Permutation test rounds, 100.00% of Permutation tests (Core 14/15, passed_count 19)
 23.57% of Permutation test rounds, 100.00% of Permutation tests (Core 13/15, passed_count 19)
 29.50% of Permutation test rounds, 100.00% of Permutation tests (Core 9/15, passed_count 19)
 35.41% of Permutation test rounds, 100.00% of Permutation tests (Core 10/15, passed_count 19)
 41.24% of Permutation test rounds, 100.00% of Permutation tests (Core 12/15, passed_count 19)
 47.16% of Permutation test rounds, 100.00% of Permutation tests (Core 4/15, passed_count 19)
 53.03% of Permutation test rounds, 100.00% of Permutation tests (Core 2/15, passed_count 19)
 58.95% of Permutation test rounds, 100.00% of Permutation tests (Core 3/15, passed_count 19)
 64.77% of Permutation test rounds, 100.00% of Permutation tests (Core 11/15, passed_count 19)
 70.60% of Permutation test rounds, 100.00% of Permutation tests (Core 6/15, passed_count 19)
 76.47% of Permutation test rounds, 100.00% of Permutation tests (Core 1/15, passed_count 19)
 82.37% of Permutation test rounds, 100.00% of Permutation tests (Core 8/15, passed_count 19)
 88.24% of Permutation test rounds, 100.00% of Permutation tests (Core 0/15, passed_count 19)
 94.16% of Permutation test rounds, 100.00% of Permutation tests (Core 15/15, passed_count 19)


                statistic  C[i][0]  C[i][1]  C[i][2]
----------------------------------------------------
                excursion       6       0       6
       numDirectionalRuns       6       0     599
       lenDirectionalRuns       4       2       4
    numIncreasesDecreases     248       0       6
            numRunsMedian       6       0      35
            lenRunsMedian       2       4       9
             avgCollision       6       0       8
             maxCollision       6       0       6
           periodicity(1)       9       0       6
           periodicity(2)       6       0      13
           periodicity(8)       6       0       9
          periodicity(16)       7       0       6
          periodicity(32)       6       0       6
            covariance(1)       6       0       6
            covariance(2)      11       0       6
            covariance(8)       6       0      31
           covariance(16)       6       0      17
           covariance(32)       6       0       6
              compression     164       0       6
(* denotes failed test)

** Passed IID permutation tests

your 131072x1 screen size is bogus. expect trouble
your 131072x1 screen size is bogus. expect trouble
Identity added: /home/mmggjj/.ssh/id_ed25519 (mariogj.03@gmail.com)
tiempo_s=10.09 maxrss_kB=165376
--- condB_rep1_noniid_b8: exit 0, 5 s ---
Agent pid 423
Opening file: '/mnt/c/Users/mario/Documents/TFM_RNG/tfm_esp32_rng/results/condB_rep1.bin' (SHA-256 hash 5e964bcf6385a5e3ce92bd21b9c54e6956367fd34cf83cfc3f8a16f31fbdb804)
Loaded 125000 samples of 256 distinct 8-bit-wide symbols
Number of Binary Symbols: 1000000

*** Warning: data contains less than 1000000 samples ***


Running non-IID tests...

Running Most Common Value Estimate...
Bitstring MCV Estimate: mode = 500477, p-hat = 0.50047699999999995, p_u = 0.5017649147096559
	Most Common Value Estimate (bit string) = 0.994916 / 1 bit(s)
Literal MCV Estimate: mode = 550, p-hat = 0.0044000000000000003, p_u = 0.0048822059806257522
	Most Common Value Estimate = 7.678251 / 8 bit(s)

Running Entropic Statistic Estimates (bit strings only)...
Bitstring Collision Estimate: X-bar = 2.5007477243172951, sigma-hat = 0.50000006609606285, p = 0.525386545080193
	Collision Test Estimate (bit string) = 0.928549 / 1 bit(s)
Bitstring Markov Estimate: P_0 = 0.50047699999999995, P_1 = 0.49952300000000005, P_0,0 = 0.50050951494177542, P_0,1 = 0.49949048505822458, P_1,0 = 0.50044342302556644, P_1,1 = 0.49955657697443356, p_max = 3.3477348752837836e-39
	Markov Test Estimate (bit string) = 0.998531 / 1 bit(s)
Bitstring Compression Estimate: X-bar = 5.2229637936395985, sigma-hat = 1.0100839724958024, p = 0.0209331249828133
	Compression Test Estimate (bit string) = 0.929678 / 1 bit(s)

Running Tuple Estimates...
Bitstring t-Tuple Estimate: t = 16, p-hat_max = 0.5266288655261094952056, p_u = 0.5279149530124247283462
Bitstring LRS Estimate: u = 17, v = 43, p-hat = 0.53532969459507888, p_u = 0.53661439074860757
	T-Tuple Test Estimate (bit string) = 0.921623 / 1 bit(s)
Literal t-Tuple Estimate: t = 1, p-hat_max = 0.004399999999999999999944, p_u = 0.004882205980625751415087
Literal LRS Estimate: u = 2, v = 4, p-hat = 0.004426789654307986, p_u = 0.0049104548693724501
	T-Tuple Test Estimate = 7.678251 / 8 bit(s)
	LRS Test Estimate (bit string) = 0.898042 / 1 bit(s)
	LRS Test Estimate = 7.669928 / 8 bit(s)

Running Predictor Estimates...
Bitstring MultiMCW Prediction Estimate: N = 999937, Pglobal' = 0.50167347977219667 (C = 500354) Plocal can't affect result (r = 20)
	Multi Most Common in Window (MultiMCW) Prediction Test Estimate (bit string) = 0.995179 / 1 bit(s)
Literal MultiMCW Prediction Estimate: N = 124937, Pglobal' = 0.0043943929930884435 (C = 492) Plocal can't affect result (r = 3)
	Multi Most Common in Window (MultiMCW) Prediction Test Estimate = 7.830120 / 8 bit(s)
Bitstring Lag Prediction Estimate: N = 999999, Pglobal' = 0.50228741436592761 (C = 500999) Plocal can't affect result (r = 19)
	Lag Prediction Test Estimate (bit string) = 0.993415 / 1 bit(s)
Literal Lag Prediction Estimate: N = 124999, Pglobal' = 0.0042144083363797654 (C = 471) Plocal = 0.0043223576311967127 (r = 3)
	Lag Prediction Test Estimate = 7.853966 / 8 bit(s)
Bitstring MultiMMC Prediction Estimate: N = 999998, Pglobal' = 0.5008409151749722 (C = 499552) Plocal can't affect result (r = 24)
	Multi Markov Model with Counting (MultiMMC) Prediction Test Estimate (bit string) = 0.997576 / 1 bit(s)
Literal MultiMMC Prediction Estimate: N = 124998, Pglobal' = 0.0040533768403043582 (C = 452) Plocal = 0.0043223691745210161 (r = 3)
	Multi Markov Model with Counting (MultiMMC) Prediction Test Estimate = 7.853962 / 8 bit(s)
Bitstring LZ78Y Prediction Estimate: N = 999983, Pglobal' = 0.50111842328760636 (C = 499822) Plocal can't affect result (r = 24)
	LZ78Y Prediction Test Estimate (bit string) = 0.996777 / 1 bit(s)
Literal LZ78Y Prediction Estimate: N = 124983, Pglobal' = 0.0040623460973615143 (C = 453) Plocal = 0.0043225423391850901 (r = 3)
	LZ78Y Prediction Test Estimate = 7.853904 / 8 bit(s)

H_original: 7.669928
H_bitstring: 0.898042
min(H_original, 8 X H_bitstring): 7.184339
your 131072x1 screen size is bogus. expect trouble
your 131072x1 screen size is bogus. expect trouble
Identity added: /home/mmggjj/.ssh/id_ed25519 (mariogj.03@gmail.com)
tiempo_s=4.32 maxrss_kB=288752
--- condB_rep1_iid_b8: exit 0, 0 s ---
Agent pid 423
Opening file: '/mnt/c/Users/mario/Documents/TFM_RNG/tfm_esp32_rng/results/condB_rep1.bin' (SHA-256 hash 5e964bcf6385a5e3ce92bd21b9c54e6956367fd34cf83cfc3f8a16f31fbdb804)
Loaded 125000 samples of 256 distinct 8-bit-wide symbols
Number of Binary samples: 1000000

*** Warning: data contains less than 1000000 samples ***

Calculating baseline statistics...
	Raw Mean: 127.499416
	Median: 128.000000
	Binary: false

Literal MCV Estimate: mode = 550, p-hat = 0.0044000000000000003, p_u = 0.0048822059806257522
Bitstring MCV Estimate: mode = 500477, p-hat = 0.50047699999999995, p_u = 0.5017649147096559
H_original: 7.678251
H_bitstring: 0.994916
min(H_original, 8 X H_bitstring): 7.678251
Chi square independence
	score = 10971.287653
	degrees of freedom = 11103
	p-value = 0.811359

Chi square goodness of fit
	score = 2222.774257
	degrees of freedom = 2295
	p-value = 0.857149

** Passed chi square tests

Literal Longest Repeated Substring results
	P_col: 0.003914
	Length of LRS: 4
	Pr(X >= 1): 0.840200
** Passed length of longest repeated substring test

Beginning initial tests...

Initial test results
              excursion: 35733.3
     numDirectionalRuns: 83459
     lenDirectionalRuns: 8
  numIncreasesDecreases: 62867
          numRunsMedian: 62390
          lenRunsMedian: 18
           avgCollision: 20.8148
           maxCollision: 62
         periodicity(1): 494
         periodicity(2): 486
         periodicity(8): 497
        periodicity(16): 499
        periodicity(32): 507
          covariance(1): 2.03317e+09
          covariance(2): 2.03355e+09
          covariance(8): 2.03221e+09
         covariance(16): 2.0307e+09
         covariance(32): 2.03237e+09
            compression: 133528

Beginning permutation tests... these may take some time
  0.01% of Permutation test rounds,   0.00% of Permutation tests (Core 5/15, passed_count 0)
  0.02% of Permutation test rounds,   0.00% of Permutation tests (Core 8/15, passed_count 0)
  0.03% of Permutation test rounds,   0.00% of Permutation tests (Core 0/15, passed_count 0)
  0.04% of Permutation test rounds,   0.00% of Permutation tests (Core 10/15, passed_count 0)
  0.05% of Permutation test rounds,   0.00% of Permutation tests (Core 14/15, passed_count 0)
  0.06% of Permutation test rounds,   0.00% of Permutation tests (Core 15/15, passed_count 0)
  0.07% of Permutation test rounds,   0.00% of Permutation tests (Core 11/15, passed_count 0)
  0.08% of Permutation test rounds,   0.00% of Permutation tests (Core 2/15, passed_count 0)
  0.09% of Permutation test rounds,   5.26% of Permutation tests (Core 3/15, passed_count 1)
  0.10% of Permutation test rounds,   5.26% of Permutation tests (Core 4/15, passed_count 1)
  0.11% of Permutation test rounds,   5.26% of Permutation tests (Core 7/15, passed_count 1)
  0.12% of Permutation test rounds,   5.26% of Permutation tests (Core 13/15, passed_count 1)
  0.13% of Permutation test rounds,  21.05% of Permutation tests (Core 1/15, passed_count 4)
  0.14% of Permutation test rounds,  21.05% of Permutation tests (Core 12/15, passed_count 4)
  0.15% of Permutation test rounds,  21.05% of Permutation tests (Core 6/15, passed_count 4)
  0.16% of Permutation test rounds,  21.05% of Permutation tests (Core 9/15, passed_count 4)
  0.17% of Permutation test rounds,  21.05% of Permutation tests (Core 5/15, passed_count 4)
  0.18% of Permutation test rounds,  21.05% of Permutation tests (Core 10/15, passed_count 4)
  0.19% of Permutation test rounds,  26.32% of Permutation tests (Core 8/15, passed_count 5)
  0.20% of Permutation test rounds,  31.58% of Permutation tests (Core 14/15, passed_count 6)
  0.21% of Permutation test rounds,  42.11% of Permutation tests (Core 15/15, passed_count 8)
  0.22% of Permutation test rounds,  42.11% of Permutation tests (Core 0/15, passed_count 8)
  0.23% of Permutation test rounds,  47.37% of Permutation tests (Core 11/15, passed_count 9)
  0.24% of Permutation test rounds,  47.37% of Permutation tests (Core 15/15, passed_count 9)
  0.25% of Permutation test rounds,  52.63% of Permutation tests (Core 0/15, passed_count 10)
  0.26% of Permutation test rounds,  57.89% of Permutation tests (Core 11/15, passed_count 11)
  0.27% of Permutation test rounds,  63.16% of Permutation tests (Core 15/15, passed_count 12)
  0.28% of Permutation test rounds,  68.42% of Permutation tests (Core 11/15, passed_count 13)
  0.29% of Permutation test rounds,  68.42% of Permutation tests (Core 0/15, passed_count 13)
  0.30% of Permutation test rounds,  68.42% of Permutation tests (Core 7/15, passed_count 13)
  0.31% of Permutation test rounds,  68.42% of Permutation tests (Core 13/15, passed_count 13)
  0.32% of Permutation test rounds,  68.42% of Permutation tests (Core 15/15, passed_count 13)
  0.33% of Permutation test rounds,  73.68% of Permutation tests (Core 11/15, passed_count 14)
  0.34% of Permutation test rounds,  73.68% of Permutation tests (Core 0/15, passed_count 14)
  0.35% of Permutation test rounds,  73.68% of Permutation tests (Core 7/15, passed_count 14)
  0.36% of Permutation test rounds,  73.68% of Permutation tests (Core 2/15, passed_count 14)
  0.37% of Permutation test rounds,  73.68% of Permutation tests (Core 13/15, passed_count 14)
  0.38% of Permutation test rounds,  73.68% of Permutation tests (Core 3/15, passed_count 14)
  0.39% of Permutation test rounds,  73.68% of Permutation tests (Core 15/15, passed_count 14)
  0.40% of Permutation test rounds,  73.68% of Permutation tests (Core 11/15, passed_count 14)
  0.41% of Permutation test rounds,  73.68% of Permutation tests (Core 0/15, passed_count 14)
  0.42% of Permutation test rounds,  73.68% of Permutation tests (Core 7/15, passed_count 14)
  0.43% of Permutation test rounds,  84.21% of Permutation tests (Core 2/15, passed_count 16)
  0.44% of Permutation test rounds,  84.21% of Permutation tests (Core 4/15, passed_count 16)
  0.45% of Permutation test rounds,  84.21% of Permutation tests (Core 13/15, passed_count 16)
  0.46% of Permutation test rounds,  84.21% of Permutation tests (Core 11/15, passed_count 16)
  0.47% of Permutation test rounds,  84.21% of Permutation tests (Core 15/15, passed_count 16)
  0.48% of Permutation test rounds,  84.21% of Permutation tests (Core 1/15, passed_count 16)
  0.49% of Permutation test rounds,  84.21% of Permutation tests (Core 3/15, passed_count 16)
  0.50% of Permutation test rounds,  89.47% of Permutation tests (Core 12/15, passed_count 17)
  0.51% of Permutation test rounds,  89.47% of Permutation tests (Core 7/15, passed_count 17)
  0.52% of Permutation test rounds,  89.47% of Permutation tests (Core 4/15, passed_count 17)
  0.53% of Permutation test rounds,  89.47% of Permutation tests (Core 2/15, passed_count 17)
  0.54% of Permutation test rounds,  89.47% of Permutation tests (Core 6/15, passed_count 17)
  0.55% of Permutation test rounds,  89.47% of Permutation tests (Core 13/15, passed_count 17)
  0.56% of Permutation test rounds,  89.47% of Permutation tests (Core 0/15, passed_count 17)
  0.57% of Permutation test rounds,  89.47% of Permutation tests (Core 11/15, passed_count 17)
  0.58% of Permutation test rounds,  89.47% of Permutation tests (Core 15/15, passed_count 17)
  0.59% of Permutation test rounds,  89.47% of Permutation tests (Core 4/15, passed_count 17)
  0.60% of Permutation test rounds,  89.47% of Permutation tests (Core 12/15, passed_count 17)
  0.61% of Permutation test rounds,  89.47% of Permutation tests (Core 9/15, passed_count 17)
  0.62% of Permutation test rounds,  89.47% of Permutation tests (Core 3/15, passed_count 17)
  0.63% of Permutation test rounds,  89.47% of Permutation tests (Core 7/15, passed_count 17)
  0.64% of Permutation test rounds,  89.47% of Permutation tests (Core 2/15, passed_count 17)
  0.65% of Permutation test rounds,  89.47% of Permutation tests (Core 1/15, passed_count 17)
  0.66% of Permutation test rounds,  89.47% of Permutation tests (Core 5/15, passed_count 17)
  0.67% of Permutation test rounds,  94.74% of Permutation tests (Core 6/15, passed_count 18)
  0.68% of Permutation test rounds,  94.74% of Permutation tests (Core 9/15, passed_count 18)
  0.69% of Permutation test rounds,  94.74% of Permutation tests (Core 15/15, passed_count 18)
  0.70% of Permutation test rounds,  94.74% of Permutation tests (Core 4/15, passed_count 18)
  0.71% of Permutation test rounds,  94.74% of Permutation tests (Core 12/15, passed_count 18)
  0.72% of Permutation test rounds,  94.74% of Permutation tests (Core 0/15, passed_count 18)
  0.73% of Permutation test rounds,  94.74% of Permutation tests (Core 13/15, passed_count 18)
  0.74% of Permutation test rounds,  94.74% of Permutation tests (Core 11/15, passed_count 18)
  0.75% of Permutation test rounds,  94.74% of Permutation tests (Core 0/15, passed_count 18)
  0.76% of Permutation test rounds,  94.74% of Permutation tests (Core 8/15, passed_count 18)
  0.77% of Permutation test rounds,  94.74% of Permutation tests (Core 10/15, passed_count 18)
  0.78% of Permutation test rounds,  94.74% of Permutation tests (Core 14/15, passed_count 18)
  0.79% of Permutation test rounds,  94.74% of Permutation tests (Core 7/15, passed_count 18)
  0.80% of Permutation test rounds,  94.74% of Permutation tests (Core 2/15, passed_count 18)
  0.81% of Permutation test rounds,  94.74% of Permutation tests (Core 8/15, passed_count 18)
  0.82% of Permutation test rounds,  94.74% of Permutation tests (Core 5/15, passed_count 18)
  0.83% of Permutation test rounds,  94.74% of Permutation tests (Core 6/15, passed_count 18)
  0.84% of Permutation test rounds,  94.74% of Permutation tests (Core 9/15, passed_count 18)
  0.85% of Permutation test rounds,  94.74% of Permutation tests (Core 15/15, passed_count 18)
  0.86% of Permutation test rounds,  94.74% of Permutation tests (Core 4/15, passed_count 18)
  0.87% of Permutation test rounds,  94.74% of Permutation tests (Core 12/15, passed_count 18)
  0.88% of Permutation test rounds,  94.74% of Permutation tests (Core 3/15, passed_count 18)
  0.89% of Permutation test rounds,  94.74% of Permutation tests (Core 13/15, passed_count 18)
  0.90% of Permutation test rounds,  94.74% of Permutation tests (Core 11/15, passed_count 18)
  0.91% of Permutation test rounds,  94.74% of Permutation tests (Core 0/15, passed_count 18)
  0.92% of Permutation test rounds,  94.74% of Permutation tests (Core 1/15, passed_count 18)
  0.93% of Permutation test rounds,  94.74% of Permutation tests (Core 10/15, passed_count 18)
  0.94% of Permutation test rounds,  94.74% of Permutation tests (Core 14/15, passed_count 18)
  0.95% of Permutation test rounds,  94.74% of Permutation tests (Core 7/15, passed_count 18)
  0.96% of Permutation test rounds,  94.74% of Permutation tests (Core 2/15, passed_count 18)
  0.97% of Permutation test rounds,  94.74% of Permutation tests (Core 8/15, passed_count 18)
  0.98% of Permutation test rounds,  94.74% of Permutation tests (Core 5/15, passed_count 18)
  0.99% of Permutation test rounds,  94.74% of Permutation tests (Core 6/15, passed_count 18)
  1.00% of Permutation test rounds,  94.74% of Permutation tests (Core 9/15, passed_count 18)
  1.01% of Permutation test rounds, 100.00% of Permutation tests (Core 15/15, passed_count 19)
  7.16% of Permutation test rounds, 100.00% of Permutation tests (Core 12/15, passed_count 19)
 13.36% of Permutation test rounds, 100.00% of Permutation tests (Core 4/15, passed_count 19)
 19.55% of Permutation test rounds, 100.00% of Permutation tests (Core 3/15, passed_count 19)
 25.75% of Permutation test rounds, 100.00% of Permutation tests (Core 13/15, passed_count 19)
 31.93% of Permutation test rounds, 100.00% of Permutation tests (Core 11/15, passed_count 19)
 38.08% of Permutation test rounds, 100.00% of Permutation tests (Core 0/15, passed_count 19)
 44.23% of Permutation test rounds, 100.00% of Permutation tests (Core 1/15, passed_count 19)
 50.44% of Permutation test rounds, 100.00% of Permutation tests (Core 10/15, passed_count 19)
 56.65% of Permutation test rounds, 100.00% of Permutation tests (Core 14/15, passed_count 19)
 62.86% of Permutation test rounds, 100.00% of Permutation tests (Core 7/15, passed_count 19)
 69.03% of Permutation test rounds, 100.00% of Permutation tests (Core 2/15, passed_count 19)
 75.21% of Permutation test rounds, 100.00% of Permutation tests (Core 8/15, passed_count 19)
 81.41% of Permutation test rounds, 100.00% of Permutation tests (Core 5/15, passed_count 19)
 87.61% of Permutation test rounds, 100.00% of Permutation tests (Core 6/15, passed_count 19)
 93.81% of Permutation test rounds, 100.00% of Permutation tests (Core 9/15, passed_count 19)


                statistic  C[i][0]  C[i][1]  C[i][2]
----------------------------------------------------
                excursion       6       0      95
       numDirectionalRuns       6       0      37
       lenDirectionalRuns       0       6       7
    numIncreasesDecreases       6       0      44
            numRunsMedian      20       0       6
            lenRunsMedian       3       4       2
             avgCollision       6       0      15
             maxCollision      61       3       3
           periodicity(1)       5       1       7
           periodicity(2)      17       0       6
           periodicity(8)       6       0       7
          periodicity(16)       6       0      27
          periodicity(32)       6       0      21
            covariance(1)       6       0      22
            covariance(2)       6       0      37
            covariance(8)      19       0       6
           covariance(16)      13       0       6
           covariance(32)       6       0      14
              compression       6       0      15
(* denotes failed test)

** Passed IID permutation tests

your 131072x1 screen size is bogus. expect trouble
your 131072x1 screen size is bogus. expect trouble
Identity added: /home/mmggjj/.ssh/id_ed25519 (mariogj.03@gmail.com)
tiempo_s=0.29 maxrss_kB=74792
--- condB_rep1_noniid_b1: exit 0, 1 s ---
Agent pid 423
Opening file: '/mnt/c/Users/mario/Documents/TFM_FPGA_CRYPTO/results/entropia90b/bits/condB_rep1.bits' (SHA-256 hash c937e50f133e0636ff692e236e05c7268d50bb627fb2d6de0312dbb26b4d74bf)
Loaded 1000000 samples of 2 distinct 1-bit-wide symbols

Running non-IID tests...

Running Most Common Value Estimate...
Literal MCV Estimate: mode = 500477, p-hat = 0.50047699999999995, p_u = 0.5017649147096559
	Most Common Value Estimate = 0.994916 / 1 bit(s)

Running Entropic Statistic Estimates (bit strings only)...
Literal Collision Estimate: X-bar = 2.5007477243172951, sigma-hat = 0.50000006609606285, p = 0.525386545080193
	Collision Test Estimate = 0.928549 / 1 bit(s)
Literal Markov Estimate: P_0 = 0.50047699999999995, P_1 = 0.49952300000000005, P_0,0 = 0.50050951494177542, P_0,1 = 0.49949048505822458, P_1,0 = 0.50044342302556644, P_1,1 = 0.49955657697443356, p_max = 3.3477348752837836e-39
	Markov Test Estimate = 0.998531 / 1 bit(s)
Literal Compression Estimate: X-bar = 5.2229637936395985, sigma-hat = 1.0100839724958024, p = 0.0209331249828133
	Compression Test Estimate = 0.929678 / 1 bit(s)

Running Tuple Estimates...
Literal t-Tuple Estimate: t = 16, p-hat_max = 0.5266288655261094952056, p_u = 0.5279149530124247283462
Literal LRS Estimate: u = 17, v = 43, p-hat = 0.53532969459507888, p_u = 0.53661439074860757
	T-Tuple Test Estimate = 0.921623 / 1 bit(s)
	LRS Test Estimate = 0.898042 / 1 bit(s)

Running Predictor Estimates...
Literal MultiMCW Prediction Estimate: N = 999937, Pglobal' = 0.50167347977219667 (C = 500354) Plocal can't affect result (r = 20)
	Multi Most Common in Window (MultiMCW) Prediction Test Estimate = 0.995179 / 1 bit(s)
Literal Lag Prediction Estimate: N = 999999, Pglobal' = 0.50228741436592761 (C = 500999) Plocal can't affect result (r = 19)
	Lag Prediction Test Estimate = 0.993415 / 1 bit(s)
Literal MultiMMC Prediction Estimate: N = 999998, Pglobal' = 0.5008409151749722 (C = 499552) Plocal can't affect result (r = 24)
	Multi Markov Model with Counting (MultiMMC) Prediction Test Estimate = 0.997576 / 1 bit(s)
Literal LZ78Y Prediction Estimate: N = 999983, Pglobal' = 0.50111842328760636 (C = 499822) Plocal can't affect result (r = 24)
	LZ78Y Prediction Test Estimate = 0.996777 / 1 bit(s)

H_original: 0.898042
your 131072x1 screen size is bogus. expect trouble
your 131072x1 screen size is bogus. expect trouble
Identity added: /home/mmggjj/.ssh/id_ed25519 (mariogj.03@gmail.com)
tiempo_s=0.65 maxrss_kB=22612
--- condB_rep1_iid_b1: exit 0, 8 s ---
Agent pid 423
Opening file: '/mnt/c/Users/mario/Documents/TFM_FPGA_CRYPTO/results/entropia90b/bits/condB_rep1.bits' (SHA-256 hash c937e50f133e0636ff692e236e05c7268d50bb627fb2d6de0312dbb26b4d74bf)
Loaded 1000000 samples of 2 distinct 1-bit-wide symbols
Calculating baseline statistics...
	Raw Mean: 0.499523
	Median: 0.500000
	Binary: true

Literal MCV Estimate: mode = 500477, p-hat = 0.50047699999999995, p_u = 0.5017649147096559
H_original: 0.994916
Chi square independence
	score = 2089.035426
	degrees of freedom = 2046
	p-value = 0.248727

Chi square goodness of fit
	score = 12.773776
	degrees of freedom = 9
	p-value = 0.173113

** Passed chi square tests

Literal Longest Repeated Substring results
	P_col: 0.500000
	Length of LRS: 43
	Pr(X >= 1): 0.055256
** Passed length of longest repeated substring test

Beginning initial tests...

Initial test results
              excursion: 677.204
     numDirectionalRuns: 79649
     lenDirectionalRuns: 10
  numIncreasesDecreases: 74752
          numRunsMedian: 499967
          lenRunsMedian: 23
           avgCollision: 20.8148
           maxCollision: 62
         periodicity(1): 24615
         periodicity(2): 24604
         periodicity(8): 24711
        periodicity(16): 24632
        periodicity(32): 24864
          covariance(1): 1.99601e+06
          covariance(2): 1.9963e+06
          covariance(8): 1.99698e+06
         covariance(16): 1.99574e+06
         covariance(32): 1.99634e+06
            compression: 155793

Beginning permutation tests... these may take some time
  0.01% of Permutation test rounds,   0.00% of Permutation tests (Core 12/15, passed_count 0)
  0.02% of Permutation test rounds,   0.00% of Permutation tests (Core 13/15, passed_count 0)
  0.03% of Permutation test rounds,   0.00% of Permutation tests (Core 8/15, passed_count 0)
  0.04% of Permutation test rounds,   0.00% of Permutation tests (Core 4/15, passed_count 0)
  0.05% of Permutation test rounds,   0.00% of Permutation tests (Core 0/15, passed_count 0)
  0.06% of Permutation test rounds,   0.00% of Permutation tests (Core 5/15, passed_count 0)
  0.07% of Permutation test rounds,   0.00% of Permutation tests (Core 6/15, passed_count 0)
  0.08% of Permutation test rounds,   0.00% of Permutation tests (Core 10/15, passed_count 0)
  0.09% of Permutation test rounds,   0.00% of Permutation tests (Core 14/15, passed_count 0)
  0.10% of Permutation test rounds,   0.00% of Permutation tests (Core 7/15, passed_count 0)
  0.11% of Permutation test rounds,   0.00% of Permutation tests (Core 3/15, passed_count 0)
  0.12% of Permutation test rounds,  15.79% of Permutation tests (Core 9/15, passed_count 3)
  0.13% of Permutation test rounds,  15.79% of Permutation tests (Core 2/15, passed_count 3)
  0.14% of Permutation test rounds,  15.79% of Permutation tests (Core 15/15, passed_count 3)
  0.15% of Permutation test rounds,  26.32% of Permutation tests (Core 11/15, passed_count 5)
  0.16% of Permutation test rounds,  31.58% of Permutation tests (Core 1/15, passed_count 6)
  0.17% of Permutation test rounds,  36.84% of Permutation tests (Core 12/15, passed_count 7)
  0.18% of Permutation test rounds,  36.84% of Permutation tests (Core 13/15, passed_count 7)
  0.19% of Permutation test rounds,  47.37% of Permutation tests (Core 8/15, passed_count 9)
  0.20% of Permutation test rounds,  47.37% of Permutation tests (Core 4/15, passed_count 9)
  0.21% of Permutation test rounds,  47.37% of Permutation tests (Core 6/15, passed_count 9)
  0.22% of Permutation test rounds,  47.37% of Permutation tests (Core 5/15, passed_count 9)
  0.23% of Permutation test rounds,  47.37% of Permutation tests (Core 10/15, passed_count 9)
  0.24% of Permutation test rounds,  47.37% of Permutation tests (Core 14/15, passed_count 9)
  0.25% of Permutation test rounds,  47.37% of Permutation tests (Core 0/15, passed_count 9)
  0.26% of Permutation test rounds,  47.37% of Permutation tests (Core 7/15, passed_count 9)
  0.27% of Permutation test rounds,  47.37% of Permutation tests (Core 3/15, passed_count 9)
  0.28% of Permutation test rounds,  52.63% of Permutation tests (Core 9/15, passed_count 10)
  0.29% of Permutation test rounds,  52.63% of Permutation tests (Core 2/15, passed_count 10)
  0.30% of Permutation test rounds,  57.89% of Permutation tests (Core 15/15, passed_count 11)
  0.31% of Permutation test rounds,  57.89% of Permutation tests (Core 11/15, passed_count 11)
  0.32% of Permutation test rounds,  57.89% of Permutation tests (Core 1/15, passed_count 11)
  0.33% of Permutation test rounds,  63.16% of Permutation tests (Core 12/15, passed_count 12)
  0.34% of Permutation test rounds,  63.16% of Permutation tests (Core 8/15, passed_count 12)
  0.35% of Permutation test rounds,  63.16% of Permutation tests (Core 13/15, passed_count 12)
  0.36% of Permutation test rounds,  63.16% of Permutation tests (Core 4/15, passed_count 12)
  0.37% of Permutation test rounds,  63.16% of Permutation tests (Core 5/15, passed_count 12)
  0.38% of Permutation test rounds,  63.16% of Permutation tests (Core 6/15, passed_count 12)
  0.39% of Permutation test rounds,  63.16% of Permutation tests (Core 10/15, passed_count 12)
  0.40% of Permutation test rounds,  63.16% of Permutation tests (Core 14/15, passed_count 12)
  0.41% of Permutation test rounds,  63.16% of Permutation tests (Core 0/15, passed_count 12)
  0.42% of Permutation test rounds,  63.16% of Permutation tests (Core 7/15, passed_count 12)
  0.43% of Permutation test rounds,  63.16% of Permutation tests (Core 3/15, passed_count 12)
  0.44% of Permutation test rounds,  63.16% of Permutation tests (Core 9/15, passed_count 12)
  0.45% of Permutation test rounds,  63.16% of Permutation tests (Core 2/15, passed_count 12)
  0.46% of Permutation test rounds,  63.16% of Permutation tests (Core 15/15, passed_count 12)
  0.47% of Permutation test rounds,  63.16% of Permutation tests (Core 11/15, passed_count 12)
  0.48% of Permutation test rounds,  63.16% of Permutation tests (Core 1/15, passed_count 12)
  0.49% of Permutation test rounds,  63.16% of Permutation tests (Core 12/15, passed_count 12)
  0.50% of Permutation test rounds,  63.16% of Permutation tests (Core 8/15, passed_count 12)
  0.51% of Permutation test rounds,  63.16% of Permutation tests (Core 13/15, passed_count 12)
  0.52% of Permutation test rounds,  63.16% of Permutation tests (Core 4/15, passed_count 12)
  0.53% of Permutation test rounds,  63.16% of Permutation tests (Core 5/15, passed_count 12)
  0.54% of Permutation test rounds,  63.16% of Permutation tests (Core 10/15, passed_count 12)
  0.55% of Permutation test rounds,  73.68% of Permutation tests (Core 14/15, passed_count 14)
  0.56% of Permutation test rounds,  73.68% of Permutation tests (Core 6/15, passed_count 14)
  0.57% of Permutation test rounds,  73.68% of Permutation tests (Core 10/15, passed_count 14)
  0.58% of Permutation test rounds,  73.68% of Permutation tests (Core 14/15, passed_count 14)
  0.59% of Permutation test rounds,  73.68% of Permutation tests (Core 6/15, passed_count 14)
  0.60% of Permutation test rounds,  73.68% of Permutation tests (Core 10/15, passed_count 14)
  0.61% of Permutation test rounds,  73.68% of Permutation tests (Core 14/15, passed_count 14)
  0.62% of Permutation test rounds,  78.95% of Permutation tests (Core 6/15, passed_count 15)
  0.63% of Permutation test rounds,  78.95% of Permutation tests (Core 10/15, passed_count 15)
  0.64% of Permutation test rounds,  78.95% of Permutation tests (Core 14/15, passed_count 15)
  0.65% of Permutation test rounds,  78.95% of Permutation tests (Core 6/15, passed_count 15)
  0.66% of Permutation test rounds,  78.95% of Permutation tests (Core 10/15, passed_count 15)
  0.67% of Permutation test rounds,  78.95% of Permutation tests (Core 14/15, passed_count 15)
  0.68% of Permutation test rounds,  78.95% of Permutation tests (Core 6/15, passed_count 15)
  0.69% of Permutation test rounds,  84.21% of Permutation tests (Core 10/15, passed_count 16)
  0.70% of Permutation test rounds,  84.21% of Permutation tests (Core 14/15, passed_count 16)
  0.71% of Permutation test rounds,  84.21% of Permutation tests (Core 6/15, passed_count 16)
  0.72% of Permutation test rounds,  84.21% of Permutation tests (Core 10/15, passed_count 16)
  0.73% of Permutation test rounds,  84.21% of Permutation tests (Core 6/15, passed_count 16)
  0.74% of Permutation test rounds,  89.47% of Permutation tests (Core 14/15, passed_count 17)
  0.75% of Permutation test rounds,  89.47% of Permutation tests (Core 10/15, passed_count 17)
  0.76% of Permutation test rounds,  89.47% of Permutation tests (Core 6/15, passed_count 17)
  0.77% of Permutation test rounds,  89.47% of Permutation tests (Core 14/15, passed_count 17)
  0.78% of Permutation test rounds,  89.47% of Permutation tests (Core 10/15, passed_count 17)
  0.79% of Permutation test rounds,  89.47% of Permutation tests (Core 6/15, passed_count 17)
  0.80% of Permutation test rounds,  89.47% of Permutation tests (Core 14/15, passed_count 17)
  0.81% of Permutation test rounds,  89.47% of Permutation tests (Core 10/15, passed_count 17)
  0.82% of Permutation test rounds,  89.47% of Permutation tests (Core 6/15, passed_count 17)
  0.83% of Permutation test rounds,  89.47% of Permutation tests (Core 14/15, passed_count 17)
  0.84% of Permutation test rounds,  89.47% of Permutation tests (Core 10/15, passed_count 17)
  0.85% of Permutation test rounds,  89.47% of Permutation tests (Core 6/15, passed_count 17)
  0.86% of Permutation test rounds,  89.47% of Permutation tests (Core 14/15, passed_count 17)
  0.87% of Permutation test rounds,  89.47% of Permutation tests (Core 10/15, passed_count 17)
  0.88% of Permutation test rounds,  89.47% of Permutation tests (Core 6/15, passed_count 17)
  0.89% of Permutation test rounds,  89.47% of Permutation tests (Core 14/15, passed_count 17)
  0.90% of Permutation test rounds,  89.47% of Permutation tests (Core 10/15, passed_count 17)
  0.91% of Permutation test rounds,  89.47% of Permutation tests (Core 6/15, passed_count 17)
  0.92% of Permutation test rounds,  89.47% of Permutation tests (Core 14/15, passed_count 17)
  0.93% of Permutation test rounds,  89.47% of Permutation tests (Core 10/15, passed_count 17)
  0.94% of Permutation test rounds,  89.47% of Permutation tests (Core 6/15, passed_count 17)
  0.95% of Permutation test rounds,  89.47% of Permutation tests (Core 14/15, passed_count 17)
  0.96% of Permutation test rounds,  89.47% of Permutation tests (Core 10/15, passed_count 17)
  0.97% of Permutation test rounds,  89.47% of Permutation tests (Core 6/15, passed_count 17)
  0.98% of Permutation test rounds,  89.47% of Permutation tests (Core 14/15, passed_count 17)
  0.99% of Permutation test rounds,  89.47% of Permutation tests (Core 10/15, passed_count 17)
  1.00% of Permutation test rounds,  89.47% of Permutation tests (Core 6/15, passed_count 17)
  1.01% of Permutation test rounds,  89.47% of Permutation tests (Core 0/15, passed_count 17)
  1.02% of Permutation test rounds,  89.47% of Permutation tests (Core 14/15, passed_count 17)
  1.03% of Permutation test rounds,  89.47% of Permutation tests (Core 10/15, passed_count 17)
  1.04% of Permutation test rounds,  89.47% of Permutation tests (Core 6/15, passed_count 17)
  1.05% of Permutation test rounds,  89.47% of Permutation tests (Core 0/15, passed_count 17)
  1.06% of Permutation test rounds,  89.47% of Permutation tests (Core 14/15, passed_count 17)
  1.07% of Permutation test rounds,  89.47% of Permutation tests (Core 3/15, passed_count 17)
  1.08% of Permutation test rounds,  89.47% of Permutation tests (Core 10/15, passed_count 17)
  1.09% of Permutation test rounds,  89.47% of Permutation tests (Core 6/15, passed_count 17)
  1.10% of Permutation test rounds,  89.47% of Permutation tests (Core 7/15, passed_count 17)
  1.11% of Permutation test rounds,  89.47% of Permutation tests (Core 0/15, passed_count 17)
  1.12% of Permutation test rounds,  89.47% of Permutation tests (Core 14/15, passed_count 17)
  1.13% of Permutation test rounds,  89.47% of Permutation tests (Core 9/15, passed_count 17)
  1.14% of Permutation test rounds,  89.47% of Permutation tests (Core 3/15, passed_count 17)
  1.15% of Permutation test rounds,  89.47% of Permutation tests (Core 2/15, passed_count 17)
  1.16% of Permutation test rounds,  89.47% of Permutation tests (Core 10/15, passed_count 17)
  1.17% of Permutation test rounds,  89.47% of Permutation tests (Core 15/15, passed_count 17)
  1.18% of Permutation test rounds,  89.47% of Permutation tests (Core 6/15, passed_count 17)
  1.19% of Permutation test rounds,  89.47% of Permutation tests (Core 7/15, passed_count 17)
  1.20% of Permutation test rounds,  89.47% of Permutation tests (Core 0/15, passed_count 17)
  1.21% of Permutation test rounds,  89.47% of Permutation tests (Core 11/15, passed_count 17)
  1.22% of Permutation test rounds,  89.47% of Permutation tests (Core 14/15, passed_count 17)
  1.23% of Permutation test rounds,  89.47% of Permutation tests (Core 9/15, passed_count 17)
  1.24% of Permutation test rounds,  89.47% of Permutation tests (Core 12/15, passed_count 17)
  1.25% of Permutation test rounds,  89.47% of Permutation tests (Core 3/15, passed_count 17)
  1.26% of Permutation test rounds,  89.47% of Permutation tests (Core 1/15, passed_count 17)
  1.27% of Permutation test rounds,  89.47% of Permutation tests (Core 13/15, passed_count 17)
  1.28% of Permutation test rounds,  89.47% of Permutation tests (Core 2/15, passed_count 17)
  1.29% of Permutation test rounds,  89.47% of Permutation tests (Core 8/15, passed_count 17)
  1.30% of Permutation test rounds,  89.47% of Permutation tests (Core 10/15, passed_count 17)
  1.31% of Permutation test rounds,  89.47% of Permutation tests (Core 15/15, passed_count 17)
  1.32% of Permutation test rounds,  89.47% of Permutation tests (Core 6/15, passed_count 17)
  1.33% of Permutation test rounds,  89.47% of Permutation tests (Core 7/15, passed_count 17)
  1.34% of Permutation test rounds,  89.47% of Permutation tests (Core 0/15, passed_count 17)
  1.35% of Permutation test rounds,  94.74% of Permutation tests (Core 11/15, passed_count 18)
  1.36% of Permutation test rounds,  94.74% of Permutation tests (Core 14/15, passed_count 18)
  1.37% of Permutation test rounds,  94.74% of Permutation tests (Core 9/15, passed_count 18)
  1.38% of Permutation test rounds,  94.74% of Permutation tests (Core 12/15, passed_count 18)
  1.39% of Permutation test rounds,  94.74% of Permutation tests (Core 3/15, passed_count 18)
  1.40% of Permutation test rounds,  94.74% of Permutation tests (Core 1/15, passed_count 18)
  1.41% of Permutation test rounds,  94.74% of Permutation tests (Core 13/15, passed_count 18)
  1.42% of Permutation test rounds,  94.74% of Permutation tests (Core 4/15, passed_count 18)
  1.43% of Permutation test rounds,  94.74% of Permutation tests (Core 2/15, passed_count 18)
  1.44% of Permutation test rounds,  94.74% of Permutation tests (Core 8/15, passed_count 18)
  1.45% of Permutation test rounds,  94.74% of Permutation tests (Core 10/15, passed_count 18)
  1.46% of Permutation test rounds,  94.74% of Permutation tests (Core 15/15, passed_count 18)
  1.47% of Permutation test rounds,  94.74% of Permutation tests (Core 6/15, passed_count 18)
  1.48% of Permutation test rounds,  94.74% of Permutation tests (Core 5/15, passed_count 18)
  1.49% of Permutation test rounds,  94.74% of Permutation tests (Core 7/15, passed_count 18)
  1.50% of Permutation test rounds,  94.74% of Permutation tests (Core 0/15, passed_count 18)
  1.51% of Permutation test rounds,  94.74% of Permutation tests (Core 11/15, passed_count 18)
  1.52% of Permutation test rounds,  94.74% of Permutation tests (Core 14/15, passed_count 18)
  1.53% of Permutation test rounds,  94.74% of Permutation tests (Core 9/15, passed_count 18)
  1.54% of Permutation test rounds,  94.74% of Permutation tests (Core 12/15, passed_count 18)
  1.55% of Permutation test rounds,  94.74% of Permutation tests (Core 3/15, passed_count 18)
  1.56% of Permutation test rounds,  94.74% of Permutation tests (Core 1/15, passed_count 18)
  1.57% of Permutation test rounds,  94.74% of Permutation tests (Core 13/15, passed_count 18)
  1.58% of Permutation test rounds,  94.74% of Permutation tests (Core 4/15, passed_count 18)
  1.59% of Permutation test rounds,  94.74% of Permutation tests (Core 2/15, passed_count 18)
  1.60% of Permutation test rounds,  94.74% of Permutation tests (Core 8/15, passed_count 18)
  1.61% of Permutation test rounds,  94.74% of Permutation tests (Core 10/15, passed_count 18)
  1.62% of Permutation test rounds,  94.74% of Permutation tests (Core 15/15, passed_count 18)
  1.63% of Permutation test rounds,  94.74% of Permutation tests (Core 6/15, passed_count 18)
  1.64% of Permutation test rounds,  94.74% of Permutation tests (Core 5/15, passed_count 18)
  1.65% of Permutation test rounds,  94.74% of Permutation tests (Core 7/15, passed_count 18)
  1.66% of Permutation test rounds,  94.74% of Permutation tests (Core 0/15, passed_count 18)
  1.67% of Permutation test rounds,  94.74% of Permutation tests (Core 11/15, passed_count 18)
  1.68% of Permutation test rounds,  94.74% of Permutation tests (Core 14/15, passed_count 18)
  1.69% of Permutation test rounds,  94.74% of Permutation tests (Core 9/15, passed_count 18)
  1.70% of Permutation test rounds,  94.74% of Permutation tests (Core 12/15, passed_count 18)
  1.71% of Permutation test rounds,  94.74% of Permutation tests (Core 3/15, passed_count 18)
  1.72% of Permutation test rounds,  94.74% of Permutation tests (Core 1/15, passed_count 18)
  1.73% of Permutation test rounds,  94.74% of Permutation tests (Core 13/15, passed_count 18)
  1.74% of Permutation test rounds,  94.74% of Permutation tests (Core 4/15, passed_count 18)
  1.75% of Permutation test rounds,  94.74% of Permutation tests (Core 2/15, passed_count 18)
  1.76% of Permutation test rounds,  94.74% of Permutation tests (Core 8/15, passed_count 18)
  1.77% of Permutation test rounds,  94.74% of Permutation tests (Core 10/15, passed_count 18)
  1.78% of Permutation test rounds,  94.74% of Permutation tests (Core 15/15, passed_count 18)
  1.79% of Permutation test rounds,  94.74% of Permutation tests (Core 6/15, passed_count 18)
  1.80% of Permutation test rounds,  94.74% of Permutation tests (Core 5/15, passed_count 18)
  1.81% of Permutation test rounds,  94.74% of Permutation tests (Core 7/15, passed_count 18)
  1.82% of Permutation test rounds,  94.74% of Permutation tests (Core 0/15, passed_count 18)
  1.83% of Permutation test rounds,  94.74% of Permutation tests (Core 11/15, passed_count 18)
  1.84% of Permutation test rounds,  94.74% of Permutation tests (Core 14/15, passed_count 18)
  1.85% of Permutation test rounds,  94.74% of Permutation tests (Core 9/15, passed_count 18)
  1.86% of Permutation test rounds,  94.74% of Permutation tests (Core 12/15, passed_count 18)
  1.87% of Permutation test rounds,  94.74% of Permutation tests (Core 3/15, passed_count 18)
  1.88% of Permutation test rounds,  94.74% of Permutation tests (Core 1/15, passed_count 18)
  1.89% of Permutation test rounds,  94.74% of Permutation tests (Core 13/15, passed_count 18)
  1.90% of Permutation test rounds,  94.74% of Permutation tests (Core 4/15, passed_count 18)
  1.91% of Permutation test rounds,  94.74% of Permutation tests (Core 2/15, passed_count 18)
  1.92% of Permutation test rounds,  94.74% of Permutation tests (Core 8/15, passed_count 18)
  1.93% of Permutation test rounds,  94.74% of Permutation tests (Core 10/15, passed_count 18)
  1.94% of Permutation test rounds,  94.74% of Permutation tests (Core 15/15, passed_count 18)
  1.95% of Permutation test rounds,  94.74% of Permutation tests (Core 6/15, passed_count 18)
  1.96% of Permutation test rounds,  94.74% of Permutation tests (Core 5/15, passed_count 18)
  1.97% of Permutation test rounds,  94.74% of Permutation tests (Core 7/15, passed_count 18)
  1.98% of Permutation test rounds,  94.74% of Permutation tests (Core 0/15, passed_count 18)
  1.99% of Permutation test rounds,  94.74% of Permutation tests (Core 11/15, passed_count 18)
  2.00% of Permutation test rounds,  94.74% of Permutation tests (Core 14/15, passed_count 18)
  2.01% of Permutation test rounds,  94.74% of Permutation tests (Core 9/15, passed_count 18)
  2.02% of Permutation test rounds,  94.74% of Permutation tests (Core 12/15, passed_count 18)
  2.03% of Permutation test rounds,  94.74% of Permutation tests (Core 3/15, passed_count 18)
  2.04% of Permutation test rounds,  94.74% of Permutation tests (Core 1/15, passed_count 18)
  2.05% of Permutation test rounds,  94.74% of Permutation tests (Core 13/15, passed_count 18)
  2.06% of Permutation test rounds,  94.74% of Permutation tests (Core 4/15, passed_count 18)
  2.07% of Permutation test rounds,  94.74% of Permutation tests (Core 2/15, passed_count 18)
  2.08% of Permutation test rounds,  94.74% of Permutation tests (Core 8/15, passed_count 18)
  2.09% of Permutation test rounds,  94.74% of Permutation tests (Core 10/15, passed_count 18)
  2.10% of Permutation test rounds,  94.74% of Permutation tests (Core 15/15, passed_count 18)
  2.11% of Permutation test rounds,  94.74% of Permutation tests (Core 6/15, passed_count 18)
  2.12% of Permutation test rounds,  94.74% of Permutation tests (Core 5/15, passed_count 18)
  2.13% of Permutation test rounds,  94.74% of Permutation tests (Core 7/15, passed_count 18)
  2.14% of Permutation test rounds,  94.74% of Permutation tests (Core 0/15, passed_count 18)
  2.15% of Permutation test rounds,  94.74% of Permutation tests (Core 11/15, passed_count 18)
  2.16% of Permutation test rounds,  94.74% of Permutation tests (Core 14/15, passed_count 18)
  2.17% of Permutation test rounds,  94.74% of Permutation tests (Core 9/15, passed_count 18)
  2.18% of Permutation test rounds,  94.74% of Permutation tests (Core 12/15, passed_count 18)
  2.19% of Permutation test rounds,  94.74% of Permutation tests (Core 3/15, passed_count 18)
  2.20% of Permutation test rounds,  94.74% of Permutation tests (Core 1/15, passed_count 18)
  2.21% of Permutation test rounds,  94.74% of Permutation tests (Core 13/15, passed_count 18)
  2.22% of Permutation test rounds,  94.74% of Permutation tests (Core 4/15, passed_count 18)
  2.23% of Permutation test rounds,  94.74% of Permutation tests (Core 2/15, passed_count 18)
  2.24% of Permutation test rounds,  94.74% of Permutation tests (Core 8/15, passed_count 18)
  2.25% of Permutation test rounds,  94.74% of Permutation tests (Core 10/15, passed_count 18)
  2.26% of Permutation test rounds,  94.74% of Permutation tests (Core 15/15, passed_count 18)
  2.27% of Permutation test rounds,  94.74% of Permutation tests (Core 6/15, passed_count 18)
  2.28% of Permutation test rounds,  94.74% of Permutation tests (Core 5/15, passed_count 18)
  2.29% of Permutation test rounds,  94.74% of Permutation tests (Core 7/15, passed_count 18)
  2.30% of Permutation test rounds,  94.74% of Permutation tests (Core 0/15, passed_count 18)
  2.31% of Permutation test rounds,  94.74% of Permutation tests (Core 11/15, passed_count 18)
  2.32% of Permutation test rounds,  94.74% of Permutation tests (Core 14/15, passed_count 18)
  2.33% of Permutation test rounds,  94.74% of Permutation tests (Core 9/15, passed_count 18)
  2.34% of Permutation test rounds,  94.74% of Permutation tests (Core 12/15, passed_count 18)
  2.35% of Permutation test rounds,  94.74% of Permutation tests (Core 3/15, passed_count 18)
  2.36% of Permutation test rounds,  94.74% of Permutation tests (Core 1/15, passed_count 18)
  2.37% of Permutation test rounds,  94.74% of Permutation tests (Core 13/15, passed_count 18)
  2.38% of Permutation test rounds,  94.74% of Permutation tests (Core 4/15, passed_count 18)
  2.39% of Permutation test rounds,  94.74% of Permutation tests (Core 2/15, passed_count 18)
  2.40% of Permutation test rounds,  94.74% of Permutation tests (Core 8/15, passed_count 18)
  2.41% of Permutation test rounds,  94.74% of Permutation tests (Core 10/15, passed_count 18)
  2.42% of Permutation test rounds,  94.74% of Permutation tests (Core 15/15, passed_count 18)
  2.43% of Permutation test rounds,  94.74% of Permutation tests (Core 6/15, passed_count 18)
  2.44% of Permutation test rounds,  94.74% of Permutation tests (Core 5/15, passed_count 18)
  2.45% of Permutation test rounds,  94.74% of Permutation tests (Core 7/15, passed_count 18)
  2.46% of Permutation test rounds,  94.74% of Permutation tests (Core 0/15, passed_count 18)
  2.47% of Permutation test rounds,  94.74% of Permutation tests (Core 11/15, passed_count 18)
  2.48% of Permutation test rounds,  94.74% of Permutation tests (Core 14/15, passed_count 18)
  2.49% of Permutation test rounds,  94.74% of Permutation tests (Core 9/15, passed_count 18)
  2.50% of Permutation test rounds,  94.74% of Permutation tests (Core 12/15, passed_count 18)
  2.51% of Permutation test rounds,  94.74% of Permutation tests (Core 3/15, passed_count 18)
  2.52% of Permutation test rounds,  94.74% of Permutation tests (Core 1/15, passed_count 18)
  2.53% of Permutation test rounds,  94.74% of Permutation tests (Core 13/15, passed_count 18)
  2.54% of Permutation test rounds,  94.74% of Permutation tests (Core 4/15, passed_count 18)
  2.55% of Permutation test rounds,  94.74% of Permutation tests (Core 2/15, passed_count 18)
  2.56% of Permutation test rounds,  94.74% of Permutation tests (Core 8/15, passed_count 18)
  2.57% of Permutation test rounds,  94.74% of Permutation tests (Core 10/15, passed_count 18)
  2.58% of Permutation test rounds,  94.74% of Permutation tests (Core 15/15, passed_count 18)
  2.59% of Permutation test rounds,  94.74% of Permutation tests (Core 6/15, passed_count 18)
  2.60% of Permutation test rounds,  94.74% of Permutation tests (Core 5/15, passed_count 18)
  2.61% of Permutation test rounds,  94.74% of Permutation tests (Core 7/15, passed_count 18)
  2.62% of Permutation test rounds,  94.74% of Permutation tests (Core 0/15, passed_count 18)
  2.63% of Permutation test rounds,  94.74% of Permutation tests (Core 11/15, passed_count 18)
  2.64% of Permutation test rounds,  94.74% of Permutation tests (Core 14/15, passed_count 18)
  2.65% of Permutation test rounds,  94.74% of Permutation tests (Core 9/15, passed_count 18)
  2.66% of Permutation test rounds,  94.74% of Permutation tests (Core 12/15, passed_count 18)
  2.67% of Permutation test rounds,  94.74% of Permutation tests (Core 3/15, passed_count 18)
  2.68% of Permutation test rounds,  94.74% of Permutation tests (Core 1/15, passed_count 18)
  2.69% of Permutation test rounds,  94.74% of Permutation tests (Core 13/15, passed_count 18)
  2.70% of Permutation test rounds,  94.74% of Permutation tests (Core 4/15, passed_count 18)
  2.71% of Permutation test rounds,  94.74% of Permutation tests (Core 2/15, passed_count 18)
  2.72% of Permutation test rounds,  94.74% of Permutation tests (Core 8/15, passed_count 18)
  2.73% of Permutation test rounds,  94.74% of Permutation tests (Core 10/15, passed_count 18)
  2.74% of Permutation test rounds,  94.74% of Permutation tests (Core 15/15, passed_count 18)
  2.75% of Permutation test rounds,  94.74% of Permutation tests (Core 6/15, passed_count 18)
  2.76% of Permutation test rounds,  94.74% of Permutation tests (Core 5/15, passed_count 18)
  2.77% of Permutation test rounds,  94.74% of Permutation tests (Core 7/15, passed_count 18)
  2.78% of Permutation test rounds,  94.74% of Permutation tests (Core 0/15, passed_count 18)
  2.79% of Permutation test rounds,  94.74% of Permutation tests (Core 11/15, passed_count 18)
  2.80% of Permutation test rounds,  94.74% of Permutation tests (Core 14/15, passed_count 18)
  2.81% of Permutation test rounds,  94.74% of Permutation tests (Core 9/15, passed_count 18)
  2.82% of Permutation test rounds,  94.74% of Permutation tests (Core 12/15, passed_count 18)
  2.83% of Permutation test rounds,  94.74% of Permutation tests (Core 3/15, passed_count 18)
  2.84% of Permutation test rounds,  94.74% of Permutation tests (Core 1/15, passed_count 18)
  2.85% of Permutation test rounds,  94.74% of Permutation tests (Core 13/15, passed_count 18)
  2.86% of Permutation test rounds,  94.74% of Permutation tests (Core 4/15, passed_count 18)
  2.87% of Permutation test rounds,  94.74% of Permutation tests (Core 2/15, passed_count 18)
  2.88% of Permutation test rounds,  94.74% of Permutation tests (Core 8/15, passed_count 18)
  2.89% of Permutation test rounds,  94.74% of Permutation tests (Core 10/15, passed_count 18)
  2.90% of Permutation test rounds,  94.74% of Permutation tests (Core 15/15, passed_count 18)
  2.91% of Permutation test rounds,  94.74% of Permutation tests (Core 6/15, passed_count 18)
  2.92% of Permutation test rounds,  94.74% of Permutation tests (Core 5/15, passed_count 18)
  2.93% of Permutation test rounds,  94.74% of Permutation tests (Core 7/15, passed_count 18)
  2.94% of Permutation test rounds,  94.74% of Permutation tests (Core 0/15, passed_count 18)
  2.95% of Permutation test rounds,  94.74% of Permutation tests (Core 11/15, passed_count 18)
  2.96% of Permutation test rounds,  94.74% of Permutation tests (Core 14/15, passed_count 18)
  2.97% of Permutation test rounds,  94.74% of Permutation tests (Core 9/15, passed_count 18)
  2.98% of Permutation test rounds,  94.74% of Permutation tests (Core 12/15, passed_count 18)
  2.99% of Permutation test rounds,  94.74% of Permutation tests (Core 3/15, passed_count 18)
  3.00% of Permutation test rounds,  94.74% of Permutation tests (Core 1/15, passed_count 18)
  3.01% of Permutation test rounds,  94.74% of Permutation tests (Core 13/15, passed_count 18)
  3.02% of Permutation test rounds,  94.74% of Permutation tests (Core 4/15, passed_count 18)
  3.03% of Permutation test rounds,  94.74% of Permutation tests (Core 2/15, passed_count 18)
  3.04% of Permutation test rounds,  94.74% of Permutation tests (Core 8/15, passed_count 18)
  3.05% of Permutation test rounds,  94.74% of Permutation tests (Core 10/15, passed_count 18)
  3.06% of Permutation test rounds,  94.74% of Permutation tests (Core 15/15, passed_count 18)
  3.07% of Permutation test rounds,  94.74% of Permutation tests (Core 6/15, passed_count 18)
  3.08% of Permutation test rounds,  94.74% of Permutation tests (Core 5/15, passed_count 18)
  3.09% of Permutation test rounds,  94.74% of Permutation tests (Core 7/15, passed_count 18)
  3.10% of Permutation test rounds,  94.74% of Permutation tests (Core 0/15, passed_count 18)
  3.11% of Permutation test rounds,  94.74% of Permutation tests (Core 11/15, passed_count 18)
  3.12% of Permutation test rounds,  94.74% of Permutation tests (Core 14/15, passed_count 18)
  3.13% of Permutation test rounds,  94.74% of Permutation tests (Core 9/15, passed_count 18)
  3.14% of Permutation test rounds,  94.74% of Permutation tests (Core 12/15, passed_count 18)
  3.15% of Permutation test rounds,  94.74% of Permutation tests (Core 3/15, passed_count 18)
  3.16% of Permutation test rounds,  94.74% of Permutation tests (Core 1/15, passed_count 18)
  3.17% of Permutation test rounds,  94.74% of Permutation tests (Core 13/15, passed_count 18)
  3.18% of Permutation test rounds,  94.74% of Permutation tests (Core 4/15, passed_count 18)
  3.19% of Permutation test rounds,  94.74% of Permutation tests (Core 2/15, passed_count 18)
  3.20% of Permutation test rounds,  94.74% of Permutation tests (Core 8/15, passed_count 18)
  3.21% of Permutation test rounds,  94.74% of Permutation tests (Core 10/15, passed_count 18)
  3.22% of Permutation test rounds,  94.74% of Permutation tests (Core 15/15, passed_count 18)
  3.23% of Permutation test rounds,  94.74% of Permutation tests (Core 6/15, passed_count 18)
  3.24% of Permutation test rounds,  94.74% of Permutation tests (Core 5/15, passed_count 18)
  3.25% of Permutation test rounds,  94.74% of Permutation tests (Core 7/15, passed_count 18)
  3.26% of Permutation test rounds,  94.74% of Permutation tests (Core 0/15, passed_count 18)
  3.27% of Permutation test rounds,  94.74% of Permutation tests (Core 11/15, passed_count 18)
  3.28% of Permutation test rounds,  94.74% of Permutation tests (Core 14/15, passed_count 18)
  3.29% of Permutation test rounds,  94.74% of Permutation tests (Core 9/15, passed_count 18)
  3.30% of Permutation test rounds,  94.74% of Permutation tests (Core 12/15, passed_count 18)
  3.31% of Permutation test rounds,  94.74% of Permutation tests (Core 3/15, passed_count 18)
  3.32% of Permutation test rounds,  94.74% of Permutation tests (Core 1/15, passed_count 18)
  3.33% of Permutation test rounds,  94.74% of Permutation tests (Core 13/15, passed_count 18)
  3.34% of Permutation test rounds,  94.74% of Permutation tests (Core 4/15, passed_count 18)
  3.35% of Permutation test rounds,  94.74% of Permutation tests (Core 2/15, passed_count 18)
  3.36% of Permutation test rounds,  94.74% of Permutation tests (Core 8/15, passed_count 18)
  3.37% of Permutation test rounds,  94.74% of Permutation tests (Core 10/15, passed_count 18)
  3.38% of Permutation test rounds,  94.74% of Permutation tests (Core 15/15, passed_count 18)
  3.39% of Permutation test rounds,  94.74% of Permutation tests (Core 6/15, passed_count 18)
  3.40% of Permutation test rounds,  94.74% of Permutation tests (Core 5/15, passed_count 18)
  3.41% of Permutation test rounds,  94.74% of Permutation tests (Core 7/15, passed_count 18)
  3.42% of Permutation test rounds,  94.74% of Permutation tests (Core 0/15, passed_count 18)
  3.43% of Permutation test rounds,  94.74% of Permutation tests (Core 11/15, passed_count 18)
  3.44% of Permutation test rounds,  94.74% of Permutation tests (Core 14/15, passed_count 18)
  3.45% of Permutation test rounds,  94.74% of Permutation tests (Core 9/15, passed_count 18)
  3.46% of Permutation test rounds,  94.74% of Permutation tests (Core 12/15, passed_count 18)
  3.47% of Permutation test rounds,  94.74% of Permutation tests (Core 3/15, passed_count 18)
  3.48% of Permutation test rounds,  94.74% of Permutation tests (Core 1/15, passed_count 18)
  3.49% of Permutation test rounds,  94.74% of Permutation tests (Core 13/15, passed_count 18)
  3.50% of Permutation test rounds,  94.74% of Permutation tests (Core 4/15, passed_count 18)
  3.51% of Permutation test rounds,  94.74% of Permutation tests (Core 2/15, passed_count 18)
  3.52% of Permutation test rounds,  94.74% of Permutation tests (Core 8/15, passed_count 18)
  3.53% of Permutation test rounds,  94.74% of Permutation tests (Core 10/15, passed_count 18)
  3.54% of Permutation test rounds,  94.74% of Permutation tests (Core 15/15, passed_count 18)
  3.55% of Permutation test rounds,  94.74% of Permutation tests (Core 6/15, passed_count 18)
  3.56% of Permutation test rounds,  94.74% of Permutation tests (Core 5/15, passed_count 18)
  3.57% of Permutation test rounds,  94.74% of Permutation tests (Core 7/15, passed_count 18)
  3.58% of Permutation test rounds,  94.74% of Permutation tests (Core 0/15, passed_count 18)
  3.59% of Permutation test rounds,  94.74% of Permutation tests (Core 11/15, passed_count 18)
  3.60% of Permutation test rounds,  94.74% of Permutation tests (Core 14/15, passed_count 18)
  3.61% of Permutation test rounds,  94.74% of Permutation tests (Core 9/15, passed_count 18)
  3.62% of Permutation test rounds,  94.74% of Permutation tests (Core 12/15, passed_count 18)
  3.63% of Permutation test rounds,  94.74% of Permutation tests (Core 3/15, passed_count 18)
  3.64% of Permutation test rounds,  94.74% of Permutation tests (Core 1/15, passed_count 18)
  3.65% of Permutation test rounds,  94.74% of Permutation tests (Core 13/15, passed_count 18)
  3.66% of Permutation test rounds,  94.74% of Permutation tests (Core 4/15, passed_count 18)
  3.67% of Permutation test rounds,  94.74% of Permutation tests (Core 2/15, passed_count 18)
  3.68% of Permutation test rounds,  94.74% of Permutation tests (Core 8/15, passed_count 18)
  3.69% of Permutation test rounds,  94.74% of Permutation tests (Core 10/15, passed_count 18)
  3.70% of Permutation test rounds,  94.74% of Permutation tests (Core 15/15, passed_count 18)
  3.71% of Permutation test rounds,  94.74% of Permutation tests (Core 6/15, passed_count 18)
  3.72% of Permutation test rounds,  94.74% of Permutation tests (Core 5/15, passed_count 18)
  3.73% of Permutation test rounds,  94.74% of Permutation tests (Core 7/15, passed_count 18)
  3.74% of Permutation test rounds,  94.74% of Permutation tests (Core 0/15, passed_count 18)
  3.75% of Permutation test rounds,  94.74% of Permutation tests (Core 11/15, passed_count 18)
  3.76% of Permutation test rounds,  94.74% of Permutation tests (Core 14/15, passed_count 18)
  3.77% of Permutation test rounds,  94.74% of Permutation tests (Core 9/15, passed_count 18)
  3.78% of Permutation test rounds,  94.74% of Permutation tests (Core 12/15, passed_count 18)
  3.79% of Permutation test rounds,  94.74% of Permutation tests (Core 3/15, passed_count 18)
  3.80% of Permutation test rounds,  94.74% of Permutation tests (Core 1/15, passed_count 18)
  3.81% of Permutation test rounds,  94.74% of Permutation tests (Core 13/15, passed_count 18)
  3.82% of Permutation test rounds,  94.74% of Permutation tests (Core 4/15, passed_count 18)
  3.83% of Permutation test rounds,  94.74% of Permutation tests (Core 2/15, passed_count 18)
  3.84% of Permutation test rounds,  94.74% of Permutation tests (Core 8/15, passed_count 18)
  3.85% of Permutation test rounds,  94.74% of Permutation tests (Core 10/15, passed_count 18)
  3.86% of Permutation test rounds,  94.74% of Permutation tests (Core 15/15, passed_count 18)
  3.87% of Permutation test rounds,  94.74% of Permutation tests (Core 6/15, passed_count 18)
  3.88% of Permutation test rounds,  94.74% of Permutation tests (Core 5/15, passed_count 18)
  3.89% of Permutation test rounds,  94.74% of Permutation tests (Core 7/15, passed_count 18)
  3.90% of Permutation test rounds,  94.74% of Permutation tests (Core 0/15, passed_count 18)
  3.91% of Permutation test rounds,  94.74% of Permutation tests (Core 11/15, passed_count 18)
  3.92% of Permutation test rounds,  94.74% of Permutation tests (Core 14/15, passed_count 18)
  3.93% of Permutation test rounds,  94.74% of Permutation tests (Core 9/15, passed_count 18)
  3.94% of Permutation test rounds,  94.74% of Permutation tests (Core 12/15, passed_count 18)
  3.95% of Permutation test rounds,  94.74% of Permutation tests (Core 3/15, passed_count 18)
  3.96% of Permutation test rounds,  94.74% of Permutation tests (Core 1/15, passed_count 18)
  3.97% of Permutation test rounds,  94.74% of Permutation tests (Core 13/15, passed_count 18)
  3.98% of Permutation test rounds,  94.74% of Permutation tests (Core 4/15, passed_count 18)
  3.99% of Permutation test rounds,  94.74% of Permutation tests (Core 2/15, passed_count 18)
  4.00% of Permutation test rounds,  94.74% of Permutation tests (Core 8/15, passed_count 18)
  4.01% of Permutation test rounds,  94.74% of Permutation tests (Core 10/15, passed_count 18)
  4.02% of Permutation test rounds,  94.74% of Permutation tests (Core 15/15, passed_count 18)
  4.03% of Permutation test rounds,  94.74% of Permutation tests (Core 6/15, passed_count 18)
  4.04% of Permutation test rounds,  94.74% of Permutation tests (Core 5/15, passed_count 18)
  4.05% of Permutation test rounds,  94.74% of Permutation tests (Core 7/15, passed_count 18)
  4.06% of Permutation test rounds,  94.74% of Permutation tests (Core 0/15, passed_count 18)
  4.07% of Permutation test rounds,  94.74% of Permutation tests (Core 11/15, passed_count 18)
  4.08% of Permutation test rounds,  94.74% of Permutation tests (Core 14/15, passed_count 18)
  4.09% of Permutation test rounds,  94.74% of Permutation tests (Core 9/15, passed_count 18)
  4.10% of Permutation test rounds,  94.74% of Permutation tests (Core 12/15, passed_count 18)
  4.11% of Permutation test rounds,  94.74% of Permutation tests (Core 3/15, passed_count 18)
  4.12% of Permutation test rounds,  94.74% of Permutation tests (Core 1/15, passed_count 18)
  4.13% of Permutation test rounds,  94.74% of Permutation tests (Core 13/15, passed_count 18)
  4.14% of Permutation test rounds,  94.74% of Permutation tests (Core 4/15, passed_count 18)
  4.15% of Permutation test rounds,  94.74% of Permutation tests (Core 2/15, passed_count 18)
  4.16% of Permutation test rounds,  94.74% of Permutation tests (Core 8/15, passed_count 18)
  4.17% of Permutation test rounds,  94.74% of Permutation tests (Core 10/15, passed_count 18)
  4.18% of Permutation test rounds,  94.74% of Permutation tests (Core 15/15, passed_count 18)
  4.19% of Permutation test rounds,  94.74% of Permutation tests (Core 6/15, passed_count 18)
  4.20% of Permutation test rounds,  94.74% of Permutation tests (Core 5/15, passed_count 18)
  4.21% of Permutation test rounds,  94.74% of Permutation tests (Core 7/15, passed_count 18)
  4.22% of Permutation test rounds,  94.74% of Permutation tests (Core 0/15, passed_count 18)
  4.23% of Permutation test rounds,  94.74% of Permutation tests (Core 11/15, passed_count 18)
  4.24% of Permutation test rounds,  94.74% of Permutation tests (Core 14/15, passed_count 18)
  4.25% of Permutation test rounds,  94.74% of Permutation tests (Core 9/15, passed_count 18)
  4.26% of Permutation test rounds,  94.74% of Permutation tests (Core 12/15, passed_count 18)
  4.27% of Permutation test rounds,  94.74% of Permutation tests (Core 3/15, passed_count 18)
  4.28% of Permutation test rounds,  94.74% of Permutation tests (Core 1/15, passed_count 18)
  4.29% of Permutation test rounds,  94.74% of Permutation tests (Core 13/15, passed_count 18)
  4.30% of Permutation test rounds,  94.74% of Permutation tests (Core 4/15, passed_count 18)
  4.31% of Permutation test rounds,  94.74% of Permutation tests (Core 2/15, passed_count 18)
  4.32% of Permutation test rounds,  94.74% of Permutation tests (Core 8/15, passed_count 18)
  4.33% of Permutation test rounds,  94.74% of Permutation tests (Core 10/15, passed_count 18)
  4.34% of Permutation test rounds,  94.74% of Permutation tests (Core 15/15, passed_count 18)
  4.35% of Permutation test rounds,  94.74% of Permutation tests (Core 6/15, passed_count 18)
  4.36% of Permutation test rounds,  94.74% of Permutation tests (Core 5/15, passed_count 18)
  4.37% of Permutation test rounds,  94.74% of Permutation tests (Core 7/15, passed_count 18)
  4.38% of Permutation test rounds,  94.74% of Permutation tests (Core 0/15, passed_count 18)
  4.39% of Permutation test rounds,  94.74% of Permutation tests (Core 11/15, passed_count 18)
  4.40% of Permutation test rounds,  94.74% of Permutation tests (Core 14/15, passed_count 18)
  4.41% of Permutation test rounds,  94.74% of Permutation tests (Core 9/15, passed_count 18)
  4.42% of Permutation test rounds,  94.74% of Permutation tests (Core 12/15, passed_count 18)
  4.43% of Permutation test rounds,  94.74% of Permutation tests (Core 3/15, passed_count 18)
  4.44% of Permutation test rounds,  94.74% of Permutation tests (Core 1/15, passed_count 18)
  4.45% of Permutation test rounds,  94.74% of Permutation tests (Core 13/15, passed_count 18)
  4.46% of Permutation test rounds,  94.74% of Permutation tests (Core 4/15, passed_count 18)
  4.47% of Permutation test rounds,  94.74% of Permutation tests (Core 2/15, passed_count 18)
  4.48% of Permutation test rounds,  94.74% of Permutation tests (Core 8/15, passed_count 18)
  4.49% of Permutation test rounds,  94.74% of Permutation tests (Core 10/15, passed_count 18)
  4.50% of Permutation test rounds,  94.74% of Permutation tests (Core 15/15, passed_count 18)
  4.51% of Permutation test rounds,  94.74% of Permutation tests (Core 6/15, passed_count 18)
  4.52% of Permutation test rounds,  94.74% of Permutation tests (Core 5/15, passed_count 18)
  4.53% of Permutation test rounds,  94.74% of Permutation tests (Core 7/15, passed_count 18)
  4.54% of Permutation test rounds,  94.74% of Permutation tests (Core 0/15, passed_count 18)
  4.55% of Permutation test rounds,  94.74% of Permutation tests (Core 11/15, passed_count 18)
  4.56% of Permutation test rounds,  94.74% of Permutation tests (Core 14/15, passed_count 18)
  4.57% of Permutation test rounds,  94.74% of Permutation tests (Core 9/15, passed_count 18)
  4.58% of Permutation test rounds,  94.74% of Permutation tests (Core 12/15, passed_count 18)
  4.59% of Permutation test rounds,  94.74% of Permutation tests (Core 3/15, passed_count 18)
  4.60% of Permutation test rounds,  94.74% of Permutation tests (Core 1/15, passed_count 18)
  4.61% of Permutation test rounds,  94.74% of Permutation tests (Core 13/15, passed_count 18)
  4.62% of Permutation test rounds,  94.74% of Permutation tests (Core 4/15, passed_count 18)
  4.63% of Permutation test rounds,  94.74% of Permutation tests (Core 2/15, passed_count 18)
  4.64% of Permutation test rounds,  94.74% of Permutation tests (Core 8/15, passed_count 18)
  4.65% of Permutation test rounds,  94.74% of Permutation tests (Core 10/15, passed_count 18)
  4.66% of Permutation test rounds,  94.74% of Permutation tests (Core 15/15, passed_count 18)
  4.67% of Permutation test rounds,  94.74% of Permutation tests (Core 6/15, passed_count 18)
  4.68% of Permutation test rounds,  94.74% of Permutation tests (Core 5/15, passed_count 18)
  4.69% of Permutation test rounds,  94.74% of Permutation tests (Core 7/15, passed_count 18)
  4.70% of Permutation test rounds,  94.74% of Permutation tests (Core 0/15, passed_count 18)
  4.71% of Permutation test rounds,  94.74% of Permutation tests (Core 11/15, passed_count 18)
  4.72% of Permutation test rounds,  94.74% of Permutation tests (Core 14/15, passed_count 18)
  4.73% of Permutation test rounds,  94.74% of Permutation tests (Core 9/15, passed_count 18)
  4.74% of Permutation test rounds,  94.74% of Permutation tests (Core 12/15, passed_count 18)
  4.75% of Permutation test rounds,  94.74% of Permutation tests (Core 3/15, passed_count 18)
  4.76% of Permutation test rounds,  94.74% of Permutation tests (Core 1/15, passed_count 18)
  4.77% of Permutation test rounds,  94.74% of Permutation tests (Core 13/15, passed_count 18)
  4.78% of Permutation test rounds,  94.74% of Permutation tests (Core 4/15, passed_count 18)
  4.79% of Permutation test rounds,  94.74% of Permutation tests (Core 2/15, passed_count 18)
  4.80% of Permutation test rounds,  94.74% of Permutation tests (Core 8/15, passed_count 18)
  4.81% of Permutation test rounds,  94.74% of Permutation tests (Core 10/15, passed_count 18)
  4.82% of Permutation test rounds,  94.74% of Permutation tests (Core 15/15, passed_count 18)
  4.83% of Permutation test rounds,  94.74% of Permutation tests (Core 6/15, passed_count 18)
  4.84% of Permutation test rounds,  94.74% of Permutation tests (Core 5/15, passed_count 18)
  4.85% of Permutation test rounds,  94.74% of Permutation tests (Core 7/15, passed_count 18)
  4.86% of Permutation test rounds,  94.74% of Permutation tests (Core 0/15, passed_count 18)
  4.87% of Permutation test rounds,  94.74% of Permutation tests (Core 11/15, passed_count 18)
  4.88% of Permutation test rounds,  94.74% of Permutation tests (Core 14/15, passed_count 18)
  4.89% of Permutation test rounds,  94.74% of Permutation tests (Core 9/15, passed_count 18)
  4.90% of Permutation test rounds,  94.74% of Permutation tests (Core 12/15, passed_count 18)
  4.91% of Permutation test rounds,  94.74% of Permutation tests (Core 3/15, passed_count 18)
  4.92% of Permutation test rounds,  94.74% of Permutation tests (Core 1/15, passed_count 18)
  4.93% of Permutation test rounds,  94.74% of Permutation tests (Core 13/15, passed_count 18)
  4.94% of Permutation test rounds,  94.74% of Permutation tests (Core 4/15, passed_count 18)
  4.95% of Permutation test rounds,  94.74% of Permutation tests (Core 2/15, passed_count 18)
  4.96% of Permutation test rounds,  94.74% of Permutation tests (Core 8/15, passed_count 18)
  4.97% of Permutation test rounds,  94.74% of Permutation tests (Core 10/15, passed_count 18)
  4.98% of Permutation test rounds,  94.74% of Permutation tests (Core 15/15, passed_count 18)
  4.99% of Permutation test rounds,  94.74% of Permutation tests (Core 6/15, passed_count 18)
  5.00% of Permutation test rounds,  94.74% of Permutation tests (Core 5/15, passed_count 18)
  5.01% of Permutation test rounds,  94.74% of Permutation tests (Core 7/15, passed_count 18)
  5.02% of Permutation test rounds,  94.74% of Permutation tests (Core 0/15, passed_count 18)
  5.03% of Permutation test rounds,  94.74% of Permutation tests (Core 11/15, passed_count 18)
  5.04% of Permutation test rounds,  94.74% of Permutation tests (Core 14/15, passed_count 18)
  5.05% of Permutation test rounds,  94.74% of Permutation tests (Core 9/15, passed_count 18)
  5.06% of Permutation test rounds,  94.74% of Permutation tests (Core 12/15, passed_count 18)
  5.07% of Permutation test rounds,  94.74% of Permutation tests (Core 3/15, passed_count 18)
  5.08% of Permutation test rounds,  94.74% of Permutation tests (Core 1/15, passed_count 18)
  5.09% of Permutation test rounds,  94.74% of Permutation tests (Core 13/15, passed_count 18)
  5.10% of Permutation test rounds,  94.74% of Permutation tests (Core 4/15, passed_count 18)
  5.11% of Permutation test rounds,  94.74% of Permutation tests (Core 2/15, passed_count 18)
  5.12% of Permutation test rounds,  94.74% of Permutation tests (Core 8/15, passed_count 18)
  5.13% of Permutation test rounds,  94.74% of Permutation tests (Core 10/15, passed_count 18)
  5.14% of Permutation test rounds,  94.74% of Permutation tests (Core 15/15, passed_count 18)
  5.15% of Permutation test rounds,  94.74% of Permutation tests (Core 6/15, passed_count 18)
  5.16% of Permutation test rounds,  94.74% of Permutation tests (Core 5/15, passed_count 18)
  5.17% of Permutation test rounds,  94.74% of Permutation tests (Core 7/15, passed_count 18)
  5.18% of Permutation test rounds,  94.74% of Permutation tests (Core 0/15, passed_count 18)
  5.19% of Permutation test rounds,  94.74% of Permutation tests (Core 11/15, passed_count 18)
  5.20% of Permutation test rounds,  94.74% of Permutation tests (Core 14/15, passed_count 18)
  5.21% of Permutation test rounds,  94.74% of Permutation tests (Core 9/15, passed_count 18)
  5.22% of Permutation test rounds,  94.74% of Permutation tests (Core 12/15, passed_count 18)
  5.23% of Permutation test rounds,  94.74% of Permutation tests (Core 3/15, passed_count 18)
  5.24% of Permutation test rounds,  94.74% of Permutation tests (Core 1/15, passed_count 18)
  5.25% of Permutation test rounds,  94.74% of Permutation tests (Core 13/15, passed_count 18)
  5.26% of Permutation test rounds,  94.74% of Permutation tests (Core 4/15, passed_count 18)
  5.27% of Permutation test rounds,  94.74% of Permutation tests (Core 2/15, passed_count 18)
  5.28% of Permutation test rounds,  94.74% of Permutation tests (Core 8/15, passed_count 18)
  5.29% of Permutation test rounds,  94.74% of Permutation tests (Core 10/15, passed_count 18)
  5.30% of Permutation test rounds,  94.74% of Permutation tests (Core 15/15, passed_count 18)
  5.31% of Permutation test rounds,  94.74% of Permutation tests (Core 6/15, passed_count 18)
  5.32% of Permutation test rounds,  94.74% of Permutation tests (Core 5/15, passed_count 18)
  5.33% of Permutation test rounds,  94.74% of Permutation tests (Core 7/15, passed_count 18)
  5.34% of Permutation test rounds,  94.74% of Permutation tests (Core 0/15, passed_count 18)
  5.35% of Permutation test rounds,  94.74% of Permutation tests (Core 11/15, passed_count 18)
  5.36% of Permutation test rounds,  94.74% of Permutation tests (Core 14/15, passed_count 18)
  5.37% of Permutation test rounds,  94.74% of Permutation tests (Core 9/15, passed_count 18)
  5.38% of Permutation test rounds,  94.74% of Permutation tests (Core 12/15, passed_count 18)
  5.39% of Permutation test rounds,  94.74% of Permutation tests (Core 3/15, passed_count 18)
  5.40% of Permutation test rounds,  94.74% of Permutation tests (Core 1/15, passed_count 18)
  5.41% of Permutation test rounds,  94.74% of Permutation tests (Core 13/15, passed_count 18)
  5.42% of Permutation test rounds,  94.74% of Permutation tests (Core 4/15, passed_count 18)
  5.43% of Permutation test rounds,  94.74% of Permutation tests (Core 2/15, passed_count 18)
  5.44% of Permutation test rounds,  94.74% of Permutation tests (Core 8/15, passed_count 18)
  5.45% of Permutation test rounds,  94.74% of Permutation tests (Core 10/15, passed_count 18)
  5.46% of Permutation test rounds,  94.74% of Permutation tests (Core 15/15, passed_count 18)
  5.47% of Permutation test rounds,  94.74% of Permutation tests (Core 6/15, passed_count 18)
  5.48% of Permutation test rounds,  94.74% of Permutation tests (Core 5/15, passed_count 18)
  5.49% of Permutation test rounds,  94.74% of Permutation tests (Core 7/15, passed_count 18)
  5.50% of Permutation test rounds,  94.74% of Permutation tests (Core 0/15, passed_count 18)
  5.51% of Permutation test rounds,  94.74% of Permutation tests (Core 11/15, passed_count 18)
  5.52% of Permutation test rounds,  94.74% of Permutation tests (Core 14/15, passed_count 18)
  5.53% of Permutation test rounds,  94.74% of Permutation tests (Core 9/15, passed_count 18)
  5.54% of Permutation test rounds,  94.74% of Permutation tests (Core 12/15, passed_count 18)
  5.55% of Permutation test rounds,  94.74% of Permutation tests (Core 3/15, passed_count 18)
  5.56% of Permutation test rounds,  94.74% of Permutation tests (Core 1/15, passed_count 18)
  5.57% of Permutation test rounds,  94.74% of Permutation tests (Core 13/15, passed_count 18)
  5.58% of Permutation test rounds,  94.74% of Permutation tests (Core 4/15, passed_count 18)
  5.59% of Permutation test rounds,  94.74% of Permutation tests (Core 2/15, passed_count 18)
  5.60% of Permutation test rounds,  94.74% of Permutation tests (Core 8/15, passed_count 18)
  5.61% of Permutation test rounds,  94.74% of Permutation tests (Core 10/15, passed_count 18)
  5.62% of Permutation test rounds,  94.74% of Permutation tests (Core 15/15, passed_count 18)
  5.63% of Permutation test rounds,  94.74% of Permutation tests (Core 6/15, passed_count 18)
  5.64% of Permutation test rounds,  94.74% of Permutation tests (Core 5/15, passed_count 18)
  5.65% of Permutation test rounds,  94.74% of Permutation tests (Core 7/15, passed_count 18)
  5.66% of Permutation test rounds,  94.74% of Permutation tests (Core 0/15, passed_count 18)
  5.67% of Permutation test rounds,  94.74% of Permutation tests (Core 11/15, passed_count 18)
  5.68% of Permutation test rounds,  94.74% of Permutation tests (Core 14/15, passed_count 18)
  5.69% of Permutation test rounds,  94.74% of Permutation tests (Core 9/15, passed_count 18)
  5.70% of Permutation test rounds,  94.74% of Permutation tests (Core 12/15, passed_count 18)
  5.71% of Permutation test rounds,  94.74% of Permutation tests (Core 3/15, passed_count 18)
  5.72% of Permutation test rounds,  94.74% of Permutation tests (Core 1/15, passed_count 18)
  5.73% of Permutation test rounds,  94.74% of Permutation tests (Core 13/15, passed_count 18)
  5.74% of Permutation test rounds,  94.74% of Permutation tests (Core 4/15, passed_count 18)
  5.75% of Permutation test rounds,  94.74% of Permutation tests (Core 2/15, passed_count 18)
  5.76% of Permutation test rounds,  94.74% of Permutation tests (Core 8/15, passed_count 18)
  5.77% of Permutation test rounds,  94.74% of Permutation tests (Core 10/15, passed_count 18)
  5.78% of Permutation test rounds,  94.74% of Permutation tests (Core 15/15, passed_count 18)
  5.79% of Permutation test rounds,  94.74% of Permutation tests (Core 6/15, passed_count 18)
  5.80% of Permutation test rounds,  94.74% of Permutation tests (Core 5/15, passed_count 18)
  5.81% of Permutation test rounds,  94.74% of Permutation tests (Core 7/15, passed_count 18)
  5.82% of Permutation test rounds,  94.74% of Permutation tests (Core 0/15, passed_count 18)
  5.83% of Permutation test rounds,  94.74% of Permutation tests (Core 11/15, passed_count 18)
  5.84% of Permutation test rounds,  94.74% of Permutation tests (Core 14/15, passed_count 18)
  5.85% of Permutation test rounds,  94.74% of Permutation tests (Core 9/15, passed_count 18)
  5.86% of Permutation test rounds,  94.74% of Permutation tests (Core 12/15, passed_count 18)
  5.87% of Permutation test rounds,  94.74% of Permutation tests (Core 3/15, passed_count 18)
  5.88% of Permutation test rounds,  94.74% of Permutation tests (Core 1/15, passed_count 18)
  5.89% of Permutation test rounds,  94.74% of Permutation tests (Core 13/15, passed_count 18)
  5.90% of Permutation test rounds,  94.74% of Permutation tests (Core 4/15, passed_count 18)
  5.91% of Permutation test rounds,  94.74% of Permutation tests (Core 2/15, passed_count 18)
  5.92% of Permutation test rounds,  94.74% of Permutation tests (Core 8/15, passed_count 18)
  5.93% of Permutation test rounds,  94.74% of Permutation tests (Core 10/15, passed_count 18)
  5.94% of Permutation test rounds,  94.74% of Permutation tests (Core 15/15, passed_count 18)
  5.95% of Permutation test rounds,  94.74% of Permutation tests (Core 6/15, passed_count 18)
  5.96% of Permutation test rounds,  94.74% of Permutation tests (Core 5/15, passed_count 18)
  5.97% of Permutation test rounds,  94.74% of Permutation tests (Core 7/15, passed_count 18)
  5.98% of Permutation test rounds,  94.74% of Permutation tests (Core 0/15, passed_count 18)
  5.99% of Permutation test rounds,  94.74% of Permutation tests (Core 11/15, passed_count 18)
  6.00% of Permutation test rounds,  94.74% of Permutation tests (Core 14/15, passed_count 18)
  6.01% of Permutation test rounds,  94.74% of Permutation tests (Core 9/15, passed_count 18)
  6.02% of Permutation test rounds,  94.74% of Permutation tests (Core 12/15, passed_count 18)
  6.03% of Permutation test rounds,  94.74% of Permutation tests (Core 3/15, passed_count 18)
  6.04% of Permutation test rounds,  94.74% of Permutation tests (Core 1/15, passed_count 18)
  6.05% of Permutation test rounds,  94.74% of Permutation tests (Core 13/15, passed_count 18)
  6.06% of Permutation test rounds,  94.74% of Permutation tests (Core 4/15, passed_count 18)
  6.07% of Permutation test rounds,  94.74% of Permutation tests (Core 2/15, passed_count 18)
  6.08% of Permutation test rounds,  94.74% of Permutation tests (Core 8/15, passed_count 18)
  6.09% of Permutation test rounds,  94.74% of Permutation tests (Core 10/15, passed_count 18)
  6.10% of Permutation test rounds,  94.74% of Permutation tests (Core 15/15, passed_count 18)
  6.11% of Permutation test rounds,  94.74% of Permutation tests (Core 6/15, passed_count 18)
  6.12% of Permutation test rounds,  94.74% of Permutation tests (Core 5/15, passed_count 18)
  6.13% of Permutation test rounds,  94.74% of Permutation tests (Core 7/15, passed_count 18)
  6.14% of Permutation test rounds,  94.74% of Permutation tests (Core 0/15, passed_count 18)
  6.15% of Permutation test rounds,  94.74% of Permutation tests (Core 11/15, passed_count 18)
  6.16% of Permutation test rounds,  94.74% of Permutation tests (Core 14/15, passed_count 18)
  6.17% of Permutation test rounds,  94.74% of Permutation tests (Core 9/15, passed_count 18)
  6.18% of Permutation test rounds,  94.74% of Permutation tests (Core 12/15, passed_count 18)
  6.19% of Permutation test rounds,  94.74% of Permutation tests (Core 3/15, passed_count 18)
  6.20% of Permutation test rounds,  94.74% of Permutation tests (Core 1/15, passed_count 18)
  6.21% of Permutation test rounds,  94.74% of Permutation tests (Core 13/15, passed_count 18)
  6.22% of Permutation test rounds,  94.74% of Permutation tests (Core 4/15, passed_count 18)
  6.23% of Permutation test rounds,  94.74% of Permutation tests (Core 2/15, passed_count 18)
  6.24% of Permutation test rounds,  94.74% of Permutation tests (Core 8/15, passed_count 18)
  6.25% of Permutation test rounds,  94.74% of Permutation tests (Core 10/15, passed_count 18)
  6.26% of Permutation test rounds,  94.74% of Permutation tests (Core 15/15, passed_count 18)
  6.27% of Permutation test rounds,  94.74% of Permutation tests (Core 6/15, passed_count 18)
  6.28% of Permutation test rounds,  94.74% of Permutation tests (Core 5/15, passed_count 18)
  6.29% of Permutation test rounds,  94.74% of Permutation tests (Core 7/15, passed_count 18)
  6.30% of Permutation test rounds,  94.74% of Permutation tests (Core 0/15, passed_count 18)
  6.31% of Permutation test rounds,  94.74% of Permutation tests (Core 0/15, passed_count 18)
  6.32% of Permutation test rounds,  94.74% of Permutation tests (Core 14/15, passed_count 18)
  6.33% of Permutation test rounds,  94.74% of Permutation tests (Core 9/15, passed_count 18)
  6.34% of Permutation test rounds,  94.74% of Permutation tests (Core 12/15, passed_count 18)
  6.35% of Permutation test rounds,  94.74% of Permutation tests (Core 3/15, passed_count 18)
  6.36% of Permutation test rounds,  94.74% of Permutation tests (Core 1/15, passed_count 18)
  6.37% of Permutation test rounds,  94.74% of Permutation tests (Core 13/15, passed_count 18)
  6.38% of Permutation test rounds,  94.74% of Permutation tests (Core 4/15, passed_count 18)
  6.39% of Permutation test rounds,  94.74% of Permutation tests (Core 2/15, passed_count 18)
  6.40% of Permutation test rounds,  94.74% of Permutation tests (Core 8/15, passed_count 18)
  6.41% of Permutation test rounds,  94.74% of Permutation tests (Core 10/15, passed_count 18)
  6.42% of Permutation test rounds,  94.74% of Permutation tests (Core 15/15, passed_count 18)
  6.43% of Permutation test rounds,  94.74% of Permutation tests (Core 6/15, passed_count 18)
  6.44% of Permutation test rounds,  94.74% of Permutation tests (Core 5/15, passed_count 18)
  6.45% of Permutation test rounds,  94.74% of Permutation tests (Core 7/15, passed_count 18)
  6.46% of Permutation test rounds,  94.74% of Permutation tests (Core 11/15, passed_count 18)
  6.47% of Permutation test rounds,  94.74% of Permutation tests (Core 0/15, passed_count 18)
  6.48% of Permutation test rounds,  94.74% of Permutation tests (Core 14/15, passed_count 18)
  6.49% of Permutation test rounds,  94.74% of Permutation tests (Core 9/15, passed_count 18)
  6.50% of Permutation test rounds,  94.74% of Permutation tests (Core 12/15, passed_count 18)
  6.51% of Permutation test rounds,  94.74% of Permutation tests (Core 3/15, passed_count 18)
  6.52% of Permutation test rounds,  94.74% of Permutation tests (Core 1/15, passed_count 18)
  6.53% of Permutation test rounds,  94.74% of Permutation tests (Core 13/15, passed_count 18)
  6.54% of Permutation test rounds,  94.74% of Permutation tests (Core 4/15, passed_count 18)
  6.55% of Permutation test rounds,  94.74% of Permutation tests (Core 2/15, passed_count 18)
  6.56% of Permutation test rounds,  94.74% of Permutation tests (Core 8/15, passed_count 18)
  6.57% of Permutation test rounds,  94.74% of Permutation tests (Core 10/15, passed_count 18)
  6.58% of Permutation test rounds,  94.74% of Permutation tests (Core 15/15, passed_count 18)
  6.59% of Permutation test rounds,  94.74% of Permutation tests (Core 6/15, passed_count 18)
  6.60% of Permutation test rounds,  94.74% of Permutation tests (Core 5/15, passed_count 18)
  6.61% of Permutation test rounds,  94.74% of Permutation tests (Core 7/15, passed_count 18)
  6.62% of Permutation test rounds,  94.74% of Permutation tests (Core 11/15, passed_count 18)
  6.63% of Permutation test rounds,  94.74% of Permutation tests (Core 0/15, passed_count 18)
  6.64% of Permutation test rounds,  94.74% of Permutation tests (Core 14/15, passed_count 18)
  6.65% of Permutation test rounds,  94.74% of Permutation tests (Core 9/15, passed_count 18)
  6.66% of Permutation test rounds,  94.74% of Permutation tests (Core 12/15, passed_count 18)
  6.67% of Permutation test rounds,  94.74% of Permutation tests (Core 3/15, passed_count 18)
  6.68% of Permutation test rounds,  94.74% of Permutation tests (Core 1/15, passed_count 18)
  6.69% of Permutation test rounds,  94.74% of Permutation tests (Core 13/15, passed_count 18)
  6.70% of Permutation test rounds,  94.74% of Permutation tests (Core 4/15, passed_count 18)
  6.71% of Permutation test rounds,  94.74% of Permutation tests (Core 2/15, passed_count 18)
  6.72% of Permutation test rounds,  94.74% of Permutation tests (Core 8/15, passed_count 18)
  6.73% of Permutation test rounds,  94.74% of Permutation tests (Core 10/15, passed_count 18)
  6.74% of Permutation test rounds,  94.74% of Permutation tests (Core 15/15, passed_count 18)
  6.75% of Permutation test rounds,  94.74% of Permutation tests (Core 6/15, passed_count 18)
  6.76% of Permutation test rounds,  94.74% of Permutation tests (Core 5/15, passed_count 18)
  6.77% of Permutation test rounds,  94.74% of Permutation tests (Core 7/15, passed_count 18)
  6.78% of Permutation test rounds,  94.74% of Permutation tests (Core 11/15, passed_count 18)
  6.79% of Permutation test rounds,  94.74% of Permutation tests (Core 0/15, passed_count 18)
  6.80% of Permutation test rounds,  94.74% of Permutation tests (Core 14/15, passed_count 18)
  6.81% of Permutation test rounds,  94.74% of Permutation tests (Core 9/15, passed_count 18)
  6.82% of Permutation test rounds,  94.74% of Permutation tests (Core 12/15, passed_count 18)
  6.83% of Permutation test rounds,  94.74% of Permutation tests (Core 3/15, passed_count 18)
  6.84% of Permutation test rounds,  94.74% of Permutation tests (Core 1/15, passed_count 18)
  6.85% of Permutation test rounds,  94.74% of Permutation tests (Core 13/15, passed_count 18)
  6.86% of Permutation test rounds,  94.74% of Permutation tests (Core 4/15, passed_count 18)
  6.87% of Permutation test rounds,  94.74% of Permutation tests (Core 2/15, passed_count 18)
  6.88% of Permutation test rounds,  94.74% of Permutation tests (Core 8/15, passed_count 18)
  6.89% of Permutation test rounds,  94.74% of Permutation tests (Core 10/15, passed_count 18)
  6.90% of Permutation test rounds,  94.74% of Permutation tests (Core 15/15, passed_count 18)
  6.91% of Permutation test rounds,  94.74% of Permutation tests (Core 6/15, passed_count 18)
  6.92% of Permutation test rounds,  94.74% of Permutation tests (Core 5/15, passed_count 18)
  6.93% of Permutation test rounds,  94.74% of Permutation tests (Core 7/15, passed_count 18)
  6.94% of Permutation test rounds,  94.74% of Permutation tests (Core 11/15, passed_count 18)
  6.95% of Permutation test rounds,  94.74% of Permutation tests (Core 0/15, passed_count 18)
  6.96% of Permutation test rounds,  94.74% of Permutation tests (Core 14/15, passed_count 18)
  6.97% of Permutation test rounds,  94.74% of Permutation tests (Core 9/15, passed_count 18)
  6.98% of Permutation test rounds,  94.74% of Permutation tests (Core 12/15, passed_count 18)
  6.99% of Permutation test rounds,  94.74% of Permutation tests (Core 3/15, passed_count 18)
  7.00% of Permutation test rounds,  94.74% of Permutation tests (Core 1/15, passed_count 18)
  7.01% of Permutation test rounds,  94.74% of Permutation tests (Core 13/15, passed_count 18)
  7.02% of Permutation test rounds,  94.74% of Permutation tests (Core 4/15, passed_count 18)
  7.03% of Permutation test rounds,  94.74% of Permutation tests (Core 2/15, passed_count 18)
  7.04% of Permutation test rounds,  94.74% of Permutation tests (Core 8/15, passed_count 18)
  7.05% of Permutation test rounds,  94.74% of Permutation tests (Core 10/15, passed_count 18)
  7.06% of Permutation test rounds,  94.74% of Permutation tests (Core 15/15, passed_count 18)
  7.07% of Permutation test rounds,  94.74% of Permutation tests (Core 6/15, passed_count 18)
  7.08% of Permutation test rounds,  94.74% of Permutation tests (Core 5/15, passed_count 18)
  7.09% of Permutation test rounds,  94.74% of Permutation tests (Core 7/15, passed_count 18)
  7.10% of Permutation test rounds,  94.74% of Permutation tests (Core 11/15, passed_count 18)
  7.11% of Permutation test rounds,  94.74% of Permutation tests (Core 0/15, passed_count 18)
  7.12% of Permutation test rounds,  94.74% of Permutation tests (Core 14/15, passed_count 18)
  7.13% of Permutation test rounds,  94.74% of Permutation tests (Core 9/15, passed_count 18)
  7.14% of Permutation test rounds,  94.74% of Permutation tests (Core 12/15, passed_count 18)
  7.15% of Permutation test rounds,  94.74% of Permutation tests (Core 3/15, passed_count 18)
  7.16% of Permutation test rounds, 100.00% of Permutation tests (Core 1/15, passed_count 19)
 13.01% of Permutation test rounds, 100.00% of Permutation tests (Core 13/15, passed_count 19)
 18.85% of Permutation test rounds, 100.00% of Permutation tests (Core 4/15, passed_count 19)
 24.70% of Permutation test rounds, 100.00% of Permutation tests (Core 2/15, passed_count 19)
 30.54% of Permutation test rounds, 100.00% of Permutation tests (Core 8/15, passed_count 19)
 36.38% of Permutation test rounds, 100.00% of Permutation tests (Core 10/15, passed_count 19)
 42.04% of Permutation test rounds, 100.00% of Permutation tests (Core 15/15, passed_count 19)
 47.88% of Permutation test rounds, 100.00% of Permutation tests (Core 6/15, passed_count 19)
 53.54% of Permutation test rounds, 100.00% of Permutation tests (Core 5/15, passed_count 19)
 59.39% of Permutation test rounds, 100.00% of Permutation tests (Core 7/15, passed_count 19)
 65.22% of Permutation test rounds, 100.00% of Permutation tests (Core 11/15, passed_count 19)
 71.07% of Permutation test rounds, 100.00% of Permutation tests (Core 0/15, passed_count 19)
 76.87% of Permutation test rounds, 100.00% of Permutation tests (Core 14/15, passed_count 19)
 82.53% of Permutation test rounds, 100.00% of Permutation tests (Core 9/15, passed_count 19)
 88.36% of Permutation test rounds, 100.00% of Permutation tests (Core 12/15, passed_count 19)
 94.19% of Permutation test rounds, 100.00% of Permutation tests (Core 3/15, passed_count 19)


                statistic  C[i][0]  C[i][1]  C[i][2]
----------------------------------------------------
                excursion       6       0     129
       numDirectionalRuns       6       0       6
       lenDirectionalRuns       6       6       0
    numIncreasesDecreases       9       0       6
            numRunsMedian       6       0       6
            lenRunsMedian       5       1      22
             avgCollision       6       0      13
             maxCollision      68       3       3
           periodicity(1)       6       0      13
           periodicity(2)       6       0      27
           periodicity(8)       5       1      56
          periodicity(16)       6       0      10
          periodicity(32)       6       0     710
            covariance(1)       9       0       6
            covariance(2)       6       0      24
            covariance(8)       6       0      63
           covariance(16)      11       0       6
           covariance(32)       6       0      49
              compression      49       1       5
(* denotes failed test)

** Passed IID permutation tests

your 131072x1 screen size is bogus. expect trouble
your 131072x1 screen size is bogus. expect trouble
Identity added: /home/mmggjj/.ssh/id_ed25519 (mariogj.03@gmail.com)
tiempo_s=9.77 maxrss_kB=165372
--- condC_rep1_noniid_b8: exit 0, 6 s ---
Agent pid 423
Opening file: '/mnt/c/Users/mario/Documents/TFM_RNG/tfm_esp32_rng/results/condC_rep1.bin' (SHA-256 hash 732376183b2427e494211e0426a09ba8098377fe58e9ff0e8c64ca5afb767dc2)
Loaded 125000 samples of 256 distinct 8-bit-wide symbols
Number of Binary Symbols: 1000000

*** Warning: data contains less than 1000000 samples ***


Running non-IID tests...

Running Most Common Value Estimate...
Bitstring MCV Estimate: mode = 500114, p-hat = 0.50011399999999995, p_u = 0.50140191526225675
	Most Common Value Estimate (bit string) = 0.995961 / 1 bit(s)
Literal MCV Estimate: mode = 542, p-hat = 0.0043359999999999996, p_u = 0.004814701567294296
	Most Common Value Estimate = 7.698338 / 8 bit(s)

Running Entropic Statistic Estimates (bit strings only)...
Bitstring Collision Estimate: X-bar = 2.500588889861342, sigma-hat = 0.50000027835782279, p = 0.52690469290355491
	Collision Test Estimate (bit string) = 0.924386 / 1 bit(s)
Bitstring Markov Estimate: P_0 = 0.499886, P_1 = 0.50011399999999995, P_0,0 = 0.49959590786699365, P_0,1 = 0.50040409213300641, P_1,0 = 0.50017696000703837, P_1,1 = 0.49982303999296163, p_max = 3.1637227128258877e-39
	Markov Test Estimate (bit string) = 0.999169 / 1 bit(s)
Bitstring Compression Estimate: X-bar = 5.2139701546845414, sigma-hat = 1.017162263821717, p = 0.033040458883971002
	Compression Test Estimate (bit string) = 0.819937 / 1 bit(s)

Running Tuple Estimates...
Bitstring t-Tuple Estimate: t = 15, p-hat_max = 0.5200254334221196312227, p_u = 0.5213123153488957853881
Bitstring LRS Estimate: u = 16, v = 38, p-hat = 0.51076404282486923, p_u = 0.5120516596383866
	T-Tuple Test Estimate (bit string) = 0.939780 / 1 bit(s)
Literal t-Tuple Estimate: t = 1, p-hat_max = 0.004335999999999999999876, p_u = 0.004814701567294296266485
Literal LRS Estimate: u = 2, v = 3, p-hat = 0.0040000533342435725, p_u = 0.0044599141007077538
	T-Tuple Test Estimate = 7.698338 / 8 bit(s)
	LRS Test Estimate (bit string) = 0.965639 / 1 bit(s)
	LRS Test Estimate = 7.808768 / 8 bit(s)

Running Predictor Estimates...
Bitstring MultiMCW Prediction Estimate: N = 999937, Pglobal' = 0.50045840183259638 (C = 499139) Plocal can't affect result (r = 22)
	Multi Most Common in Window (MultiMCW) Prediction Test Estimate (bit string) = 0.998678 / 1 bit(s)
Literal MultiMCW Prediction Estimate: N = 124937, Pglobal' = 0.0041656321111989848 (C = 465) Plocal = 0.004323073550451053 (r = 3)
	Multi Most Common in Window (MultiMCW) Prediction Test Estimate = 7.853727 / 8 bit(s)
Bitstring Lag Prediction Estimate: N = 999999, Pglobal' = 0.50164541596798329 (C = 500357) Plocal can't affect result (r = 21)
	Lag Prediction Test Estimate (bit string) = 0.995260 / 1 bit(s)
Literal Lag Prediction Estimate: N = 124999, Pglobal' = 0.0044006753978674557 (C = 493) Plocal can't affect result (r = 3)
	Lag Prediction Test Estimate = 7.828059 / 8 bit(s)
Bitstring MultiMMC Prediction Estimate: N = 999998, Pglobal' = 0.49984290831520822 (C = 498554) Plocal can't affect result (r = 24)
	Multi Markov Model with Counting (MultiMMC) Prediction Test Estimate (bit string) = 1.000000 / 1 bit(s)
Literal MultiMMC Prediction Estimate: N = 124998, Pglobal' = 0.004536033764754639 (C = 509) Plocal can't affect result (r = 3)
	Multi Markov Model with Counting (MultiMMC) Prediction Test Estimate = 7.784353 / 8 bit(s)
Bitstring LZ78Y Prediction Estimate: N = 999983, Pglobal' = 0.50068041496482008 (C = 499384) Plocal can't affect result (r = 25)
	LZ78Y Prediction Test Estimate (bit string) = 0.998038 / 1 bit(s)
Literal LZ78Y Prediction Estimate: N = 124983, Pglobal' = 0.0045112108808807744 (C = 506) Plocal can't affect result (r = 3)
	LZ78Y Prediction Test Estimate = 7.792270 / 8 bit(s)

H_original: 7.698338
H_bitstring: 0.819937
min(H_original, 8 X H_bitstring): 6.559497
your 131072x1 screen size is bogus. expect trouble
your 131072x1 screen size is bogus. expect trouble
Identity added: /home/mmggjj/.ssh/id_ed25519 (mariogj.03@gmail.com)
tiempo_s=5.15 maxrss_kB=288880
--- condC_rep1_iid_b8: exit 0, 2 s ---
Agent pid 423
Opening file: '/mnt/c/Users/mario/Documents/TFM_RNG/tfm_esp32_rng/results/condC_rep1.bin' (SHA-256 hash 732376183b2427e494211e0426a09ba8098377fe58e9ff0e8c64ca5afb767dc2)
Loaded 125000 samples of 256 distinct 8-bit-wide symbols
Number of Binary samples: 1000000

*** Warning: data contains less than 1000000 samples ***

Calculating baseline statistics...
	Raw Mean: 127.475472
	Median: 127.000000
	Binary: false

Literal MCV Estimate: mode = 542, p-hat = 0.0043359999999999996, p_u = 0.004814701567294296
Bitstring MCV Estimate: mode = 500114, p-hat = 0.50011399999999995, p_u = 0.50140191526225675
H_original: 7.698338
H_bitstring: 0.995961
min(H_original, 8 X H_bitstring): 7.698338
Chi square independence
	score = 11303.194849
	degrees of freedom = 11093
	p-value = 0.079738

Chi square goodness of fit
	score = 2260.572603
	degrees of freedom = 2295
	p-value = 0.691768

** Passed chi square tests

Literal Longest Repeated Substring results
	P_col: 0.003913
	Length of LRS: 3
	Pr(X >= 1): 1.000000
** Passed length of longest repeated substring test

Beginning initial tests...

Initial test results
              excursion: 34069.5
     numDirectionalRuns: 83231
     lenDirectionalRuns: 8
  numIncreasesDecreases: 62570
          numRunsMedian: 62390
          lenRunsMedian: 19
           avgCollision: 20.845
           maxCollision: 66
         periodicity(1): 517
         periodicity(2): 478
         periodicity(8): 511
        periodicity(16): 534
        periodicity(32): 491
          covariance(1): 2.03097e+09
          covariance(2): 2.03259e+09
          covariance(8): 2.02924e+09
         covariance(16): 2.03622e+09
         covariance(32): 2.02724e+09
            compression: 133563

Beginning permutation tests... these may take some time
  0.01% of Permutation test rounds,   0.00% of Permutation tests (Core 2/15, passed_count 0)
  0.02% of Permutation test rounds,   0.00% of Permutation tests (Core 1/15, passed_count 0)
  0.03% of Permutation test rounds,   0.00% of Permutation tests (Core 0/15, passed_count 0)
  0.04% of Permutation test rounds,   0.00% of Permutation tests (Core 4/15, passed_count 0)
  0.05% of Permutation test rounds,   0.00% of Permutation tests (Core 15/15, passed_count 0)
  0.06% of Permutation test rounds,   0.00% of Permutation tests (Core 9/15, passed_count 0)
  0.07% of Permutation test rounds,   5.26% of Permutation tests (Core 10/15, passed_count 1)
  0.08% of Permutation test rounds,   5.26% of Permutation tests (Core 5/15, passed_count 1)
  0.09% of Permutation test rounds,   5.26% of Permutation tests (Core 3/15, passed_count 1)
  0.10% of Permutation test rounds,  10.53% of Permutation tests (Core 8/15, passed_count 2)
  0.11% of Permutation test rounds,  10.53% of Permutation tests (Core 6/15, passed_count 2)
  0.12% of Permutation test rounds,  10.53% of Permutation tests (Core 14/15, passed_count 2)
  0.13% of Permutation test rounds,  10.53% of Permutation tests (Core 12/15, passed_count 2)
  0.14% of Permutation test rounds,  21.05% of Permutation tests (Core 7/15, passed_count 4)
  0.15% of Permutation test rounds,  21.05% of Permutation tests (Core 11/15, passed_count 4)
  0.16% of Permutation test rounds,  21.05% of Permutation tests (Core 13/15, passed_count 4)
  0.17% of Permutation test rounds,  21.05% of Permutation tests (Core 1/15, passed_count 4)
  0.18% of Permutation test rounds,  21.05% of Permutation tests (Core 2/15, passed_count 4)
  0.19% of Permutation test rounds,  26.32% of Permutation tests (Core 0/15, passed_count 5)
  0.20% of Permutation test rounds,  26.32% of Permutation tests (Core 4/15, passed_count 5)
  0.21% of Permutation test rounds,  36.84% of Permutation tests (Core 9/15, passed_count 7)
  0.22% of Permutation test rounds,  36.84% of Permutation tests (Core 15/15, passed_count 7)
  0.23% of Permutation test rounds,  42.11% of Permutation tests (Core 5/15, passed_count 8)
  0.24% of Permutation test rounds,  42.11% of Permutation tests (Core 3/15, passed_count 8)
  0.25% of Permutation test rounds,  42.11% of Permutation tests (Core 10/15, passed_count 8)
  0.26% of Permutation test rounds,  42.11% of Permutation tests (Core 8/15, passed_count 8)
  0.27% of Permutation test rounds,  42.11% of Permutation tests (Core 13/15, passed_count 8)
  0.28% of Permutation test rounds,  42.11% of Permutation tests (Core 6/15, passed_count 8)
  0.29% of Permutation test rounds,  42.11% of Permutation tests (Core 14/15, passed_count 8)
  0.30% of Permutation test rounds,  42.11% of Permutation tests (Core 12/15, passed_count 8)
  0.31% of Permutation test rounds,  47.37% of Permutation tests (Core 7/15, passed_count 9)
  0.32% of Permutation test rounds,  47.37% of Permutation tests (Core 11/15, passed_count 9)
  0.33% of Permutation test rounds,  47.37% of Permutation tests (Core 2/15, passed_count 9)
  0.34% of Permutation test rounds,  47.37% of Permutation tests (Core 1/15, passed_count 9)
  0.35% of Permutation test rounds,  47.37% of Permutation tests (Core 4/15, passed_count 9)
  0.36% of Permutation test rounds,  52.63% of Permutation tests (Core 9/15, passed_count 10)
  0.37% of Permutation test rounds,  52.63% of Permutation tests (Core 9/15, passed_count 10)
  0.38% of Permutation test rounds,  52.63% of Permutation tests (Core 0/15, passed_count 10)
  0.39% of Permutation test rounds,  52.63% of Permutation tests (Core 9/15, passed_count 10)
  0.40% of Permutation test rounds,  52.63% of Permutation tests (Core 5/15, passed_count 10)
  0.41% of Permutation test rounds,  52.63% of Permutation tests (Core 0/15, passed_count 10)
  0.42% of Permutation test rounds,  52.63% of Permutation tests (Core 9/15, passed_count 10)
  0.43% of Permutation test rounds,  52.63% of Permutation tests (Core 15/15, passed_count 10)
  0.44% of Permutation test rounds,  52.63% of Permutation tests (Core 5/15, passed_count 10)
  0.45% of Permutation test rounds,  57.89% of Permutation tests (Core 0/15, passed_count 11)
  0.46% of Permutation test rounds,  57.89% of Permutation tests (Core 3/15, passed_count 11)
  0.47% of Permutation test rounds,  57.89% of Permutation tests (Core 9/15, passed_count 11)
  0.48% of Permutation test rounds,  57.89% of Permutation tests (Core 15/15, passed_count 11)
  0.49% of Permutation test rounds,  57.89% of Permutation tests (Core 3/15, passed_count 11)
  0.50% of Permutation test rounds,  63.16% of Permutation tests (Core 0/15, passed_count 12)
  0.51% of Permutation test rounds,  63.16% of Permutation tests (Core 5/15, passed_count 12)
  0.52% of Permutation test rounds,  63.16% of Permutation tests (Core 9/15, passed_count 12)
  0.53% of Permutation test rounds,  63.16% of Permutation tests (Core 15/15, passed_count 12)
  0.54% of Permutation test rounds,  63.16% of Permutation tests (Core 3/15, passed_count 12)
  0.55% of Permutation test rounds,  63.16% of Permutation tests (Core 15/15, passed_count 12)
  0.56% of Permutation test rounds,  68.42% of Permutation tests (Core 3/15, passed_count 13)
  0.57% of Permutation test rounds,  68.42% of Permutation tests (Core 9/15, passed_count 13)
  0.58% of Permutation test rounds,  68.42% of Permutation tests (Core 0/15, passed_count 13)
  0.59% of Permutation test rounds,  68.42% of Permutation tests (Core 5/15, passed_count 13)
  0.60% of Permutation test rounds,  68.42% of Permutation tests (Core 15/15, passed_count 13)
  0.61% of Permutation test rounds,  68.42% of Permutation tests (Core 3/15, passed_count 13)
  0.62% of Permutation test rounds,  73.68% of Permutation tests (Core 9/15, passed_count 14)
  0.63% of Permutation test rounds,  73.68% of Permutation tests (Core 5/15, passed_count 14)
  0.64% of Permutation test rounds,  73.68% of Permutation tests (Core 0/15, passed_count 14)
  0.65% of Permutation test rounds,  73.68% of Permutation tests (Core 15/15, passed_count 14)
  0.66% of Permutation test rounds,  73.68% of Permutation tests (Core 10/15, passed_count 14)
  0.67% of Permutation test rounds,  73.68% of Permutation tests (Core 3/15, passed_count 14)
  0.68% of Permutation test rounds,  73.68% of Permutation tests (Core 10/15, passed_count 14)
  0.69% of Permutation test rounds,  73.68% of Permutation tests (Core 8/15, passed_count 14)
  0.70% of Permutation test rounds,  73.68% of Permutation tests (Core 5/15, passed_count 14)
  0.71% of Permutation test rounds,  73.68% of Permutation tests (Core 0/15, passed_count 14)
  0.72% of Permutation test rounds,  73.68% of Permutation tests (Core 15/15, passed_count 14)
  0.73% of Permutation test rounds,  73.68% of Permutation tests (Core 9/15, passed_count 14)
  0.74% of Permutation test rounds,  73.68% of Permutation tests (Core 3/15, passed_count 14)
  0.75% of Permutation test rounds,  73.68% of Permutation tests (Core 10/15, passed_count 14)
  0.76% of Permutation test rounds,  73.68% of Permutation tests (Core 6/15, passed_count 14)
  0.77% of Permutation test rounds,  73.68% of Permutation tests (Core 8/15, passed_count 14)
  0.78% of Permutation test rounds,  73.68% of Permutation tests (Core 5/15, passed_count 14)
  0.79% of Permutation test rounds,  73.68% of Permutation tests (Core 7/15, passed_count 14)
  0.80% of Permutation test rounds,  73.68% of Permutation tests (Core 0/15, passed_count 14)
  0.81% of Permutation test rounds,  73.68% of Permutation tests (Core 11/15, passed_count 14)
  0.82% of Permutation test rounds,  73.68% of Permutation tests (Core 15/15, passed_count 14)
  0.83% of Permutation test rounds,  78.95% of Permutation tests (Core 9/15, passed_count 15)
  0.84% of Permutation test rounds,  78.95% of Permutation tests (Core 13/15, passed_count 15)
  0.85% of Permutation test rounds,  78.95% of Permutation tests (Core 3/15, passed_count 15)
  0.86% of Permutation test rounds,  78.95% of Permutation tests (Core 12/15, passed_count 15)
  0.87% of Permutation test rounds,  78.95% of Permutation tests (Core 10/15, passed_count 15)
  0.88% of Permutation test rounds,  78.95% of Permutation tests (Core 12/15, passed_count 15)
  0.89% of Permutation test rounds,  78.95% of Permutation tests (Core 8/15, passed_count 15)
  0.90% of Permutation test rounds,  78.95% of Permutation tests (Core 5/15, passed_count 15)
  0.91% of Permutation test rounds,  78.95% of Permutation tests (Core 2/15, passed_count 15)
  0.92% of Permutation test rounds,  78.95% of Permutation tests (Core 7/15, passed_count 15)
  0.93% of Permutation test rounds,  78.95% of Permutation tests (Core 0/15, passed_count 15)
  0.94% of Permutation test rounds,  78.95% of Permutation tests (Core 11/15, passed_count 15)
  0.95% of Permutation test rounds,  78.95% of Permutation tests (Core 0/15, passed_count 15)
  0.96% of Permutation test rounds,  78.95% of Permutation tests (Core 9/15, passed_count 15)
  0.97% of Permutation test rounds,  78.95% of Permutation tests (Core 14/15, passed_count 15)
  0.98% of Permutation test rounds,  78.95% of Permutation tests (Core 13/15, passed_count 15)
  0.99% of Permutation test rounds,  78.95% of Permutation tests (Core 3/15, passed_count 15)
  1.00% of Permutation test rounds,  78.95% of Permutation tests (Core 6/15, passed_count 15)
  1.01% of Permutation test rounds,  78.95% of Permutation tests (Core 10/15, passed_count 15)
  1.02% of Permutation test rounds,  78.95% of Permutation tests (Core 12/15, passed_count 15)
  1.03% of Permutation test rounds,  78.95% of Permutation tests (Core 8/15, passed_count 15)
  1.04% of Permutation test rounds,  78.95% of Permutation tests (Core 5/15, passed_count 15)
  1.05% of Permutation test rounds,  78.95% of Permutation tests (Core 2/15, passed_count 15)
  1.06% of Permutation test rounds,  78.95% of Permutation tests (Core 7/15, passed_count 15)
  1.07% of Permutation test rounds,  78.95% of Permutation tests (Core 4/15, passed_count 15)
  1.08% of Permutation test rounds,  78.95% of Permutation tests (Core 15/15, passed_count 15)
  1.09% of Permutation test rounds,  78.95% of Permutation tests (Core 11/15, passed_count 15)
  1.10% of Permutation test rounds,  78.95% of Permutation tests (Core 0/15, passed_count 15)
  1.11% of Permutation test rounds,  78.95% of Permutation tests (Core 1/15, passed_count 15)
  1.12% of Permutation test rounds,  78.95% of Permutation tests (Core 9/15, passed_count 15)
  1.13% of Permutation test rounds,  78.95% of Permutation tests (Core 14/15, passed_count 15)
  1.14% of Permutation test rounds,  78.95% of Permutation tests (Core 13/15, passed_count 15)
  1.15% of Permutation test rounds,  78.95% of Permutation tests (Core 3/15, passed_count 15)
  1.16% of Permutation test rounds,  78.95% of Permutation tests (Core 6/15, passed_count 15)
  1.17% of Permutation test rounds,  78.95% of Permutation tests (Core 10/15, passed_count 15)
  1.18% of Permutation test rounds,  78.95% of Permutation tests (Core 12/15, passed_count 15)
  1.19% of Permutation test rounds,  78.95% of Permutation tests (Core 8/15, passed_count 15)
  1.20% of Permutation test rounds,  78.95% of Permutation tests (Core 5/15, passed_count 15)
  1.21% of Permutation test rounds,  78.95% of Permutation tests (Core 2/15, passed_count 15)
  1.22% of Permutation test rounds,  78.95% of Permutation tests (Core 7/15, passed_count 15)
  1.23% of Permutation test rounds,  78.95% of Permutation tests (Core 4/15, passed_count 15)
  1.24% of Permutation test rounds,  78.95% of Permutation tests (Core 15/15, passed_count 15)
  1.25% of Permutation test rounds,  78.95% of Permutation tests (Core 11/15, passed_count 15)
  1.26% of Permutation test rounds,  78.95% of Permutation tests (Core 0/15, passed_count 15)
  1.27% of Permutation test rounds,  78.95% of Permutation tests (Core 1/15, passed_count 15)
  1.28% of Permutation test rounds,  78.95% of Permutation tests (Core 9/15, passed_count 15)
  1.29% of Permutation test rounds,  78.95% of Permutation tests (Core 14/15, passed_count 15)
  1.30% of Permutation test rounds,  78.95% of Permutation tests (Core 13/15, passed_count 15)
  1.31% of Permutation test rounds,  78.95% of Permutation tests (Core 3/15, passed_count 15)
  1.32% of Permutation test rounds,  78.95% of Permutation tests (Core 6/15, passed_count 15)
  1.33% of Permutation test rounds,  78.95% of Permutation tests (Core 10/15, passed_count 15)
  1.34% of Permutation test rounds,  84.21% of Permutation tests (Core 12/15, passed_count 16)
  1.35% of Permutation test rounds,  84.21% of Permutation tests (Core 8/15, passed_count 16)
  1.36% of Permutation test rounds,  84.21% of Permutation tests (Core 5/15, passed_count 16)
  1.37% of Permutation test rounds,  84.21% of Permutation tests (Core 2/15, passed_count 16)
  1.38% of Permutation test rounds,  84.21% of Permutation tests (Core 7/15, passed_count 16)
  1.39% of Permutation test rounds,  84.21% of Permutation tests (Core 4/15, passed_count 16)
  1.40% of Permutation test rounds,  84.21% of Permutation tests (Core 15/15, passed_count 16)
  1.41% of Permutation test rounds,  84.21% of Permutation tests (Core 11/15, passed_count 16)
  1.42% of Permutation test rounds,  89.47% of Permutation tests (Core 0/15, passed_count 17)
  1.43% of Permutation test rounds,  89.47% of Permutation tests (Core 1/15, passed_count 17)
  1.44% of Permutation test rounds,  89.47% of Permutation tests (Core 9/15, passed_count 17)
  1.45% of Permutation test rounds,  89.47% of Permutation tests (Core 14/15, passed_count 17)
  1.46% of Permutation test rounds,  89.47% of Permutation tests (Core 13/15, passed_count 17)
  1.47% of Permutation test rounds,  89.47% of Permutation tests (Core 3/15, passed_count 17)
  1.48% of Permutation test rounds,  89.47% of Permutation tests (Core 6/15, passed_count 17)
  1.49% of Permutation test rounds,  89.47% of Permutation tests (Core 10/15, passed_count 17)
  1.50% of Permutation test rounds,  89.47% of Permutation tests (Core 12/15, passed_count 17)
  1.51% of Permutation test rounds,  89.47% of Permutation tests (Core 8/15, passed_count 17)
  1.52% of Permutation test rounds,  89.47% of Permutation tests (Core 5/15, passed_count 17)
  1.53% of Permutation test rounds,  89.47% of Permutation tests (Core 2/15, passed_count 17)
  1.54% of Permutation test rounds,  89.47% of Permutation tests (Core 7/15, passed_count 17)
  1.55% of Permutation test rounds,  89.47% of Permutation tests (Core 4/15, passed_count 17)
  1.56% of Permutation test rounds,  89.47% of Permutation tests (Core 15/15, passed_count 17)
  1.57% of Permutation test rounds,  89.47% of Permutation tests (Core 11/15, passed_count 17)
  1.58% of Permutation test rounds,  89.47% of Permutation tests (Core 0/15, passed_count 17)
  1.59% of Permutation test rounds,  89.47% of Permutation tests (Core 1/15, passed_count 17)
  1.60% of Permutation test rounds,  89.47% of Permutation tests (Core 9/15, passed_count 17)
  1.61% of Permutation test rounds,  89.47% of Permutation tests (Core 14/15, passed_count 17)
  1.62% of Permutation test rounds,  89.47% of Permutation tests (Core 13/15, passed_count 17)
  1.63% of Permutation test rounds,  89.47% of Permutation tests (Core 3/15, passed_count 17)
  1.64% of Permutation test rounds,  89.47% of Permutation tests (Core 6/15, passed_count 17)
  1.65% of Permutation test rounds,  89.47% of Permutation tests (Core 10/15, passed_count 17)
  1.66% of Permutation test rounds,  89.47% of Permutation tests (Core 12/15, passed_count 17)
  1.67% of Permutation test rounds,  89.47% of Permutation tests (Core 8/15, passed_count 17)
  1.68% of Permutation test rounds,  89.47% of Permutation tests (Core 5/15, passed_count 17)
  1.69% of Permutation test rounds,  89.47% of Permutation tests (Core 2/15, passed_count 17)
  1.70% of Permutation test rounds,  89.47% of Permutation tests (Core 7/15, passed_count 17)
  1.71% of Permutation test rounds,  89.47% of Permutation tests (Core 4/15, passed_count 17)
  1.72% of Permutation test rounds,  89.47% of Permutation tests (Core 15/15, passed_count 17)
  1.73% of Permutation test rounds,  89.47% of Permutation tests (Core 11/15, passed_count 17)
  1.74% of Permutation test rounds,  89.47% of Permutation tests (Core 0/15, passed_count 17)
  1.75% of Permutation test rounds,  89.47% of Permutation tests (Core 1/15, passed_count 17)
  1.76% of Permutation test rounds,  89.47% of Permutation tests (Core 9/15, passed_count 17)
  1.77% of Permutation test rounds,  89.47% of Permutation tests (Core 14/15, passed_count 17)
  1.78% of Permutation test rounds,  89.47% of Permutation tests (Core 13/15, passed_count 17)
  1.79% of Permutation test rounds,  89.47% of Permutation tests (Core 3/15, passed_count 17)
  1.80% of Permutation test rounds,  89.47% of Permutation tests (Core 6/15, passed_count 17)
  1.81% of Permutation test rounds,  89.47% of Permutation tests (Core 10/15, passed_count 17)
  1.82% of Permutation test rounds,  89.47% of Permutation tests (Core 12/15, passed_count 17)
  1.83% of Permutation test rounds,  89.47% of Permutation tests (Core 8/15, passed_count 17)
  1.84% of Permutation test rounds,  89.47% of Permutation tests (Core 5/15, passed_count 17)
  1.85% of Permutation test rounds,  89.47% of Permutation tests (Core 2/15, passed_count 17)
  1.86% of Permutation test rounds,  89.47% of Permutation tests (Core 7/15, passed_count 17)
  1.87% of Permutation test rounds,  89.47% of Permutation tests (Core 4/15, passed_count 17)
  1.88% of Permutation test rounds,  94.74% of Permutation tests (Core 15/15, passed_count 18)
  1.89% of Permutation test rounds,  94.74% of Permutation tests (Core 11/15, passed_count 18)
  1.90% of Permutation test rounds,  94.74% of Permutation tests (Core 0/15, passed_count 18)
  1.91% of Permutation test rounds,  94.74% of Permutation tests (Core 1/15, passed_count 18)
  1.92% of Permutation test rounds,  94.74% of Permutation tests (Core 9/15, passed_count 18)
  1.93% of Permutation test rounds,  94.74% of Permutation tests (Core 14/15, passed_count 18)
  1.94% of Permutation test rounds,  94.74% of Permutation tests (Core 13/15, passed_count 18)
  1.95% of Permutation test rounds,  94.74% of Permutation tests (Core 3/15, passed_count 18)
  1.96% of Permutation test rounds,  94.74% of Permutation tests (Core 6/15, passed_count 18)
  1.97% of Permutation test rounds,  94.74% of Permutation tests (Core 10/15, passed_count 18)
  1.98% of Permutation test rounds,  94.74% of Permutation tests (Core 12/15, passed_count 18)
  1.99% of Permutation test rounds,  94.74% of Permutation tests (Core 8/15, passed_count 18)
  2.00% of Permutation test rounds,  94.74% of Permutation tests (Core 5/15, passed_count 18)
  2.01% of Permutation test rounds,  94.74% of Permutation tests (Core 2/15, passed_count 18)
  2.02% of Permutation test rounds,  94.74% of Permutation tests (Core 7/15, passed_count 18)
  2.03% of Permutation test rounds,  94.74% of Permutation tests (Core 4/15, passed_count 18)
  2.04% of Permutation test rounds,  94.74% of Permutation tests (Core 15/15, passed_count 18)
  2.05% of Permutation test rounds,  94.74% of Permutation tests (Core 11/15, passed_count 18)
  2.06% of Permutation test rounds,  94.74% of Permutation tests (Core 0/15, passed_count 18)
  2.07% of Permutation test rounds,  94.74% of Permutation tests (Core 1/15, passed_count 18)
  2.08% of Permutation test rounds,  94.74% of Permutation tests (Core 9/15, passed_count 18)
  2.09% of Permutation test rounds,  94.74% of Permutation tests (Core 14/15, passed_count 18)
  2.10% of Permutation test rounds,  94.74% of Permutation tests (Core 13/15, passed_count 18)
  2.11% of Permutation test rounds,  94.74% of Permutation tests (Core 3/15, passed_count 18)
  2.12% of Permutation test rounds,  94.74% of Permutation tests (Core 6/15, passed_count 18)
  2.13% of Permutation test rounds,  94.74% of Permutation tests (Core 10/15, passed_count 18)
  2.14% of Permutation test rounds,  94.74% of Permutation tests (Core 12/15, passed_count 18)
  2.15% of Permutation test rounds,  94.74% of Permutation tests (Core 8/15, passed_count 18)
  2.16% of Permutation test rounds,  94.74% of Permutation tests (Core 5/15, passed_count 18)
  2.17% of Permutation test rounds,  94.74% of Permutation tests (Core 2/15, passed_count 18)
  2.18% of Permutation test rounds,  94.74% of Permutation tests (Core 7/15, passed_count 18)
  2.19% of Permutation test rounds,  94.74% of Permutation tests (Core 4/15, passed_count 18)
  2.20% of Permutation test rounds,  94.74% of Permutation tests (Core 15/15, passed_count 18)
  2.21% of Permutation test rounds,  94.74% of Permutation tests (Core 11/15, passed_count 18)
  2.22% of Permutation test rounds,  94.74% of Permutation tests (Core 0/15, passed_count 18)
  2.23% of Permutation test rounds,  94.74% of Permutation tests (Core 1/15, passed_count 18)
  2.24% of Permutation test rounds,  94.74% of Permutation tests (Core 9/15, passed_count 18)
  2.25% of Permutation test rounds,  94.74% of Permutation tests (Core 14/15, passed_count 18)
  2.26% of Permutation test rounds,  94.74% of Permutation tests (Core 13/15, passed_count 18)
  2.27% of Permutation test rounds,  94.74% of Permutation tests (Core 3/15, passed_count 18)
  2.28% of Permutation test rounds,  94.74% of Permutation tests (Core 6/15, passed_count 18)
  2.29% of Permutation test rounds,  94.74% of Permutation tests (Core 10/15, passed_count 18)
  2.30% of Permutation test rounds,  94.74% of Permutation tests (Core 12/15, passed_count 18)
  2.31% of Permutation test rounds,  94.74% of Permutation tests (Core 8/15, passed_count 18)
  2.32% of Permutation test rounds,  94.74% of Permutation tests (Core 5/15, passed_count 18)
  2.33% of Permutation test rounds,  94.74% of Permutation tests (Core 2/15, passed_count 18)
  2.34% of Permutation test rounds,  94.74% of Permutation tests (Core 7/15, passed_count 18)
  2.35% of Permutation test rounds,  94.74% of Permutation tests (Core 4/15, passed_count 18)
  2.36% of Permutation test rounds,  94.74% of Permutation tests (Core 15/15, passed_count 18)
  2.37% of Permutation test rounds,  94.74% of Permutation tests (Core 11/15, passed_count 18)
  2.38% of Permutation test rounds,  94.74% of Permutation tests (Core 0/15, passed_count 18)
  2.39% of Permutation test rounds,  94.74% of Permutation tests (Core 1/15, passed_count 18)
  2.40% of Permutation test rounds,  94.74% of Permutation tests (Core 9/15, passed_count 18)
  2.41% of Permutation test rounds,  94.74% of Permutation tests (Core 14/15, passed_count 18)
  2.42% of Permutation test rounds,  94.74% of Permutation tests (Core 13/15, passed_count 18)
  2.43% of Permutation test rounds,  94.74% of Permutation tests (Core 3/15, passed_count 18)
  2.44% of Permutation test rounds,  94.74% of Permutation tests (Core 6/15, passed_count 18)
  2.45% of Permutation test rounds,  94.74% of Permutation tests (Core 10/15, passed_count 18)
  2.46% of Permutation test rounds,  94.74% of Permutation tests (Core 12/15, passed_count 18)
  2.47% of Permutation test rounds,  94.74% of Permutation tests (Core 8/15, passed_count 18)
  2.48% of Permutation test rounds,  94.74% of Permutation tests (Core 5/15, passed_count 18)
  2.49% of Permutation test rounds,  94.74% of Permutation tests (Core 2/15, passed_count 18)
  2.50% of Permutation test rounds,  94.74% of Permutation tests (Core 7/15, passed_count 18)
  2.51% of Permutation test rounds,  94.74% of Permutation tests (Core 4/15, passed_count 18)
  2.52% of Permutation test rounds,  94.74% of Permutation tests (Core 15/15, passed_count 18)
  2.53% of Permutation test rounds,  94.74% of Permutation tests (Core 15/15, passed_count 18)
  2.54% of Permutation test rounds,  94.74% of Permutation tests (Core 0/15, passed_count 18)
  2.55% of Permutation test rounds,  94.74% of Permutation tests (Core 1/15, passed_count 18)
  2.56% of Permutation test rounds,  94.74% of Permutation tests (Core 9/15, passed_count 18)
  2.57% of Permutation test rounds,  94.74% of Permutation tests (Core 14/15, passed_count 18)
  2.58% of Permutation test rounds,  94.74% of Permutation tests (Core 13/15, passed_count 18)
  2.59% of Permutation test rounds,  94.74% of Permutation tests (Core 3/15, passed_count 18)
  2.60% of Permutation test rounds,  94.74% of Permutation tests (Core 6/15, passed_count 18)
  2.61% of Permutation test rounds,  94.74% of Permutation tests (Core 6/15, passed_count 18)
  2.62% of Permutation test rounds,  94.74% of Permutation tests (Core 12/15, passed_count 18)
  2.63% of Permutation test rounds,  94.74% of Permutation tests (Core 8/15, passed_count 18)
  2.64% of Permutation test rounds,  94.74% of Permutation tests (Core 8/15, passed_count 18)
  2.65% of Permutation test rounds,  94.74% of Permutation tests (Core 8/15, passed_count 18)
  2.66% of Permutation test rounds,  94.74% of Permutation tests (Core 7/15, passed_count 18)
  2.67% of Permutation test rounds,  94.74% of Permutation tests (Core 4/15, passed_count 18)
  2.68% of Permutation test rounds,  94.74% of Permutation tests (Core 11/15, passed_count 18)
  2.69% of Permutation test rounds,  94.74% of Permutation tests (Core 15/15, passed_count 18)
  2.70% of Permutation test rounds,  94.74% of Permutation tests (Core 0/15, passed_count 18)
  2.71% of Permutation test rounds,  94.74% of Permutation tests (Core 1/15, passed_count 18)
  2.72% of Permutation test rounds,  94.74% of Permutation tests (Core 9/15, passed_count 18)
  2.73% of Permutation test rounds,  94.74% of Permutation tests (Core 14/15, passed_count 18)
  2.74% of Permutation test rounds,  94.74% of Permutation tests (Core 13/15, passed_count 18)
  2.75% of Permutation test rounds,  94.74% of Permutation tests (Core 3/15, passed_count 18)
  2.76% of Permutation test rounds,  94.74% of Permutation tests (Core 10/15, passed_count 18)
  2.77% of Permutation test rounds,  94.74% of Permutation tests (Core 6/15, passed_count 18)
  2.78% of Permutation test rounds,  94.74% of Permutation tests (Core 12/15, passed_count 18)
  2.79% of Permutation test rounds,  94.74% of Permutation tests (Core 5/15, passed_count 18)
  2.80% of Permutation test rounds,  94.74% of Permutation tests (Core 2/15, passed_count 18)
  2.81% of Permutation test rounds,  94.74% of Permutation tests (Core 8/15, passed_count 18)
  2.82% of Permutation test rounds,  94.74% of Permutation tests (Core 7/15, passed_count 18)
  2.83% of Permutation test rounds,  94.74% of Permutation tests (Core 4/15, passed_count 18)
  2.84% of Permutation test rounds,  94.74% of Permutation tests (Core 11/15, passed_count 18)
  2.85% of Permutation test rounds,  94.74% of Permutation tests (Core 15/15, passed_count 18)
  2.86% of Permutation test rounds,  94.74% of Permutation tests (Core 0/15, passed_count 18)
  2.87% of Permutation test rounds,  94.74% of Permutation tests (Core 1/15, passed_count 18)
  2.88% of Permutation test rounds,  94.74% of Permutation tests (Core 9/15, passed_count 18)
  2.89% of Permutation test rounds,  94.74% of Permutation tests (Core 14/15, passed_count 18)
  2.90% of Permutation test rounds,  94.74% of Permutation tests (Core 13/15, passed_count 18)
  2.91% of Permutation test rounds,  94.74% of Permutation tests (Core 3/15, passed_count 18)
  2.92% of Permutation test rounds,  94.74% of Permutation tests (Core 10/15, passed_count 18)
  2.93% of Permutation test rounds,  94.74% of Permutation tests (Core 6/15, passed_count 18)
  2.94% of Permutation test rounds,  94.74% of Permutation tests (Core 12/15, passed_count 18)
  2.95% of Permutation test rounds,  94.74% of Permutation tests (Core 5/15, passed_count 18)
  2.96% of Permutation test rounds,  94.74% of Permutation tests (Core 2/15, passed_count 18)
  2.97% of Permutation test rounds,  94.74% of Permutation tests (Core 8/15, passed_count 18)
  2.98% of Permutation test rounds,  94.74% of Permutation tests (Core 7/15, passed_count 18)
  2.99% of Permutation test rounds,  94.74% of Permutation tests (Core 4/15, passed_count 18)
  3.00% of Permutation test rounds,  94.74% of Permutation tests (Core 11/15, passed_count 18)
  3.01% of Permutation test rounds,  94.74% of Permutation tests (Core 15/15, passed_count 18)
  3.02% of Permutation test rounds,  94.74% of Permutation tests (Core 0/15, passed_count 18)
  3.03% of Permutation test rounds,  94.74% of Permutation tests (Core 1/15, passed_count 18)
  3.04% of Permutation test rounds,  94.74% of Permutation tests (Core 9/15, passed_count 18)
  3.05% of Permutation test rounds,  94.74% of Permutation tests (Core 14/15, passed_count 18)
  3.06% of Permutation test rounds,  94.74% of Permutation tests (Core 13/15, passed_count 18)
  3.07% of Permutation test rounds,  94.74% of Permutation tests (Core 3/15, passed_count 18)
  3.08% of Permutation test rounds,  94.74% of Permutation tests (Core 10/15, passed_count 18)
  3.09% of Permutation test rounds,  94.74% of Permutation tests (Core 6/15, passed_count 18)
  3.10% of Permutation test rounds,  94.74% of Permutation tests (Core 12/15, passed_count 18)
  3.11% of Permutation test rounds,  94.74% of Permutation tests (Core 5/15, passed_count 18)
  3.12% of Permutation test rounds,  94.74% of Permutation tests (Core 2/15, passed_count 18)
  3.13% of Permutation test rounds,  94.74% of Permutation tests (Core 8/15, passed_count 18)
  3.14% of Permutation test rounds,  94.74% of Permutation tests (Core 7/15, passed_count 18)
  3.15% of Permutation test rounds,  94.74% of Permutation tests (Core 4/15, passed_count 18)
  3.16% of Permutation test rounds,  94.74% of Permutation tests (Core 11/15, passed_count 18)
  3.17% of Permutation test rounds,  94.74% of Permutation tests (Core 15/15, passed_count 18)
  3.18% of Permutation test rounds,  94.74% of Permutation tests (Core 0/15, passed_count 18)
  3.19% of Permutation test rounds,  94.74% of Permutation tests (Core 1/15, passed_count 18)
  3.20% of Permutation test rounds,  94.74% of Permutation tests (Core 9/15, passed_count 18)
  3.21% of Permutation test rounds,  94.74% of Permutation tests (Core 14/15, passed_count 18)
  3.22% of Permutation test rounds,  94.74% of Permutation tests (Core 13/15, passed_count 18)
  3.23% of Permutation test rounds,  94.74% of Permutation tests (Core 3/15, passed_count 18)
  3.24% of Permutation test rounds,  94.74% of Permutation tests (Core 10/15, passed_count 18)
  3.25% of Permutation test rounds,  94.74% of Permutation tests (Core 6/15, passed_count 18)
  3.26% of Permutation test rounds,  94.74% of Permutation tests (Core 12/15, passed_count 18)
  3.27% of Permutation test rounds,  94.74% of Permutation tests (Core 5/15, passed_count 18)
  3.28% of Permutation test rounds,  94.74% of Permutation tests (Core 2/15, passed_count 18)
  3.29% of Permutation test rounds,  94.74% of Permutation tests (Core 8/15, passed_count 18)
  3.30% of Permutation test rounds,  94.74% of Permutation tests (Core 7/15, passed_count 18)
  3.31% of Permutation test rounds,  94.74% of Permutation tests (Core 4/15, passed_count 18)
  3.32% of Permutation test rounds,  94.74% of Permutation tests (Core 11/15, passed_count 18)
  3.33% of Permutation test rounds,  94.74% of Permutation tests (Core 15/15, passed_count 18)
  3.34% of Permutation test rounds,  94.74% of Permutation tests (Core 0/15, passed_count 18)
  3.35% of Permutation test rounds,  94.74% of Permutation tests (Core 1/15, passed_count 18)
  3.36% of Permutation test rounds,  94.74% of Permutation tests (Core 9/15, passed_count 18)
  3.37% of Permutation test rounds,  94.74% of Permutation tests (Core 14/15, passed_count 18)
  3.38% of Permutation test rounds,  94.74% of Permutation tests (Core 13/15, passed_count 18)
  3.39% of Permutation test rounds,  94.74% of Permutation tests (Core 3/15, passed_count 18)
  3.40% of Permutation test rounds,  94.74% of Permutation tests (Core 10/15, passed_count 18)
  3.41% of Permutation test rounds,  94.74% of Permutation tests (Core 6/15, passed_count 18)
  3.42% of Permutation test rounds,  94.74% of Permutation tests (Core 6/15, passed_count 18)
  3.43% of Permutation test rounds,  94.74% of Permutation tests (Core 5/15, passed_count 18)
  3.44% of Permutation test rounds,  94.74% of Permutation tests (Core 2/15, passed_count 18)
  3.45% of Permutation test rounds,  94.74% of Permutation tests (Core 8/15, passed_count 18)
  3.46% of Permutation test rounds,  94.74% of Permutation tests (Core 7/15, passed_count 18)
  3.47% of Permutation test rounds,  94.74% of Permutation tests (Core 4/15, passed_count 18)
  3.48% of Permutation test rounds,  94.74% of Permutation tests (Core 4/15, passed_count 18)
  3.49% of Permutation test rounds,  94.74% of Permutation tests (Core 15/15, passed_count 18)
  3.50% of Permutation test rounds,  94.74% of Permutation tests (Core 0/15, passed_count 18)
  3.51% of Permutation test rounds,  94.74% of Permutation tests (Core 1/15, passed_count 18)
  3.52% of Permutation test rounds,  94.74% of Permutation tests (Core 9/15, passed_count 18)
  3.53% of Permutation test rounds,  94.74% of Permutation tests (Core 14/15, passed_count 18)
  3.54% of Permutation test rounds,  94.74% of Permutation tests (Core 14/15, passed_count 18)
  3.55% of Permutation test rounds,  94.74% of Permutation tests (Core 3/15, passed_count 18)
  3.56% of Permutation test rounds,  94.74% of Permutation tests (Core 3/15, passed_count 18)
  3.57% of Permutation test rounds,  94.74% of Permutation tests (Core 12/15, passed_count 18)
  3.58% of Permutation test rounds,  94.74% of Permutation tests (Core 6/15, passed_count 18)
  3.59% of Permutation test rounds,  94.74% of Permutation tests (Core 5/15, passed_count 18)
  3.60% of Permutation test rounds,  94.74% of Permutation tests (Core 2/15, passed_count 18)
  3.61% of Permutation test rounds,  94.74% of Permutation tests (Core 2/15, passed_count 18)
  3.62% of Permutation test rounds,  94.74% of Permutation tests (Core 7/15, passed_count 18)
  3.63% of Permutation test rounds,  94.74% of Permutation tests (Core 11/15, passed_count 18)
  3.64% of Permutation test rounds,  94.74% of Permutation tests (Core 4/15, passed_count 18)
  3.65% of Permutation test rounds,  94.74% of Permutation tests (Core 4/15, passed_count 18)
  3.66% of Permutation test rounds,  94.74% of Permutation tests (Core 4/15, passed_count 18)
  3.67% of Permutation test rounds,  94.74% of Permutation tests (Core 1/15, passed_count 18)
  3.68% of Permutation test rounds,  94.74% of Permutation tests (Core 9/15, passed_count 18)
  3.69% of Permutation test rounds,  94.74% of Permutation tests (Core 13/15, passed_count 18)
  3.70% of Permutation test rounds,  94.74% of Permutation tests (Core 14/15, passed_count 18)
  3.71% of Permutation test rounds,  94.74% of Permutation tests (Core 14/15, passed_count 18)
  3.72% of Permutation test rounds,  94.74% of Permutation tests (Core 14/15, passed_count 18)
  3.73% of Permutation test rounds,  94.74% of Permutation tests (Core 14/15, passed_count 18)
  3.74% of Permutation test rounds,  94.74% of Permutation tests (Core 6/15, passed_count 18)
  3.75% of Permutation test rounds,  94.74% of Permutation tests (Core 6/15, passed_count 18)
  3.76% of Permutation test rounds,  94.74% of Permutation tests (Core 8/15, passed_count 18)
  3.77% of Permutation test rounds,  94.74% of Permutation tests (Core 2/15, passed_count 18)
  3.78% of Permutation test rounds,  94.74% of Permutation tests (Core 7/15, passed_count 18)
  3.79% of Permutation test rounds,  94.74% of Permutation tests (Core 11/15, passed_count 18)
  3.80% of Permutation test rounds,  94.74% of Permutation tests (Core 15/15, passed_count 18)
  3.81% of Permutation test rounds,  94.74% of Permutation tests (Core 0/15, passed_count 18)
  3.82% of Permutation test rounds,  94.74% of Permutation tests (Core 0/15, passed_count 18)
  3.83% of Permutation test rounds,  94.74% of Permutation tests (Core 1/15, passed_count 18)
  3.84% of Permutation test rounds,  94.74% of Permutation tests (Core 9/15, passed_count 18)
  3.85% of Permutation test rounds,  94.74% of Permutation tests (Core 13/15, passed_count 18)
  3.86% of Permutation test rounds,  94.74% of Permutation tests (Core 10/15, passed_count 18)
  3.87% of Permutation test rounds,  94.74% of Permutation tests (Core 10/15, passed_count 18)
  3.88% of Permutation test rounds,  94.74% of Permutation tests (Core 12/15, passed_count 18)
  3.89% of Permutation test rounds,  94.74% of Permutation tests (Core 14/15, passed_count 18)
  3.90% of Permutation test rounds,  94.74% of Permutation tests (Core 5/15, passed_count 18)
  3.91% of Permutation test rounds,  94.74% of Permutation tests (Core 6/15, passed_count 18)
  3.92% of Permutation test rounds,  94.74% of Permutation tests (Core 8/15, passed_count 18)
  3.93% of Permutation test rounds,  94.74% of Permutation tests (Core 2/15, passed_count 18)
  3.94% of Permutation test rounds,  94.74% of Permutation tests (Core 7/15, passed_count 18)
  3.95% of Permutation test rounds,  94.74% of Permutation tests (Core 11/15, passed_count 18)
  3.96% of Permutation test rounds,  94.74% of Permutation tests (Core 15/15, passed_count 18)
  3.97% of Permutation test rounds,  94.74% of Permutation tests (Core 15/15, passed_count 18)
  3.98% of Permutation test rounds,  94.74% of Permutation tests (Core 15/15, passed_count 18)
  3.99% of Permutation test rounds,  94.74% of Permutation tests (Core 1/15, passed_count 18)
  4.00% of Permutation test rounds,  94.74% of Permutation tests (Core 9/15, passed_count 18)
  4.01% of Permutation test rounds,  94.74% of Permutation tests (Core 13/15, passed_count 18)
  4.02% of Permutation test rounds,  94.74% of Permutation tests (Core 3/15, passed_count 18)
  4.03% of Permutation test rounds,  94.74% of Permutation tests (Core 3/15, passed_count 18)
  4.04% of Permutation test rounds,  94.74% of Permutation tests (Core 3/15, passed_count 18)
  4.05% of Permutation test rounds,  94.74% of Permutation tests (Core 14/15, passed_count 18)
  4.06% of Permutation test rounds,  94.74% of Permutation tests (Core 14/15, passed_count 18)
  4.07% of Permutation test rounds,  94.74% of Permutation tests (Core 6/15, passed_count 18)
  4.08% of Permutation test rounds,  94.74% of Permutation tests (Core 8/15, passed_count 18)
  4.09% of Permutation test rounds,  94.74% of Permutation tests (Core 2/15, passed_count 18)
  4.10% of Permutation test rounds,  94.74% of Permutation tests (Core 7/15, passed_count 18)
  4.11% of Permutation test rounds,  94.74% of Permutation tests (Core 7/15, passed_count 18)
  4.12% of Permutation test rounds,  94.74% of Permutation tests (Core 4/15, passed_count 18)
  4.13% of Permutation test rounds,  94.74% of Permutation tests (Core 0/15, passed_count 18)
  4.14% of Permutation test rounds,  94.74% of Permutation tests (Core 15/15, passed_count 18)
  4.15% of Permutation test rounds,  94.74% of Permutation tests (Core 1/15, passed_count 18)
  4.16% of Permutation test rounds,  94.74% of Permutation tests (Core 9/15, passed_count 18)
  4.17% of Permutation test rounds,  94.74% of Permutation tests (Core 13/15, passed_count 18)
  4.18% of Permutation test rounds,  94.74% of Permutation tests (Core 10/15, passed_count 18)
  4.19% of Permutation test rounds,  94.74% of Permutation tests (Core 12/15, passed_count 18)
  4.20% of Permutation test rounds,  94.74% of Permutation tests (Core 3/15, passed_count 18)
  4.21% of Permutation test rounds,  94.74% of Permutation tests (Core 5/15, passed_count 18)
  4.22% of Permutation test rounds,  94.74% of Permutation tests (Core 14/15, passed_count 18)
  4.23% of Permutation test rounds,  94.74% of Permutation tests (Core 6/15, passed_count 18)
  4.24% of Permutation test rounds,  94.74% of Permutation tests (Core 8/15, passed_count 18)
  4.25% of Permutation test rounds,  94.74% of Permutation tests (Core 2/15, passed_count 18)
  4.26% of Permutation test rounds,  94.74% of Permutation tests (Core 11/15, passed_count 18)
  4.27% of Permutation test rounds,  94.74% of Permutation tests (Core 7/15, passed_count 18)
  4.28% of Permutation test rounds,  94.74% of Permutation tests (Core 4/15, passed_count 18)
  4.29% of Permutation test rounds,  94.74% of Permutation tests (Core 0/15, passed_count 18)
  4.30% of Permutation test rounds,  94.74% of Permutation tests (Core 15/15, passed_count 18)
  4.31% of Permutation test rounds,  94.74% of Permutation tests (Core 1/15, passed_count 18)
  4.32% of Permutation test rounds,  94.74% of Permutation tests (Core 9/15, passed_count 18)
  4.33% of Permutation test rounds,  94.74% of Permutation tests (Core 13/15, passed_count 18)
  4.34% of Permutation test rounds,  94.74% of Permutation tests (Core 10/15, passed_count 18)
  4.35% of Permutation test rounds,  94.74% of Permutation tests (Core 12/15, passed_count 18)
  4.36% of Permutation test rounds,  94.74% of Permutation tests (Core 3/15, passed_count 18)
  4.37% of Permutation test rounds,  94.74% of Permutation tests (Core 5/15, passed_count 18)
  4.38% of Permutation test rounds,  94.74% of Permutation tests (Core 14/15, passed_count 18)
  4.39% of Permutation test rounds,  94.74% of Permutation tests (Core 6/15, passed_count 18)
  4.40% of Permutation test rounds,  94.74% of Permutation tests (Core 8/15, passed_count 18)
  4.41% of Permutation test rounds,  94.74% of Permutation tests (Core 2/15, passed_count 18)
  4.42% of Permutation test rounds,  94.74% of Permutation tests (Core 11/15, passed_count 18)
  4.43% of Permutation test rounds,  94.74% of Permutation tests (Core 7/15, passed_count 18)
  4.44% of Permutation test rounds,  94.74% of Permutation tests (Core 4/15, passed_count 18)
  4.45% of Permutation test rounds,  94.74% of Permutation tests (Core 0/15, passed_count 18)
  4.46% of Permutation test rounds,  94.74% of Permutation tests (Core 15/15, passed_count 18)
  4.47% of Permutation test rounds,  94.74% of Permutation tests (Core 1/15, passed_count 18)
  4.48% of Permutation test rounds,  94.74% of Permutation tests (Core 9/15, passed_count 18)
  4.49% of Permutation test rounds,  94.74% of Permutation tests (Core 9/15, passed_count 18)
  4.50% of Permutation test rounds,  94.74% of Permutation tests (Core 10/15, passed_count 18)
  4.51% of Permutation test rounds,  94.74% of Permutation tests (Core 12/15, passed_count 18)
  4.52% of Permutation test rounds,  94.74% of Permutation tests (Core 12/15, passed_count 18)
  4.53% of Permutation test rounds,  94.74% of Permutation tests (Core 5/15, passed_count 18)
  4.54% of Permutation test rounds,  94.74% of Permutation tests (Core 14/15, passed_count 18)
  4.55% of Permutation test rounds,  94.74% of Permutation tests (Core 6/15, passed_count 18)
  4.56% of Permutation test rounds,  94.74% of Permutation tests (Core 6/15, passed_count 18)
  4.57% of Permutation test rounds,  94.74% of Permutation tests (Core 2/15, passed_count 18)
  4.58% of Permutation test rounds,  94.74% of Permutation tests (Core 2/15, passed_count 18)
  4.59% of Permutation test rounds,  94.74% of Permutation tests (Core 7/15, passed_count 18)
  4.60% of Permutation test rounds,  94.74% of Permutation tests (Core 4/15, passed_count 18)
  4.61% of Permutation test rounds,  94.74% of Permutation tests (Core 0/15, passed_count 18)
  4.62% of Permutation test rounds,  94.74% of Permutation tests (Core 15/15, passed_count 18)
  4.63% of Permutation test rounds,  94.74% of Permutation tests (Core 1/15, passed_count 18)
  4.64% of Permutation test rounds,  94.74% of Permutation tests (Core 13/15, passed_count 18)
  4.65% of Permutation test rounds,  94.74% of Permutation tests (Core 9/15, passed_count 18)
  4.66% of Permutation test rounds,  94.74% of Permutation tests (Core 10/15, passed_count 18)
  4.67% of Permutation test rounds,  94.74% of Permutation tests (Core 10/15, passed_count 18)
  4.68% of Permutation test rounds,  94.74% of Permutation tests (Core 12/15, passed_count 18)
  4.69% of Permutation test rounds,  94.74% of Permutation tests (Core 5/15, passed_count 18)
  4.70% of Permutation test rounds,  94.74% of Permutation tests (Core 14/15, passed_count 18)
  4.71% of Permutation test rounds,  94.74% of Permutation tests (Core 14/15, passed_count 18)
  4.72% of Permutation test rounds,  94.74% of Permutation tests (Core 14/15, passed_count 18)
  4.73% of Permutation test rounds,  94.74% of Permutation tests (Core 14/15, passed_count 18)
  4.74% of Permutation test rounds,  94.74% of Permutation tests (Core 14/15, passed_count 18)
  4.75% of Permutation test rounds,  94.74% of Permutation tests (Core 14/15, passed_count 18)
  4.76% of Permutation test rounds,  94.74% of Permutation tests (Core 14/15, passed_count 18)
  4.77% of Permutation test rounds,  94.74% of Permutation tests (Core 14/15, passed_count 18)
  4.78% of Permutation test rounds,  94.74% of Permutation tests (Core 15/15, passed_count 18)
  4.79% of Permutation test rounds,  94.74% of Permutation tests (Core 15/15, passed_count 18)
  4.80% of Permutation test rounds,  94.74% of Permutation tests (Core 13/15, passed_count 18)
  4.81% of Permutation test rounds,  94.74% of Permutation tests (Core 9/15, passed_count 18)
  4.82% of Permutation test rounds,  94.74% of Permutation tests (Core 9/15, passed_count 18)
  4.83% of Permutation test rounds,  94.74% of Permutation tests (Core 10/15, passed_count 18)
  4.84% of Permutation test rounds,  94.74% of Permutation tests (Core 10/15, passed_count 18)
  4.85% of Permutation test rounds,  94.74% of Permutation tests (Core 10/15, passed_count 18)
  4.86% of Permutation test rounds,  94.74% of Permutation tests (Core 10/15, passed_count 18)
  4.87% of Permutation test rounds,  94.74% of Permutation tests (Core 10/15, passed_count 18)
  4.88% of Permutation test rounds,  94.74% of Permutation tests (Core 11/15, passed_count 18)
  4.89% of Permutation test rounds,  94.74% of Permutation tests (Core 2/15, passed_count 18)
  4.90% of Permutation test rounds,  94.74% of Permutation tests (Core 7/15, passed_count 18)
  4.91% of Permutation test rounds,  94.74% of Permutation tests (Core 7/15, passed_count 18)
  4.92% of Permutation test rounds,  94.74% of Permutation tests (Core 7/15, passed_count 18)
  4.93% of Permutation test rounds,  94.74% of Permutation tests (Core 14/15, passed_count 18)
  4.94% of Permutation test rounds,  94.74% of Permutation tests (Core 14/15, passed_count 18)
  4.95% of Permutation test rounds,  94.74% of Permutation tests (Core 14/15, passed_count 18)
  4.96% of Permutation test rounds,  94.74% of Permutation tests (Core 13/15, passed_count 18)
  4.97% of Permutation test rounds,  94.74% of Permutation tests (Core 3/15, passed_count 18)
  4.98% of Permutation test rounds,  94.74% of Permutation tests (Core 9/15, passed_count 18)
  4.99% of Permutation test rounds,  94.74% of Permutation tests (Core 12/15, passed_count 18)
  5.00% of Permutation test rounds,  94.74% of Permutation tests (Core 12/15, passed_count 18)
  5.01% of Permutation test rounds,  94.74% of Permutation tests (Core 12/15, passed_count 18)
  5.02% of Permutation test rounds,  94.74% of Permutation tests (Core 12/15, passed_count 18)
  5.03% of Permutation test rounds,  94.74% of Permutation tests (Core 12/15, passed_count 18)
  5.04% of Permutation test rounds,  94.74% of Permutation tests (Core 11/15, passed_count 18)
  5.05% of Permutation test rounds,  94.74% of Permutation tests (Core 2/15, passed_count 18)
  5.06% of Permutation test rounds,  94.74% of Permutation tests (Core 4/15, passed_count 18)
  5.07% of Permutation test rounds,  94.74% of Permutation tests (Core 0/15, passed_count 18)
  5.08% of Permutation test rounds,  94.74% of Permutation tests (Core 7/15, passed_count 18)
  5.09% of Permutation test rounds,  94.74% of Permutation tests (Core 1/15, passed_count 18)
  5.10% of Permutation test rounds,  94.74% of Permutation tests (Core 15/15, passed_count 18)
  5.11% of Permutation test rounds,  94.74% of Permutation tests (Core 14/15, passed_count 18)
  5.12% of Permutation test rounds,  94.74% of Permutation tests (Core 13/15, passed_count 18)
  5.13% of Permutation test rounds,  94.74% of Permutation tests (Core 3/15, passed_count 18)
  5.14% of Permutation test rounds,  94.74% of Permutation tests (Core 9/15, passed_count 18)
  5.15% of Permutation test rounds,  94.74% of Permutation tests (Core 5/15, passed_count 18)
  5.16% of Permutation test rounds,  94.74% of Permutation tests (Core 5/15, passed_count 18)
  5.17% of Permutation test rounds,  94.74% of Permutation tests (Core 6/15, passed_count 18)
  5.18% of Permutation test rounds,  94.74% of Permutation tests (Core 10/15, passed_count 18)
  5.19% of Permutation test rounds,  94.74% of Permutation tests (Core 12/15, passed_count 18)
  5.20% of Permutation test rounds,  94.74% of Permutation tests (Core 11/15, passed_count 18)
  5.21% of Permutation test rounds,  94.74% of Permutation tests (Core 2/15, passed_count 18)
  5.22% of Permutation test rounds,  94.74% of Permutation tests (Core 2/15, passed_count 18)
  5.23% of Permutation test rounds,  94.74% of Permutation tests (Core 2/15, passed_count 18)
  5.24% of Permutation test rounds,  94.74% of Permutation tests (Core 7/15, passed_count 18)
  5.25% of Permutation test rounds,  94.74% of Permutation tests (Core 1/15, passed_count 18)
  5.26% of Permutation test rounds,  94.74% of Permutation tests (Core 15/15, passed_count 18)
  5.27% of Permutation test rounds,  94.74% of Permutation tests (Core 14/15, passed_count 18)
  5.28% of Permutation test rounds,  94.74% of Permutation tests (Core 13/15, passed_count 18)
  5.29% of Permutation test rounds,  94.74% of Permutation tests (Core 3/15, passed_count 18)
  5.30% of Permutation test rounds,  94.74% of Permutation tests (Core 9/15, passed_count 18)
  5.31% of Permutation test rounds,  94.74% of Permutation tests (Core 8/15, passed_count 18)
  5.32% of Permutation test rounds,  94.74% of Permutation tests (Core 5/15, passed_count 18)
  5.33% of Permutation test rounds,  94.74% of Permutation tests (Core 6/15, passed_count 18)
  5.34% of Permutation test rounds,  94.74% of Permutation tests (Core 10/15, passed_count 18)
  5.35% of Permutation test rounds,  94.74% of Permutation tests (Core 12/15, passed_count 18)
  5.36% of Permutation test rounds,  94.74% of Permutation tests (Core 11/15, passed_count 18)
  5.37% of Permutation test rounds,  94.74% of Permutation tests (Core 4/15, passed_count 18)
  5.38% of Permutation test rounds,  94.74% of Permutation tests (Core 0/15, passed_count 18)
  5.39% of Permutation test rounds,  94.74% of Permutation tests (Core 2/15, passed_count 18)
  5.40% of Permutation test rounds,  94.74% of Permutation tests (Core 7/15, passed_count 18)
  5.41% of Permutation test rounds,  94.74% of Permutation tests (Core 1/15, passed_count 18)
  5.42% of Permutation test rounds,  94.74% of Permutation tests (Core 15/15, passed_count 18)
  5.43% of Permutation test rounds,  94.74% of Permutation tests (Core 14/15, passed_count 18)
  5.44% of Permutation test rounds,  94.74% of Permutation tests (Core 13/15, passed_count 18)
  5.45% of Permutation test rounds,  94.74% of Permutation tests (Core 3/15, passed_count 18)
  5.46% of Permutation test rounds,  94.74% of Permutation tests (Core 9/15, passed_count 18)
  5.47% of Permutation test rounds,  94.74% of Permutation tests (Core 9/15, passed_count 18)
  5.48% of Permutation test rounds,  94.74% of Permutation tests (Core 9/15, passed_count 18)
  5.49% of Permutation test rounds,  94.74% of Permutation tests (Core 9/15, passed_count 18)
  5.50% of Permutation test rounds,  94.74% of Permutation tests (Core 9/15, passed_count 18)
  5.51% of Permutation test rounds,  94.74% of Permutation tests (Core 12/15, passed_count 18)
  5.52% of Permutation test rounds,  94.74% of Permutation tests (Core 12/15, passed_count 18)
  5.53% of Permutation test rounds,  94.74% of Permutation tests (Core 4/15, passed_count 18)
  5.54% of Permutation test rounds,  94.74% of Permutation tests (Core 0/15, passed_count 18)
  5.55% of Permutation test rounds,  94.74% of Permutation tests (Core 2/15, passed_count 18)
  5.56% of Permutation test rounds,  94.74% of Permutation tests (Core 7/15, passed_count 18)
  5.57% of Permutation test rounds,  94.74% of Permutation tests (Core 7/15, passed_count 18)
  5.58% of Permutation test rounds,  94.74% of Permutation tests (Core 15/15, passed_count 18)
  5.59% of Permutation test rounds,  94.74% of Permutation tests (Core 15/15, passed_count 18)
  5.60% of Permutation test rounds,  94.74% of Permutation tests (Core 15/15, passed_count 18)
  5.61% of Permutation test rounds,  94.74% of Permutation tests (Core 15/15, passed_count 18)
  5.62% of Permutation test rounds,  94.74% of Permutation tests (Core 8/15, passed_count 18)
  5.63% of Permutation test rounds,  94.74% of Permutation tests (Core 5/15, passed_count 18)
  5.64% of Permutation test rounds,  94.74% of Permutation tests (Core 5/15, passed_count 18)
  5.65% of Permutation test rounds,  94.74% of Permutation tests (Core 5/15, passed_count 18)
  5.66% of Permutation test rounds,  94.74% of Permutation tests (Core 5/15, passed_count 18)
  5.67% of Permutation test rounds,  94.74% of Permutation tests (Core 11/15, passed_count 18)
  5.68% of Permutation test rounds,  94.74% of Permutation tests (Core 12/15, passed_count 18)
  5.69% of Permutation test rounds,  94.74% of Permutation tests (Core 12/15, passed_count 18)
  5.70% of Permutation test rounds,  94.74% of Permutation tests (Core 0/15, passed_count 18)
  5.71% of Permutation test rounds,  94.74% of Permutation tests (Core 2/15, passed_count 18)
  5.72% of Permutation test rounds,  94.74% of Permutation tests (Core 2/15, passed_count 18)
  5.73% of Permutation test rounds,  94.74% of Permutation tests (Core 7/15, passed_count 18)
  5.74% of Permutation test rounds,  94.74% of Permutation tests (Core 14/15, passed_count 18)
  5.75% of Permutation test rounds,  94.74% of Permutation tests (Core 13/15, passed_count 18)
  5.76% of Permutation test rounds,  94.74% of Permutation tests (Core 3/15, passed_count 18)
  5.77% of Permutation test rounds,  94.74% of Permutation tests (Core 15/15, passed_count 18)
  5.78% of Permutation test rounds,  94.74% of Permutation tests (Core 8/15, passed_count 18)
  5.79% of Permutation test rounds,  94.74% of Permutation tests (Core 6/15, passed_count 18)
  5.80% of Permutation test rounds,  94.74% of Permutation tests (Core 10/15, passed_count 18)
  5.81% of Permutation test rounds,  94.74% of Permutation tests (Core 10/15, passed_count 18)
  5.82% of Permutation test rounds,  94.74% of Permutation tests (Core 5/15, passed_count 18)
  5.83% of Permutation test rounds,  94.74% of Permutation tests (Core 5/15, passed_count 18)
  5.84% of Permutation test rounds,  94.74% of Permutation tests (Core 4/15, passed_count 18)
  5.85% of Permutation test rounds,  94.74% of Permutation tests (Core 12/15, passed_count 18)
  5.86% of Permutation test rounds,  94.74% of Permutation tests (Core 0/15, passed_count 18)
  5.87% of Permutation test rounds,  94.74% of Permutation tests (Core 0/15, passed_count 18)
  5.88% of Permutation test rounds,  94.74% of Permutation tests (Core 2/15, passed_count 18)
  5.89% of Permutation test rounds,  94.74% of Permutation tests (Core 7/15, passed_count 18)
  5.90% of Permutation test rounds,  94.74% of Permutation tests (Core 14/15, passed_count 18)
  5.91% of Permutation test rounds,  94.74% of Permutation tests (Core 13/15, passed_count 18)
  5.92% of Permutation test rounds,  94.74% of Permutation tests (Core 3/15, passed_count 18)
  5.93% of Permutation test rounds,  94.74% of Permutation tests (Core 15/15, passed_count 18)
  5.94% of Permutation test rounds,  94.74% of Permutation tests (Core 8/15, passed_count 18)
  5.95% of Permutation test rounds,  94.74% of Permutation tests (Core 6/15, passed_count 18)
  5.96% of Permutation test rounds,  94.74% of Permutation tests (Core 9/15, passed_count 18)
  5.97% of Permutation test rounds,  94.74% of Permutation tests (Core 10/15, passed_count 18)
  5.98% of Permutation test rounds,  94.74% of Permutation tests (Core 11/15, passed_count 18)
  5.99% of Permutation test rounds,  94.74% of Permutation tests (Core 5/15, passed_count 18)
  6.00% of Permutation test rounds,  94.74% of Permutation tests (Core 4/15, passed_count 18)
  6.01% of Permutation test rounds,  94.74% of Permutation tests (Core 12/15, passed_count 18)
  6.02% of Permutation test rounds,  94.74% of Permutation tests (Core 1/15, passed_count 18)
  6.03% of Permutation test rounds,  94.74% of Permutation tests (Core 0/15, passed_count 18)
  6.04% of Permutation test rounds,  94.74% of Permutation tests (Core 2/15, passed_count 18)
  6.05% of Permutation test rounds,  94.74% of Permutation tests (Core 7/15, passed_count 18)
  6.06% of Permutation test rounds,  94.74% of Permutation tests (Core 14/15, passed_count 18)
  6.07% of Permutation test rounds,  94.74% of Permutation tests (Core 13/15, passed_count 18)
  6.08% of Permutation test rounds,  94.74% of Permutation tests (Core 3/15, passed_count 18)
  6.09% of Permutation test rounds,  94.74% of Permutation tests (Core 15/15, passed_count 18)
  6.10% of Permutation test rounds,  94.74% of Permutation tests (Core 8/15, passed_count 18)
  6.11% of Permutation test rounds,  94.74% of Permutation tests (Core 6/15, passed_count 18)
  6.12% of Permutation test rounds,  94.74% of Permutation tests (Core 9/15, passed_count 18)
  6.13% of Permutation test rounds,  94.74% of Permutation tests (Core 10/15, passed_count 18)
  6.14% of Permutation test rounds,  94.74% of Permutation tests (Core 11/15, passed_count 18)
  6.15% of Permutation test rounds,  94.74% of Permutation tests (Core 5/15, passed_count 18)
  6.16% of Permutation test rounds,  94.74% of Permutation tests (Core 4/15, passed_count 18)
  6.17% of Permutation test rounds,  94.74% of Permutation tests (Core 12/15, passed_count 18)
  6.18% of Permutation test rounds,  94.74% of Permutation tests (Core 1/15, passed_count 18)
  6.19% of Permutation test rounds,  94.74% of Permutation tests (Core 0/15, passed_count 18)
  6.20% of Permutation test rounds,  94.74% of Permutation tests (Core 2/15, passed_count 18)
  6.21% of Permutation test rounds,  94.74% of Permutation tests (Core 7/15, passed_count 18)
  6.22% of Permutation test rounds,  94.74% of Permutation tests (Core 14/15, passed_count 18)
  6.23% of Permutation test rounds,  94.74% of Permutation tests (Core 13/15, passed_count 18)
  6.24% of Permutation test rounds,  94.74% of Permutation tests (Core 3/15, passed_count 18)
  6.25% of Permutation test rounds,  94.74% of Permutation tests (Core 15/15, passed_count 18)
  6.26% of Permutation test rounds,  94.74% of Permutation tests (Core 8/15, passed_count 18)
  6.27% of Permutation test rounds,  94.74% of Permutation tests (Core 6/15, passed_count 18)
  6.28% of Permutation test rounds,  94.74% of Permutation tests (Core 9/15, passed_count 18)
  6.29% of Permutation test rounds,  94.74% of Permutation tests (Core 10/15, passed_count 18)
  6.30% of Permutation test rounds,  94.74% of Permutation tests (Core 11/15, passed_count 18)
  6.31% of Permutation test rounds,  94.74% of Permutation tests (Core 5/15, passed_count 18)
  6.32% of Permutation test rounds,  94.74% of Permutation tests (Core 4/15, passed_count 18)
  6.33% of Permutation test rounds,  94.74% of Permutation tests (Core 12/15, passed_count 18)
  6.34% of Permutation test rounds,  94.74% of Permutation tests (Core 1/15, passed_count 18)
  6.35% of Permutation test rounds,  94.74% of Permutation tests (Core 0/15, passed_count 18)
  6.36% of Permutation test rounds,  94.74% of Permutation tests (Core 2/15, passed_count 18)
  6.37% of Permutation test rounds,  94.74% of Permutation tests (Core 7/15, passed_count 18)
  6.38% of Permutation test rounds,  94.74% of Permutation tests (Core 14/15, passed_count 18)
  6.39% of Permutation test rounds,  94.74% of Permutation tests (Core 13/15, passed_count 18)
  6.40% of Permutation test rounds,  94.74% of Permutation tests (Core 3/15, passed_count 18)
  6.41% of Permutation test rounds,  94.74% of Permutation tests (Core 15/15, passed_count 18)
  6.42% of Permutation test rounds,  94.74% of Permutation tests (Core 8/15, passed_count 18)
  6.43% of Permutation test rounds,  94.74% of Permutation tests (Core 6/15, passed_count 18)
  6.44% of Permutation test rounds,  94.74% of Permutation tests (Core 9/15, passed_count 18)
  6.45% of Permutation test rounds,  94.74% of Permutation tests (Core 10/15, passed_count 18)
  6.46% of Permutation test rounds,  94.74% of Permutation tests (Core 11/15, passed_count 18)
  6.47% of Permutation test rounds,  94.74% of Permutation tests (Core 5/15, passed_count 18)
  6.48% of Permutation test rounds,  94.74% of Permutation tests (Core 4/15, passed_count 18)
  6.49% of Permutation test rounds,  94.74% of Permutation tests (Core 12/15, passed_count 18)
  6.50% of Permutation test rounds,  94.74% of Permutation tests (Core 1/15, passed_count 18)
  6.51% of Permutation test rounds,  94.74% of Permutation tests (Core 0/15, passed_count 18)
  6.52% of Permutation test rounds,  94.74% of Permutation tests (Core 2/15, passed_count 18)
  6.53% of Permutation test rounds,  94.74% of Permutation tests (Core 7/15, passed_count 18)
  6.54% of Permutation test rounds,  94.74% of Permutation tests (Core 14/15, passed_count 18)
  6.55% of Permutation test rounds,  94.74% of Permutation tests (Core 13/15, passed_count 18)
  6.56% of Permutation test rounds,  94.74% of Permutation tests (Core 3/15, passed_count 18)
  6.57% of Permutation test rounds,  94.74% of Permutation tests (Core 15/15, passed_count 18)
  6.58% of Permutation test rounds,  94.74% of Permutation tests (Core 8/15, passed_count 18)
  6.59% of Permutation test rounds,  94.74% of Permutation tests (Core 6/15, passed_count 18)
  6.60% of Permutation test rounds,  94.74% of Permutation tests (Core 9/15, passed_count 18)
  6.61% of Permutation test rounds,  94.74% of Permutation tests (Core 10/15, passed_count 18)
  6.62% of Permutation test rounds,  94.74% of Permutation tests (Core 11/15, passed_count 18)
  6.63% of Permutation test rounds,  94.74% of Permutation tests (Core 5/15, passed_count 18)
  6.64% of Permutation test rounds,  94.74% of Permutation tests (Core 4/15, passed_count 18)
  6.65% of Permutation test rounds,  94.74% of Permutation tests (Core 12/15, passed_count 18)
  6.66% of Permutation test rounds,  94.74% of Permutation tests (Core 1/15, passed_count 18)
  6.67% of Permutation test rounds,  94.74% of Permutation tests (Core 0/15, passed_count 18)
  6.68% of Permutation test rounds,  94.74% of Permutation tests (Core 2/15, passed_count 18)
  6.69% of Permutation test rounds,  94.74% of Permutation tests (Core 7/15, passed_count 18)
  6.70% of Permutation test rounds,  94.74% of Permutation tests (Core 14/15, passed_count 18)
  6.71% of Permutation test rounds,  94.74% of Permutation tests (Core 13/15, passed_count 18)
  6.72% of Permutation test rounds,  94.74% of Permutation tests (Core 3/15, passed_count 18)
  6.73% of Permutation test rounds,  94.74% of Permutation tests (Core 15/15, passed_count 18)
  6.74% of Permutation test rounds,  94.74% of Permutation tests (Core 8/15, passed_count 18)
  6.75% of Permutation test rounds,  94.74% of Permutation tests (Core 6/15, passed_count 18)
  6.76% of Permutation test rounds,  94.74% of Permutation tests (Core 9/15, passed_count 18)
  6.77% of Permutation test rounds,  94.74% of Permutation tests (Core 10/15, passed_count 18)
  6.78% of Permutation test rounds,  94.74% of Permutation tests (Core 11/15, passed_count 18)
  6.79% of Permutation test rounds,  94.74% of Permutation tests (Core 5/15, passed_count 18)
  6.80% of Permutation test rounds,  94.74% of Permutation tests (Core 4/15, passed_count 18)
  6.81% of Permutation test rounds,  94.74% of Permutation tests (Core 12/15, passed_count 18)
  6.82% of Permutation test rounds,  94.74% of Permutation tests (Core 1/15, passed_count 18)
  6.83% of Permutation test rounds,  94.74% of Permutation tests (Core 0/15, passed_count 18)
  6.84% of Permutation test rounds,  94.74% of Permutation tests (Core 2/15, passed_count 18)
  6.85% of Permutation test rounds,  94.74% of Permutation tests (Core 7/15, passed_count 18)
  6.86% of Permutation test rounds,  94.74% of Permutation tests (Core 14/15, passed_count 18)
  6.87% of Permutation test rounds,  94.74% of Permutation tests (Core 13/15, passed_count 18)
  6.88% of Permutation test rounds,  94.74% of Permutation tests (Core 3/15, passed_count 18)
  6.89% of Permutation test rounds,  94.74% of Permutation tests (Core 15/15, passed_count 18)
  6.90% of Permutation test rounds,  94.74% of Permutation tests (Core 8/15, passed_count 18)
  6.91% of Permutation test rounds,  94.74% of Permutation tests (Core 6/15, passed_count 18)
  6.92% of Permutation test rounds,  94.74% of Permutation tests (Core 9/15, passed_count 18)
  6.93% of Permutation test rounds,  94.74% of Permutation tests (Core 10/15, passed_count 18)
  6.94% of Permutation test rounds,  94.74% of Permutation tests (Core 11/15, passed_count 18)
  6.95% of Permutation test rounds,  94.74% of Permutation tests (Core 5/15, passed_count 18)
  6.96% of Permutation test rounds,  94.74% of Permutation tests (Core 4/15, passed_count 18)
  6.97% of Permutation test rounds,  94.74% of Permutation tests (Core 12/15, passed_count 18)
  6.98% of Permutation test rounds,  94.74% of Permutation tests (Core 1/15, passed_count 18)
  6.99% of Permutation test rounds,  94.74% of Permutation tests (Core 0/15, passed_count 18)
  7.00% of Permutation test rounds,  94.74% of Permutation tests (Core 2/15, passed_count 18)
  7.01% of Permutation test rounds,  94.74% of Permutation tests (Core 7/15, passed_count 18)
  7.02% of Permutation test rounds,  94.74% of Permutation tests (Core 14/15, passed_count 18)
  7.03% of Permutation test rounds,  94.74% of Permutation tests (Core 13/15, passed_count 18)
  7.04% of Permutation test rounds,  94.74% of Permutation tests (Core 3/15, passed_count 18)
  7.05% of Permutation test rounds,  94.74% of Permutation tests (Core 15/15, passed_count 18)
  7.06% of Permutation test rounds,  94.74% of Permutation tests (Core 8/15, passed_count 18)
  7.07% of Permutation test rounds,  94.74% of Permutation tests (Core 6/15, passed_count 18)
  7.08% of Permutation test rounds,  94.74% of Permutation tests (Core 9/15, passed_count 18)
  7.09% of Permutation test rounds,  94.74% of Permutation tests (Core 10/15, passed_count 18)
  7.10% of Permutation test rounds,  94.74% of Permutation tests (Core 11/15, passed_count 18)
  7.11% of Permutation test rounds,  94.74% of Permutation tests (Core 5/15, passed_count 18)
  7.12% of Permutation test rounds,  94.74% of Permutation tests (Core 4/15, passed_count 18)
  7.13% of Permutation test rounds,  94.74% of Permutation tests (Core 12/15, passed_count 18)
  7.14% of Permutation test rounds,  94.74% of Permutation tests (Core 1/15, passed_count 18)
  7.15% of Permutation test rounds,  94.74% of Permutation tests (Core 0/15, passed_count 18)
  7.16% of Permutation test rounds,  94.74% of Permutation tests (Core 2/15, passed_count 18)
  7.17% of Permutation test rounds,  94.74% of Permutation tests (Core 7/15, passed_count 18)
  7.18% of Permutation test rounds,  94.74% of Permutation tests (Core 14/15, passed_count 18)
  7.19% of Permutation test rounds,  94.74% of Permutation tests (Core 13/15, passed_count 18)
  7.20% of Permutation test rounds,  94.74% of Permutation tests (Core 3/15, passed_count 18)
  7.21% of Permutation test rounds,  94.74% of Permutation tests (Core 15/15, passed_count 18)
  7.22% of Permutation test rounds,  94.74% of Permutation tests (Core 8/15, passed_count 18)
  7.23% of Permutation test rounds,  94.74% of Permutation tests (Core 6/15, passed_count 18)
  7.24% of Permutation test rounds,  94.74% of Permutation tests (Core 9/15, passed_count 18)
  7.25% of Permutation test rounds,  94.74% of Permutation tests (Core 10/15, passed_count 18)
  7.26% of Permutation test rounds,  94.74% of Permutation tests (Core 11/15, passed_count 18)
  7.27% of Permutation test rounds,  94.74% of Permutation tests (Core 5/15, passed_count 18)
  7.28% of Permutation test rounds,  94.74% of Permutation tests (Core 4/15, passed_count 18)
  7.29% of Permutation test rounds,  94.74% of Permutation tests (Core 12/15, passed_count 18)
  7.30% of Permutation test rounds,  94.74% of Permutation tests (Core 1/15, passed_count 18)
  7.31% of Permutation test rounds,  94.74% of Permutation tests (Core 0/15, passed_count 18)
  7.32% of Permutation test rounds,  94.74% of Permutation tests (Core 2/15, passed_count 18)
  7.33% of Permutation test rounds,  94.74% of Permutation tests (Core 7/15, passed_count 18)
  7.34% of Permutation test rounds,  94.74% of Permutation tests (Core 14/15, passed_count 18)
  7.35% of Permutation test rounds,  94.74% of Permutation tests (Core 13/15, passed_count 18)
  7.36% of Permutation test rounds,  94.74% of Permutation tests (Core 3/15, passed_count 18)
  7.37% of Permutation test rounds,  94.74% of Permutation tests (Core 15/15, passed_count 18)
  7.38% of Permutation test rounds,  94.74% of Permutation tests (Core 8/15, passed_count 18)
  7.39% of Permutation test rounds,  94.74% of Permutation tests (Core 6/15, passed_count 18)
  7.40% of Permutation test rounds,  94.74% of Permutation tests (Core 9/15, passed_count 18)
  7.41% of Permutation test rounds,  94.74% of Permutation tests (Core 10/15, passed_count 18)
  7.42% of Permutation test rounds,  94.74% of Permutation tests (Core 11/15, passed_count 18)
  7.43% of Permutation test rounds,  94.74% of Permutation tests (Core 5/15, passed_count 18)
  7.44% of Permutation test rounds,  94.74% of Permutation tests (Core 4/15, passed_count 18)
  7.45% of Permutation test rounds,  94.74% of Permutation tests (Core 12/15, passed_count 18)
  7.46% of Permutation test rounds,  94.74% of Permutation tests (Core 1/15, passed_count 18)
  7.47% of Permutation test rounds,  94.74% of Permutation tests (Core 0/15, passed_count 18)
  7.48% of Permutation test rounds,  94.74% of Permutation tests (Core 2/15, passed_count 18)
  7.49% of Permutation test rounds,  94.74% of Permutation tests (Core 7/15, passed_count 18)
  7.50% of Permutation test rounds,  94.74% of Permutation tests (Core 14/15, passed_count 18)
  7.51% of Permutation test rounds,  94.74% of Permutation tests (Core 13/15, passed_count 18)
  7.52% of Permutation test rounds,  94.74% of Permutation tests (Core 3/15, passed_count 18)
  7.53% of Permutation test rounds,  94.74% of Permutation tests (Core 15/15, passed_count 18)
  7.54% of Permutation test rounds,  94.74% of Permutation tests (Core 8/15, passed_count 18)
  7.55% of Permutation test rounds,  94.74% of Permutation tests (Core 6/15, passed_count 18)
  7.56% of Permutation test rounds,  94.74% of Permutation tests (Core 9/15, passed_count 18)
  7.57% of Permutation test rounds,  94.74% of Permutation tests (Core 10/15, passed_count 18)
  7.58% of Permutation test rounds,  94.74% of Permutation tests (Core 11/15, passed_count 18)
  7.59% of Permutation test rounds,  94.74% of Permutation tests (Core 5/15, passed_count 18)
  7.60% of Permutation test rounds,  94.74% of Permutation tests (Core 4/15, passed_count 18)
  7.61% of Permutation test rounds,  94.74% of Permutation tests (Core 12/15, passed_count 18)
  7.62% of Permutation test rounds,  94.74% of Permutation tests (Core 1/15, passed_count 18)
  7.63% of Permutation test rounds,  94.74% of Permutation tests (Core 0/15, passed_count 18)
  7.64% of Permutation test rounds,  94.74% of Permutation tests (Core 2/15, passed_count 18)
  7.65% of Permutation test rounds,  94.74% of Permutation tests (Core 7/15, passed_count 18)
  7.66% of Permutation test rounds,  94.74% of Permutation tests (Core 14/15, passed_count 18)
  7.67% of Permutation test rounds,  94.74% of Permutation tests (Core 13/15, passed_count 18)
  7.68% of Permutation test rounds,  94.74% of Permutation tests (Core 3/15, passed_count 18)
  7.69% of Permutation test rounds,  94.74% of Permutation tests (Core 15/15, passed_count 18)
  7.70% of Permutation test rounds,  94.74% of Permutation tests (Core 8/15, passed_count 18)
  7.71% of Permutation test rounds,  94.74% of Permutation tests (Core 6/15, passed_count 18)
  7.72% of Permutation test rounds,  94.74% of Permutation tests (Core 9/15, passed_count 18)
  7.73% of Permutation test rounds,  94.74% of Permutation tests (Core 10/15, passed_count 18)
  7.74% of Permutation test rounds,  94.74% of Permutation tests (Core 11/15, passed_count 18)
  7.75% of Permutation test rounds,  94.74% of Permutation tests (Core 5/15, passed_count 18)
  7.76% of Permutation test rounds,  94.74% of Permutation tests (Core 4/15, passed_count 18)
  7.77% of Permutation test rounds,  94.74% of Permutation tests (Core 12/15, passed_count 18)
  7.78% of Permutation test rounds,  94.74% of Permutation tests (Core 1/15, passed_count 18)
  7.79% of Permutation test rounds,  94.74% of Permutation tests (Core 0/15, passed_count 18)
  7.80% of Permutation test rounds,  94.74% of Permutation tests (Core 2/15, passed_count 18)
  7.81% of Permutation test rounds,  94.74% of Permutation tests (Core 7/15, passed_count 18)
  7.82% of Permutation test rounds,  94.74% of Permutation tests (Core 14/15, passed_count 18)
  7.83% of Permutation test rounds,  94.74% of Permutation tests (Core 13/15, passed_count 18)
  7.84% of Permutation test rounds,  94.74% of Permutation tests (Core 3/15, passed_count 18)
  7.85% of Permutation test rounds,  94.74% of Permutation tests (Core 15/15, passed_count 18)
  7.86% of Permutation test rounds,  94.74% of Permutation tests (Core 8/15, passed_count 18)
  7.87% of Permutation test rounds,  94.74% of Permutation tests (Core 6/15, passed_count 18)
  7.88% of Permutation test rounds,  94.74% of Permutation tests (Core 9/15, passed_count 18)
  7.89% of Permutation test rounds,  94.74% of Permutation tests (Core 10/15, passed_count 18)
  7.90% of Permutation test rounds,  94.74% of Permutation tests (Core 11/15, passed_count 18)
  7.91% of Permutation test rounds,  94.74% of Permutation tests (Core 5/15, passed_count 18)
  7.92% of Permutation test rounds,  94.74% of Permutation tests (Core 4/15, passed_count 18)
  7.93% of Permutation test rounds,  94.74% of Permutation tests (Core 12/15, passed_count 18)
  7.94% of Permutation test rounds,  94.74% of Permutation tests (Core 1/15, passed_count 18)
  7.95% of Permutation test rounds,  94.74% of Permutation tests (Core 0/15, passed_count 18)
  7.96% of Permutation test rounds,  94.74% of Permutation tests (Core 2/15, passed_count 18)
  7.97% of Permutation test rounds,  94.74% of Permutation tests (Core 7/15, passed_count 18)
  7.98% of Permutation test rounds,  94.74% of Permutation tests (Core 14/15, passed_count 18)
  7.99% of Permutation test rounds,  94.74% of Permutation tests (Core 13/15, passed_count 18)
  8.00% of Permutation test rounds,  94.74% of Permutation tests (Core 3/15, passed_count 18)
  8.01% of Permutation test rounds,  94.74% of Permutation tests (Core 15/15, passed_count 18)
  8.02% of Permutation test rounds,  94.74% of Permutation tests (Core 8/15, passed_count 18)
  8.03% of Permutation test rounds,  94.74% of Permutation tests (Core 6/15, passed_count 18)
  8.04% of Permutation test rounds,  94.74% of Permutation tests (Core 6/15, passed_count 18)
  8.05% of Permutation test rounds,  94.74% of Permutation tests (Core 10/15, passed_count 18)
  8.06% of Permutation test rounds,  94.74% of Permutation tests (Core 11/15, passed_count 18)
  8.07% of Permutation test rounds,  94.74% of Permutation tests (Core 11/15, passed_count 18)
  8.08% of Permutation test rounds,  94.74% of Permutation tests (Core 4/15, passed_count 18)
  8.09% of Permutation test rounds,  94.74% of Permutation tests (Core 4/15, passed_count 18)
  8.10% of Permutation test rounds,  94.74% of Permutation tests (Core 4/15, passed_count 18)
  8.11% of Permutation test rounds,  94.74% of Permutation tests (Core 0/15, passed_count 18)
  8.12% of Permutation test rounds,  94.74% of Permutation tests (Core 0/15, passed_count 18)
  8.13% of Permutation test rounds,  94.74% of Permutation tests (Core 7/15, passed_count 18)
  8.14% of Permutation test rounds,  94.74% of Permutation tests (Core 14/15, passed_count 18)
  8.15% of Permutation test rounds,  94.74% of Permutation tests (Core 13/15, passed_count 18)
  8.16% of Permutation test rounds,  94.74% of Permutation tests (Core 3/15, passed_count 18)
  8.17% of Permutation test rounds,  94.74% of Permutation tests (Core 3/15, passed_count 18)
  8.18% of Permutation test rounds,  94.74% of Permutation tests (Core 3/15, passed_count 18)
  8.19% of Permutation test rounds,  94.74% of Permutation tests (Core 9/15, passed_count 18)
  8.20% of Permutation test rounds,  94.74% of Permutation tests (Core 9/15, passed_count 18)
  8.21% of Permutation test rounds,  94.74% of Permutation tests (Core 10/15, passed_count 18)
  8.22% of Permutation test rounds,  94.74% of Permutation tests (Core 10/15, passed_count 18)
  8.23% of Permutation test rounds,  94.74% of Permutation tests (Core 11/15, passed_count 18)
  8.24% of Permutation test rounds,  94.74% of Permutation tests (Core 11/15, passed_count 18)
  8.25% of Permutation test rounds,  94.74% of Permutation tests (Core 1/15, passed_count 18)
  8.26% of Permutation test rounds,  94.74% of Permutation tests (Core 4/15, passed_count 18)
  8.27% of Permutation test rounds,  94.74% of Permutation tests (Core 2/15, passed_count 18)
  8.28% of Permutation test rounds,  94.74% of Permutation tests (Core 2/15, passed_count 18)
  8.29% of Permutation test rounds,  94.74% of Permutation tests (Core 2/15, passed_count 18)
  8.30% of Permutation test rounds,  94.74% of Permutation tests (Core 2/15, passed_count 18)
  8.31% of Permutation test rounds,  94.74% of Permutation tests (Core 2/15, passed_count 18)
  8.32% of Permutation test rounds,  94.74% of Permutation tests (Core 15/15, passed_count 18)
  8.33% of Permutation test rounds,  94.74% of Permutation tests (Core 15/15, passed_count 18)
  8.34% of Permutation test rounds,  94.74% of Permutation tests (Core 3/15, passed_count 18)
  8.35% of Permutation test rounds,  94.74% of Permutation tests (Core 6/15, passed_count 18)
  8.36% of Permutation test rounds,  94.74% of Permutation tests (Core 6/15, passed_count 18)
  8.37% of Permutation test rounds,  94.74% of Permutation tests (Core 5/15, passed_count 18)
  8.38% of Permutation test rounds,  94.74% of Permutation tests (Core 10/15, passed_count 18)
  8.39% of Permutation test rounds,  94.74% of Permutation tests (Core 12/15, passed_count 18)
  8.40% of Permutation test rounds,  94.74% of Permutation tests (Core 11/15, passed_count 18)
  8.41% of Permutation test rounds,  94.74% of Permutation tests (Core 11/15, passed_count 18)
  8.42% of Permutation test rounds,  94.74% of Permutation tests (Core 11/15, passed_count 18)
  8.43% of Permutation test rounds,  94.74% of Permutation tests (Core 0/15, passed_count 18)
  8.44% of Permutation test rounds,  94.74% of Permutation tests (Core 7/15, passed_count 18)
  8.45% of Permutation test rounds,  94.74% of Permutation tests (Core 7/15, passed_count 18)
  8.46% of Permutation test rounds,  94.74% of Permutation tests (Core 7/15, passed_count 18)
  8.47% of Permutation test rounds,  94.74% of Permutation tests (Core 7/15, passed_count 18)
  8.48% of Permutation test rounds,  94.74% of Permutation tests (Core 8/15, passed_count 18)
  8.49% of Permutation test rounds,  94.74% of Permutation tests (Core 15/15, passed_count 18)
  8.50% of Permutation test rounds,  94.74% of Permutation tests (Core 15/15, passed_count 18)
  8.51% of Permutation test rounds,  94.74% of Permutation tests (Core 9/15, passed_count 18)
  8.52% of Permutation test rounds,  94.74% of Permutation tests (Core 9/15, passed_count 18)
  8.53% of Permutation test rounds,  94.74% of Permutation tests (Core 5/15, passed_count 18)
  8.54% of Permutation test rounds,  94.74% of Permutation tests (Core 10/15, passed_count 18)
  8.55% of Permutation test rounds,  94.74% of Permutation tests (Core 10/15, passed_count 18)
  8.56% of Permutation test rounds,  94.74% of Permutation tests (Core 10/15, passed_count 18)
  8.57% of Permutation test rounds,  94.74% of Permutation tests (Core 10/15, passed_count 18)
  8.58% of Permutation test rounds,  94.74% of Permutation tests (Core 11/15, passed_count 18)
  8.59% of Permutation test rounds,  94.74% of Permutation tests (Core 0/15, passed_count 18)
  8.60% of Permutation test rounds,  94.74% of Permutation tests (Core 14/15, passed_count 18)
  8.61% of Permutation test rounds,  94.74% of Permutation tests (Core 13/15, passed_count 18)
  8.62% of Permutation test rounds,  94.74% of Permutation tests (Core 13/15, passed_count 18)
  8.63% of Permutation test rounds,  94.74% of Permutation tests (Core 13/15, passed_count 18)
  8.64% of Permutation test rounds,  94.74% of Permutation tests (Core 8/15, passed_count 18)
  8.65% of Permutation test rounds,  94.74% of Permutation tests (Core 3/15, passed_count 18)
  8.66% of Permutation test rounds,  94.74% of Permutation tests (Core 15/15, passed_count 18)
  8.67% of Permutation test rounds,  94.74% of Permutation tests (Core 6/15, passed_count 18)
  8.68% of Permutation test rounds,  94.74% of Permutation tests (Core 9/15, passed_count 18)
  8.69% of Permutation test rounds,  94.74% of Permutation tests (Core 9/15, passed_count 18)
  8.70% of Permutation test rounds,  94.74% of Permutation tests (Core 9/15, passed_count 18)
  8.71% of Permutation test rounds,  94.74% of Permutation tests (Core 9/15, passed_count 18)
  8.72% of Permutation test rounds,  94.74% of Permutation tests (Core 9/15, passed_count 18)
  8.73% of Permutation test rounds,  94.74% of Permutation tests (Core 9/15, passed_count 18)
  8.74% of Permutation test rounds,  94.74% of Permutation tests (Core 9/15, passed_count 18)
  8.75% of Permutation test rounds,  94.74% of Permutation tests (Core 9/15, passed_count 18)
  8.76% of Permutation test rounds,  94.74% of Permutation tests (Core 9/15, passed_count 18)
  8.77% of Permutation test rounds,  94.74% of Permutation tests (Core 2/15, passed_count 18)
  8.78% of Permutation test rounds,  94.74% of Permutation tests (Core 2/15, passed_count 18)
  8.79% of Permutation test rounds,  94.74% of Permutation tests (Core 2/15, passed_count 18)
  8.80% of Permutation test rounds,  94.74% of Permutation tests (Core 2/15, passed_count 18)
  8.81% of Permutation test rounds,  94.74% of Permutation tests (Core 3/15, passed_count 18)
  8.82% of Permutation test rounds,  94.74% of Permutation tests (Core 3/15, passed_count 18)
  8.83% of Permutation test rounds,  94.74% of Permutation tests (Core 3/15, passed_count 18)
  8.84% of Permutation test rounds,  94.74% of Permutation tests (Core 5/15, passed_count 18)
  8.85% of Permutation test rounds,  94.74% of Permutation tests (Core 12/15, passed_count 18)
  8.86% of Permutation test rounds,  94.74% of Permutation tests (Core 1/15, passed_count 18)
  8.87% of Permutation test rounds,  94.74% of Permutation tests (Core 4/15, passed_count 18)
  8.88% of Permutation test rounds,  94.74% of Permutation tests (Core 10/15, passed_count 18)
  8.89% of Permutation test rounds,  94.74% of Permutation tests (Core 11/15, passed_count 18)
  8.90% of Permutation test rounds,  94.74% of Permutation tests (Core 0/15, passed_count 18)
  8.91% of Permutation test rounds,  94.74% of Permutation tests (Core 14/15, passed_count 18)
  8.92% of Permutation test rounds,  94.74% of Permutation tests (Core 9/15, passed_count 18)
  8.93% of Permutation test rounds,  94.74% of Permutation tests (Core 7/15, passed_count 18)
  8.94% of Permutation test rounds,  94.74% of Permutation tests (Core 13/15, passed_count 18)
  8.95% of Permutation test rounds,  94.74% of Permutation tests (Core 8/15, passed_count 18)
  8.96% of Permutation test rounds,  94.74% of Permutation tests (Core 2/15, passed_count 18)
  8.97% of Permutation test rounds,  94.74% of Permutation tests (Core 15/15, passed_count 18)
  8.98% of Permutation test rounds,  94.74% of Permutation tests (Core 15/15, passed_count 18)
  8.99% of Permutation test rounds,  94.74% of Permutation tests (Core 15/15, passed_count 18)
  9.00% of Permutation test rounds,  94.74% of Permutation tests (Core 15/15, passed_count 18)
  9.01% of Permutation test rounds,  94.74% of Permutation tests (Core 12/15, passed_count 18)
  9.02% of Permutation test rounds,  94.74% of Permutation tests (Core 1/15, passed_count 18)
  9.03% of Permutation test rounds,  94.74% of Permutation tests (Core 1/15, passed_count 18)
  9.04% of Permutation test rounds,  94.74% of Permutation tests (Core 10/15, passed_count 18)
  9.05% of Permutation test rounds,  94.74% of Permutation tests (Core 11/15, passed_count 18)
  9.06% of Permutation test rounds,  94.74% of Permutation tests (Core 0/15, passed_count 18)
  9.07% of Permutation test rounds,  94.74% of Permutation tests (Core 14/15, passed_count 18)
  9.08% of Permutation test rounds,  94.74% of Permutation tests (Core 9/15, passed_count 18)
  9.09% of Permutation test rounds,  94.74% of Permutation tests (Core 9/15, passed_count 18)
  9.10% of Permutation test rounds,  94.74% of Permutation tests (Core 9/15, passed_count 18)
  9.11% of Permutation test rounds,  94.74% of Permutation tests (Core 8/15, passed_count 18)
  9.12% of Permutation test rounds,  94.74% of Permutation tests (Core 2/15, passed_count 18)
  9.13% of Permutation test rounds,  94.74% of Permutation tests (Core 2/15, passed_count 18)
  9.14% of Permutation test rounds,  94.74% of Permutation tests (Core 2/15, passed_count 18)
  9.15% of Permutation test rounds,  94.74% of Permutation tests (Core 2/15, passed_count 18)
  9.16% of Permutation test rounds,  94.74% of Permutation tests (Core 15/15, passed_count 18)
  9.17% of Permutation test rounds,  94.74% of Permutation tests (Core 12/15, passed_count 18)
  9.18% of Permutation test rounds,  94.74% of Permutation tests (Core 4/15, passed_count 18)
  9.19% of Permutation test rounds,  94.74% of Permutation tests (Core 1/15, passed_count 18)
  9.20% of Permutation test rounds,  94.74% of Permutation tests (Core 1/15, passed_count 18)
  9.21% of Permutation test rounds,  94.74% of Permutation tests (Core 11/15, passed_count 18)
  9.22% of Permutation test rounds,  94.74% of Permutation tests (Core 0/15, passed_count 18)
  9.23% of Permutation test rounds,  94.74% of Permutation tests (Core 0/15, passed_count 18)
  9.24% of Permutation test rounds,  94.74% of Permutation tests (Core 7/15, passed_count 18)
  9.25% of Permutation test rounds,  94.74% of Permutation tests (Core 7/15, passed_count 18)
  9.26% of Permutation test rounds,  94.74% of Permutation tests (Core 9/15, passed_count 18)
  9.27% of Permutation test rounds,  94.74% of Permutation tests (Core 8/15, passed_count 18)
  9.28% of Permutation test rounds,  94.74% of Permutation tests (Core 6/15, passed_count 18)
  9.29% of Permutation test rounds,  94.74% of Permutation tests (Core 3/15, passed_count 18)
  9.30% of Permutation test rounds,  94.74% of Permutation tests (Core 5/15, passed_count 18)
  9.31% of Permutation test rounds,  94.74% of Permutation tests (Core 2/15, passed_count 18)
  9.32% of Permutation test rounds,  94.74% of Permutation tests (Core 2/15, passed_count 18)
  9.33% of Permutation test rounds,  94.74% of Permutation tests (Core 2/15, passed_count 18)
  9.34% of Permutation test rounds,  94.74% of Permutation tests (Core 4/15, passed_count 18)
  9.35% of Permutation test rounds,  94.74% of Permutation tests (Core 4/15, passed_count 18)
  9.36% of Permutation test rounds,  94.74% of Permutation tests (Core 1/15, passed_count 18)
  9.37% of Permutation test rounds,  94.74% of Permutation tests (Core 11/15, passed_count 18)
  9.38% of Permutation test rounds,  94.74% of Permutation tests (Core 11/15, passed_count 18)
  9.39% of Permutation test rounds,  94.74% of Permutation tests (Core 0/15, passed_count 18)
  9.40% of Permutation test rounds,  94.74% of Permutation tests (Core 0/15, passed_count 18)
  9.41% of Permutation test rounds,  94.74% of Permutation tests (Core 7/15, passed_count 18)
  9.42% of Permutation test rounds,  94.74% of Permutation tests (Core 9/15, passed_count 18)
  9.43% of Permutation test rounds,  94.74% of Permutation tests (Core 9/15, passed_count 18)
  9.44% of Permutation test rounds,  94.74% of Permutation tests (Core 9/15, passed_count 18)
  9.45% of Permutation test rounds,  94.74% of Permutation tests (Core 3/15, passed_count 18)
  9.46% of Permutation test rounds,  94.74% of Permutation tests (Core 5/15, passed_count 18)
  9.47% of Permutation test rounds,  94.74% of Permutation tests (Core 5/15, passed_count 18)
  9.48% of Permutation test rounds,  94.74% of Permutation tests (Core 5/15, passed_count 18)
  9.49% of Permutation test rounds,  94.74% of Permutation tests (Core 2/15, passed_count 18)
  9.50% of Permutation test rounds,  94.74% of Permutation tests (Core 10/15, passed_count 18)
  9.51% of Permutation test rounds,  94.74% of Permutation tests (Core 4/15, passed_count 18)
  9.52% of Permutation test rounds,  94.74% of Permutation tests (Core 4/15, passed_count 18)
  9.53% of Permutation test rounds,  94.74% of Permutation tests (Core 4/15, passed_count 18)
  9.54% of Permutation test rounds,  94.74% of Permutation tests (Core 4/15, passed_count 18)
  9.55% of Permutation test rounds,  94.74% of Permutation tests (Core 4/15, passed_count 18)
  9.56% of Permutation test rounds,  94.74% of Permutation tests (Core 0/15, passed_count 18)
  9.57% of Permutation test rounds,  94.74% of Permutation tests (Core 7/15, passed_count 18)
  9.58% of Permutation test rounds,  94.74% of Permutation tests (Core 8/15, passed_count 18)
  9.59% of Permutation test rounds,  94.74% of Permutation tests (Core 8/15, passed_count 18)
  9.60% of Permutation test rounds,  94.74% of Permutation tests (Core 8/15, passed_count 18)
  9.61% of Permutation test rounds,  94.74% of Permutation tests (Core 8/15, passed_count 18)
  9.62% of Permutation test rounds,  94.74% of Permutation tests (Core 15/15, passed_count 18)
  9.63% of Permutation test rounds,  94.74% of Permutation tests (Core 12/15, passed_count 18)
  9.64% of Permutation test rounds,  94.74% of Permutation tests (Core 5/15, passed_count 18)
  9.65% of Permutation test rounds,  94.74% of Permutation tests (Core 2/15, passed_count 18)
  9.66% of Permutation test rounds,  94.74% of Permutation tests (Core 2/15, passed_count 18)
  9.67% of Permutation test rounds,  94.74% of Permutation tests (Core 2/15, passed_count 18)
  9.68% of Permutation test rounds,  94.74% of Permutation tests (Core 2/15, passed_count 18)
  9.69% of Permutation test rounds,  94.74% of Permutation tests (Core 11/15, passed_count 18)
  9.70% of Permutation test rounds,  94.74% of Permutation tests (Core 13/15, passed_count 18)
  9.71% of Permutation test rounds,  94.74% of Permutation tests (Core 13/15, passed_count 18)
  9.72% of Permutation test rounds,  94.74% of Permutation tests (Core 13/15, passed_count 18)
  9.73% of Permutation test rounds,  94.74% of Permutation tests (Core 13/15, passed_count 18)
  9.74% of Permutation test rounds,  94.74% of Permutation tests (Core 13/15, passed_count 18)
  9.75% of Permutation test rounds,  94.74% of Permutation tests (Core 9/15, passed_count 18)
  9.76% of Permutation test rounds,  94.74% of Permutation tests (Core 9/15, passed_count 18)
  9.77% of Permutation test rounds,  94.74% of Permutation tests (Core 9/15, passed_count 18)
  9.78% of Permutation test rounds,  94.74% of Permutation tests (Core 9/15, passed_count 18)
  9.79% of Permutation test rounds,  94.74% of Permutation tests (Core 9/15, passed_count 18)
  9.80% of Permutation test rounds,  94.74% of Permutation tests (Core 9/15, passed_count 18)
  9.81% of Permutation test rounds,  94.74% of Permutation tests (Core 9/15, passed_count 18)
  9.82% of Permutation test rounds,  94.74% of Permutation tests (Core 1/15, passed_count 18)
  9.83% of Permutation test rounds,  94.74% of Permutation tests (Core 1/15, passed_count 18)
  9.84% of Permutation test rounds,  94.74% of Permutation tests (Core 1/15, passed_count 18)
  9.85% of Permutation test rounds,  94.74% of Permutation tests (Core 11/15, passed_count 18)
  9.86% of Permutation test rounds,  94.74% of Permutation tests (Core 11/15, passed_count 18)
  9.87% of Permutation test rounds,  94.74% of Permutation tests (Core 11/15, passed_count 18)
  9.88% of Permutation test rounds,  94.74% of Permutation tests (Core 11/15, passed_count 18)
  9.89% of Permutation test rounds,  94.74% of Permutation tests (Core 11/15, passed_count 18)
  9.90% of Permutation test rounds,  94.74% of Permutation tests (Core 11/15, passed_count 18)
  9.91% of Permutation test rounds,  94.74% of Permutation tests (Core 11/15, passed_count 18)
  9.92% of Permutation test rounds,  94.74% of Permutation tests (Core 11/15, passed_count 18)
  9.93% of Permutation test rounds,  94.74% of Permutation tests (Core 15/15, passed_count 18)
  9.94% of Permutation test rounds,  94.74% of Permutation tests (Core 12/15, passed_count 18)
  9.95% of Permutation test rounds,  94.74% of Permutation tests (Core 5/15, passed_count 18)
  9.96% of Permutation test rounds,  94.74% of Permutation tests (Core 10/15, passed_count 18)
  9.97% of Permutation test rounds,  94.74% of Permutation tests (Core 9/15, passed_count 18)
  9.98% of Permutation test rounds,  94.74% of Permutation tests (Core 14/15, passed_count 18)
  9.99% of Permutation test rounds,  94.74% of Permutation tests (Core 2/15, passed_count 18)
 10.00% of Permutation test rounds,  94.74% of Permutation tests (Core 1/15, passed_count 18)
 10.01% of Permutation test rounds,  94.74% of Permutation tests (Core 1/15, passed_count 18)
 10.02% of Permutation test rounds,  94.74% of Permutation tests (Core 1/15, passed_count 18)
 10.03% of Permutation test rounds,  94.74% of Permutation tests (Core 1/15, passed_count 18)
 10.04% of Permutation test rounds,  94.74% of Permutation tests (Core 1/15, passed_count 18)
 10.05% of Permutation test rounds,  94.74% of Permutation tests (Core 13/15, passed_count 18)
 10.06% of Permutation test rounds,  94.74% of Permutation tests (Core 3/15, passed_count 18)
 10.07% of Permutation test rounds,  94.74% of Permutation tests (Core 8/15, passed_count 18)
 10.08% of Permutation test rounds,  94.74% of Permutation tests (Core 11/15, passed_count 18)
 10.09% of Permutation test rounds,  94.74% of Permutation tests (Core 15/15, passed_count 18)
 10.10% of Permutation test rounds,  94.74% of Permutation tests (Core 12/15, passed_count 18)
 10.11% of Permutation test rounds,  94.74% of Permutation tests (Core 5/15, passed_count 18)
 10.12% of Permutation test rounds,  94.74% of Permutation tests (Core 10/15, passed_count 18)
 10.13% of Permutation test rounds,  94.74% of Permutation tests (Core 9/15, passed_count 18)
 10.14% of Permutation test rounds,  94.74% of Permutation tests (Core 14/15, passed_count 18)
 10.15% of Permutation test rounds,  94.74% of Permutation tests (Core 2/15, passed_count 18)
 10.16% of Permutation test rounds,  94.74% of Permutation tests (Core 4/15, passed_count 18)
 10.17% of Permutation test rounds,  94.74% of Permutation tests (Core 0/15, passed_count 18)
 10.18% of Permutation test rounds,  94.74% of Permutation tests (Core 7/15, passed_count 18)
 10.19% of Permutation test rounds,  94.74% of Permutation tests (Core 6/15, passed_count 18)
 10.20% of Permutation test rounds,  94.74% of Permutation tests (Core 1/15, passed_count 18)
 10.21% of Permutation test rounds,  94.74% of Permutation tests (Core 13/15, passed_count 18)
 10.22% of Permutation test rounds,  94.74% of Permutation tests (Core 3/15, passed_count 18)
 10.23% of Permutation test rounds,  94.74% of Permutation tests (Core 8/15, passed_count 18)
 10.24% of Permutation test rounds,  94.74% of Permutation tests (Core 11/15, passed_count 18)
 10.25% of Permutation test rounds,  94.74% of Permutation tests (Core 15/15, passed_count 18)
 10.26% of Permutation test rounds,  94.74% of Permutation tests (Core 12/15, passed_count 18)
 10.27% of Permutation test rounds,  94.74% of Permutation tests (Core 5/15, passed_count 18)
 10.28% of Permutation test rounds,  94.74% of Permutation tests (Core 10/15, passed_count 18)
 10.29% of Permutation test rounds,  94.74% of Permutation tests (Core 9/15, passed_count 18)
 10.30% of Permutation test rounds,  94.74% of Permutation tests (Core 14/15, passed_count 18)
 10.31% of Permutation test rounds,  94.74% of Permutation tests (Core 2/15, passed_count 18)
 10.32% of Permutation test rounds,  94.74% of Permutation tests (Core 4/15, passed_count 18)
 10.33% of Permutation test rounds,  94.74% of Permutation tests (Core 0/15, passed_count 18)
 10.34% of Permutation test rounds,  94.74% of Permutation tests (Core 7/15, passed_count 18)
 10.35% of Permutation test rounds,  94.74% of Permutation tests (Core 6/15, passed_count 18)
 10.36% of Permutation test rounds,  94.74% of Permutation tests (Core 1/15, passed_count 18)
 10.37% of Permutation test rounds,  94.74% of Permutation tests (Core 13/15, passed_count 18)
 10.38% of Permutation test rounds,  94.74% of Permutation tests (Core 13/15, passed_count 18)
 10.39% of Permutation test rounds,  94.74% of Permutation tests (Core 13/15, passed_count 18)
 10.40% of Permutation test rounds,  94.74% of Permutation tests (Core 11/15, passed_count 18)
 10.41% of Permutation test rounds,  94.74% of Permutation tests (Core 11/15, passed_count 18)
 10.42% of Permutation test rounds,  94.74% of Permutation tests (Core 12/15, passed_count 18)
 10.43% of Permutation test rounds,  94.74% of Permutation tests (Core 5/15, passed_count 18)
 10.44% of Permutation test rounds,  94.74% of Permutation tests (Core 10/15, passed_count 18)
 10.45% of Permutation test rounds,  94.74% of Permutation tests (Core 9/15, passed_count 18)
 10.46% of Permutation test rounds,  94.74% of Permutation tests (Core 14/15, passed_count 18)
 10.47% of Permutation test rounds,  94.74% of Permutation tests (Core 2/15, passed_count 18)
 10.48% of Permutation test rounds,  94.74% of Permutation tests (Core 4/15, passed_count 18)
 10.49% of Permutation test rounds,  94.74% of Permutation tests (Core 0/15, passed_count 18)
 10.50% of Permutation test rounds,  94.74% of Permutation tests (Core 7/15, passed_count 18)
 10.51% of Permutation test rounds,  94.74% of Permutation tests (Core 6/15, passed_count 18)
 10.52% of Permutation test rounds,  94.74% of Permutation tests (Core 1/15, passed_count 18)
 10.53% of Permutation test rounds,  94.74% of Permutation tests (Core 3/15, passed_count 18)
 10.54% of Permutation test rounds,  94.74% of Permutation tests (Core 8/15, passed_count 18)
 10.55% of Permutation test rounds,  94.74% of Permutation tests (Core 13/15, passed_count 18)
 10.56% of Permutation test rounds,  94.74% of Permutation tests (Core 15/15, passed_count 18)
 10.57% of Permutation test rounds,  94.74% of Permutation tests (Core 11/15, passed_count 18)
 10.58% of Permutation test rounds,  94.74% of Permutation tests (Core 12/15, passed_count 18)
 10.59% of Permutation test rounds,  94.74% of Permutation tests (Core 5/15, passed_count 18)
 10.60% of Permutation test rounds,  94.74% of Permutation tests (Core 10/15, passed_count 18)
 10.61% of Permutation test rounds,  94.74% of Permutation tests (Core 9/15, passed_count 18)
 10.62% of Permutation test rounds,  94.74% of Permutation tests (Core 14/15, passed_count 18)
 10.63% of Permutation test rounds,  94.74% of Permutation tests (Core 2/15, passed_count 18)
 10.64% of Permutation test rounds,  94.74% of Permutation tests (Core 4/15, passed_count 18)
 10.65% of Permutation test rounds,  94.74% of Permutation tests (Core 0/15, passed_count 18)
 10.66% of Permutation test rounds,  94.74% of Permutation tests (Core 7/15, passed_count 18)
 10.67% of Permutation test rounds,  94.74% of Permutation tests (Core 6/15, passed_count 18)
 10.68% of Permutation test rounds,  94.74% of Permutation tests (Core 1/15, passed_count 18)
 10.69% of Permutation test rounds,  94.74% of Permutation tests (Core 3/15, passed_count 18)
 10.70% of Permutation test rounds,  94.74% of Permutation tests (Core 8/15, passed_count 18)
 10.71% of Permutation test rounds,  94.74% of Permutation tests (Core 13/15, passed_count 18)
 10.72% of Permutation test rounds,  94.74% of Permutation tests (Core 15/15, passed_count 18)
 10.73% of Permutation test rounds,  94.74% of Permutation tests (Core 11/15, passed_count 18)
 10.74% of Permutation test rounds,  94.74% of Permutation tests (Core 12/15, passed_count 18)
 10.75% of Permutation test rounds,  94.74% of Permutation tests (Core 5/15, passed_count 18)
 10.76% of Permutation test rounds,  94.74% of Permutation tests (Core 10/15, passed_count 18)
 10.77% of Permutation test rounds,  94.74% of Permutation tests (Core 9/15, passed_count 18)
 10.78% of Permutation test rounds,  94.74% of Permutation tests (Core 14/15, passed_count 18)
 10.79% of Permutation test rounds,  94.74% of Permutation tests (Core 2/15, passed_count 18)
 10.80% of Permutation test rounds,  94.74% of Permutation tests (Core 4/15, passed_count 18)
 10.81% of Permutation test rounds,  94.74% of Permutation tests (Core 0/15, passed_count 18)
 10.82% of Permutation test rounds,  94.74% of Permutation tests (Core 7/15, passed_count 18)
 10.83% of Permutation test rounds,  94.74% of Permutation tests (Core 6/15, passed_count 18)
 10.84% of Permutation test rounds,  94.74% of Permutation tests (Core 1/15, passed_count 18)
 10.85% of Permutation test rounds,  94.74% of Permutation tests (Core 3/15, passed_count 18)
 10.86% of Permutation test rounds,  94.74% of Permutation tests (Core 8/15, passed_count 18)
 10.87% of Permutation test rounds,  94.74% of Permutation tests (Core 13/15, passed_count 18)
 10.88% of Permutation test rounds,  94.74% of Permutation tests (Core 13/15, passed_count 18)
 10.89% of Permutation test rounds,  94.74% of Permutation tests (Core 11/15, passed_count 18)
 10.90% of Permutation test rounds,  94.74% of Permutation tests (Core 12/15, passed_count 18)
 10.91% of Permutation test rounds,  94.74% of Permutation tests (Core 5/15, passed_count 18)
 10.92% of Permutation test rounds,  94.74% of Permutation tests (Core 10/15, passed_count 18)
 10.93% of Permutation test rounds,  94.74% of Permutation tests (Core 9/15, passed_count 18)
 10.94% of Permutation test rounds,  94.74% of Permutation tests (Core 14/15, passed_count 18)
 10.95% of Permutation test rounds,  94.74% of Permutation tests (Core 2/15, passed_count 18)
 10.96% of Permutation test rounds,  94.74% of Permutation tests (Core 4/15, passed_count 18)
 10.97% of Permutation test rounds,  94.74% of Permutation tests (Core 0/15, passed_count 18)
 10.98% of Permutation test rounds,  94.74% of Permutation tests (Core 7/15, passed_count 18)
 10.99% of Permutation test rounds,  94.74% of Permutation tests (Core 6/15, passed_count 18)
 11.00% of Permutation test rounds,  94.74% of Permutation tests (Core 1/15, passed_count 18)
 11.01% of Permutation test rounds,  94.74% of Permutation tests (Core 3/15, passed_count 18)
 11.02% of Permutation test rounds,  94.74% of Permutation tests (Core 8/15, passed_count 18)
 11.03% of Permutation test rounds,  94.74% of Permutation tests (Core 15/15, passed_count 18)
 11.04% of Permutation test rounds,  94.74% of Permutation tests (Core 13/15, passed_count 18)
 11.05% of Permutation test rounds,  94.74% of Permutation tests (Core 11/15, passed_count 18)
 11.06% of Permutation test rounds,  94.74% of Permutation tests (Core 12/15, passed_count 18)
 11.07% of Permutation test rounds,  94.74% of Permutation tests (Core 5/15, passed_count 18)
 11.08% of Permutation test rounds,  94.74% of Permutation tests (Core 10/15, passed_count 18)
 11.09% of Permutation test rounds,  94.74% of Permutation tests (Core 9/15, passed_count 18)
 11.10% of Permutation test rounds,  94.74% of Permutation tests (Core 14/15, passed_count 18)
 11.11% of Permutation test rounds,  94.74% of Permutation tests (Core 2/15, passed_count 18)
 11.12% of Permutation test rounds,  94.74% of Permutation tests (Core 4/15, passed_count 18)
 11.13% of Permutation test rounds,  94.74% of Permutation tests (Core 0/15, passed_count 18)
 11.14% of Permutation test rounds,  94.74% of Permutation tests (Core 7/15, passed_count 18)
 11.15% of Permutation test rounds,  94.74% of Permutation tests (Core 6/15, passed_count 18)
 11.16% of Permutation test rounds,  94.74% of Permutation tests (Core 6/15, passed_count 18)
 11.17% of Permutation test rounds,  94.74% of Permutation tests (Core 3/15, passed_count 18)
 11.18% of Permutation test rounds,  94.74% of Permutation tests (Core 8/15, passed_count 18)
 11.19% of Permutation test rounds,  94.74% of Permutation tests (Core 15/15, passed_count 18)
 11.20% of Permutation test rounds,  94.74% of Permutation tests (Core 13/15, passed_count 18)
 11.21% of Permutation test rounds,  94.74% of Permutation tests (Core 11/15, passed_count 18)
 11.22% of Permutation test rounds,  94.74% of Permutation tests (Core 12/15, passed_count 18)
 11.23% of Permutation test rounds,  94.74% of Permutation tests (Core 5/15, passed_count 18)
 11.24% of Permutation test rounds,  94.74% of Permutation tests (Core 10/15, passed_count 18)
 11.25% of Permutation test rounds,  94.74% of Permutation tests (Core 9/15, passed_count 18)
 11.26% of Permutation test rounds,  94.74% of Permutation tests (Core 14/15, passed_count 18)
 11.27% of Permutation test rounds,  94.74% of Permutation tests (Core 2/15, passed_count 18)
 11.28% of Permutation test rounds,  94.74% of Permutation tests (Core 4/15, passed_count 18)
 11.29% of Permutation test rounds,  94.74% of Permutation tests (Core 0/15, passed_count 18)
 11.30% of Permutation test rounds,  94.74% of Permutation tests (Core 7/15, passed_count 18)
 11.31% of Permutation test rounds,  94.74% of Permutation tests (Core 1/15, passed_count 18)
 11.32% of Permutation test rounds,  94.74% of Permutation tests (Core 6/15, passed_count 18)
 11.33% of Permutation test rounds,  94.74% of Permutation tests (Core 3/15, passed_count 18)
 11.34% of Permutation test rounds,  94.74% of Permutation tests (Core 8/15, passed_count 18)
 11.35% of Permutation test rounds,  94.74% of Permutation tests (Core 15/15, passed_count 18)
 11.36% of Permutation test rounds,  94.74% of Permutation tests (Core 13/15, passed_count 18)
 11.37% of Permutation test rounds,  94.74% of Permutation tests (Core 11/15, passed_count 18)
 11.38% of Permutation test rounds,  94.74% of Permutation tests (Core 12/15, passed_count 18)
 11.39% of Permutation test rounds,  94.74% of Permutation tests (Core 5/15, passed_count 18)
 11.40% of Permutation test rounds,  94.74% of Permutation tests (Core 10/15, passed_count 18)
 11.41% of Permutation test rounds,  94.74% of Permutation tests (Core 9/15, passed_count 18)
 11.42% of Permutation test rounds,  94.74% of Permutation tests (Core 14/15, passed_count 18)
 11.43% of Permutation test rounds,  94.74% of Permutation tests (Core 2/15, passed_count 18)
 11.44% of Permutation test rounds,  94.74% of Permutation tests (Core 4/15, passed_count 18)
 11.45% of Permutation test rounds,  94.74% of Permutation tests (Core 0/15, passed_count 18)
 11.46% of Permutation test rounds,  94.74% of Permutation tests (Core 7/15, passed_count 18)
 11.47% of Permutation test rounds,  94.74% of Permutation tests (Core 1/15, passed_count 18)
 11.48% of Permutation test rounds,  94.74% of Permutation tests (Core 6/15, passed_count 18)
 11.49% of Permutation test rounds,  94.74% of Permutation tests (Core 3/15, passed_count 18)
 11.50% of Permutation test rounds,  94.74% of Permutation tests (Core 8/15, passed_count 18)
 11.51% of Permutation test rounds,  94.74% of Permutation tests (Core 15/15, passed_count 18)
 11.52% of Permutation test rounds,  94.74% of Permutation tests (Core 13/15, passed_count 18)
 11.53% of Permutation test rounds,  94.74% of Permutation tests (Core 11/15, passed_count 18)
 11.54% of Permutation test rounds,  94.74% of Permutation tests (Core 12/15, passed_count 18)
 11.55% of Permutation test rounds,  94.74% of Permutation tests (Core 5/15, passed_count 18)
 11.56% of Permutation test rounds,  94.74% of Permutation tests (Core 10/15, passed_count 18)
 11.57% of Permutation test rounds,  94.74% of Permutation tests (Core 9/15, passed_count 18)
 11.58% of Permutation test rounds,  94.74% of Permutation tests (Core 14/15, passed_count 18)
 11.59% of Permutation test rounds,  94.74% of Permutation tests (Core 2/15, passed_count 18)
 11.60% of Permutation test rounds,  94.74% of Permutation tests (Core 4/15, passed_count 18)
 11.61% of Permutation test rounds,  94.74% of Permutation tests (Core 0/15, passed_count 18)
 11.62% of Permutation test rounds,  94.74% of Permutation tests (Core 7/15, passed_count 18)
 11.63% of Permutation test rounds,  94.74% of Permutation tests (Core 1/15, passed_count 18)
 11.64% of Permutation test rounds,  94.74% of Permutation tests (Core 6/15, passed_count 18)
 11.65% of Permutation test rounds,  94.74% of Permutation tests (Core 3/15, passed_count 18)
 11.66% of Permutation test rounds,  94.74% of Permutation tests (Core 8/15, passed_count 18)
 11.67% of Permutation test rounds,  94.74% of Permutation tests (Core 15/15, passed_count 18)
 11.68% of Permutation test rounds,  94.74% of Permutation tests (Core 13/15, passed_count 18)
 11.69% of Permutation test rounds,  94.74% of Permutation tests (Core 11/15, passed_count 18)
 11.70% of Permutation test rounds,  94.74% of Permutation tests (Core 12/15, passed_count 18)
 11.71% of Permutation test rounds,  94.74% of Permutation tests (Core 5/15, passed_count 18)
 11.72% of Permutation test rounds,  94.74% of Permutation tests (Core 10/15, passed_count 18)
 11.73% of Permutation test rounds,  94.74% of Permutation tests (Core 9/15, passed_count 18)
 11.74% of Permutation test rounds,  94.74% of Permutation tests (Core 14/15, passed_count 18)
 11.75% of Permutation test rounds,  94.74% of Permutation tests (Core 2/15, passed_count 18)
 11.76% of Permutation test rounds,  94.74% of Permutation tests (Core 4/15, passed_count 18)
 11.77% of Permutation test rounds,  94.74% of Permutation tests (Core 0/15, passed_count 18)
 11.78% of Permutation test rounds,  94.74% of Permutation tests (Core 0/15, passed_count 18)
 11.79% of Permutation test rounds,  94.74% of Permutation tests (Core 1/15, passed_count 18)
 11.80% of Permutation test rounds,  94.74% of Permutation tests (Core 6/15, passed_count 18)
 11.81% of Permutation test rounds,  94.74% of Permutation tests (Core 3/15, passed_count 18)
 11.82% of Permutation test rounds,  94.74% of Permutation tests (Core 8/15, passed_count 18)
 11.83% of Permutation test rounds,  94.74% of Permutation tests (Core 15/15, passed_count 18)
 11.84% of Permutation test rounds,  94.74% of Permutation tests (Core 13/15, passed_count 18)
 11.85% of Permutation test rounds,  94.74% of Permutation tests (Core 13/15, passed_count 18)
 11.86% of Permutation test rounds,  94.74% of Permutation tests (Core 13/15, passed_count 18)
 11.87% of Permutation test rounds,  94.74% of Permutation tests (Core 13/15, passed_count 18)
 11.88% of Permutation test rounds,  94.74% of Permutation tests (Core 10/15, passed_count 18)
 11.89% of Permutation test rounds,  94.74% of Permutation tests (Core 10/15, passed_count 18)
 11.90% of Permutation test rounds,  94.74% of Permutation tests (Core 10/15, passed_count 18)
 11.91% of Permutation test rounds,  94.74% of Permutation tests (Core 10/15, passed_count 18)
 11.92% of Permutation test rounds,  94.74% of Permutation tests (Core 4/15, passed_count 18)
 11.93% of Permutation test rounds,  94.74% of Permutation tests (Core 4/15, passed_count 18)
 11.94% of Permutation test rounds,  94.74% of Permutation tests (Core 0/15, passed_count 18)
 11.95% of Permutation test rounds,  94.74% of Permutation tests (Core 1/15, passed_count 18)
 11.96% of Permutation test rounds,  94.74% of Permutation tests (Core 6/15, passed_count 18)
 11.97% of Permutation test rounds,  94.74% of Permutation tests (Core 3/15, passed_count 18)
 11.98% of Permutation test rounds,  94.74% of Permutation tests (Core 8/15, passed_count 18)
 11.99% of Permutation test rounds,  94.74% of Permutation tests (Core 15/15, passed_count 18)
 12.00% of Permutation test rounds,  94.74% of Permutation tests (Core 11/15, passed_count 18)
 12.01% of Permutation test rounds,  94.74% of Permutation tests (Core 12/15, passed_count 18)
 12.02% of Permutation test rounds,  94.74% of Permutation tests (Core 5/15, passed_count 18)
 12.03% of Permutation test rounds,  94.74% of Permutation tests (Core 13/15, passed_count 18)
 12.04% of Permutation test rounds,  94.74% of Permutation tests (Core 9/15, passed_count 18)
 12.05% of Permutation test rounds,  94.74% of Permutation tests (Core 14/15, passed_count 18)
 12.06% of Permutation test rounds,  94.74% of Permutation tests (Core 2/15, passed_count 18)
 12.07% of Permutation test rounds,  94.74% of Permutation tests (Core 10/15, passed_count 18)
 12.08% of Permutation test rounds,  94.74% of Permutation tests (Core 10/15, passed_count 18)
 12.09% of Permutation test rounds,  94.74% of Permutation tests (Core 10/15, passed_count 18)
 12.10% of Permutation test rounds,  94.74% of Permutation tests (Core 0/15, passed_count 18)
 12.11% of Permutation test rounds,  94.74% of Permutation tests (Core 1/15, passed_count 18)
 12.12% of Permutation test rounds,  94.74% of Permutation tests (Core 6/15, passed_count 18)
 12.13% of Permutation test rounds,  94.74% of Permutation tests (Core 3/15, passed_count 18)
 12.14% of Permutation test rounds,  94.74% of Permutation tests (Core 8/15, passed_count 18)
 12.15% of Permutation test rounds,  94.74% of Permutation tests (Core 15/15, passed_count 18)
 12.16% of Permutation test rounds,  94.74% of Permutation tests (Core 11/15, passed_count 18)
 12.17% of Permutation test rounds,  94.74% of Permutation tests (Core 12/15, passed_count 18)
 12.18% of Permutation test rounds,  94.74% of Permutation tests (Core 5/15, passed_count 18)
 12.19% of Permutation test rounds,  94.74% of Permutation tests (Core 13/15, passed_count 18)
 12.20% of Permutation test rounds,  94.74% of Permutation tests (Core 9/15, passed_count 18)
 12.21% of Permutation test rounds,  94.74% of Permutation tests (Core 14/15, passed_count 18)
 12.22% of Permutation test rounds,  94.74% of Permutation tests (Core 2/15, passed_count 18)
 12.23% of Permutation test rounds,  94.74% of Permutation tests (Core 7/15, passed_count 18)
 12.24% of Permutation test rounds,  94.74% of Permutation tests (Core 4/15, passed_count 18)
 12.25% of Permutation test rounds,  94.74% of Permutation tests (Core 10/15, passed_count 18)
 12.26% of Permutation test rounds,  94.74% of Permutation tests (Core 0/15, passed_count 18)
 12.27% of Permutation test rounds,  94.74% of Permutation tests (Core 1/15, passed_count 18)
 12.28% of Permutation test rounds,  94.74% of Permutation tests (Core 6/15, passed_count 18)
 12.29% of Permutation test rounds,  94.74% of Permutation tests (Core 3/15, passed_count 18)
 12.30% of Permutation test rounds,  94.74% of Permutation tests (Core 8/15, passed_count 18)
 12.31% of Permutation test rounds,  94.74% of Permutation tests (Core 15/15, passed_count 18)
 12.32% of Permutation test rounds,  94.74% of Permutation tests (Core 11/15, passed_count 18)
 12.33% of Permutation test rounds,  94.74% of Permutation tests (Core 12/15, passed_count 18)
 12.34% of Permutation test rounds,  94.74% of Permutation tests (Core 5/15, passed_count 18)
 12.35% of Permutation test rounds,  94.74% of Permutation tests (Core 13/15, passed_count 18)
 12.36% of Permutation test rounds,  94.74% of Permutation tests (Core 9/15, passed_count 18)
 12.37% of Permutation test rounds,  94.74% of Permutation tests (Core 14/15, passed_count 18)
 12.38% of Permutation test rounds,  94.74% of Permutation tests (Core 2/15, passed_count 18)
 12.39% of Permutation test rounds,  94.74% of Permutation tests (Core 7/15, passed_count 18)
 12.40% of Permutation test rounds,  94.74% of Permutation tests (Core 4/15, passed_count 18)
 12.41% of Permutation test rounds,  94.74% of Permutation tests (Core 10/15, passed_count 18)
 12.42% of Permutation test rounds,  94.74% of Permutation tests (Core 0/15, passed_count 18)
 12.43% of Permutation test rounds,  94.74% of Permutation tests (Core 1/15, passed_count 18)
 12.44% of Permutation test rounds,  94.74% of Permutation tests (Core 6/15, passed_count 18)
 12.45% of Permutation test rounds,  94.74% of Permutation tests (Core 3/15, passed_count 18)
 12.46% of Permutation test rounds,  94.74% of Permutation tests (Core 8/15, passed_count 18)
 12.47% of Permutation test rounds,  94.74% of Permutation tests (Core 15/15, passed_count 18)
 12.48% of Permutation test rounds,  94.74% of Permutation tests (Core 11/15, passed_count 18)
 12.49% of Permutation test rounds,  94.74% of Permutation tests (Core 11/15, passed_count 18)
 12.50% of Permutation test rounds,  94.74% of Permutation tests (Core 5/15, passed_count 18)
 12.51% of Permutation test rounds,  94.74% of Permutation tests (Core 5/15, passed_count 18)
 12.52% of Permutation test rounds,  94.74% of Permutation tests (Core 9/15, passed_count 18)
 12.53% of Permutation test rounds,  94.74% of Permutation tests (Core 9/15, passed_count 18)
 12.54% of Permutation test rounds,  94.74% of Permutation tests (Core 2/15, passed_count 18)
 12.55% of Permutation test rounds,  94.74% of Permutation tests (Core 2/15, passed_count 18)
 12.56% of Permutation test rounds,  94.74% of Permutation tests (Core 4/15, passed_count 18)
 12.57% of Permutation test rounds,  94.74% of Permutation tests (Core 10/15, passed_count 18)
 12.58% of Permutation test rounds,  94.74% of Permutation tests (Core 10/15, passed_count 18)
 12.59% of Permutation test rounds,  94.74% of Permutation tests (Core 1/15, passed_count 18)
 12.60% of Permutation test rounds,  94.74% of Permutation tests (Core 1/15, passed_count 18)
 12.61% of Permutation test rounds,  94.74% of Permutation tests (Core 3/15, passed_count 18)
 12.62% of Permutation test rounds,  94.74% of Permutation tests (Core 8/15, passed_count 18)
 12.63% of Permutation test rounds,  94.74% of Permutation tests (Core 15/15, passed_count 18)
 12.64% of Permutation test rounds,  94.74% of Permutation tests (Core 12/15, passed_count 18)
 12.65% of Permutation test rounds,  94.74% of Permutation tests (Core 12/15, passed_count 18)
 12.66% of Permutation test rounds,  94.74% of Permutation tests (Core 12/15, passed_count 18)
 12.67% of Permutation test rounds,  94.74% of Permutation tests (Core 12/15, passed_count 18)
 12.68% of Permutation test rounds,  94.74% of Permutation tests (Core 14/15, passed_count 18)
 12.69% of Permutation test rounds,  94.74% of Permutation tests (Core 9/15, passed_count 18)
 12.70% of Permutation test rounds,  94.74% of Permutation tests (Core 7/15, passed_count 18)
 12.71% of Permutation test rounds,  94.74% of Permutation tests (Core 2/15, passed_count 18)
 12.72% of Permutation test rounds,  94.74% of Permutation tests (Core 4/15, passed_count 18)
 12.73% of Permutation test rounds,  94.74% of Permutation tests (Core 0/15, passed_count 18)
 12.74% of Permutation test rounds,  94.74% of Permutation tests (Core 10/15, passed_count 18)
 12.75% of Permutation test rounds,  94.74% of Permutation tests (Core 10/15, passed_count 18)
 12.76% of Permutation test rounds,  94.74% of Permutation tests (Core 10/15, passed_count 18)
 12.77% of Permutation test rounds,  94.74% of Permutation tests (Core 3/15, passed_count 18)
 12.78% of Permutation test rounds,  94.74% of Permutation tests (Core 3/15, passed_count 18)
 12.79% of Permutation test rounds,  94.74% of Permutation tests (Core 3/15, passed_count 18)
 12.80% of Permutation test rounds,  94.74% of Permutation tests (Core 3/15, passed_count 18)
 12.81% of Permutation test rounds,  94.74% of Permutation tests (Core 3/15, passed_count 18)
 12.82% of Permutation test rounds,  94.74% of Permutation tests (Core 3/15, passed_count 18)
 12.83% of Permutation test rounds,  94.74% of Permutation tests (Core 3/15, passed_count 18)
 12.84% of Permutation test rounds,  94.74% of Permutation tests (Core 3/15, passed_count 18)
 12.85% of Permutation test rounds,  94.74% of Permutation tests (Core 3/15, passed_count 18)
 12.86% of Permutation test rounds,  94.74% of Permutation tests (Core 3/15, passed_count 18)
 12.87% of Permutation test rounds,  94.74% of Permutation tests (Core 3/15, passed_count 18)
 12.88% of Permutation test rounds,  94.74% of Permutation tests (Core 3/15, passed_count 18)
 12.89% of Permutation test rounds,  94.74% of Permutation tests (Core 3/15, passed_count 18)
 12.90% of Permutation test rounds,  94.74% of Permutation tests (Core 3/15, passed_count 18)
 12.91% of Permutation test rounds,  94.74% of Permutation tests (Core 3/15, passed_count 18)
 12.92% of Permutation test rounds,  94.74% of Permutation tests (Core 3/15, passed_count 18)
 12.93% of Permutation test rounds,  94.74% of Permutation tests (Core 8/15, passed_count 18)
 12.94% of Permutation test rounds,  94.74% of Permutation tests (Core 8/15, passed_count 18)
 12.95% of Permutation test rounds,  94.74% of Permutation tests (Core 8/15, passed_count 18)
 12.96% of Permutation test rounds,  94.74% of Permutation tests (Core 13/15, passed_count 18)
 12.97% of Permutation test rounds,  94.74% of Permutation tests (Core 13/15, passed_count 18)
 12.98% of Permutation test rounds,  94.74% of Permutation tests (Core 12/15, passed_count 18)
 12.99% of Permutation test rounds,  94.74% of Permutation tests (Core 12/15, passed_count 18)
 13.00% of Permutation test rounds,  94.74% of Permutation tests (Core 9/15, passed_count 18)
 13.01% of Permutation test rounds,  94.74% of Permutation tests (Core 7/15, passed_count 18)
 13.02% of Permutation test rounds,  94.74% of Permutation tests (Core 2/15, passed_count 18)
 13.03% of Permutation test rounds,  94.74% of Permutation tests (Core 4/15, passed_count 18)
 13.04% of Permutation test rounds,  94.74% of Permutation tests (Core 0/15, passed_count 18)
 13.05% of Permutation test rounds,  94.74% of Permutation tests (Core 6/15, passed_count 18)
 13.06% of Permutation test rounds,  94.74% of Permutation tests (Core 1/15, passed_count 18)
 13.07% of Permutation test rounds,  94.74% of Permutation tests (Core 10/15, passed_count 18)
 13.08% of Permutation test rounds,  94.74% of Permutation tests (Core 10/15, passed_count 18)
 13.09% of Permutation test rounds,  94.74% of Permutation tests (Core 15/15, passed_count 18)
 13.10% of Permutation test rounds,  94.74% of Permutation tests (Core 15/15, passed_count 18)
 13.11% of Permutation test rounds,  94.74% of Permutation tests (Core 8/15, passed_count 18)
 13.12% of Permutation test rounds,  94.74% of Permutation tests (Core 5/15, passed_count 18)
 13.13% of Permutation test rounds,  94.74% of Permutation tests (Core 5/15, passed_count 18)
 13.14% of Permutation test rounds,  94.74% of Permutation tests (Core 5/15, passed_count 18)
 13.15% of Permutation test rounds,  94.74% of Permutation tests (Core 12/15, passed_count 18)
 13.16% of Permutation test rounds,  94.74% of Permutation tests (Core 12/15, passed_count 18)
 13.17% of Permutation test rounds,  94.74% of Permutation tests (Core 12/15, passed_count 18)
 13.18% of Permutation test rounds,  94.74% of Permutation tests (Core 2/15, passed_count 18)
 13.19% of Permutation test rounds,  94.74% of Permutation tests (Core 4/15, passed_count 18)
 13.20% of Permutation test rounds,  94.74% of Permutation tests (Core 0/15, passed_count 18)
 13.21% of Permutation test rounds,  94.74% of Permutation tests (Core 6/15, passed_count 18)
 13.22% of Permutation test rounds,  94.74% of Permutation tests (Core 1/15, passed_count 18)
 13.23% of Permutation test rounds,  94.74% of Permutation tests (Core 3/15, passed_count 18)
 13.24% of Permutation test rounds,  94.74% of Permutation tests (Core 3/15, passed_count 18)
 13.25% of Permutation test rounds,  94.74% of Permutation tests (Core 3/15, passed_count 18)
 13.26% of Permutation test rounds,  94.74% of Permutation tests (Core 15/15, passed_count 18)
 13.27% of Permutation test rounds,  94.74% of Permutation tests (Core 15/15, passed_count 18)
 13.28% of Permutation test rounds,  94.74% of Permutation tests (Core 13/15, passed_count 18)
 13.29% of Permutation test rounds,  94.74% of Permutation tests (Core 14/15, passed_count 18)
 13.30% of Permutation test rounds,  94.74% of Permutation tests (Core 5/15, passed_count 18)
 13.31% of Permutation test rounds,  94.74% of Permutation tests (Core 5/15, passed_count 18)
 13.32% of Permutation test rounds,  94.74% of Permutation tests (Core 7/15, passed_count 18)
 13.33% of Permutation test rounds,  94.74% of Permutation tests (Core 12/15, passed_count 18)
 13.34% of Permutation test rounds,  94.74% of Permutation tests (Core 2/15, passed_count 18)
 13.35% of Permutation test rounds,  94.74% of Permutation tests (Core 4/15, passed_count 18)
 13.36% of Permutation test rounds,  94.74% of Permutation tests (Core 0/15, passed_count 18)
 13.37% of Permutation test rounds,  94.74% of Permutation tests (Core 6/15, passed_count 18)
 13.38% of Permutation test rounds,  94.74% of Permutation tests (Core 1/15, passed_count 18)
 13.39% of Permutation test rounds,  94.74% of Permutation tests (Core 10/15, passed_count 18)
 13.40% of Permutation test rounds,  94.74% of Permutation tests (Core 11/15, passed_count 18)
 13.41% of Permutation test rounds,  94.74% of Permutation tests (Core 3/15, passed_count 18)
 13.42% of Permutation test rounds,  94.74% of Permutation tests (Core 8/15, passed_count 18)
 13.43% of Permutation test rounds,  94.74% of Permutation tests (Core 8/15, passed_count 18)
 13.44% of Permutation test rounds,  94.74% of Permutation tests (Core 13/15, passed_count 18)
 13.45% of Permutation test rounds,  94.74% of Permutation tests (Core 14/15, passed_count 18)
 13.46% of Permutation test rounds,  94.74% of Permutation tests (Core 14/15, passed_count 18)
 13.47% of Permutation test rounds,  94.74% of Permutation tests (Core 5/15, passed_count 18)
 13.48% of Permutation test rounds,  94.74% of Permutation tests (Core 7/15, passed_count 18)
 13.49% of Permutation test rounds,  94.74% of Permutation tests (Core 12/15, passed_count 18)
 13.50% of Permutation test rounds,  94.74% of Permutation tests (Core 12/15, passed_count 18)
 13.51% of Permutation test rounds,  94.74% of Permutation tests (Core 4/15, passed_count 18)
 13.52% of Permutation test rounds,  94.74% of Permutation tests (Core 4/15, passed_count 18)
 13.53% of Permutation test rounds,  94.74% of Permutation tests (Core 4/15, passed_count 18)
 13.54% of Permutation test rounds,  94.74% of Permutation tests (Core 1/15, passed_count 18)
 13.55% of Permutation test rounds,  94.74% of Permutation tests (Core 1/15, passed_count 18)
 13.56% of Permutation test rounds,  94.74% of Permutation tests (Core 1/15, passed_count 18)
 13.57% of Permutation test rounds,  94.74% of Permutation tests (Core 3/15, passed_count 18)
 13.58% of Permutation test rounds,  94.74% of Permutation tests (Core 15/15, passed_count 18)
 13.59% of Permutation test rounds,  94.74% of Permutation tests (Core 8/15, passed_count 18)
 13.60% of Permutation test rounds,  94.74% of Permutation tests (Core 13/15, passed_count 18)
 13.61% of Permutation test rounds,  94.74% of Permutation tests (Core 13/15, passed_count 18)
 13.62% of Permutation test rounds,  94.74% of Permutation tests (Core 13/15, passed_count 18)
 13.63% of Permutation test rounds,  94.74% of Permutation tests (Core 5/15, passed_count 18)
 13.64% of Permutation test rounds,  94.74% of Permutation tests (Core 5/15, passed_count 18)
 13.65% of Permutation test rounds,  94.74% of Permutation tests (Core 2/15, passed_count 18)
 13.66% of Permutation test rounds,  94.74% of Permutation tests (Core 12/15, passed_count 18)
 13.67% of Permutation test rounds,  94.74% of Permutation tests (Core 12/15, passed_count 18)
 13.68% of Permutation test rounds,  94.74% of Permutation tests (Core 12/15, passed_count 18)
 13.69% of Permutation test rounds,  94.74% of Permutation tests (Core 12/15, passed_count 18)
 13.70% of Permutation test rounds,  94.74% of Permutation tests (Core 12/15, passed_count 18)
 13.71% of Permutation test rounds,  94.74% of Permutation tests (Core 12/15, passed_count 18)
 13.72% of Permutation test rounds,  94.74% of Permutation tests (Core 12/15, passed_count 18)
 13.73% of Permutation test rounds,  94.74% of Permutation tests (Core 12/15, passed_count 18)
 13.74% of Permutation test rounds,  94.74% of Permutation tests (Core 12/15, passed_count 18)
 13.75% of Permutation test rounds,  94.74% of Permutation tests (Core 8/15, passed_count 18)
 13.76% of Permutation test rounds,  94.74% of Permutation tests (Core 9/15, passed_count 18)
 13.77% of Permutation test rounds,  94.74% of Permutation tests (Core 14/15, passed_count 18)
 13.78% of Permutation test rounds,  94.74% of Permutation tests (Core 13/15, passed_count 18)
 13.79% of Permutation test rounds,  94.74% of Permutation tests (Core 7/15, passed_count 18)
 13.80% of Permutation test rounds,  94.74% of Permutation tests (Core 5/15, passed_count 18)
 13.81% of Permutation test rounds,  94.74% of Permutation tests (Core 2/15, passed_count 18)
 13.82% of Permutation test rounds,  94.74% of Permutation tests (Core 0/15, passed_count 18)
 13.83% of Permutation test rounds,  94.74% of Permutation tests (Core 6/15, passed_count 18)
 13.84% of Permutation test rounds,  94.74% of Permutation tests (Core 4/15, passed_count 18)
 13.85% of Permutation test rounds,  94.74% of Permutation tests (Core 10/15, passed_count 18)
 13.86% of Permutation test rounds,  94.74% of Permutation tests (Core 11/15, passed_count 18)
 13.87% of Permutation test rounds,  94.74% of Permutation tests (Core 1/15, passed_count 18)
 13.88% of Permutation test rounds,  94.74% of Permutation tests (Core 3/15, passed_count 18)
 13.89% of Permutation test rounds,  94.74% of Permutation tests (Core 15/15, passed_count 18)
 13.90% of Permutation test rounds,  94.74% of Permutation tests (Core 12/15, passed_count 18)
 13.91% of Permutation test rounds,  94.74% of Permutation tests (Core 12/15, passed_count 18)
 13.92% of Permutation test rounds,  94.74% of Permutation tests (Core 9/15, passed_count 18)
 13.93% of Permutation test rounds,  94.74% of Permutation tests (Core 14/15, passed_count 18)
 13.94% of Permutation test rounds,  94.74% of Permutation tests (Core 14/15, passed_count 18)
 13.95% of Permutation test rounds,  94.74% of Permutation tests (Core 14/15, passed_count 18)
 13.96% of Permutation test rounds,  94.74% of Permutation tests (Core 14/15, passed_count 18)
 13.97% of Permutation test rounds,  94.74% of Permutation tests (Core 14/15, passed_count 18)
 13.98% of Permutation test rounds,  94.74% of Permutation tests (Core 14/15, passed_count 18)
 13.99% of Permutation test rounds,  94.74% of Permutation tests (Core 14/15, passed_count 18)
 14.00% of Permutation test rounds,  94.74% of Permutation tests (Core 14/15, passed_count 18)
 14.01% of Permutation test rounds,  94.74% of Permutation tests (Core 10/15, passed_count 18)
 14.02% of Permutation test rounds,  94.74% of Permutation tests (Core 11/15, passed_count 18)
 14.03% of Permutation test rounds,  94.74% of Permutation tests (Core 11/15, passed_count 18)
 14.04% of Permutation test rounds,  94.74% of Permutation tests (Core 11/15, passed_count 18)
 14.05% of Permutation test rounds,  94.74% of Permutation tests (Core 11/15, passed_count 18)
 14.06% of Permutation test rounds,  94.74% of Permutation tests (Core 11/15, passed_count 18)
 14.07% of Permutation test rounds,  94.74% of Permutation tests (Core 11/15, passed_count 18)
 14.08% of Permutation test rounds,  94.74% of Permutation tests (Core 9/15, passed_count 18)
 14.09% of Permutation test rounds,  94.74% of Permutation tests (Core 13/15, passed_count 18)
 14.10% of Permutation test rounds,  94.74% of Permutation tests (Core 13/15, passed_count 18)
 14.11% of Permutation test rounds,  94.74% of Permutation tests (Core 5/15, passed_count 18)
 14.12% of Permutation test rounds,  94.74% of Permutation tests (Core 2/15, passed_count 18)
 14.13% of Permutation test rounds,  94.74% of Permutation tests (Core 0/15, passed_count 18)
 14.14% of Permutation test rounds,  94.74% of Permutation tests (Core 6/15, passed_count 18)
 14.15% of Permutation test rounds,  94.74% of Permutation tests (Core 4/15, passed_count 18)
 14.16% of Permutation test rounds,  94.74% of Permutation tests (Core 4/15, passed_count 18)
 14.17% of Permutation test rounds,  94.74% of Permutation tests (Core 10/15, passed_count 18)
 14.18% of Permutation test rounds,  94.74% of Permutation tests (Core 1/15, passed_count 18)
 14.19% of Permutation test rounds,  94.74% of Permutation tests (Core 3/15, passed_count 18)
 14.20% of Permutation test rounds,  94.74% of Permutation tests (Core 15/15, passed_count 18)
 14.21% of Permutation test rounds,  94.74% of Permutation tests (Core 15/15, passed_count 18)
 14.22% of Permutation test rounds,  94.74% of Permutation tests (Core 12/15, passed_count 18)
 14.23% of Permutation test rounds,  94.74% of Permutation tests (Core 11/15, passed_count 18)
 14.24% of Permutation test rounds,  94.74% of Permutation tests (Core 9/15, passed_count 18)
 14.25% of Permutation test rounds,  94.74% of Permutation tests (Core 7/15, passed_count 18)
 14.26% of Permutation test rounds,  94.74% of Permutation tests (Core 13/15, passed_count 18)
 14.27% of Permutation test rounds,  94.74% of Permutation tests (Core 5/15, passed_count 18)
 14.28% of Permutation test rounds,  94.74% of Permutation tests (Core 2/15, passed_count 18)
 14.29% of Permutation test rounds,  94.74% of Permutation tests (Core 0/15, passed_count 18)
 14.30% of Permutation test rounds,  94.74% of Permutation tests (Core 6/15, passed_count 18)
 14.31% of Permutation test rounds,  94.74% of Permutation tests (Core 14/15, passed_count 18)
 14.32% of Permutation test rounds,  94.74% of Permutation tests (Core 4/15, passed_count 18)
 14.33% of Permutation test rounds,  94.74% of Permutation tests (Core 10/15, passed_count 18)
 14.34% of Permutation test rounds,  94.74% of Permutation tests (Core 1/15, passed_count 18)
 14.35% of Permutation test rounds,  94.74% of Permutation tests (Core 3/15, passed_count 18)
 14.36% of Permutation test rounds,  94.74% of Permutation tests (Core 8/15, passed_count 18)
 14.37% of Permutation test rounds,  94.74% of Permutation tests (Core 15/15, passed_count 18)
 14.38% of Permutation test rounds,  94.74% of Permutation tests (Core 12/15, passed_count 18)
 14.39% of Permutation test rounds,  94.74% of Permutation tests (Core 12/15, passed_count 18)
 14.40% of Permutation test rounds,  94.74% of Permutation tests (Core 9/15, passed_count 18)
 14.41% of Permutation test rounds,  94.74% of Permutation tests (Core 9/15, passed_count 18)
 14.42% of Permutation test rounds,  94.74% of Permutation tests (Core 13/15, passed_count 18)
 14.43% of Permutation test rounds,  94.74% of Permutation tests (Core 13/15, passed_count 18)
 14.44% of Permutation test rounds,  94.74% of Permutation tests (Core 2/15, passed_count 18)
 14.45% of Permutation test rounds,  94.74% of Permutation tests (Core 2/15, passed_count 18)
 14.46% of Permutation test rounds,  94.74% of Permutation tests (Core 6/15, passed_count 18)
 14.47% of Permutation test rounds,  94.74% of Permutation tests (Core 14/15, passed_count 18)
 14.48% of Permutation test rounds,  94.74% of Permutation tests (Core 4/15, passed_count 18)
 14.49% of Permutation test rounds,  94.74% of Permutation tests (Core 10/15, passed_count 18)
 14.50% of Permutation test rounds,  94.74% of Permutation tests (Core 1/15, passed_count 18)
 14.51% of Permutation test rounds,  94.74% of Permutation tests (Core 1/15, passed_count 18)
 14.52% of Permutation test rounds,  94.74% of Permutation tests (Core 1/15, passed_count 18)
 14.53% of Permutation test rounds,  94.74% of Permutation tests (Core 15/15, passed_count 18)
 14.54% of Permutation test rounds,  94.74% of Permutation tests (Core 11/15, passed_count 18)
 14.55% of Permutation test rounds,  94.74% of Permutation tests (Core 11/15, passed_count 18)
 14.56% of Permutation test rounds,  94.74% of Permutation tests (Core 7/15, passed_count 18)
 14.57% of Permutation test rounds,  94.74% of Permutation tests (Core 9/15, passed_count 18)
 14.58% of Permutation test rounds,  94.74% of Permutation tests (Core 5/15, passed_count 18)
 14.59% of Permutation test rounds,  94.74% of Permutation tests (Core 13/15, passed_count 18)
 14.60% of Permutation test rounds,  94.74% of Permutation tests (Core 0/15, passed_count 18)
 14.61% of Permutation test rounds,  94.74% of Permutation tests (Core 2/15, passed_count 18)
 14.62% of Permutation test rounds,  94.74% of Permutation tests (Core 6/15, passed_count 18)
 14.63% of Permutation test rounds,  94.74% of Permutation tests (Core 14/15, passed_count 18)
 14.64% of Permutation test rounds,  94.74% of Permutation tests (Core 4/15, passed_count 18)
 14.65% of Permutation test rounds,  94.74% of Permutation tests (Core 10/15, passed_count 18)
 14.66% of Permutation test rounds,  94.74% of Permutation tests (Core 3/15, passed_count 18)
 14.67% of Permutation test rounds,  94.74% of Permutation tests (Core 8/15, passed_count 18)
 14.68% of Permutation test rounds,  94.74% of Permutation tests (Core 1/15, passed_count 18)
 14.69% of Permutation test rounds,  94.74% of Permutation tests (Core 15/15, passed_count 18)
 14.70% of Permutation test rounds,  94.74% of Permutation tests (Core 12/15, passed_count 18)
 14.71% of Permutation test rounds,  94.74% of Permutation tests (Core 11/15, passed_count 18)
 14.72% of Permutation test rounds,  94.74% of Permutation tests (Core 11/15, passed_count 18)
 14.73% of Permutation test rounds,  94.74% of Permutation tests (Core 9/15, passed_count 18)
 14.74% of Permutation test rounds,  94.74% of Permutation tests (Core 5/15, passed_count 18)
 14.75% of Permutation test rounds,  94.74% of Permutation tests (Core 13/15, passed_count 18)
 14.76% of Permutation test rounds,  94.74% of Permutation tests (Core 0/15, passed_count 18)
 14.77% of Permutation test rounds,  94.74% of Permutation tests (Core 2/15, passed_count 18)
 14.78% of Permutation test rounds,  94.74% of Permutation tests (Core 6/15, passed_count 18)
 14.79% of Permutation test rounds,  94.74% of Permutation tests (Core 14/15, passed_count 18)
 14.80% of Permutation test rounds,  94.74% of Permutation tests (Core 4/15, passed_count 18)
 14.81% of Permutation test rounds,  94.74% of Permutation tests (Core 10/15, passed_count 18)
 14.82% of Permutation test rounds,  94.74% of Permutation tests (Core 3/15, passed_count 18)
 14.83% of Permutation test rounds,  94.74% of Permutation tests (Core 8/15, passed_count 18)
 14.84% of Permutation test rounds,  94.74% of Permutation tests (Core 1/15, passed_count 18)
 14.85% of Permutation test rounds,  94.74% of Permutation tests (Core 15/15, passed_count 18)
 14.86% of Permutation test rounds,  94.74% of Permutation tests (Core 12/15, passed_count 18)
 14.87% of Permutation test rounds,  94.74% of Permutation tests (Core 7/15, passed_count 18)
 14.88% of Permutation test rounds,  94.74% of Permutation tests (Core 11/15, passed_count 18)
 14.89% of Permutation test rounds,  94.74% of Permutation tests (Core 9/15, passed_count 18)
 14.90% of Permutation test rounds,  94.74% of Permutation tests (Core 5/15, passed_count 18)
 14.91% of Permutation test rounds,  94.74% of Permutation tests (Core 13/15, passed_count 18)
 14.92% of Permutation test rounds,  94.74% of Permutation tests (Core 0/15, passed_count 18)
 14.93% of Permutation test rounds,  94.74% of Permutation tests (Core 2/15, passed_count 18)
 14.94% of Permutation test rounds,  94.74% of Permutation tests (Core 6/15, passed_count 18)
 14.95% of Permutation test rounds,  94.74% of Permutation tests (Core 14/15, passed_count 18)
 14.96% of Permutation test rounds,  94.74% of Permutation tests (Core 4/15, passed_count 18)
 14.97% of Permutation test rounds,  94.74% of Permutation tests (Core 10/15, passed_count 18)
 14.98% of Permutation test rounds,  94.74% of Permutation tests (Core 10/15, passed_count 18)
 14.99% of Permutation test rounds,  94.74% of Permutation tests (Core 10/15, passed_count 18)
 15.00% of Permutation test rounds,  94.74% of Permutation tests (Core 1/15, passed_count 18)
 15.01% of Permutation test rounds,  94.74% of Permutation tests (Core 15/15, passed_count 18)
 15.02% of Permutation test rounds,  94.74% of Permutation tests (Core 12/15, passed_count 18)
 15.03% of Permutation test rounds,  94.74% of Permutation tests (Core 7/15, passed_count 18)
 15.04% of Permutation test rounds,  94.74% of Permutation tests (Core 11/15, passed_count 18)
 15.05% of Permutation test rounds,  94.74% of Permutation tests (Core 9/15, passed_count 18)
 15.06% of Permutation test rounds,  94.74% of Permutation tests (Core 5/15, passed_count 18)
 15.07% of Permutation test rounds,  94.74% of Permutation tests (Core 13/15, passed_count 18)
 15.08% of Permutation test rounds,  94.74% of Permutation tests (Core 0/15, passed_count 18)
 15.09% of Permutation test rounds,  94.74% of Permutation tests (Core 2/15, passed_count 18)
 15.10% of Permutation test rounds,  94.74% of Permutation tests (Core 2/15, passed_count 18)
 15.11% of Permutation test rounds,  94.74% of Permutation tests (Core 2/15, passed_count 18)
 15.12% of Permutation test rounds,  94.74% of Permutation tests (Core 4/15, passed_count 18)
 15.13% of Permutation test rounds,  94.74% of Permutation tests (Core 4/15, passed_count 18)
 15.14% of Permutation test rounds,  94.74% of Permutation tests (Core 8/15, passed_count 18)
 15.15% of Permutation test rounds,  94.74% of Permutation tests (Core 10/15, passed_count 18)
 15.16% of Permutation test rounds,  94.74% of Permutation tests (Core 1/15, passed_count 18)
 15.17% of Permutation test rounds,  94.74% of Permutation tests (Core 15/15, passed_count 18)
 15.18% of Permutation test rounds,  94.74% of Permutation tests (Core 15/15, passed_count 18)
 15.19% of Permutation test rounds,  94.74% of Permutation tests (Core 7/15, passed_count 18)
 15.20% of Permutation test rounds,  94.74% of Permutation tests (Core 11/15, passed_count 18)
 15.21% of Permutation test rounds,  94.74% of Permutation tests (Core 9/15, passed_count 18)
 15.22% of Permutation test rounds,  94.74% of Permutation tests (Core 5/15, passed_count 18)
 15.23% of Permutation test rounds,  94.74% of Permutation tests (Core 13/15, passed_count 18)
 15.24% of Permutation test rounds,  94.74% of Permutation tests (Core 0/15, passed_count 18)
 15.25% of Permutation test rounds,  94.74% of Permutation tests (Core 6/15, passed_count 18)
 15.26% of Permutation test rounds,  94.74% of Permutation tests (Core 14/15, passed_count 18)
 15.27% of Permutation test rounds,  94.74% of Permutation tests (Core 2/15, passed_count 18)
 15.28% of Permutation test rounds,  94.74% of Permutation tests (Core 3/15, passed_count 18)
 15.29% of Permutation test rounds,  94.74% of Permutation tests (Core 4/15, passed_count 18)
 15.30% of Permutation test rounds,  94.74% of Permutation tests (Core 8/15, passed_count 18)
 15.31% of Permutation test rounds,  94.74% of Permutation tests (Core 10/15, passed_count 18)
 15.32% of Permutation test rounds,  94.74% of Permutation tests (Core 1/15, passed_count 18)
 15.33% of Permutation test rounds,  94.74% of Permutation tests (Core 12/15, passed_count 18)
 15.34% of Permutation test rounds,  94.74% of Permutation tests (Core 15/15, passed_count 18)
 15.35% of Permutation test rounds,  94.74% of Permutation tests (Core 15/15, passed_count 18)
 15.36% of Permutation test rounds,  94.74% of Permutation tests (Core 15/15, passed_count 18)
 15.37% of Permutation test rounds,  94.74% of Permutation tests (Core 9/15, passed_count 18)
 15.38% of Permutation test rounds,  94.74% of Permutation tests (Core 5/15, passed_count 18)
 15.39% of Permutation test rounds,  94.74% of Permutation tests (Core 13/15, passed_count 18)
 15.40% of Permutation test rounds,  94.74% of Permutation tests (Core 0/15, passed_count 18)
 15.41% of Permutation test rounds,  94.74% of Permutation tests (Core 6/15, passed_count 18)
 15.42% of Permutation test rounds,  94.74% of Permutation tests (Core 14/15, passed_count 18)
 15.43% of Permutation test rounds,  94.74% of Permutation tests (Core 14/15, passed_count 18)
 15.44% of Permutation test rounds,  94.74% of Permutation tests (Core 14/15, passed_count 18)
 15.45% of Permutation test rounds,  94.74% of Permutation tests (Core 4/15, passed_count 18)
 15.46% of Permutation test rounds,  94.74% of Permutation tests (Core 8/15, passed_count 18)
 15.47% of Permutation test rounds,  94.74% of Permutation tests (Core 10/15, passed_count 18)
 15.48% of Permutation test rounds,  94.74% of Permutation tests (Core 1/15, passed_count 18)
 15.49% of Permutation test rounds,  94.74% of Permutation tests (Core 12/15, passed_count 18)
 15.50% of Permutation test rounds,  94.74% of Permutation tests (Core 7/15, passed_count 18)
 15.51% of Permutation test rounds,  94.74% of Permutation tests (Core 11/15, passed_count 18)
 15.52% of Permutation test rounds,  94.74% of Permutation tests (Core 15/15, passed_count 18)
 15.53% of Permutation test rounds,  94.74% of Permutation tests (Core 9/15, passed_count 18)
 15.54% of Permutation test rounds,  94.74% of Permutation tests (Core 5/15, passed_count 18)
 15.55% of Permutation test rounds,  94.74% of Permutation tests (Core 13/15, passed_count 18)
 15.56% of Permutation test rounds,  94.74% of Permutation tests (Core 0/15, passed_count 18)
 15.57% of Permutation test rounds,  94.74% of Permutation tests (Core 6/15, passed_count 18)
 15.58% of Permutation test rounds,  94.74% of Permutation tests (Core 2/15, passed_count 18)
 15.59% of Permutation test rounds,  94.74% of Permutation tests (Core 3/15, passed_count 18)
 15.60% of Permutation test rounds,  94.74% of Permutation tests (Core 14/15, passed_count 18)
 15.61% of Permutation test rounds,  94.74% of Permutation tests (Core 4/15, passed_count 18)
 15.62% of Permutation test rounds,  94.74% of Permutation tests (Core 8/15, passed_count 18)
 15.63% of Permutation test rounds,  94.74% of Permutation tests (Core 10/15, passed_count 18)
 15.64% of Permutation test rounds,  94.74% of Permutation tests (Core 1/15, passed_count 18)
 15.65% of Permutation test rounds,  94.74% of Permutation tests (Core 12/15, passed_count 18)
 15.66% of Permutation test rounds,  94.74% of Permutation tests (Core 7/15, passed_count 18)
 15.67% of Permutation test rounds,  94.74% of Permutation tests (Core 11/15, passed_count 18)
 15.68% of Permutation test rounds,  94.74% of Permutation tests (Core 11/15, passed_count 18)
 15.69% of Permutation test rounds,  94.74% of Permutation tests (Core 9/15, passed_count 18)
 15.70% of Permutation test rounds,  94.74% of Permutation tests (Core 9/15, passed_count 18)
 15.71% of Permutation test rounds,  94.74% of Permutation tests (Core 9/15, passed_count 18)
 15.72% of Permutation test rounds,  94.74% of Permutation tests (Core 9/15, passed_count 18)
 15.73% of Permutation test rounds,  94.74% of Permutation tests (Core 6/15, passed_count 18)
 15.74% of Permutation test rounds,  94.74% of Permutation tests (Core 2/15, passed_count 18)
 15.75% of Permutation test rounds,  94.74% of Permutation tests (Core 3/15, passed_count 18)
 15.76% of Permutation test rounds,  94.74% of Permutation tests (Core 14/15, passed_count 18)
 15.77% of Permutation test rounds,  94.74% of Permutation tests (Core 4/15, passed_count 18)
 15.78% of Permutation test rounds,  94.74% of Permutation tests (Core 8/15, passed_count 18)
 15.79% of Permutation test rounds,  94.74% of Permutation tests (Core 10/15, passed_count 18)
 15.80% of Permutation test rounds,  94.74% of Permutation tests (Core 1/15, passed_count 18)
 15.81% of Permutation test rounds,  94.74% of Permutation tests (Core 12/15, passed_count 18)
 15.82% of Permutation test rounds,  94.74% of Permutation tests (Core 7/15, passed_count 18)
 15.83% of Permutation test rounds,  94.74% of Permutation tests (Core 15/15, passed_count 18)
 15.84% of Permutation test rounds,  94.74% of Permutation tests (Core 11/15, passed_count 18)
 15.85% of Permutation test rounds,  94.74% of Permutation tests (Core 5/15, passed_count 18)
 15.86% of Permutation test rounds,  94.74% of Permutation tests (Core 13/15, passed_count 18)
 15.87% of Permutation test rounds,  94.74% of Permutation tests (Core 0/15, passed_count 18)
 15.88% of Permutation test rounds,  94.74% of Permutation tests (Core 9/15, passed_count 18)
 15.89% of Permutation test rounds,  94.74% of Permutation tests (Core 6/15, passed_count 18)
 15.90% of Permutation test rounds,  94.74% of Permutation tests (Core 2/15, passed_count 18)
 15.91% of Permutation test rounds,  94.74% of Permutation tests (Core 3/15, passed_count 18)
 15.92% of Permutation test rounds,  94.74% of Permutation tests (Core 14/15, passed_count 18)
 15.93% of Permutation test rounds,  94.74% of Permutation tests (Core 4/15, passed_count 18)
 15.94% of Permutation test rounds,  94.74% of Permutation tests (Core 4/15, passed_count 18)
 15.95% of Permutation test rounds,  94.74% of Permutation tests (Core 10/15, passed_count 18)
 15.96% of Permutation test rounds,  94.74% of Permutation tests (Core 1/15, passed_count 18)
 15.97% of Permutation test rounds,  94.74% of Permutation tests (Core 12/15, passed_count 18)
 15.98% of Permutation test rounds,  94.74% of Permutation tests (Core 7/15, passed_count 18)
 15.99% of Permutation test rounds,  94.74% of Permutation tests (Core 15/15, passed_count 18)
 16.00% of Permutation test rounds,  94.74% of Permutation tests (Core 11/15, passed_count 18)
 16.01% of Permutation test rounds,  94.74% of Permutation tests (Core 5/15, passed_count 18)
 16.02% of Permutation test rounds,  94.74% of Permutation tests (Core 13/15, passed_count 18)
 16.03% of Permutation test rounds,  94.74% of Permutation tests (Core 0/15, passed_count 18)
 16.04% of Permutation test rounds,  94.74% of Permutation tests (Core 9/15, passed_count 18)
 16.05% of Permutation test rounds,  94.74% of Permutation tests (Core 6/15, passed_count 18)
 16.06% of Permutation test rounds,  94.74% of Permutation tests (Core 2/15, passed_count 18)
 16.07% of Permutation test rounds,  94.74% of Permutation tests (Core 3/15, passed_count 18)
 16.08% of Permutation test rounds,  94.74% of Permutation tests (Core 14/15, passed_count 18)
 16.09% of Permutation test rounds,  94.74% of Permutation tests (Core 8/15, passed_count 18)
 16.10% of Permutation test rounds,  94.74% of Permutation tests (Core 4/15, passed_count 18)
 16.11% of Permutation test rounds,  94.74% of Permutation tests (Core 10/15, passed_count 18)
 16.12% of Permutation test rounds,  94.74% of Permutation tests (Core 1/15, passed_count 18)
 16.13% of Permutation test rounds,  94.74% of Permutation tests (Core 12/15, passed_count 18)
 16.14% of Permutation test rounds,  94.74% of Permutation tests (Core 7/15, passed_count 18)
 16.15% of Permutation test rounds,  94.74% of Permutation tests (Core 15/15, passed_count 18)
 16.16% of Permutation test rounds,  94.74% of Permutation tests (Core 11/15, passed_count 18)
 16.17% of Permutation test rounds,  94.74% of Permutation tests (Core 5/15, passed_count 18)
 16.18% of Permutation test rounds,  94.74% of Permutation tests (Core 13/15, passed_count 18)
 16.19% of Permutation test rounds,  94.74% of Permutation tests (Core 0/15, passed_count 18)
 16.20% of Permutation test rounds,  94.74% of Permutation tests (Core 9/15, passed_count 18)
 16.21% of Permutation test rounds,  94.74% of Permutation tests (Core 6/15, passed_count 18)
 16.22% of Permutation test rounds,  94.74% of Permutation tests (Core 2/15, passed_count 18)
 16.23% of Permutation test rounds,  94.74% of Permutation tests (Core 3/15, passed_count 18)
 16.24% of Permutation test rounds,  94.74% of Permutation tests (Core 14/15, passed_count 18)
 16.25% of Permutation test rounds,  94.74% of Permutation tests (Core 8/15, passed_count 18)
 16.26% of Permutation test rounds,  94.74% of Permutation tests (Core 4/15, passed_count 18)
 16.27% of Permutation test rounds,  94.74% of Permutation tests (Core 10/15, passed_count 18)
 16.28% of Permutation test rounds,  94.74% of Permutation tests (Core 1/15, passed_count 18)
 16.29% of Permutation test rounds,  94.74% of Permutation tests (Core 12/15, passed_count 18)
 16.30% of Permutation test rounds,  94.74% of Permutation tests (Core 7/15, passed_count 18)
 16.31% of Permutation test rounds,  94.74% of Permutation tests (Core 15/15, passed_count 18)
 16.32% of Permutation test rounds,  94.74% of Permutation tests (Core 15/15, passed_count 18)
 16.33% of Permutation test rounds,  94.74% of Permutation tests (Core 15/15, passed_count 18)
 16.34% of Permutation test rounds,  94.74% of Permutation tests (Core 13/15, passed_count 18)
 16.35% of Permutation test rounds,  94.74% of Permutation tests (Core 13/15, passed_count 18)
 16.36% of Permutation test rounds,  94.74% of Permutation tests (Core 9/15, passed_count 18)
 16.37% of Permutation test rounds,  94.74% of Permutation tests (Core 6/15, passed_count 18)
 16.38% of Permutation test rounds,  94.74% of Permutation tests (Core 2/15, passed_count 18)
 16.39% of Permutation test rounds,  94.74% of Permutation tests (Core 3/15, passed_count 18)
 16.40% of Permutation test rounds,  94.74% of Permutation tests (Core 14/15, passed_count 18)
 16.41% of Permutation test rounds,  94.74% of Permutation tests (Core 8/15, passed_count 18)
 16.42% of Permutation test rounds,  94.74% of Permutation tests (Core 4/15, passed_count 18)
 16.43% of Permutation test rounds,  94.74% of Permutation tests (Core 10/15, passed_count 18)
 16.44% of Permutation test rounds,  94.74% of Permutation tests (Core 1/15, passed_count 18)
 16.45% of Permutation test rounds,  94.74% of Permutation tests (Core 12/15, passed_count 18)
 16.46% of Permutation test rounds,  94.74% of Permutation tests (Core 7/15, passed_count 18)
 16.47% of Permutation test rounds,  94.74% of Permutation tests (Core 11/15, passed_count 18)
 16.48% of Permutation test rounds,  94.74% of Permutation tests (Core 5/15, passed_count 18)
 16.49% of Permutation test rounds,  94.74% of Permutation tests (Core 15/15, passed_count 18)
 16.50% of Permutation test rounds,  94.74% of Permutation tests (Core 0/15, passed_count 18)
 16.51% of Permutation test rounds,  94.74% of Permutation tests (Core 13/15, passed_count 18)
 16.52% of Permutation test rounds,  94.74% of Permutation tests (Core 13/15, passed_count 18)
 16.53% of Permutation test rounds,  94.74% of Permutation tests (Core 13/15, passed_count 18)
 16.54% of Permutation test rounds,  94.74% of Permutation tests (Core 2/15, passed_count 18)
 16.55% of Permutation test rounds,  94.74% of Permutation tests (Core 3/15, passed_count 18)
 16.56% of Permutation test rounds,  94.74% of Permutation tests (Core 3/15, passed_count 18)
 16.57% of Permutation test rounds,  94.74% of Permutation tests (Core 3/15, passed_count 18)
 16.58% of Permutation test rounds,  94.74% of Permutation tests (Core 3/15, passed_count 18)
 16.59% of Permutation test rounds,  94.74% of Permutation tests (Core 10/15, passed_count 18)
 16.60% of Permutation test rounds,  94.74% of Permutation tests (Core 1/15, passed_count 18)
 16.61% of Permutation test rounds,  94.74% of Permutation tests (Core 12/15, passed_count 18)
 16.62% of Permutation test rounds,  94.74% of Permutation tests (Core 7/15, passed_count 18)
 16.63% of Permutation test rounds,  94.74% of Permutation tests (Core 11/15, passed_count 18)
 16.64% of Permutation test rounds,  94.74% of Permutation tests (Core 5/15, passed_count 18)
 16.65% of Permutation test rounds,  94.74% of Permutation tests (Core 15/15, passed_count 18)
 16.66% of Permutation test rounds,  94.74% of Permutation tests (Core 15/15, passed_count 18)
 16.67% of Permutation test rounds,  94.74% of Permutation tests (Core 15/15, passed_count 18)
 16.68% of Permutation test rounds,  94.74% of Permutation tests (Core 6/15, passed_count 18)
 16.69% of Permutation test rounds,  94.74% of Permutation tests (Core 13/15, passed_count 18)
 16.70% of Permutation test rounds,  94.74% of Permutation tests (Core 2/15, passed_count 18)
 16.71% of Permutation test rounds,  94.74% of Permutation tests (Core 14/15, passed_count 18)
 16.72% of Permutation test rounds,  94.74% of Permutation tests (Core 8/15, passed_count 18)
 16.73% of Permutation test rounds,  94.74% of Permutation tests (Core 4/15, passed_count 18)
 16.74% of Permutation test rounds,  94.74% of Permutation tests (Core 3/15, passed_count 18)
 16.75% of Permutation test rounds,  94.74% of Permutation tests (Core 10/15, passed_count 18)
 16.76% of Permutation test rounds,  94.74% of Permutation tests (Core 10/15, passed_count 18)
 16.77% of Permutation test rounds,  94.74% of Permutation tests (Core 10/15, passed_count 18)
 16.78% of Permutation test rounds,  94.74% of Permutation tests (Core 10/15, passed_count 18)
 16.79% of Permutation test rounds,  94.74% of Permutation tests (Core 10/15, passed_count 18)
 16.80% of Permutation test rounds,  94.74% of Permutation tests (Core 5/15, passed_count 18)
 16.81% of Permutation test rounds,  94.74% of Permutation tests (Core 5/15, passed_count 18)
 16.82% of Permutation test rounds,  94.74% of Permutation tests (Core 9/15, passed_count 18)
 16.83% of Permutation test rounds,  94.74% of Permutation tests (Core 15/15, passed_count 18)
 16.84% of Permutation test rounds,  94.74% of Permutation tests (Core 15/15, passed_count 18)
 16.85% of Permutation test rounds,  94.74% of Permutation tests (Core 15/15, passed_count 18)
 16.86% of Permutation test rounds,  94.74% of Permutation tests (Core 15/15, passed_count 18)
 16.87% of Permutation test rounds,  94.74% of Permutation tests (Core 14/15, passed_count 18)
 16.88% of Permutation test rounds,  94.74% of Permutation tests (Core 8/15, passed_count 18)
 16.89% of Permutation test rounds,  94.74% of Permutation tests (Core 4/15, passed_count 18)
 16.90% of Permutation test rounds,  94.74% of Permutation tests (Core 4/15, passed_count 18)
 16.91% of Permutation test rounds,  94.74% of Permutation tests (Core 1/15, passed_count 18)
 16.92% of Permutation test rounds,  94.74% of Permutation tests (Core 1/15, passed_count 18)
 16.93% of Permutation test rounds,  94.74% of Permutation tests (Core 1/15, passed_count 18)
 16.94% of Permutation test rounds,  94.74% of Permutation tests (Core 1/15, passed_count 18)
 16.95% of Permutation test rounds,  94.74% of Permutation tests (Core 10/15, passed_count 18)
 16.96% of Permutation test rounds,  94.74% of Permutation tests (Core 0/15, passed_count 18)
 16.97% of Permutation test rounds,  94.74% of Permutation tests (Core 5/15, passed_count 18)
 16.98% of Permutation test rounds,  94.74% of Permutation tests (Core 9/15, passed_count 18)
 16.99% of Permutation test rounds,  94.74% of Permutation tests (Core 9/15, passed_count 18)
 17.00% of Permutation test rounds,  94.74% of Permutation tests (Core 9/15, passed_count 18)
 17.01% of Permutation test rounds,  94.74% of Permutation tests (Core 2/15, passed_count 18)
 17.02% of Permutation test rounds,  94.74% of Permutation tests (Core 15/15, passed_count 18)
 17.03% of Permutation test rounds,  94.74% of Permutation tests (Core 14/15, passed_count 18)
 17.04% of Permutation test rounds,  94.74% of Permutation tests (Core 14/15, passed_count 18)
 17.05% of Permutation test rounds,  94.74% of Permutation tests (Core 3/15, passed_count 18)
 17.06% of Permutation test rounds,  94.74% of Permutation tests (Core 4/15, passed_count 18)
 17.07% of Permutation test rounds,  94.74% of Permutation tests (Core 4/15, passed_count 18)
 17.08% of Permutation test rounds,  94.74% of Permutation tests (Core 7/15, passed_count 18)
 17.09% of Permutation test rounds,  94.74% of Permutation tests (Core 11/15, passed_count 18)
 17.10% of Permutation test rounds,  94.74% of Permutation tests (Core 1/15, passed_count 18)
 17.11% of Permutation test rounds,  94.74% of Permutation tests (Core 1/15, passed_count 18)
 17.12% of Permutation test rounds,  94.74% of Permutation tests (Core 0/15, passed_count 18)
 17.13% of Permutation test rounds,  94.74% of Permutation tests (Core 5/15, passed_count 18)
 17.14% of Permutation test rounds,  94.74% of Permutation tests (Core 6/15, passed_count 18)
 17.15% of Permutation test rounds,  94.74% of Permutation tests (Core 13/15, passed_count 18)
 17.16% of Permutation test rounds,  94.74% of Permutation tests (Core 9/15, passed_count 18)
 17.17% of Permutation test rounds,  94.74% of Permutation tests (Core 2/15, passed_count 18)
 17.18% of Permutation test rounds,  94.74% of Permutation tests (Core 15/15, passed_count 18)
 17.19% of Permutation test rounds,  94.74% of Permutation tests (Core 8/15, passed_count 18)
 17.20% of Permutation test rounds,  94.74% of Permutation tests (Core 14/15, passed_count 18)
 17.21% of Permutation test rounds,  94.74% of Permutation tests (Core 3/15, passed_count 18)
 17.22% of Permutation test rounds,  94.74% of Permutation tests (Core 12/15, passed_count 18)
 17.23% of Permutation test rounds,  94.74% of Permutation tests (Core 4/15, passed_count 18)
 17.24% of Permutation test rounds,  94.74% of Permutation tests (Core 7/15, passed_count 18)
 17.25% of Permutation test rounds,  94.74% of Permutation tests (Core 11/15, passed_count 18)
 17.26% of Permutation test rounds,  94.74% of Permutation tests (Core 10/15, passed_count 18)
 17.27% of Permutation test rounds,  94.74% of Permutation tests (Core 1/15, passed_count 18)
 17.28% of Permutation test rounds,  94.74% of Permutation tests (Core 0/15, passed_count 18)
 17.29% of Permutation test rounds,  94.74% of Permutation tests (Core 0/15, passed_count 18)
 17.30% of Permutation test rounds,  94.74% of Permutation tests (Core 0/15, passed_count 18)
 17.31% of Permutation test rounds,  94.74% of Permutation tests (Core 0/15, passed_count 18)
 17.32% of Permutation test rounds,  94.74% of Permutation tests (Core 9/15, passed_count 18)
 17.33% of Permutation test rounds,  94.74% of Permutation tests (Core 2/15, passed_count 18)
 17.34% of Permutation test rounds,  94.74% of Permutation tests (Core 15/15, passed_count 18)
 17.35% of Permutation test rounds,  94.74% of Permutation tests (Core 8/15, passed_count 18)
 17.36% of Permutation test rounds,  94.74% of Permutation tests (Core 14/15, passed_count 18)
 17.37% of Permutation test rounds,  94.74% of Permutation tests (Core 3/15, passed_count 18)
 17.38% of Permutation test rounds,  94.74% of Permutation tests (Core 12/15, passed_count 18)
 17.39% of Permutation test rounds,  94.74% of Permutation tests (Core 12/15, passed_count 18)
 17.40% of Permutation test rounds,  94.74% of Permutation tests (Core 12/15, passed_count 18)
 17.41% of Permutation test rounds,  94.74% of Permutation tests (Core 11/15, passed_count 18)
 17.42% of Permutation test rounds,  94.74% of Permutation tests (Core 10/15, passed_count 18)
 17.43% of Permutation test rounds,  94.74% of Permutation tests (Core 1/15, passed_count 18)
 17.44% of Permutation test rounds,  94.74% of Permutation tests (Core 5/15, passed_count 18)
 17.45% of Permutation test rounds,  94.74% of Permutation tests (Core 6/15, passed_count 18)
 17.46% of Permutation test rounds,  94.74% of Permutation tests (Core 13/15, passed_count 18)
 17.47% of Permutation test rounds,  94.74% of Permutation tests (Core 0/15, passed_count 18)
 17.48% of Permutation test rounds,  94.74% of Permutation tests (Core 9/15, passed_count 18)
 17.49% of Permutation test rounds,  94.74% of Permutation tests (Core 2/15, passed_count 18)
 17.50% of Permutation test rounds,  94.74% of Permutation tests (Core 15/15, passed_count 18)
 17.51% of Permutation test rounds,  94.74% of Permutation tests (Core 8/15, passed_count 18)
 17.52% of Permutation test rounds,  94.74% of Permutation tests (Core 14/15, passed_count 18)
 17.53% of Permutation test rounds,  94.74% of Permutation tests (Core 3/15, passed_count 18)
 17.54% of Permutation test rounds,  94.74% of Permutation tests (Core 4/15, passed_count 18)
 17.55% of Permutation test rounds,  94.74% of Permutation tests (Core 7/15, passed_count 18)
 17.56% of Permutation test rounds,  94.74% of Permutation tests (Core 12/15, passed_count 18)
 17.57% of Permutation test rounds,  94.74% of Permutation tests (Core 12/15, passed_count 18)
 17.58% of Permutation test rounds,  94.74% of Permutation tests (Core 12/15, passed_count 18)
 17.59% of Permutation test rounds,  94.74% of Permutation tests (Core 12/15, passed_count 18)
 17.60% of Permutation test rounds,  94.74% of Permutation tests (Core 12/15, passed_count 18)
 17.61% of Permutation test rounds,  94.74% of Permutation tests (Core 12/15, passed_count 18)
 17.62% of Permutation test rounds,  94.74% of Permutation tests (Core 12/15, passed_count 18)
 17.63% of Permutation test rounds,  94.74% of Permutation tests (Core 12/15, passed_count 18)
 17.64% of Permutation test rounds,  94.74% of Permutation tests (Core 12/15, passed_count 18)
 17.65% of Permutation test rounds,  94.74% of Permutation tests (Core 12/15, passed_count 18)
 17.66% of Permutation test rounds,  94.74% of Permutation tests (Core 12/15, passed_count 18)
 17.67% of Permutation test rounds,  94.74% of Permutation tests (Core 12/15, passed_count 18)
 17.68% of Permutation test rounds,  94.74% of Permutation tests (Core 12/15, passed_count 18)
 17.69% of Permutation test rounds,  94.74% of Permutation tests (Core 12/15, passed_count 18)
 17.70% of Permutation test rounds,  94.74% of Permutation tests (Core 4/15, passed_count 18)
 17.71% of Permutation test rounds,  94.74% of Permutation tests (Core 7/15, passed_count 18)
 17.72% of Permutation test rounds,  94.74% of Permutation tests (Core 11/15, passed_count 18)
 17.73% of Permutation test rounds,  94.74% of Permutation tests (Core 10/15, passed_count 18)
 17.74% of Permutation test rounds,  94.74% of Permutation tests (Core 1/15, passed_count 18)
 17.75% of Permutation test rounds,  94.74% of Permutation tests (Core 5/15, passed_count 18)
 17.76% of Permutation test rounds,  94.74% of Permutation tests (Core 5/15, passed_count 18)
 17.77% of Permutation test rounds,  94.74% of Permutation tests (Core 5/15, passed_count 18)
 17.78% of Permutation test rounds,  94.74% of Permutation tests (Core 0/15, passed_count 18)
 17.79% of Permutation test rounds,  94.74% of Permutation tests (Core 0/15, passed_count 18)
 17.80% of Permutation test rounds,  94.74% of Permutation tests (Core 0/15, passed_count 18)
 17.81% of Permutation test rounds,  94.74% of Permutation tests (Core 0/15, passed_count 18)
 17.82% of Permutation test rounds,  94.74% of Permutation tests (Core 0/15, passed_count 18)
 17.83% of Permutation test rounds,  94.74% of Permutation tests (Core 14/15, passed_count 18)
 17.84% of Permutation test rounds,  94.74% of Permutation tests (Core 3/15, passed_count 18)
 17.85% of Permutation test rounds,  94.74% of Permutation tests (Core 3/15, passed_count 18)
 17.86% of Permutation test rounds,  94.74% of Permutation tests (Core 3/15, passed_count 18)
 17.87% of Permutation test rounds,  94.74% of Permutation tests (Core 3/15, passed_count 18)
 17.88% of Permutation test rounds,  94.74% of Permutation tests (Core 11/15, passed_count 18)
 17.89% of Permutation test rounds,  94.74% of Permutation tests (Core 11/15, passed_count 18)
 17.90% of Permutation test rounds,  94.74% of Permutation tests (Core 11/15, passed_count 18)
 17.91% of Permutation test rounds,  94.74% of Permutation tests (Core 11/15, passed_count 18)
 17.92% of Permutation test rounds,  94.74% of Permutation tests (Core 11/15, passed_count 18)
 17.93% of Permutation test rounds,  94.74% of Permutation tests (Core 5/15, passed_count 18)
 17.94% of Permutation test rounds,  94.74% of Permutation tests (Core 5/15, passed_count 18)
 17.95% of Permutation test rounds,  94.74% of Permutation tests (Core 5/15, passed_count 18)
 17.96% of Permutation test rounds,  94.74% of Permutation tests (Core 15/15, passed_count 18)
 17.97% of Permutation test rounds,  94.74% of Permutation tests (Core 15/15, passed_count 18)
 17.98% of Permutation test rounds,  94.74% of Permutation tests (Core 15/15, passed_count 18)
 17.99% of Permutation test rounds,  94.74% of Permutation tests (Core 14/15, passed_count 18)
 18.00% of Permutation test rounds,  94.74% of Permutation tests (Core 12/15, passed_count 18)
 18.01% of Permutation test rounds,  94.74% of Permutation tests (Core 12/15, passed_count 18)
 18.02% of Permutation test rounds,  94.74% of Permutation tests (Core 12/15, passed_count 18)
 18.03% of Permutation test rounds,  94.74% of Permutation tests (Core 12/15, passed_count 18)
 18.04% of Permutation test rounds,  94.74% of Permutation tests (Core 12/15, passed_count 18)
 18.05% of Permutation test rounds,  94.74% of Permutation tests (Core 12/15, passed_count 18)
 18.06% of Permutation test rounds,  94.74% of Permutation tests (Core 12/15, passed_count 18)
 18.07% of Permutation test rounds,  94.74% of Permutation tests (Core 12/15, passed_count 18)
 18.08% of Permutation test rounds,  94.74% of Permutation tests (Core 12/15, passed_count 18)
 18.09% of Permutation test rounds,  94.74% of Permutation tests (Core 12/15, passed_count 18)
 18.10% of Permutation test rounds,  94.74% of Permutation tests (Core 12/15, passed_count 18)
 18.11% of Permutation test rounds,  94.74% of Permutation tests (Core 12/15, passed_count 18)
 18.12% of Permutation test rounds,  94.74% of Permutation tests (Core 12/15, passed_count 18)
 18.13% of Permutation test rounds,  94.74% of Permutation tests (Core 0/15, passed_count 18)
 18.14% of Permutation test rounds,  94.74% of Permutation tests (Core 0/15, passed_count 18)
 18.15% of Permutation test rounds,  94.74% of Permutation tests (Core 0/15, passed_count 18)
 18.16% of Permutation test rounds,  94.74% of Permutation tests (Core 0/15, passed_count 18)
 18.17% of Permutation test rounds,  94.74% of Permutation tests (Core 0/15, passed_count 18)
 18.18% of Permutation test rounds,  94.74% of Permutation tests (Core 3/15, passed_count 18)
 18.19% of Permutation test rounds,  94.74% of Permutation tests (Core 3/15, passed_count 18)
 18.20% of Permutation test rounds,  94.74% of Permutation tests (Core 1/15, passed_count 18)
 18.21% of Permutation test rounds,  94.74% of Permutation tests (Core 1/15, passed_count 18)
 18.22% of Permutation test rounds,  94.74% of Permutation tests (Core 1/15, passed_count 18)
 18.23% of Permutation test rounds,  94.74% of Permutation tests (Core 1/15, passed_count 18)
 18.24% of Permutation test rounds,  94.74% of Permutation tests (Core 1/15, passed_count 18)
 18.25% of Permutation test rounds,  94.74% of Permutation tests (Core 1/15, passed_count 18)
 18.26% of Permutation test rounds,  94.74% of Permutation tests (Core 1/15, passed_count 18)
 18.27% of Permutation test rounds,  94.74% of Permutation tests (Core 1/15, passed_count 18)
 18.28% of Permutation test rounds,  94.74% of Permutation tests (Core 1/15, passed_count 18)
 18.29% of Permutation test rounds,  94.74% of Permutation tests (Core 1/15, passed_count 18)
 18.30% of Permutation test rounds,  94.74% of Permutation tests (Core 1/15, passed_count 18)
 18.31% of Permutation test rounds,  94.74% of Permutation tests (Core 1/15, passed_count 18)
 18.32% of Permutation test rounds,  94.74% of Permutation tests (Core 1/15, passed_count 18)
 18.33% of Permutation test rounds,  94.74% of Permutation tests (Core 1/15, passed_count 18)
 18.34% of Permutation test rounds,  94.74% of Permutation tests (Core 1/15, passed_count 18)
 18.35% of Permutation test rounds,  94.74% of Permutation tests (Core 1/15, passed_count 18)
 18.36% of Permutation test rounds,  94.74% of Permutation tests (Core 6/15, passed_count 18)
 18.37% of Permutation test rounds,  94.74% of Permutation tests (Core 13/15, passed_count 18)
 18.38% of Permutation test rounds,  94.74% of Permutation tests (Core 13/15, passed_count 18)
 18.39% of Permutation test rounds,  94.74% of Permutation tests (Core 9/15, passed_count 18)
 18.40% of Permutation test rounds,  94.74% of Permutation tests (Core 9/15, passed_count 18)
 18.41% of Permutation test rounds,  94.74% of Permutation tests (Core 9/15, passed_count 18)
 18.42% of Permutation test rounds,  94.74% of Permutation tests (Core 9/15, passed_count 18)
 18.43% of Permutation test rounds,  94.74% of Permutation tests (Core 9/15, passed_count 18)
 18.44% of Permutation test rounds,  94.74% of Permutation tests (Core 9/15, passed_count 18)
 18.45% of Permutation test rounds,  94.74% of Permutation tests (Core 9/15, passed_count 18)
 18.46% of Permutation test rounds,  94.74% of Permutation tests (Core 9/15, passed_count 18)
 18.47% of Permutation test rounds,  94.74% of Permutation tests (Core 9/15, passed_count 18)
 18.48% of Permutation test rounds,  94.74% of Permutation tests (Core 9/15, passed_count 18)
 18.49% of Permutation test rounds,  94.74% of Permutation tests (Core 9/15, passed_count 18)
 18.50% of Permutation test rounds,  94.74% of Permutation tests (Core 9/15, passed_count 18)
 18.51% of Permutation test rounds,  94.74% of Permutation tests (Core 9/15, passed_count 18)
 18.52% of Permutation test rounds,  94.74% of Permutation tests (Core 9/15, passed_count 18)
 18.53% of Permutation test rounds,  94.74% of Permutation tests (Core 9/15, passed_count 18)
 18.54% of Permutation test rounds,  94.74% of Permutation tests (Core 9/15, passed_count 18)
 18.55% of Permutation test rounds,  94.74% of Permutation tests (Core 9/15, passed_count 18)
 18.56% of Permutation test rounds,  94.74% of Permutation tests (Core 5/15, passed_count 18)
 18.57% of Permutation test rounds,  94.74% of Permutation tests (Core 5/15, passed_count 18)
 18.58% of Permutation test rounds,  94.74% of Permutation tests (Core 5/15, passed_count 18)
 18.59% of Permutation test rounds,  94.74% of Permutation tests (Core 15/15, passed_count 18)
 18.60% of Permutation test rounds,  94.74% of Permutation tests (Core 15/15, passed_count 18)
 18.61% of Permutation test rounds,  94.74% of Permutation tests (Core 15/15, passed_count 18)
 18.62% of Permutation test rounds,  94.74% of Permutation tests (Core 7/15, passed_count 18)
 18.63% of Permutation test rounds,  94.74% of Permutation tests (Core 0/15, passed_count 18)
 18.64% of Permutation test rounds,  94.74% of Permutation tests (Core 0/15, passed_count 18)
 18.65% of Permutation test rounds,  94.74% of Permutation tests (Core 0/15, passed_count 18)
 18.66% of Permutation test rounds,  94.74% of Permutation tests (Core 1/15, passed_count 18)
 18.67% of Permutation test rounds,  94.74% of Permutation tests (Core 6/15, passed_count 18)
 18.68% of Permutation test rounds,  94.74% of Permutation tests (Core 11/15, passed_count 18)
 18.69% of Permutation test rounds,  94.74% of Permutation tests (Core 13/15, passed_count 18)
 18.70% of Permutation test rounds,  94.74% of Permutation tests (Core 2/15, passed_count 18)
 18.71% of Permutation test rounds,  94.74% of Permutation tests (Core 9/15, passed_count 18)
 18.72% of Permutation test rounds,  94.74% of Permutation tests (Core 8/15, passed_count 18)
 18.73% of Permutation test rounds,  94.74% of Permutation tests (Core 12/15, passed_count 18)
 18.74% of Permutation test rounds,  94.74% of Permutation tests (Core 5/15, passed_count 18)
 18.75% of Permutation test rounds,  94.74% of Permutation tests (Core 14/15, passed_count 18)
 18.76% of Permutation test rounds,  94.74% of Permutation tests (Core 14/15, passed_count 18)
 18.77% of Permutation test rounds,  94.74% of Permutation tests (Core 15/15, passed_count 18)
 18.78% of Permutation test rounds,  94.74% of Permutation tests (Core 7/15, passed_count 18)
 18.79% of Permutation test rounds,  94.74% of Permutation tests (Core 10/15, passed_count 18)
 18.80% of Permutation test rounds,  94.74% of Permutation tests (Core 3/15, passed_count 18)
 18.81% of Permutation test rounds,  94.74% of Permutation tests (Core 0/15, passed_count 18)
 18.82% of Permutation test rounds,  94.74% of Permutation tests (Core 0/15, passed_count 18)
 18.83% of Permutation test rounds,  94.74% of Permutation tests (Core 0/15, passed_count 18)
 18.84% of Permutation test rounds,  94.74% of Permutation tests (Core 11/15, passed_count 18)
 18.85% of Permutation test rounds,  94.74% of Permutation tests (Core 11/15, passed_count 18)
 18.86% of Permutation test rounds,  94.74% of Permutation tests (Core 11/15, passed_count 18)
 18.87% of Permutation test rounds,  94.74% of Permutation tests (Core 11/15, passed_count 18)
 18.88% of Permutation test rounds,  94.74% of Permutation tests (Core 8/15, passed_count 18)
 18.89% of Permutation test rounds,  94.74% of Permutation tests (Core 8/15, passed_count 18)
 18.90% of Permutation test rounds,  94.74% of Permutation tests (Core 8/15, passed_count 18)
 18.91% of Permutation test rounds,  94.74% of Permutation tests (Core 8/15, passed_count 18)
 18.92% of Permutation test rounds,  94.74% of Permutation tests (Core 8/15, passed_count 18)
 18.93% of Permutation test rounds,  94.74% of Permutation tests (Core 8/15, passed_count 18)
 18.94% of Permutation test rounds,  94.74% of Permutation tests (Core 8/15, passed_count 18)
 18.95% of Permutation test rounds,  94.74% of Permutation tests (Core 10/15, passed_count 18)
 18.96% of Permutation test rounds,  94.74% of Permutation tests (Core 3/15, passed_count 18)
 18.97% of Permutation test rounds,  94.74% of Permutation tests (Core 1/15, passed_count 18)
 18.98% of Permutation test rounds,  94.74% of Permutation tests (Core 6/15, passed_count 18)
 18.99% of Permutation test rounds,  94.74% of Permutation tests (Core 0/15, passed_count 18)
 19.00% of Permutation test rounds,  94.74% of Permutation tests (Core 13/15, passed_count 18)
 19.01% of Permutation test rounds,  94.74% of Permutation tests (Core 2/15, passed_count 18)
 19.02% of Permutation test rounds,  94.74% of Permutation tests (Core 9/15, passed_count 18)
 19.03% of Permutation test rounds,  94.74% of Permutation tests (Core 11/15, passed_count 18)
 19.04% of Permutation test rounds,  94.74% of Permutation tests (Core 12/15, passed_count 18)
 19.05% of Permutation test rounds,  94.74% of Permutation tests (Core 5/15, passed_count 18)
 19.06% of Permutation test rounds,  94.74% of Permutation tests (Core 4/15, passed_count 18)
 19.07% of Permutation test rounds,  94.74% of Permutation tests (Core 14/15, passed_count 18)
 19.08% of Permutation test rounds,  94.74% of Permutation tests (Core 15/15, passed_count 18)
 19.09% of Permutation test rounds,  94.74% of Permutation tests (Core 7/15, passed_count 18)
 19.10% of Permutation test rounds,  94.74% of Permutation tests (Core 8/15, passed_count 18)
 19.11% of Permutation test rounds,  94.74% of Permutation tests (Core 10/15, passed_count 18)
 19.12% of Permutation test rounds,  94.74% of Permutation tests (Core 3/15, passed_count 18)
 19.13% of Permutation test rounds,  94.74% of Permutation tests (Core 1/15, passed_count 18)
 19.14% of Permutation test rounds,  94.74% of Permutation tests (Core 6/15, passed_count 18)
 19.15% of Permutation test rounds,  94.74% of Permutation tests (Core 0/15, passed_count 18)
 19.16% of Permutation test rounds,  94.74% of Permutation tests (Core 13/15, passed_count 18)
 19.17% of Permutation test rounds,  94.74% of Permutation tests (Core 2/15, passed_count 18)
 19.18% of Permutation test rounds,  94.74% of Permutation tests (Core 9/15, passed_count 18)
 19.19% of Permutation test rounds,  94.74% of Permutation tests (Core 11/15, passed_count 18)
 19.20% of Permutation test rounds,  94.74% of Permutation tests (Core 12/15, passed_count 18)
 19.21% of Permutation test rounds,  94.74% of Permutation tests (Core 5/15, passed_count 18)
 19.22% of Permutation test rounds,  94.74% of Permutation tests (Core 4/15, passed_count 18)
 19.23% of Permutation test rounds,  94.74% of Permutation tests (Core 14/15, passed_count 18)
 19.24% of Permutation test rounds,  94.74% of Permutation tests (Core 15/15, passed_count 18)
 19.25% of Permutation test rounds,  94.74% of Permutation tests (Core 7/15, passed_count 18)
 19.26% of Permutation test rounds,  94.74% of Permutation tests (Core 8/15, passed_count 18)
 19.27% of Permutation test rounds,  94.74% of Permutation tests (Core 10/15, passed_count 18)
 19.28% of Permutation test rounds,  94.74% of Permutation tests (Core 3/15, passed_count 18)
 19.29% of Permutation test rounds,  94.74% of Permutation tests (Core 3/15, passed_count 18)
 19.30% of Permutation test rounds,  94.74% of Permutation tests (Core 6/15, passed_count 18)
 19.31% of Permutation test rounds,  94.74% of Permutation tests (Core 6/15, passed_count 18)
 19.32% of Permutation test rounds,  94.74% of Permutation tests (Core 6/15, passed_count 18)
 19.33% of Permutation test rounds,  94.74% of Permutation tests (Core 2/15, passed_count 18)
 19.34% of Permutation test rounds,  94.74% of Permutation tests (Core 9/15, passed_count 18)
 19.35% of Permutation test rounds,  94.74% of Permutation tests (Core 11/15, passed_count 18)
 19.36% of Permutation test rounds,  94.74% of Permutation tests (Core 12/15, passed_count 18)
 19.37% of Permutation test rounds,  94.74% of Permutation tests (Core 5/15, passed_count 18)
 19.38% of Permutation test rounds,  94.74% of Permutation tests (Core 4/15, passed_count 18)
 19.39% of Permutation test rounds,  94.74% of Permutation tests (Core 14/15, passed_count 18)
 19.40% of Permutation test rounds,  94.74% of Permutation tests (Core 14/15, passed_count 18)
 19.41% of Permutation test rounds,  94.74% of Permutation tests (Core 14/15, passed_count 18)
 19.42% of Permutation test rounds,  94.74% of Permutation tests (Core 14/15, passed_count 18)
 19.43% of Permutation test rounds,  94.74% of Permutation tests (Core 14/15, passed_count 18)
 19.44% of Permutation test rounds,  94.74% of Permutation tests (Core 14/15, passed_count 18)
 19.45% of Permutation test rounds,  94.74% of Permutation tests (Core 14/15, passed_count 18)
 19.46% of Permutation test rounds,  94.74% of Permutation tests (Core 14/15, passed_count 18)
 19.47% of Permutation test rounds,  94.74% of Permutation tests (Core 13/15, passed_count 18)
 19.48% of Permutation test rounds,  94.74% of Permutation tests (Core 13/15, passed_count 18)
 19.49% of Permutation test rounds,  94.74% of Permutation tests (Core 2/15, passed_count 18)
 19.50% of Permutation test rounds,  94.74% of Permutation tests (Core 9/15, passed_count 18)
 19.51% of Permutation test rounds,  94.74% of Permutation tests (Core 11/15, passed_count 18)
 19.52% of Permutation test rounds,  94.74% of Permutation tests (Core 12/15, passed_count 18)
 19.53% of Permutation test rounds,  94.74% of Permutation tests (Core 5/15, passed_count 18)
 19.54% of Permutation test rounds,  94.74% of Permutation tests (Core 4/15, passed_count 18)
 19.55% of Permutation test rounds,  94.74% of Permutation tests (Core 15/15, passed_count 18)
 19.56% of Permutation test rounds,  94.74% of Permutation tests (Core 7/15, passed_count 18)
 19.57% of Permutation test rounds,  94.74% of Permutation tests (Core 8/15, passed_count 18)
 19.58% of Permutation test rounds,  94.74% of Permutation tests (Core 10/15, passed_count 18)
 19.59% of Permutation test rounds,  94.74% of Permutation tests (Core 1/15, passed_count 18)
 19.60% of Permutation test rounds,  94.74% of Permutation tests (Core 3/15, passed_count 18)
 19.61% of Permutation test rounds,  94.74% of Permutation tests (Core 0/15, passed_count 18)
 19.62% of Permutation test rounds,  94.74% of Permutation tests (Core 14/15, passed_count 18)
 19.63% of Permutation test rounds,  94.74% of Permutation tests (Core 14/15, passed_count 18)
 19.64% of Permutation test rounds,  94.74% of Permutation tests (Core 13/15, passed_count 18)
 19.65% of Permutation test rounds,  94.74% of Permutation tests (Core 13/15, passed_count 18)
 19.66% of Permutation test rounds,  94.74% of Permutation tests (Core 9/15, passed_count 18)
 19.67% of Permutation test rounds,  94.74% of Permutation tests (Core 11/15, passed_count 18)
 19.68% of Permutation test rounds,  94.74% of Permutation tests (Core 12/15, passed_count 18)
 19.69% of Permutation test rounds,  94.74% of Permutation tests (Core 5/15, passed_count 18)
 19.70% of Permutation test rounds,  94.74% of Permutation tests (Core 4/15, passed_count 18)
 19.71% of Permutation test rounds,  94.74% of Permutation tests (Core 15/15, passed_count 18)
 19.72% of Permutation test rounds,  94.74% of Permutation tests (Core 7/15, passed_count 18)
 19.73% of Permutation test rounds,  94.74% of Permutation tests (Core 8/15, passed_count 18)
 19.74% of Permutation test rounds,  94.74% of Permutation tests (Core 8/15, passed_count 18)
 19.75% of Permutation test rounds,  94.74% of Permutation tests (Core 1/15, passed_count 18)
 19.76% of Permutation test rounds,  94.74% of Permutation tests (Core 1/15, passed_count 18)
 19.77% of Permutation test rounds,  94.74% of Permutation tests (Core 1/15, passed_count 18)
 19.78% of Permutation test rounds,  94.74% of Permutation tests (Core 1/15, passed_count 18)
 19.79% of Permutation test rounds,  94.74% of Permutation tests (Core 1/15, passed_count 18)
 19.80% of Permutation test rounds,  94.74% of Permutation tests (Core 1/15, passed_count 18)
 19.81% of Permutation test rounds,  94.74% of Permutation tests (Core 1/15, passed_count 18)
 19.82% of Permutation test rounds,  94.74% of Permutation tests (Core 1/15, passed_count 18)
 19.83% of Permutation test rounds,  94.74% of Permutation tests (Core 1/15, passed_count 18)
 19.84% of Permutation test rounds,  94.74% of Permutation tests (Core 12/15, passed_count 18)
 19.85% of Permutation test rounds,  94.74% of Permutation tests (Core 5/15, passed_count 18)
 19.86% of Permutation test rounds,  94.74% of Permutation tests (Core 4/15, passed_count 18)
 19.87% of Permutation test rounds,  94.74% of Permutation tests (Core 15/15, passed_count 18)
 19.88% of Permutation test rounds,  94.74% of Permutation tests (Core 7/15, passed_count 18)
 19.89% of Permutation test rounds,  94.74% of Permutation tests (Core 7/15, passed_count 18)
 19.90% of Permutation test rounds,  94.74% of Permutation tests (Core 7/15, passed_count 18)
 19.91% of Permutation test rounds,  94.74% of Permutation tests (Core 7/15, passed_count 18)
 19.92% of Permutation test rounds,  94.74% of Permutation tests (Core 7/15, passed_count 18)
 19.93% of Permutation test rounds,  94.74% of Permutation tests (Core 7/15, passed_count 18)
 19.94% of Permutation test rounds,  94.74% of Permutation tests (Core 14/15, passed_count 18)
 19.95% of Permutation test rounds,  94.74% of Permutation tests (Core 14/15, passed_count 18)
 19.96% of Permutation test rounds,  94.74% of Permutation tests (Core 14/15, passed_count 18)
 19.97% of Permutation test rounds,  94.74% of Permutation tests (Core 14/15, passed_count 18)
 19.98% of Permutation test rounds,  94.74% of Permutation tests (Core 14/15, passed_count 18)
 19.99% of Permutation test rounds,  94.74% of Permutation tests (Core 1/15, passed_count 18)
 20.00% of Permutation test rounds,  94.74% of Permutation tests (Core 12/15, passed_count 18)
 20.01% of Permutation test rounds,  94.74% of Permutation tests (Core 5/15, passed_count 18)
 20.02% of Permutation test rounds,  94.74% of Permutation tests (Core 4/15, passed_count 18)
 20.03% of Permutation test rounds,  94.74% of Permutation tests (Core 15/15, passed_count 18)
 20.04% of Permutation test rounds,  94.74% of Permutation tests (Core 10/15, passed_count 18)
 20.05% of Permutation test rounds,  94.74% of Permutation tests (Core 8/15, passed_count 18)
 20.06% of Permutation test rounds,  94.74% of Permutation tests (Core 3/15, passed_count 18)
 20.07% of Permutation test rounds,  94.74% of Permutation tests (Core 0/15, passed_count 18)
 20.08% of Permutation test rounds,  94.74% of Permutation tests (Core 6/15, passed_count 18)
 20.09% of Permutation test rounds,  94.74% of Permutation tests (Core 7/15, passed_count 18)
 20.10% of Permutation test rounds,  94.74% of Permutation tests (Core 2/15, passed_count 18)
 20.11% of Permutation test rounds,  94.74% of Permutation tests (Core 13/15, passed_count 18)
 20.12% of Permutation test rounds,  94.74% of Permutation tests (Core 9/15, passed_count 18)
 20.13% of Permutation test rounds,  94.74% of Permutation tests (Core 9/15, passed_count 18)
 20.14% of Permutation test rounds,  94.74% of Permutation tests (Core 14/15, passed_count 18)
 20.15% of Permutation test rounds,  94.74% of Permutation tests (Core 1/15, passed_count 18)
 20.16% of Permutation test rounds,  94.74% of Permutation tests (Core 12/15, passed_count 18)
 20.17% of Permutation test rounds,  94.74% of Permutation tests (Core 5/15, passed_count 18)
 20.18% of Permutation test rounds,  94.74% of Permutation tests (Core 4/15, passed_count 18)
 20.19% of Permutation test rounds,  94.74% of Permutation tests (Core 15/15, passed_count 18)
 20.20% of Permutation test rounds,  94.74% of Permutation tests (Core 10/15, passed_count 18)
 20.21% of Permutation test rounds,  94.74% of Permutation tests (Core 8/15, passed_count 18)
 20.22% of Permutation test rounds,  94.74% of Permutation tests (Core 3/15, passed_count 18)
 20.23% of Permutation test rounds,  94.74% of Permutation tests (Core 3/15, passed_count 18)
 20.24% of Permutation test rounds,  94.74% of Permutation tests (Core 6/15, passed_count 18)
 20.25% of Permutation test rounds,  94.74% of Permutation tests (Core 7/15, passed_count 18)
 20.26% of Permutation test rounds,  94.74% of Permutation tests (Core 2/15, passed_count 18)
 20.27% of Permutation test rounds,  94.74% of Permutation tests (Core 13/15, passed_count 18)
 20.28% of Permutation test rounds,  94.74% of Permutation tests (Core 11/15, passed_count 18)
 20.29% of Permutation test rounds,  94.74% of Permutation tests (Core 9/15, passed_count 18)
 20.30% of Permutation test rounds,  94.74% of Permutation tests (Core 14/15, passed_count 18)
 20.31% of Permutation test rounds,  94.74% of Permutation tests (Core 1/15, passed_count 18)
 20.32% of Permutation test rounds,  94.74% of Permutation tests (Core 12/15, passed_count 18)
 20.33% of Permutation test rounds,  94.74% of Permutation tests (Core 5/15, passed_count 18)
 20.34% of Permutation test rounds,  94.74% of Permutation tests (Core 4/15, passed_count 18)
 20.35% of Permutation test rounds,  94.74% of Permutation tests (Core 15/15, passed_count 18)
 20.36% of Permutation test rounds,  94.74% of Permutation tests (Core 10/15, passed_count 18)
 20.37% of Permutation test rounds,  94.74% of Permutation tests (Core 10/15, passed_count 18)
 20.38% of Permutation test rounds,  94.74% of Permutation tests (Core 0/15, passed_count 18)
 20.39% of Permutation test rounds,  94.74% of Permutation tests (Core 3/15, passed_count 18)
 20.40% of Permutation test rounds,  94.74% of Permutation tests (Core 6/15, passed_count 18)
 20.41% of Permutation test rounds,  94.74% of Permutation tests (Core 7/15, passed_count 18)
 20.42% of Permutation test rounds,  94.74% of Permutation tests (Core 2/15, passed_count 18)
 20.43% of Permutation test rounds,  94.74% of Permutation tests (Core 13/15, passed_count 18)
 20.44% of Permutation test rounds,  94.74% of Permutation tests (Core 11/15, passed_count 18)
 20.45% of Permutation test rounds,  94.74% of Permutation tests (Core 9/15, passed_count 18)
 20.46% of Permutation test rounds,  94.74% of Permutation tests (Core 14/15, passed_count 18)
 20.47% of Permutation test rounds,  94.74% of Permutation tests (Core 1/15, passed_count 18)
 20.48% of Permutation test rounds,  94.74% of Permutation tests (Core 12/15, passed_count 18)
 20.49% of Permutation test rounds,  94.74% of Permutation tests (Core 5/15, passed_count 18)
 20.50% of Permutation test rounds,  94.74% of Permutation tests (Core 4/15, passed_count 18)
 20.51% of Permutation test rounds,  94.74% of Permutation tests (Core 15/15, passed_count 18)
 20.52% of Permutation test rounds,  94.74% of Permutation tests (Core 8/15, passed_count 18)
 20.53% of Permutation test rounds,  94.74% of Permutation tests (Core 10/15, passed_count 18)
 20.54% of Permutation test rounds,  94.74% of Permutation tests (Core 0/15, passed_count 18)
 20.55% of Permutation test rounds,  94.74% of Permutation tests (Core 3/15, passed_count 18)
 20.56% of Permutation test rounds,  94.74% of Permutation tests (Core 6/15, passed_count 18)
 20.57% of Permutation test rounds,  94.74% of Permutation tests (Core 7/15, passed_count 18)
 20.58% of Permutation test rounds,  94.74% of Permutation tests (Core 7/15, passed_count 18)
 20.59% of Permutation test rounds,  94.74% of Permutation tests (Core 13/15, passed_count 18)
 20.60% of Permutation test rounds,  94.74% of Permutation tests (Core 11/15, passed_count 18)
 20.61% of Permutation test rounds,  94.74% of Permutation tests (Core 9/15, passed_count 18)
 20.62% of Permutation test rounds,  94.74% of Permutation tests (Core 14/15, passed_count 18)
 20.63% of Permutation test rounds,  94.74% of Permutation tests (Core 1/15, passed_count 18)
 20.64% of Permutation test rounds,  94.74% of Permutation tests (Core 1/15, passed_count 18)
 20.65% of Permutation test rounds,  94.74% of Permutation tests (Core 5/15, passed_count 18)
 20.66% of Permutation test rounds,  94.74% of Permutation tests (Core 4/15, passed_count 18)
 20.67% of Permutation test rounds,  94.74% of Permutation tests (Core 15/15, passed_count 18)
 20.68% of Permutation test rounds,  94.74% of Permutation tests (Core 8/15, passed_count 18)
 20.69% of Permutation test rounds,  94.74% of Permutation tests (Core 10/15, passed_count 18)
 20.70% of Permutation test rounds,  94.74% of Permutation tests (Core 10/15, passed_count 18)
 20.71% of Permutation test rounds,  94.74% of Permutation tests (Core 3/15, passed_count 18)
 20.72% of Permutation test rounds,  94.74% of Permutation tests (Core 6/15, passed_count 18)
 20.73% of Permutation test rounds,  94.74% of Permutation tests (Core 2/15, passed_count 18)
 20.74% of Permutation test rounds,  94.74% of Permutation tests (Core 7/15, passed_count 18)
 20.75% of Permutation test rounds,  94.74% of Permutation tests (Core 13/15, passed_count 18)
 20.76% of Permutation test rounds,  94.74% of Permutation tests (Core 11/15, passed_count 18)
 20.77% of Permutation test rounds,  94.74% of Permutation tests (Core 9/15, passed_count 18)
 20.78% of Permutation test rounds,  94.74% of Permutation tests (Core 14/15, passed_count 18)
 20.79% of Permutation test rounds,  94.74% of Permutation tests (Core 12/15, passed_count 18)
 20.80% of Permutation test rounds,  94.74% of Permutation tests (Core 12/15, passed_count 18)
 20.81% of Permutation test rounds,  94.74% of Permutation tests (Core 5/15, passed_count 18)
 20.82% of Permutation test rounds,  94.74% of Permutation tests (Core 4/15, passed_count 18)
 20.83% of Permutation test rounds,  94.74% of Permutation tests (Core 15/15, passed_count 18)
 20.84% of Permutation test rounds,  94.74% of Permutation tests (Core 15/15, passed_count 18)
 20.85% of Permutation test rounds,  94.74% of Permutation tests (Core 0/15, passed_count 18)
 20.86% of Permutation test rounds,  94.74% of Permutation tests (Core 10/15, passed_count 18)
 20.87% of Permutation test rounds,  94.74% of Permutation tests (Core 10/15, passed_count 18)
 20.88% of Permutation test rounds,  94.74% of Permutation tests (Core 10/15, passed_count 18)
 20.89% of Permutation test rounds,  94.74% of Permutation tests (Core 2/15, passed_count 18)
 20.90% of Permutation test rounds,  94.74% of Permutation tests (Core 7/15, passed_count 18)
 20.91% of Permutation test rounds,  94.74% of Permutation tests (Core 13/15, passed_count 18)
 20.92% of Permutation test rounds,  94.74% of Permutation tests (Core 11/15, passed_count 18)
 20.93% of Permutation test rounds,  94.74% of Permutation tests (Core 9/15, passed_count 18)
 20.94% of Permutation test rounds,  94.74% of Permutation tests (Core 14/15, passed_count 18)
 20.95% of Permutation test rounds,  94.74% of Permutation tests (Core 1/15, passed_count 18)
 20.96% of Permutation test rounds,  94.74% of Permutation tests (Core 12/15, passed_count 18)
 20.97% of Permutation test rounds,  94.74% of Permutation tests (Core 5/15, passed_count 18)
 20.98% of Permutation test rounds,  94.74% of Permutation tests (Core 4/15, passed_count 18)
 20.99% of Permutation test rounds,  94.74% of Permutation tests (Core 8/15, passed_count 18)
 21.00% of Permutation test rounds,  94.74% of Permutation tests (Core 15/15, passed_count 18)
 21.01% of Permutation test rounds,  94.74% of Permutation tests (Core 0/15, passed_count 18)
 21.02% of Permutation test rounds,  94.74% of Permutation tests (Core 3/15, passed_count 18)
 21.03% of Permutation test rounds,  94.74% of Permutation tests (Core 6/15, passed_count 18)
 21.04% of Permutation test rounds,  94.74% of Permutation tests (Core 10/15, passed_count 18)
 21.05% of Permutation test rounds,  94.74% of Permutation tests (Core 2/15, passed_count 18)
 21.06% of Permutation test rounds,  94.74% of Permutation tests (Core 7/15, passed_count 18)
 21.07% of Permutation test rounds,  94.74% of Permutation tests (Core 13/15, passed_count 18)
 21.08% of Permutation test rounds,  94.74% of Permutation tests (Core 11/15, passed_count 18)
 21.09% of Permutation test rounds,  94.74% of Permutation tests (Core 9/15, passed_count 18)
 21.10% of Permutation test rounds,  94.74% of Permutation tests (Core 14/15, passed_count 18)
 21.11% of Permutation test rounds,  94.74% of Permutation tests (Core 1/15, passed_count 18)
 21.12% of Permutation test rounds,  94.74% of Permutation tests (Core 12/15, passed_count 18)
 21.13% of Permutation test rounds,  94.74% of Permutation tests (Core 5/15, passed_count 18)
 21.14% of Permutation test rounds,  94.74% of Permutation tests (Core 4/15, passed_count 18)
 21.15% of Permutation test rounds,  94.74% of Permutation tests (Core 8/15, passed_count 18)
 21.16% of Permutation test rounds,  94.74% of Permutation tests (Core 15/15, passed_count 18)
 21.17% of Permutation test rounds,  94.74% of Permutation tests (Core 0/15, passed_count 18)
 21.18% of Permutation test rounds,  94.74% of Permutation tests (Core 3/15, passed_count 18)
 21.19% of Permutation test rounds, 100.00% of Permutation tests (Core 6/15, passed_count 19)
 26.42% of Permutation test rounds, 100.00% of Permutation tests (Core 10/15, passed_count 19)
 31.32% of Permutation test rounds, 100.00% of Permutation tests (Core 2/15, passed_count 19)
 36.27% of Permutation test rounds, 100.00% of Permutation tests (Core 7/15, passed_count 19)
 41.37% of Permutation test rounds, 100.00% of Permutation tests (Core 13/15, passed_count 19)
 46.39% of Permutation test rounds, 100.00% of Permutation tests (Core 11/15, passed_count 19)
 51.35% of Permutation test rounds, 100.00% of Permutation tests (Core 9/15, passed_count 19)
 55.94% of Permutation test rounds, 100.00% of Permutation tests (Core 14/15, passed_count 19)
 60.78% of Permutation test rounds, 100.00% of Permutation tests (Core 1/15, passed_count 19)
 65.59% of Permutation test rounds, 100.00% of Permutation tests (Core 12/15, passed_count 19)
 70.29% of Permutation test rounds, 100.00% of Permutation tests (Core 5/15, passed_count 19)
 75.24% of Permutation test rounds, 100.00% of Permutation tests (Core 4/15, passed_count 19)
 80.28% of Permutation test rounds, 100.00% of Permutation tests (Core 8/15, passed_count 19)
 85.40% of Permutation test rounds, 100.00% of Permutation tests (Core 15/15, passed_count 19)
 90.21% of Permutation test rounds, 100.00% of Permutation tests (Core 0/15, passed_count 19)
 95.16% of Permutation test rounds, 100.00% of Permutation tests (Core 3/15, passed_count 19)


                statistic  C[i][0]  C[i][1]  C[i][2]
----------------------------------------------------
                excursion       6       0      56
       numDirectionalRuns      44       0       6
       lenDirectionalRuns       1       5       1
    numIncreasesDecreases     136       0       6
            numRunsMedian      13       0       6
            lenRunsMedian       2       4      15
             avgCollision       6       0      25
             maxCollision       4       2       4
           periodicity(1)       5       1      77
           periodicity(2)       6       0       8
           periodicity(8)       6       0      39
          periodicity(16)       5       1     182
          periodicity(32)       6       0      15
            covariance(1)       8       0       6
            covariance(2)       6       0      17
            covariance(8)      50       0       6
           covariance(16)       6       0    2113
           covariance(32)     128       0       6
              compression       5       1      30
(* denotes failed test)

** Passed IID permutation tests

your 131072x1 screen size is bogus. expect trouble
your 131072x1 screen size is bogus. expect trouble
Identity added: /home/mmggjj/.ssh/id_ed25519 (mariogj.03@gmail.com)
tiempo_s=1.88 maxrss_kB=75220
--- condC_rep1_noniid_b1: exit 0, 1 s ---
Agent pid 423
Opening file: '/mnt/c/Users/mario/Documents/TFM_FPGA_CRYPTO/results/entropia90b/bits/condC_rep1.bits' (SHA-256 hash bcfd54bd8de13fa4cc0cb2caa5f7f9c1ac320547720a037f80e817f71fd6bf62)
Loaded 1000000 samples of 2 distinct 1-bit-wide symbols

Running non-IID tests...

Running Most Common Value Estimate...
Literal MCV Estimate: mode = 500114, p-hat = 0.50011399999999995, p_u = 0.50140191526225675
	Most Common Value Estimate = 0.995961 / 1 bit(s)

Running Entropic Statistic Estimates (bit strings only)...
Literal Collision Estimate: X-bar = 2.500588889861342, sigma-hat = 0.50000027835782279, p = 0.52690469290355491
	Collision Test Estimate = 0.924386 / 1 bit(s)
Literal Markov Estimate: P_0 = 0.499886, P_1 = 0.50011399999999995, P_0,0 = 0.49959590786699365, P_0,1 = 0.50040409213300641, P_1,0 = 0.50017696000703837, P_1,1 = 0.49982303999296163, p_max = 3.1637227128258877e-39
	Markov Test Estimate = 0.999169 / 1 bit(s)
Literal Compression Estimate: X-bar = 5.2139701546845414, sigma-hat = 1.017162263821717, p = 0.033040458883971002
	Compression Test Estimate = 0.819937 / 1 bit(s)

Running Tuple Estimates...
Literal t-Tuple Estimate: t = 15, p-hat_max = 0.5200254334221196312227, p_u = 0.5213123153488957853881
Literal LRS Estimate: u = 16, v = 38, p-hat = 0.51076404282486923, p_u = 0.5120516596383866
	T-Tuple Test Estimate = 0.939780 / 1 bit(s)
	LRS Test Estimate = 0.965639 / 1 bit(s)

Running Predictor Estimates...
Literal MultiMCW Prediction Estimate: N = 999937, Pglobal' = 0.50045840183259638 (C = 499139) Plocal can't affect result (r = 22)
	Multi Most Common in Window (MultiMCW) Prediction Test Estimate = 0.998678 / 1 bit(s)
Literal Lag Prediction Estimate: N = 999999, Pglobal' = 0.50164541596798329 (C = 500357) Plocal can't affect result (r = 21)
	Lag Prediction Test Estimate = 0.995260 / 1 bit(s)
Literal MultiMMC Prediction Estimate: N = 999998, Pglobal' = 0.49984290831520822 (C = 498554) Plocal can't affect result (r = 24)
	Multi Markov Model with Counting (MultiMMC) Prediction Test Estimate = 1.000000 / 1 bit(s)
Literal LZ78Y Prediction Estimate: N = 999983, Pglobal' = 0.50068041496482008 (C = 499384) Plocal can't affect result (r = 25)
	LZ78Y Prediction Test Estimate = 0.998038 / 1 bit(s)

H_original: 0.819937
your 131072x1 screen size is bogus. expect trouble
your 131072x1 screen size is bogus. expect trouble
Identity added: /home/mmggjj/.ssh/id_ed25519 (mariogj.03@gmail.com)
tiempo_s=0.65 maxrss_kB=22576
--- condC_rep1_iid_b1: exit 0, 5 s ---
Agent pid 423
Opening file: '/mnt/c/Users/mario/Documents/TFM_FPGA_CRYPTO/results/entropia90b/bits/condC_rep1.bits' (SHA-256 hash bcfd54bd8de13fa4cc0cb2caa5f7f9c1ac320547720a037f80e817f71fd6bf62)
Loaded 1000000 samples of 2 distinct 1-bit-wide symbols
Calculating baseline statistics...
	Raw Mean: 0.500114
	Median: 0.500000
	Binary: true

Literal MCV Estimate: mode = 500114, p-hat = 0.50011399999999995, p_u = 0.50140191526225675
H_original: 0.995961
Chi square independence
	score = 2046.248044
	degrees of freedom = 2046
	p-value = 0.494296

Chi square goodness of fit
	score = 9.224736
	degrees of freedom = 9
	p-value = 0.416793

** Passed chi square tests

Literal Longest Repeated Substring results
	P_col: 0.500000
	Length of LRS: 38
	Pr(X >= 1): 0.837789
** Passed length of longest repeated substring test

Beginning initial tests...

Initial test results
              excursion: 402.565
     numDirectionalRuns: 79523
     lenDirectionalRuns: 12
  numIncreasesDecreases: 74816
          numRunsMedian: 500291
          lenRunsMedian: 24
           avgCollision: 20.845
           maxCollision: 66
         periodicity(1): 24663
         periodicity(2): 24598
         periodicity(8): 24386
        periodicity(16): 24596
        periodicity(32): 24673
          covariance(1): 2.00076e+06
          covariance(2): 2.00016e+06
          covariance(8): 2.00046e+06
         covariance(16): 2.00197e+06
         covariance(32): 1.99986e+06
            compression: 155814

Beginning permutation tests... these may take some time
  0.01% of Permutation test rounds,   0.00% of Permutation tests (Core 13/15, passed_count 0)
  0.02% of Permutation test rounds,   0.00% of Permutation tests (Core 11/15, passed_count 0)
  0.03% of Permutation test rounds,   0.00% of Permutation tests (Core 4/15, passed_count 0)
  0.04% of Permutation test rounds,   0.00% of Permutation tests (Core 3/15, passed_count 0)
  0.05% of Permutation test rounds,   0.00% of Permutation tests (Core 12/15, passed_count 0)
  0.06% of Permutation test rounds,   0.00% of Permutation tests (Core 15/15, passed_count 0)
  0.07% of Permutation test rounds,   0.00% of Permutation tests (Core 5/15, passed_count 0)
  0.08% of Permutation test rounds,   0.00% of Permutation tests (Core 8/15, passed_count 0)
  0.09% of Permutation test rounds,   0.00% of Permutation tests (Core 1/15, passed_count 0)
  0.10% of Permutation test rounds,   0.00% of Permutation tests (Core 9/15, passed_count 0)
  0.11% of Permutation test rounds,   0.00% of Permutation tests (Core 0/15, passed_count 0)
  0.12% of Permutation test rounds,   5.26% of Permutation tests (Core 2/15, passed_count 1)
  0.13% of Permutation test rounds,  10.53% of Permutation tests (Core 7/15, passed_count 2)
  0.14% of Permutation test rounds,  21.05% of Permutation tests (Core 10/15, passed_count 4)
  0.15% of Permutation test rounds,  21.05% of Permutation tests (Core 6/15, passed_count 4)
  0.16% of Permutation test rounds,  21.05% of Permutation tests (Core 14/15, passed_count 4)
  0.17% of Permutation test rounds,  42.11% of Permutation tests (Core 13/15, passed_count 8)
  0.18% of Permutation test rounds,  47.37% of Permutation tests (Core 11/15, passed_count 9)
  0.19% of Permutation test rounds,  52.63% of Permutation tests (Core 4/15, passed_count 10)
  0.20% of Permutation test rounds,  52.63% of Permutation tests (Core 3/15, passed_count 10)
  0.21% of Permutation test rounds,  52.63% of Permutation tests (Core 12/15, passed_count 10)
  0.22% of Permutation test rounds,  57.89% of Permutation tests (Core 5/15, passed_count 11)
  0.23% of Permutation test rounds,  57.89% of Permutation tests (Core 15/15, passed_count 11)
  0.24% of Permutation test rounds,  57.89% of Permutation tests (Core 8/15, passed_count 11)
  0.25% of Permutation test rounds,  57.89% of Permutation tests (Core 13/15, passed_count 11)
  0.26% of Permutation test rounds,  57.89% of Permutation tests (Core 11/15, passed_count 11)
  0.27% of Permutation test rounds,  57.89% of Permutation tests (Core 4/15, passed_count 11)
  0.28% of Permutation test rounds,  57.89% of Permutation tests (Core 3/15, passed_count 11)
  0.29% of Permutation test rounds,  57.89% of Permutation tests (Core 12/15, passed_count 11)
  0.30% of Permutation test rounds,  57.89% of Permutation tests (Core 5/15, passed_count 11)
  0.31% of Permutation test rounds,  57.89% of Permutation tests (Core 15/15, passed_count 11)
  0.32% of Permutation test rounds,  57.89% of Permutation tests (Core 1/15, passed_count 11)
  0.33% of Permutation test rounds,  57.89% of Permutation tests (Core 8/15, passed_count 11)
  0.34% of Permutation test rounds,  57.89% of Permutation tests (Core 9/15, passed_count 11)
  0.35% of Permutation test rounds,  57.89% of Permutation tests (Core 0/15, passed_count 11)
  0.36% of Permutation test rounds,  57.89% of Permutation tests (Core 7/15, passed_count 11)
  0.37% of Permutation test rounds,  57.89% of Permutation tests (Core 2/15, passed_count 11)
  0.38% of Permutation test rounds,  63.16% of Permutation tests (Core 10/15, passed_count 12)
  0.39% of Permutation test rounds,  73.68% of Permutation tests (Core 6/15, passed_count 14)
  0.40% of Permutation test rounds,  73.68% of Permutation tests (Core 14/15, passed_count 14)
  0.41% of Permutation test rounds,  73.68% of Permutation tests (Core 13/15, passed_count 14)
  0.42% of Permutation test rounds,  73.68% of Permutation tests (Core 11/15, passed_count 14)
  0.43% of Permutation test rounds,  78.95% of Permutation tests (Core 4/15, passed_count 15)
  0.44% of Permutation test rounds,  84.21% of Permutation tests (Core 11/15, passed_count 16)
  0.45% of Permutation test rounds,  84.21% of Permutation tests (Core 4/15, passed_count 16)
  0.46% of Permutation test rounds,  89.47% of Permutation tests (Core 3/15, passed_count 17)
  0.47% of Permutation test rounds,  89.47% of Permutation tests (Core 12/15, passed_count 17)
  0.48% of Permutation test rounds,  89.47% of Permutation tests (Core 11/15, passed_count 17)
  0.49% of Permutation test rounds,  89.47% of Permutation tests (Core 4/15, passed_count 17)
  0.50% of Permutation test rounds,  89.47% of Permutation tests (Core 3/15, passed_count 17)
  0.51% of Permutation test rounds,  89.47% of Permutation tests (Core 15/15, passed_count 17)
  0.52% of Permutation test rounds,  89.47% of Permutation tests (Core 12/15, passed_count 17)
  0.53% of Permutation test rounds,  89.47% of Permutation tests (Core 11/15, passed_count 17)
  0.54% of Permutation test rounds,  89.47% of Permutation tests (Core 4/15, passed_count 17)
  0.55% of Permutation test rounds,  89.47% of Permutation tests (Core 3/15, passed_count 17)
  0.56% of Permutation test rounds,  89.47% of Permutation tests (Core 1/15, passed_count 17)
  0.57% of Permutation test rounds,  89.47% of Permutation tests (Core 8/15, passed_count 17)
  0.58% of Permutation test rounds,  89.47% of Permutation tests (Core 15/15, passed_count 17)
  0.59% of Permutation test rounds,  89.47% of Permutation tests (Core 12/15, passed_count 17)
  0.60% of Permutation test rounds,  89.47% of Permutation tests (Core 11/15, passed_count 17)
  0.61% of Permutation test rounds,  89.47% of Permutation tests (Core 4/15, passed_count 17)
  0.62% of Permutation test rounds,  89.47% of Permutation tests (Core 5/15, passed_count 17)
  0.63% of Permutation test rounds,  89.47% of Permutation tests (Core 3/15, passed_count 17)
  0.64% of Permutation test rounds,  89.47% of Permutation tests (Core 1/15, passed_count 17)
  0.65% of Permutation test rounds,  89.47% of Permutation tests (Core 8/15, passed_count 17)
  0.66% of Permutation test rounds,  89.47% of Permutation tests (Core 15/15, passed_count 17)
  0.67% of Permutation test rounds,  89.47% of Permutation tests (Core 12/15, passed_count 17)
  0.68% of Permutation test rounds,  89.47% of Permutation tests (Core 11/15, passed_count 17)
  0.69% of Permutation test rounds,  89.47% of Permutation tests (Core 4/15, passed_count 17)
  0.70% of Permutation test rounds,  89.47% of Permutation tests (Core 5/15, passed_count 17)
  0.71% of Permutation test rounds,  89.47% of Permutation tests (Core 3/15, passed_count 17)
  0.72% of Permutation test rounds,  89.47% of Permutation tests (Core 1/15, passed_count 17)
  0.73% of Permutation test rounds,  89.47% of Permutation tests (Core 8/15, passed_count 17)
  0.74% of Permutation test rounds,  89.47% of Permutation tests (Core 15/15, passed_count 17)
  0.75% of Permutation test rounds,  89.47% of Permutation tests (Core 12/15, passed_count 17)
  0.76% of Permutation test rounds,  89.47% of Permutation tests (Core 11/15, passed_count 17)
  0.77% of Permutation test rounds,  89.47% of Permutation tests (Core 4/15, passed_count 17)
  0.78% of Permutation test rounds,  89.47% of Permutation tests (Core 5/15, passed_count 17)
  0.79% of Permutation test rounds,  89.47% of Permutation tests (Core 3/15, passed_count 17)
  0.80% of Permutation test rounds,  89.47% of Permutation tests (Core 1/15, passed_count 17)
  0.81% of Permutation test rounds,  89.47% of Permutation tests (Core 9/15, passed_count 17)
  0.82% of Permutation test rounds,  89.47% of Permutation tests (Core 8/15, passed_count 17)
  0.83% of Permutation test rounds,  89.47% of Permutation tests (Core 15/15, passed_count 17)
  0.84% of Permutation test rounds,  89.47% of Permutation tests (Core 12/15, passed_count 17)
  0.85% of Permutation test rounds,  89.47% of Permutation tests (Core 0/15, passed_count 17)
  0.86% of Permutation test rounds,  89.47% of Permutation tests (Core 11/15, passed_count 17)
  0.87% of Permutation test rounds,  89.47% of Permutation tests (Core 4/15, passed_count 17)
  0.88% of Permutation test rounds,  89.47% of Permutation tests (Core 5/15, passed_count 17)
  0.89% of Permutation test rounds,  89.47% of Permutation tests (Core 3/15, passed_count 17)
  0.90% of Permutation test rounds,  89.47% of Permutation tests (Core 7/15, passed_count 17)
  0.91% of Permutation test rounds,  89.47% of Permutation tests (Core 1/15, passed_count 17)
  0.92% of Permutation test rounds,  89.47% of Permutation tests (Core 9/15, passed_count 17)
  0.93% of Permutation test rounds,  89.47% of Permutation tests (Core 8/15, passed_count 17)
  0.94% of Permutation test rounds,  89.47% of Permutation tests (Core 15/15, passed_count 17)
  0.95% of Permutation test rounds,  89.47% of Permutation tests (Core 12/15, passed_count 17)
  0.96% of Permutation test rounds,  89.47% of Permutation tests (Core 6/15, passed_count 17)
  0.97% of Permutation test rounds,  89.47% of Permutation tests (Core 2/15, passed_count 17)
  0.98% of Permutation test rounds,  89.47% of Permutation tests (Core 10/15, passed_count 17)
  0.99% of Permutation test rounds,  89.47% of Permutation tests (Core 0/15, passed_count 17)
  1.00% of Permutation test rounds,  89.47% of Permutation tests (Core 11/15, passed_count 17)
  1.01% of Permutation test rounds,  89.47% of Permutation tests (Core 4/15, passed_count 17)
  1.02% of Permutation test rounds,  89.47% of Permutation tests (Core 5/15, passed_count 17)
  1.03% of Permutation test rounds,  89.47% of Permutation tests (Core 14/15, passed_count 17)
  1.04% of Permutation test rounds,  89.47% of Permutation tests (Core 3/15, passed_count 17)
  1.05% of Permutation test rounds,  94.74% of Permutation tests (Core 7/15, passed_count 18)
  1.06% of Permutation test rounds,  94.74% of Permutation tests (Core 9/15, passed_count 18)
  1.07% of Permutation test rounds,  94.74% of Permutation tests (Core 1/15, passed_count 18)
  1.08% of Permutation test rounds,  94.74% of Permutation tests (Core 8/15, passed_count 18)
  1.09% of Permutation test rounds,  94.74% of Permutation tests (Core 15/15, passed_count 18)
  1.10% of Permutation test rounds,  94.74% of Permutation tests (Core 12/15, passed_count 18)
  1.11% of Permutation test rounds,  94.74% of Permutation tests (Core 6/15, passed_count 18)
  1.12% of Permutation test rounds,  94.74% of Permutation tests (Core 2/15, passed_count 18)
  1.13% of Permutation test rounds,  94.74% of Permutation tests (Core 10/15, passed_count 18)
  1.14% of Permutation test rounds,  94.74% of Permutation tests (Core 0/15, passed_count 18)
  1.15% of Permutation test rounds,  94.74% of Permutation tests (Core 11/15, passed_count 18)
  1.16% of Permutation test rounds,  94.74% of Permutation tests (Core 4/15, passed_count 18)
  1.17% of Permutation test rounds,  94.74% of Permutation tests (Core 5/15, passed_count 18)
  1.18% of Permutation test rounds,  94.74% of Permutation tests (Core 14/15, passed_count 18)
  1.19% of Permutation test rounds,  94.74% of Permutation tests (Core 3/15, passed_count 18)
  1.20% of Permutation test rounds,  94.74% of Permutation tests (Core 7/15, passed_count 18)
  1.21% of Permutation test rounds,  94.74% of Permutation tests (Core 9/15, passed_count 18)
  1.22% of Permutation test rounds,  94.74% of Permutation tests (Core 1/15, passed_count 18)
  1.23% of Permutation test rounds,  94.74% of Permutation tests (Core 8/15, passed_count 18)
  1.24% of Permutation test rounds,  94.74% of Permutation tests (Core 15/15, passed_count 18)
  1.25% of Permutation test rounds,  94.74% of Permutation tests (Core 12/15, passed_count 18)
  1.26% of Permutation test rounds,  94.74% of Permutation tests (Core 6/15, passed_count 18)
  1.27% of Permutation test rounds,  94.74% of Permutation tests (Core 2/15, passed_count 18)
  1.28% of Permutation test rounds,  94.74% of Permutation tests (Core 10/15, passed_count 18)
  1.29% of Permutation test rounds,  94.74% of Permutation tests (Core 0/15, passed_count 18)
  1.30% of Permutation test rounds,  94.74% of Permutation tests (Core 11/15, passed_count 18)
  1.31% of Permutation test rounds,  94.74% of Permutation tests (Core 4/15, passed_count 18)
  1.32% of Permutation test rounds,  94.74% of Permutation tests (Core 5/15, passed_count 18)
  1.33% of Permutation test rounds,  94.74% of Permutation tests (Core 14/15, passed_count 18)
  1.34% of Permutation test rounds,  94.74% of Permutation tests (Core 3/15, passed_count 18)
  1.35% of Permutation test rounds,  94.74% of Permutation tests (Core 7/15, passed_count 18)
  1.36% of Permutation test rounds,  94.74% of Permutation tests (Core 9/15, passed_count 18)
  1.37% of Permutation test rounds,  94.74% of Permutation tests (Core 1/15, passed_count 18)
  1.38% of Permutation test rounds,  94.74% of Permutation tests (Core 8/15, passed_count 18)
  1.39% of Permutation test rounds,  94.74% of Permutation tests (Core 15/15, passed_count 18)
  1.40% of Permutation test rounds,  94.74% of Permutation tests (Core 12/15, passed_count 18)
  1.41% of Permutation test rounds,  94.74% of Permutation tests (Core 13/15, passed_count 18)
  1.42% of Permutation test rounds,  94.74% of Permutation tests (Core 6/15, passed_count 18)
  1.43% of Permutation test rounds,  94.74% of Permutation tests (Core 2/15, passed_count 18)
  1.44% of Permutation test rounds,  94.74% of Permutation tests (Core 10/15, passed_count 18)
  1.45% of Permutation test rounds,  94.74% of Permutation tests (Core 0/15, passed_count 18)
  1.46% of Permutation test rounds,  94.74% of Permutation tests (Core 11/15, passed_count 18)
  1.47% of Permutation test rounds,  94.74% of Permutation tests (Core 4/15, passed_count 18)
  1.48% of Permutation test rounds,  94.74% of Permutation tests (Core 5/15, passed_count 18)
  1.49% of Permutation test rounds,  94.74% of Permutation tests (Core 14/15, passed_count 18)
  1.50% of Permutation test rounds,  94.74% of Permutation tests (Core 3/15, passed_count 18)
  1.51% of Permutation test rounds,  94.74% of Permutation tests (Core 7/15, passed_count 18)
  1.52% of Permutation test rounds,  94.74% of Permutation tests (Core 9/15, passed_count 18)
  1.53% of Permutation test rounds,  94.74% of Permutation tests (Core 1/15, passed_count 18)
  1.54% of Permutation test rounds,  94.74% of Permutation tests (Core 8/15, passed_count 18)
  1.55% of Permutation test rounds,  94.74% of Permutation tests (Core 15/15, passed_count 18)
  1.56% of Permutation test rounds,  94.74% of Permutation tests (Core 12/15, passed_count 18)
  1.57% of Permutation test rounds,  94.74% of Permutation tests (Core 13/15, passed_count 18)
  1.58% of Permutation test rounds,  94.74% of Permutation tests (Core 6/15, passed_count 18)
  1.59% of Permutation test rounds,  94.74% of Permutation tests (Core 2/15, passed_count 18)
  1.60% of Permutation test rounds,  94.74% of Permutation tests (Core 10/15, passed_count 18)
  1.61% of Permutation test rounds,  94.74% of Permutation tests (Core 0/15, passed_count 18)
  1.62% of Permutation test rounds,  94.74% of Permutation tests (Core 11/15, passed_count 18)
  1.63% of Permutation test rounds,  94.74% of Permutation tests (Core 4/15, passed_count 18)
  1.64% of Permutation test rounds,  94.74% of Permutation tests (Core 5/15, passed_count 18)
  1.65% of Permutation test rounds,  94.74% of Permutation tests (Core 14/15, passed_count 18)
  1.66% of Permutation test rounds,  94.74% of Permutation tests (Core 3/15, passed_count 18)
  1.67% of Permutation test rounds,  94.74% of Permutation tests (Core 7/15, passed_count 18)
  1.68% of Permutation test rounds,  94.74% of Permutation tests (Core 9/15, passed_count 18)
  1.69% of Permutation test rounds,  94.74% of Permutation tests (Core 1/15, passed_count 18)
  1.70% of Permutation test rounds,  94.74% of Permutation tests (Core 8/15, passed_count 18)
  1.71% of Permutation test rounds,  94.74% of Permutation tests (Core 15/15, passed_count 18)
  1.72% of Permutation test rounds,  94.74% of Permutation tests (Core 12/15, passed_count 18)
  1.73% of Permutation test rounds,  94.74% of Permutation tests (Core 13/15, passed_count 18)
  1.74% of Permutation test rounds,  94.74% of Permutation tests (Core 6/15, passed_count 18)
  1.75% of Permutation test rounds,  94.74% of Permutation tests (Core 2/15, passed_count 18)
  1.76% of Permutation test rounds,  94.74% of Permutation tests (Core 10/15, passed_count 18)
  1.77% of Permutation test rounds,  94.74% of Permutation tests (Core 0/15, passed_count 18)
  1.78% of Permutation test rounds,  94.74% of Permutation tests (Core 11/15, passed_count 18)
  1.79% of Permutation test rounds,  94.74% of Permutation tests (Core 4/15, passed_count 18)
  1.80% of Permutation test rounds,  94.74% of Permutation tests (Core 5/15, passed_count 18)
  1.81% of Permutation test rounds,  94.74% of Permutation tests (Core 14/15, passed_count 18)
  1.82% of Permutation test rounds,  94.74% of Permutation tests (Core 3/15, passed_count 18)
  1.83% of Permutation test rounds,  94.74% of Permutation tests (Core 7/15, passed_count 18)
  1.84% of Permutation test rounds,  94.74% of Permutation tests (Core 9/15, passed_count 18)
  1.85% of Permutation test rounds,  94.74% of Permutation tests (Core 1/15, passed_count 18)
  1.86% of Permutation test rounds,  94.74% of Permutation tests (Core 8/15, passed_count 18)
  1.87% of Permutation test rounds,  94.74% of Permutation tests (Core 15/15, passed_count 18)
  1.88% of Permutation test rounds,  94.74% of Permutation tests (Core 12/15, passed_count 18)
  1.89% of Permutation test rounds,  94.74% of Permutation tests (Core 13/15, passed_count 18)
  1.90% of Permutation test rounds,  94.74% of Permutation tests (Core 6/15, passed_count 18)
  1.91% of Permutation test rounds,  94.74% of Permutation tests (Core 2/15, passed_count 18)
  1.92% of Permutation test rounds,  94.74% of Permutation tests (Core 10/15, passed_count 18)
  1.93% of Permutation test rounds,  94.74% of Permutation tests (Core 0/15, passed_count 18)
  1.94% of Permutation test rounds,  94.74% of Permutation tests (Core 11/15, passed_count 18)
  1.95% of Permutation test rounds,  94.74% of Permutation tests (Core 4/15, passed_count 18)
  1.96% of Permutation test rounds,  94.74% of Permutation tests (Core 5/15, passed_count 18)
  1.97% of Permutation test rounds,  94.74% of Permutation tests (Core 14/15, passed_count 18)
  1.98% of Permutation test rounds,  94.74% of Permutation tests (Core 3/15, passed_count 18)
  1.99% of Permutation test rounds,  94.74% of Permutation tests (Core 7/15, passed_count 18)
  2.00% of Permutation test rounds,  94.74% of Permutation tests (Core 9/15, passed_count 18)
  2.01% of Permutation test rounds,  94.74% of Permutation tests (Core 1/15, passed_count 18)
  2.02% of Permutation test rounds,  94.74% of Permutation tests (Core 8/15, passed_count 18)
  2.03% of Permutation test rounds,  94.74% of Permutation tests (Core 15/15, passed_count 18)
  2.04% of Permutation test rounds,  94.74% of Permutation tests (Core 12/15, passed_count 18)
  2.05% of Permutation test rounds,  94.74% of Permutation tests (Core 13/15, passed_count 18)
  2.06% of Permutation test rounds,  94.74% of Permutation tests (Core 6/15, passed_count 18)
  2.07% of Permutation test rounds,  94.74% of Permutation tests (Core 2/15, passed_count 18)
  2.08% of Permutation test rounds,  94.74% of Permutation tests (Core 10/15, passed_count 18)
  2.09% of Permutation test rounds,  94.74% of Permutation tests (Core 0/15, passed_count 18)
  2.10% of Permutation test rounds,  94.74% of Permutation tests (Core 11/15, passed_count 18)
  2.11% of Permutation test rounds,  94.74% of Permutation tests (Core 4/15, passed_count 18)
  2.12% of Permutation test rounds,  94.74% of Permutation tests (Core 5/15, passed_count 18)
  2.13% of Permutation test rounds,  94.74% of Permutation tests (Core 14/15, passed_count 18)
  2.14% of Permutation test rounds,  94.74% of Permutation tests (Core 3/15, passed_count 18)
  2.15% of Permutation test rounds,  94.74% of Permutation tests (Core 7/15, passed_count 18)
  2.16% of Permutation test rounds,  94.74% of Permutation tests (Core 9/15, passed_count 18)
  2.17% of Permutation test rounds,  94.74% of Permutation tests (Core 1/15, passed_count 18)
  2.18% of Permutation test rounds,  94.74% of Permutation tests (Core 8/15, passed_count 18)
  2.19% of Permutation test rounds,  94.74% of Permutation tests (Core 15/15, passed_count 18)
  2.20% of Permutation test rounds,  94.74% of Permutation tests (Core 12/15, passed_count 18)
  2.21% of Permutation test rounds,  94.74% of Permutation tests (Core 13/15, passed_count 18)
  2.22% of Permutation test rounds,  94.74% of Permutation tests (Core 6/15, passed_count 18)
  2.23% of Permutation test rounds,  94.74% of Permutation tests (Core 2/15, passed_count 18)
  2.24% of Permutation test rounds,  94.74% of Permutation tests (Core 10/15, passed_count 18)
  2.25% of Permutation test rounds,  94.74% of Permutation tests (Core 0/15, passed_count 18)
  2.26% of Permutation test rounds,  94.74% of Permutation tests (Core 11/15, passed_count 18)
  2.27% of Permutation test rounds,  94.74% of Permutation tests (Core 4/15, passed_count 18)
  2.28% of Permutation test rounds,  94.74% of Permutation tests (Core 5/15, passed_count 18)
  2.29% of Permutation test rounds,  94.74% of Permutation tests (Core 14/15, passed_count 18)
  2.30% of Permutation test rounds,  94.74% of Permutation tests (Core 3/15, passed_count 18)
  2.31% of Permutation test rounds,  94.74% of Permutation tests (Core 7/15, passed_count 18)
  2.32% of Permutation test rounds,  94.74% of Permutation tests (Core 9/15, passed_count 18)
  2.33% of Permutation test rounds,  94.74% of Permutation tests (Core 1/15, passed_count 18)
  2.34% of Permutation test rounds,  94.74% of Permutation tests (Core 8/15, passed_count 18)
  2.35% of Permutation test rounds,  94.74% of Permutation tests (Core 15/15, passed_count 18)
  2.36% of Permutation test rounds,  94.74% of Permutation tests (Core 12/15, passed_count 18)
  2.37% of Permutation test rounds,  94.74% of Permutation tests (Core 13/15, passed_count 18)
  2.38% of Permutation test rounds,  94.74% of Permutation tests (Core 6/15, passed_count 18)
  2.39% of Permutation test rounds,  94.74% of Permutation tests (Core 2/15, passed_count 18)
  2.40% of Permutation test rounds,  94.74% of Permutation tests (Core 10/15, passed_count 18)
  2.41% of Permutation test rounds,  94.74% of Permutation tests (Core 0/15, passed_count 18)
  2.42% of Permutation test rounds,  94.74% of Permutation tests (Core 11/15, passed_count 18)
  2.43% of Permutation test rounds,  94.74% of Permutation tests (Core 4/15, passed_count 18)
  2.44% of Permutation test rounds,  94.74% of Permutation tests (Core 5/15, passed_count 18)
  2.45% of Permutation test rounds,  94.74% of Permutation tests (Core 14/15, passed_count 18)
  2.46% of Permutation test rounds,  94.74% of Permutation tests (Core 3/15, passed_count 18)
  2.47% of Permutation test rounds,  94.74% of Permutation tests (Core 7/15, passed_count 18)
  2.48% of Permutation test rounds, 100.00% of Permutation tests (Core 9/15, passed_count 19)
  8.60% of Permutation test rounds, 100.00% of Permutation tests (Core 1/15, passed_count 19)
 14.69% of Permutation test rounds, 100.00% of Permutation tests (Core 8/15, passed_count 19)
 20.77% of Permutation test rounds, 100.00% of Permutation tests (Core 15/15, passed_count 19)
 26.84% of Permutation test rounds, 100.00% of Permutation tests (Core 12/15, passed_count 19)
 32.90% of Permutation test rounds, 100.00% of Permutation tests (Core 13/15, passed_count 19)
 39.04% of Permutation test rounds, 100.00% of Permutation tests (Core 6/15, passed_count 19)
 45.17% of Permutation test rounds, 100.00% of Permutation tests (Core 2/15, passed_count 19)
 51.30% of Permutation test rounds, 100.00% of Permutation tests (Core 10/15, passed_count 19)
 57.43% of Permutation test rounds, 100.00% of Permutation tests (Core 0/15, passed_count 19)
 63.55% of Permutation test rounds, 100.00% of Permutation tests (Core 11/15, passed_count 19)
 69.59% of Permutation test rounds, 100.00% of Permutation tests (Core 4/15, passed_count 19)
 75.63% of Permutation test rounds, 100.00% of Permutation tests (Core 5/15, passed_count 19)
 81.71% of Permutation test rounds, 100.00% of Permutation tests (Core 14/15, passed_count 19)
 87.84% of Permutation test rounds, 100.00% of Permutation tests (Core 3/15, passed_count 19)
 93.89% of Permutation test rounds, 100.00% of Permutation tests (Core 7/15, passed_count 19)


                statistic  C[i][0]  C[i][1]  C[i][2]
----------------------------------------------------
                excursion      11       0       6
       numDirectionalRuns      40       0       6
       lenDirectionalRuns       1       5      32
    numIncreasesDecreases       7       0       6
            numRunsMedian       6       0      11
            lenRunsMedian       2       4      99
             avgCollision       6       0      13
             maxCollision       6       0       8
           periodicity(1)       6       0      11
           periodicity(2)       8       0       6
           periodicity(8)      33       1       5
          periodicity(16)       6       0       6
          periodicity(32)       6       0      11
            covariance(1)      12       0       6
            covariance(2)      38       0       6
            covariance(8)      16       0       6
           covariance(16)       6       0     242
           covariance(32)      33       0       6
              compression      37       0       6
(* denotes failed test)

** Passed IID permutation tests

your 131072x1 screen size is bogus. expect trouble
your 131072x1 screen size is bogus. expect trouble
Identity added: /home/mmggjj/.ssh/id_ed25519 (mariogj.03@gmail.com)
tiempo_s=4.61 maxrss_kB=165372
--- condD_rep1_noniid_b8: exit 0, 6 s ---
Agent pid 423
Opening file: '/mnt/c/Users/mario/Documents/TFM_RNG/tfm_esp32_rng/results/condD_rep1.bin' (SHA-256 hash bfccaf8c712b9cb002928bdd33a21ba8858ff28eeebf02161e0b739d99240ee4)
Loaded 125000 samples of 256 distinct 8-bit-wide symbols
Number of Binary Symbols: 1000000

*** Warning: data contains less than 1000000 samples ***


Running non-IID tests...

Running Most Common Value Estimate...
Bitstring MCV Estimate: mode = 500147, p-hat = 0.50014700000000001, p_u = 0.50143491524007111
	Most Common Value Estimate (bit string) = 0.995866 / 1 bit(s)
Literal MCV Estimate: mode = 561, p-hat = 0.0044879999999999998, p_u = 0.0049749826449040401
	Most Common Value Estimate = 7.651093 / 8 bit(s)

Running Entropic Statistic Estimates (bit strings only)...
Bitstring Collision Estimate: X-bar = 2.5002187691422999, sigma-hat = 0.50000057719586477, p = 0.53014709083348444
	Collision Test Estimate (bit string) = 0.915535 / 1 bit(s)
Bitstring Markov Estimate: P_0 = 0.50014700000000001, P_1 = 0.49985299999999999, P_0,0 = 0.49978006422124738, P_0,1 = 0.50021993577875268, P_1,0 = 0.50051515145452763, P_1,1 = 0.49948484854547237, p_max = 3.2261733955711528e-39
	Markov Test Estimate (bit string) = 0.998948 / 1 bit(s)
Bitstring Compression Estimate: X-bar = 5.2227890278292959, sigma-hat = 1.0127231414162643, p = 0.021386935169734222
	Compression Test Estimate (bit string) = 0.924521 / 1 bit(s)

Running Tuple Estimates...
Bitstring t-Tuple Estimate: t = 15, p-hat_max = 0.5230507414148808378266, p_u = 0.524337287349360094222
Bitstring LRS Estimate: u = 16, v = 39, p-hat = 0.50662783614782135, p_u = 0.50791563828695032
	T-Tuple Test Estimate (bit string) = 0.931433 / 1 bit(s)
Literal t-Tuple Estimate: t = 1, p-hat_max = 0.004488000000000000000197, p_u = 0.004974982644904039780672
Literal LRS Estimate: u = 2, v = 3, p-hat = 0.0040396603985395786, p_u = 0.0045017830548272229
	T-Tuple Test Estimate = 7.651093 / 8 bit(s)
	LRS Test Estimate (bit string) = 0.977339 / 1 bit(s)
	LRS Test Estimate = 7.795288 / 8 bit(s)

Running Predictor Estimates...
Bitstring MultiMCW Prediction Estimate: N = 999937, Pglobal' = 0.50092243249491075 (C = 499603) Plocal can't affect result (r = 25)
	Multi Most Common in Window (MultiMCW) Prediction Test Estimate (bit string) = 0.997341 / 1 bit(s)
Literal MultiMCW Prediction Estimate: N = 124937, Pglobal' = 0.0044282533266693748 (C = 496) Plocal can't affect result (r = 3)
	Multi Most Common in Window (MultiMCW) Prediction Test Estimate = 7.819047 / 8 bit(s)
Bitstring Lag Prediction Estimate: N = 999999, Pglobal' = 0.50153141603046414 (C = 500243) Plocal can't affect result (r = 20)
	Lag Prediction Test Estimate (bit string) = 0.995588 / 1 bit(s)
Literal Lag Prediction Estimate: N = 124999, Pglobal' = 0.0043245038273006771 (C = 484) Plocal can't affect result (r = 3)
	Lag Prediction Test Estimate = 7.853250 / 8 bit(s)
Bitstring MultiMMC Prediction Estimate: N = 999998, Pglobal' = 0.50190491683705751 (C = 500616) Plocal can't affect result (r = 18)
	Multi Markov Model with Counting (MultiMMC) Prediction Test Estimate (bit string) = 0.994514 / 1 bit(s)
Literal MultiMMC Prediction Estimate: N = 124998, Pglobal' = 0.0043245384168639558 (C = 484) Plocal can't affect result (r = 3)
	Multi Markov Model with Counting (MultiMMC) Prediction Test Estimate = 7.853238 / 8 bit(s)
Bitstring LZ78Y Prediction Estimate: N = 999983, Pglobal' = 0.50100142116114099 (C = 499705) Plocal can't affect result (r = 20)
	LZ78Y Prediction Test Estimate (bit string) = 0.997113 / 1 bit(s)
Literal LZ78Y Prediction Estimate: N = 124983, Pglobal' = 0.0043335238447129078 (C = 485) Plocal can't affect result (r = 3)
	LZ78Y Prediction Test Estimate = 7.850244 / 8 bit(s)

H_original: 7.651093
H_bitstring: 0.915535
min(H_original, 8 X H_bitstring): 7.324283
your 131072x1 screen size is bogus. expect trouble
your 131072x1 screen size is bogus. expect trouble
Identity added: /home/mmggjj/.ssh/id_ed25519 (mariogj.03@gmail.com)
tiempo_s=5.55 maxrss_kB=288752
--- condD_rep1_iid_b8: exit 0, 1 s ---
Agent pid 423
Opening file: '/mnt/c/Users/mario/Documents/TFM_RNG/tfm_esp32_rng/results/condD_rep1.bin' (SHA-256 hash bfccaf8c712b9cb002928bdd33a21ba8858ff28eeebf02161e0b739d99240ee4)
Loaded 125000 samples of 256 distinct 8-bit-wide symbols
Number of Binary samples: 1000000

*** Warning: data contains less than 1000000 samples ***

Calculating baseline statistics...
	Raw Mean: 127.407424
	Median: 128.000000
	Binary: false

Literal MCV Estimate: mode = 561, p-hat = 0.0044879999999999998, p_u = 0.0049749826449040401
Bitstring MCV Estimate: mode = 500147, p-hat = 0.50014700000000001, p_u = 0.50143491524007111
H_original: 7.651093
H_bitstring: 0.995866
min(H_original, 8 X H_bitstring): 7.651093
Chi square independence
	score = 11369.575092
	degrees of freedom = 11110
	p-value = 0.041596

Chi square goodness of fit
	score = 2539.170112
	degrees of freedom = 2295
	p-value = 0.000239

** Failed chi square tests

Literal Longest Repeated Substring results
	P_col: 0.003915
	Length of LRS: 3
	Pr(X >= 1): 1.000000
** Passed length of longest repeated substring test

Beginning initial tests...

Initial test results
              excursion: 18218.8
     numDirectionalRuns: 83500
     lenDirectionalRuns: 7
  numIncreasesDecreases: 62727
          numRunsMedian: 62619
          lenRunsMedian: 17
           avgCollision: 20.8185
           maxCollision: 70
         periodicity(1): 510
         periodicity(2): 499
         periodicity(8): 447
        periodicity(16): 482
        periodicity(32): 509
          covariance(1): 2.0288e+09
          covariance(2): 2.02755e+09
          covariance(8): 2.02822e+09
         covariance(16): 2.03089e+09
         covariance(32): 2.02777e+09
            compression: 133344

Beginning permutation tests... these may take some time
  0.01% of Permutation test rounds,   0.00% of Permutation tests (Core 12/15, passed_count 0)
  0.02% of Permutation test rounds,   0.00% of Permutation tests (Core 9/15, passed_count 0)
  0.03% of Permutation test rounds,   0.00% of Permutation tests (Core 5/15, passed_count 0)
  0.04% of Permutation test rounds,   0.00% of Permutation tests (Core 2/15, passed_count 0)
  0.05% of Permutation test rounds,   0.00% of Permutation tests (Core 4/15, passed_count 0)
  0.06% of Permutation test rounds,   0.00% of Permutation tests (Core 0/15, passed_count 0)
  0.07% of Permutation test rounds,   0.00% of Permutation tests (Core 13/15, passed_count 0)
  0.08% of Permutation test rounds,   0.00% of Permutation tests (Core 11/15, passed_count 0)
  0.09% of Permutation test rounds,   0.00% of Permutation tests (Core 14/15, passed_count 0)
  0.10% of Permutation test rounds,   0.00% of Permutation tests (Core 1/15, passed_count 0)
  0.11% of Permutation test rounds,   0.00% of Permutation tests (Core 10/15, passed_count 0)
  0.12% of Permutation test rounds,  10.53% of Permutation tests (Core 7/15, passed_count 2)
  0.13% of Permutation test rounds,  21.05% of Permutation tests (Core 6/15, passed_count 4)
  0.14% of Permutation test rounds,  26.32% of Permutation tests (Core 15/15, passed_count 5)
  0.15% of Permutation test rounds,  26.32% of Permutation tests (Core 3/15, passed_count 5)
  0.16% of Permutation test rounds,  26.32% of Permutation tests (Core 8/15, passed_count 5)
  0.17% of Permutation test rounds,  31.58% of Permutation tests (Core 12/15, passed_count 6)
  0.18% of Permutation test rounds,  31.58% of Permutation tests (Core 5/15, passed_count 6)
  0.19% of Permutation test rounds,  31.58% of Permutation tests (Core 2/15, passed_count 6)
  0.20% of Permutation test rounds,  36.84% of Permutation tests (Core 4/15, passed_count 7)
  0.21% of Permutation test rounds,  42.11% of Permutation tests (Core 13/15, passed_count 8)
  0.22% of Permutation test rounds,  42.11% of Permutation tests (Core 11/15, passed_count 8)
  0.23% of Permutation test rounds,  42.11% of Permutation tests (Core 14/15, passed_count 8)
  0.24% of Permutation test rounds,  42.11% of Permutation tests (Core 1/15, passed_count 8)
  0.25% of Permutation test rounds,  52.63% of Permutation tests (Core 9/15, passed_count 10)
  0.26% of Permutation test rounds,  52.63% of Permutation tests (Core 0/15, passed_count 10)
  0.27% of Permutation test rounds,  52.63% of Permutation tests (Core 3/15, passed_count 10)
  0.28% of Permutation test rounds,  52.63% of Permutation tests (Core 6/15, passed_count 10)
  0.29% of Permutation test rounds,  52.63% of Permutation tests (Core 12/15, passed_count 10)
  0.30% of Permutation test rounds,  52.63% of Permutation tests (Core 5/15, passed_count 10)
  0.31% of Permutation test rounds,  57.89% of Permutation tests (Core 2/15, passed_count 11)
  0.32% of Permutation test rounds,  57.89% of Permutation tests (Core 10/15, passed_count 11)
  0.33% of Permutation test rounds,  57.89% of Permutation tests (Core 15/15, passed_count 11)
  0.34% of Permutation test rounds,  57.89% of Permutation tests (Core 4/15, passed_count 11)
  0.35% of Permutation test rounds,  57.89% of Permutation tests (Core 7/15, passed_count 11)
  0.36% of Permutation test rounds,  68.42% of Permutation tests (Core 13/15, passed_count 13)
  0.37% of Permutation test rounds,  68.42% of Permutation tests (Core 11/15, passed_count 13)
  0.38% of Permutation test rounds,  68.42% of Permutation tests (Core 1/15, passed_count 13)
  0.39% of Permutation test rounds,  68.42% of Permutation tests (Core 8/15, passed_count 13)
  0.40% of Permutation test rounds,  68.42% of Permutation tests (Core 14/15, passed_count 13)
  0.41% of Permutation test rounds,  68.42% of Permutation tests (Core 3/15, passed_count 13)
  0.42% of Permutation test rounds,  78.95% of Permutation tests (Core 12/15, passed_count 15)
  0.43% of Permutation test rounds,  78.95% of Permutation tests (Core 5/15, passed_count 15)
  0.44% of Permutation test rounds,  78.95% of Permutation tests (Core 9/15, passed_count 15)
  0.45% of Permutation test rounds,  84.21% of Permutation tests (Core 2/15, passed_count 16)
  0.46% of Permutation test rounds,  84.21% of Permutation tests (Core 4/15, passed_count 16)
  0.47% of Permutation test rounds,  84.21% of Permutation tests (Core 0/15, passed_count 16)
  0.48% of Permutation test rounds,  84.21% of Permutation tests (Core 13/15, passed_count 16)
  0.49% of Permutation test rounds,  84.21% of Permutation tests (Core 1/15, passed_count 16)
  0.50% of Permutation test rounds,  84.21% of Permutation tests (Core 6/15, passed_count 16)
  0.51% of Permutation test rounds,  84.21% of Permutation tests (Core 14/15, passed_count 16)
  0.52% of Permutation test rounds,  89.47% of Permutation tests (Core 11/15, passed_count 17)
  0.53% of Permutation test rounds,  89.47% of Permutation tests (Core 10/15, passed_count 17)
  0.54% of Permutation test rounds,  89.47% of Permutation tests (Core 15/15, passed_count 17)
  0.55% of Permutation test rounds,  89.47% of Permutation tests (Core 7/15, passed_count 17)
  0.56% of Permutation test rounds,  89.47% of Permutation tests (Core 8/15, passed_count 17)
  0.57% of Permutation test rounds,  89.47% of Permutation tests (Core 3/15, passed_count 17)
  0.58% of Permutation test rounds,  89.47% of Permutation tests (Core 12/15, passed_count 17)
  0.59% of Permutation test rounds,  89.47% of Permutation tests (Core 5/15, passed_count 17)
  0.60% of Permutation test rounds,  89.47% of Permutation tests (Core 4/15, passed_count 17)
  0.61% of Permutation test rounds,  89.47% of Permutation tests (Core 13/15, passed_count 17)
  0.62% of Permutation test rounds,  89.47% of Permutation tests (Core 2/15, passed_count 17)
  0.63% of Permutation test rounds,  89.47% of Permutation tests (Core 1/15, passed_count 17)
  0.64% of Permutation test rounds,  89.47% of Permutation tests (Core 9/15, passed_count 17)
  0.65% of Permutation test rounds,  89.47% of Permutation tests (Core 0/15, passed_count 17)
  0.66% of Permutation test rounds,  89.47% of Permutation tests (Core 11/15, passed_count 17)
  0.67% of Permutation test rounds,  89.47% of Permutation tests (Core 14/15, passed_count 17)
  0.68% of Permutation test rounds,  89.47% of Permutation tests (Core 6/15, passed_count 17)
  0.69% of Permutation test rounds,  89.47% of Permutation tests (Core 7/15, passed_count 17)
  0.70% of Permutation test rounds,  89.47% of Permutation tests (Core 10/15, passed_count 17)
  0.71% of Permutation test rounds,  89.47% of Permutation tests (Core 15/15, passed_count 17)
  0.72% of Permutation test rounds,  89.47% of Permutation tests (Core 5/15, passed_count 17)
  0.73% of Permutation test rounds,  89.47% of Permutation tests (Core 8/15, passed_count 17)
  0.74% of Permutation test rounds,  89.47% of Permutation tests (Core 3/15, passed_count 17)
  0.75% of Permutation test rounds,  89.47% of Permutation tests (Core 12/15, passed_count 17)
  0.76% of Permutation test rounds,  89.47% of Permutation tests (Core 4/15, passed_count 17)
  0.77% of Permutation test rounds,  89.47% of Permutation tests (Core 13/15, passed_count 17)
  0.78% of Permutation test rounds,  89.47% of Permutation tests (Core 1/15, passed_count 17)
  0.79% of Permutation test rounds,  89.47% of Permutation tests (Core 0/15, passed_count 17)
  0.80% of Permutation test rounds,  89.47% of Permutation tests (Core 11/15, passed_count 17)
  0.81% of Permutation test rounds,  89.47% of Permutation tests (Core 9/15, passed_count 17)
  0.82% of Permutation test rounds,  89.47% of Permutation tests (Core 2/15, passed_count 17)
  0.83% of Permutation test rounds,  89.47% of Permutation tests (Core 14/15, passed_count 17)
  0.84% of Permutation test rounds,  89.47% of Permutation tests (Core 6/15, passed_count 17)
  0.85% of Permutation test rounds,  89.47% of Permutation tests (Core 7/15, passed_count 17)
  0.86% of Permutation test rounds,  89.47% of Permutation tests (Core 5/15, passed_count 17)
  0.87% of Permutation test rounds,  94.74% of Permutation tests (Core 10/15, passed_count 18)
  0.88% of Permutation test rounds,  94.74% of Permutation tests (Core 10/15, passed_count 18)
  0.89% of Permutation test rounds,  94.74% of Permutation tests (Core 10/15, passed_count 18)
  0.90% of Permutation test rounds,  94.74% of Permutation tests (Core 15/15, passed_count 18)
  0.91% of Permutation test rounds,  94.74% of Permutation tests (Core 10/15, passed_count 18)
  0.92% of Permutation test rounds,  94.74% of Permutation tests (Core 15/15, passed_count 18)
  0.93% of Permutation test rounds,  94.74% of Permutation tests (Core 10/15, passed_count 18)
  0.94% of Permutation test rounds,  94.74% of Permutation tests (Core 12/15, passed_count 18)
  0.95% of Permutation test rounds,  94.74% of Permutation tests (Core 15/15, passed_count 18)
  0.96% of Permutation test rounds,  94.74% of Permutation tests (Core 13/15, passed_count 18)
  0.97% of Permutation test rounds,  94.74% of Permutation tests (Core 12/15, passed_count 18)
  0.98% of Permutation test rounds,  94.74% of Permutation tests (Core 10/15, passed_count 18)
  0.99% of Permutation test rounds,  94.74% of Permutation tests (Core 1/15, passed_count 18)
  1.00% of Permutation test rounds,  94.74% of Permutation tests (Core 15/15, passed_count 18)
  1.01% of Permutation test rounds,  94.74% of Permutation tests (Core 13/15, passed_count 18)
  1.02% of Permutation test rounds,  94.74% of Permutation tests (Core 13/15, passed_count 18)
  1.03% of Permutation test rounds,  94.74% of Permutation tests (Core 10/15, passed_count 18)
  1.04% of Permutation test rounds,  94.74% of Permutation tests (Core 10/15, passed_count 18)
  1.05% of Permutation test rounds,  94.74% of Permutation tests (Core 3/15, passed_count 18)
  1.06% of Permutation test rounds,  94.74% of Permutation tests (Core 10/15, passed_count 18)
  1.07% of Permutation test rounds,  94.74% of Permutation tests (Core 10/15, passed_count 18)
  1.08% of Permutation test rounds,  94.74% of Permutation tests (Core 10/15, passed_count 18)
  1.09% of Permutation test rounds,  94.74% of Permutation tests (Core 10/15, passed_count 18)
  1.10% of Permutation test rounds,  94.74% of Permutation tests (Core 10/15, passed_count 18)
  1.11% of Permutation test rounds,  94.74% of Permutation tests (Core 8/15, passed_count 18)
  1.12% of Permutation test rounds,  94.74% of Permutation tests (Core 10/15, passed_count 18)
  1.13% of Permutation test rounds,  94.74% of Permutation tests (Core 10/15, passed_count 18)
  1.14% of Permutation test rounds,  94.74% of Permutation tests (Core 10/15, passed_count 18)
  1.15% of Permutation test rounds,  94.74% of Permutation tests (Core 10/15, passed_count 18)
  1.16% of Permutation test rounds,  94.74% of Permutation tests (Core 10/15, passed_count 18)
  1.17% of Permutation test rounds,  94.74% of Permutation tests (Core 10/15, passed_count 18)
  1.18% of Permutation test rounds,  94.74% of Permutation tests (Core 8/15, passed_count 18)
  1.19% of Permutation test rounds,  94.74% of Permutation tests (Core 8/15, passed_count 18)
  1.20% of Permutation test rounds,  94.74% of Permutation tests (Core 4/15, passed_count 18)
  1.21% of Permutation test rounds,  94.74% of Permutation tests (Core 8/15, passed_count 18)
  1.22% of Permutation test rounds,  94.74% of Permutation tests (Core 8/15, passed_count 18)
  1.23% of Permutation test rounds,  94.74% of Permutation tests (Core 8/15, passed_count 18)
  1.24% of Permutation test rounds,  94.74% of Permutation tests (Core 8/15, passed_count 18)
  1.25% of Permutation test rounds,  94.74% of Permutation tests (Core 8/15, passed_count 18)
  1.26% of Permutation test rounds,  94.74% of Permutation tests (Core 8/15, passed_count 18)
  1.27% of Permutation test rounds,  94.74% of Permutation tests (Core 8/15, passed_count 18)
  1.28% of Permutation test rounds,  94.74% of Permutation tests (Core 4/15, passed_count 18)
  1.29% of Permutation test rounds,  94.74% of Permutation tests (Core 4/15, passed_count 18)
  1.30% of Permutation test rounds,  94.74% of Permutation tests (Core 4/15, passed_count 18)
  1.31% of Permutation test rounds,  94.74% of Permutation tests (Core 4/15, passed_count 18)
  1.32% of Permutation test rounds,  94.74% of Permutation tests (Core 4/15, passed_count 18)
  1.33% of Permutation test rounds,  94.74% of Permutation tests (Core 4/15, passed_count 18)
  1.34% of Permutation test rounds,  94.74% of Permutation tests (Core 4/15, passed_count 18)
  1.35% of Permutation test rounds,  94.74% of Permutation tests (Core 4/15, passed_count 18)
  1.36% of Permutation test rounds,  94.74% of Permutation tests (Core 4/15, passed_count 18)
  1.37% of Permutation test rounds,  94.74% of Permutation tests (Core 4/15, passed_count 18)
  1.38% of Permutation test rounds,  94.74% of Permutation tests (Core 4/15, passed_count 18)
  1.39% of Permutation test rounds,  94.74% of Permutation tests (Core 9/15, passed_count 18)
  1.40% of Permutation test rounds,  94.74% of Permutation tests (Core 4/15, passed_count 18)
  1.41% of Permutation test rounds,  94.74% of Permutation tests (Core 2/15, passed_count 18)
  1.42% of Permutation test rounds,  94.74% of Permutation tests (Core 4/15, passed_count 18)
  1.43% of Permutation test rounds,  94.74% of Permutation tests (Core 4/15, passed_count 18)
  1.44% of Permutation test rounds,  94.74% of Permutation tests (Core 4/15, passed_count 18)
  1.45% of Permutation test rounds,  94.74% of Permutation tests (Core 4/15, passed_count 18)
  1.46% of Permutation test rounds,  94.74% of Permutation tests (Core 4/15, passed_count 18)
  1.47% of Permutation test rounds,  94.74% of Permutation tests (Core 4/15, passed_count 18)
  1.48% of Permutation test rounds,  94.74% of Permutation tests (Core 0/15, passed_count 18)
  1.49% of Permutation test rounds,  94.74% of Permutation tests (Core 4/15, passed_count 18)
  1.50% of Permutation test rounds,  94.74% of Permutation tests (Core 4/15, passed_count 18)
  1.51% of Permutation test rounds,  94.74% of Permutation tests (Core 4/15, passed_count 18)
  1.52% of Permutation test rounds,  94.74% of Permutation tests (Core 4/15, passed_count 18)
  1.53% of Permutation test rounds,  94.74% of Permutation tests (Core 4/15, passed_count 18)
  1.54% of Permutation test rounds,  94.74% of Permutation tests (Core 4/15, passed_count 18)
  1.55% of Permutation test rounds,  94.74% of Permutation tests (Core 4/15, passed_count 18)
  1.56% of Permutation test rounds,  94.74% of Permutation tests (Core 4/15, passed_count 18)
  1.57% of Permutation test rounds,  94.74% of Permutation tests (Core 11/15, passed_count 18)
  1.58% of Permutation test rounds,  94.74% of Permutation tests (Core 4/15, passed_count 18)
  1.59% of Permutation test rounds,  94.74% of Permutation tests (Core 4/15, passed_count 18)
  1.60% of Permutation test rounds,  94.74% of Permutation tests (Core 4/15, passed_count 18)
  1.61% of Permutation test rounds,  94.74% of Permutation tests (Core 4/15, passed_count 18)
  1.62% of Permutation test rounds,  94.74% of Permutation tests (Core 4/15, passed_count 18)
  1.63% of Permutation test rounds,  94.74% of Permutation tests (Core 4/15, passed_count 18)
  1.64% of Permutation test rounds,  94.74% of Permutation tests (Core 4/15, passed_count 18)
  1.65% of Permutation test rounds,  94.74% of Permutation tests (Core 8/15, passed_count 18)
  1.66% of Permutation test rounds,  94.74% of Permutation tests (Core 8/15, passed_count 18)
  1.67% of Permutation test rounds,  94.74% of Permutation tests (Core 8/15, passed_count 18)
  1.68% of Permutation test rounds,  94.74% of Permutation tests (Core 6/15, passed_count 18)
  1.69% of Permutation test rounds,  94.74% of Permutation tests (Core 14/15, passed_count 18)
  1.70% of Permutation test rounds,  94.74% of Permutation tests (Core 8/15, passed_count 18)
  1.71% of Permutation test rounds,  94.74% of Permutation tests (Core 8/15, passed_count 18)
  1.72% of Permutation test rounds,  94.74% of Permutation tests (Core 8/15, passed_count 18)
  1.73% of Permutation test rounds,  94.74% of Permutation tests (Core 0/15, passed_count 18)
  1.74% of Permutation test rounds,  94.74% of Permutation tests (Core 0/15, passed_count 18)
  1.75% of Permutation test rounds,  94.74% of Permutation tests (Core 0/15, passed_count 18)
  1.76% of Permutation test rounds,  94.74% of Permutation tests (Core 2/15, passed_count 18)
  1.77% of Permutation test rounds,  94.74% of Permutation tests (Core 2/15, passed_count 18)
  1.78% of Permutation test rounds,  94.74% of Permutation tests (Core 2/15, passed_count 18)
  1.79% of Permutation test rounds,  94.74% of Permutation tests (Core 1/15, passed_count 18)
  1.80% of Permutation test rounds,  94.74% of Permutation tests (Core 7/15, passed_count 18)
  1.81% of Permutation test rounds,  94.74% of Permutation tests (Core 1/15, passed_count 18)
  1.82% of Permutation test rounds,  94.74% of Permutation tests (Core 3/15, passed_count 18)
  1.83% of Permutation test rounds,  94.74% of Permutation tests (Core 3/15, passed_count 18)
  1.84% of Permutation test rounds,  94.74% of Permutation tests (Core 3/15, passed_count 18)
  1.85% of Permutation test rounds,  94.74% of Permutation tests (Core 5/15, passed_count 18)
  1.86% of Permutation test rounds,  94.74% of Permutation tests (Core 3/15, passed_count 18)
  1.87% of Permutation test rounds,  94.74% of Permutation tests (Core 10/15, passed_count 18)
  1.88% of Permutation test rounds,  94.74% of Permutation tests (Core 10/15, passed_count 18)
  1.89% of Permutation test rounds,  94.74% of Permutation tests (Core 10/15, passed_count 18)
  1.90% of Permutation test rounds,  94.74% of Permutation tests (Core 10/15, passed_count 18)
  1.91% of Permutation test rounds,  94.74% of Permutation tests (Core 10/15, passed_count 18)
  1.92% of Permutation test rounds,  94.74% of Permutation tests (Core 10/15, passed_count 18)
  1.93% of Permutation test rounds,  94.74% of Permutation tests (Core 10/15, passed_count 18)
  1.94% of Permutation test rounds,  94.74% of Permutation tests (Core 10/15, passed_count 18)
  1.95% of Permutation test rounds,  94.74% of Permutation tests (Core 10/15, passed_count 18)
  1.96% of Permutation test rounds,  94.74% of Permutation tests (Core 10/15, passed_count 18)
  1.97% of Permutation test rounds,  94.74% of Permutation tests (Core 1/15, passed_count 18)
  1.98% of Permutation test rounds,  94.74% of Permutation tests (Core 1/15, passed_count 18)
  1.99% of Permutation test rounds,  94.74% of Permutation tests (Core 1/15, passed_count 18)
  2.00% of Permutation test rounds,  94.74% of Permutation tests (Core 11/15, passed_count 18)
  2.01% of Permutation test rounds,  94.74% of Permutation tests (Core 5/15, passed_count 18)
  2.02% of Permutation test rounds,  94.74% of Permutation tests (Core 5/15, passed_count 18)
  2.03% of Permutation test rounds,  94.74% of Permutation tests (Core 5/15, passed_count 18)
  2.04% of Permutation test rounds,  94.74% of Permutation tests (Core 9/15, passed_count 18)
  2.05% of Permutation test rounds,  94.74% of Permutation tests (Core 12/15, passed_count 18)
  2.06% of Permutation test rounds,  94.74% of Permutation tests (Core 0/15, passed_count 18)
  2.07% of Permutation test rounds,  94.74% of Permutation tests (Core 0/15, passed_count 18)
  2.08% of Permutation test rounds,  94.74% of Permutation tests (Core 4/15, passed_count 18)
  2.09% of Permutation test rounds,  94.74% of Permutation tests (Core 4/15, passed_count 18)
  2.10% of Permutation test rounds,  94.74% of Permutation tests (Core 4/15, passed_count 18)
  2.11% of Permutation test rounds,  94.74% of Permutation tests (Core 4/15, passed_count 18)
  2.12% of Permutation test rounds,  94.74% of Permutation tests (Core 4/15, passed_count 18)
  2.13% of Permutation test rounds,  94.74% of Permutation tests (Core 4/15, passed_count 18)
  2.14% of Permutation test rounds,  94.74% of Permutation tests (Core 4/15, passed_count 18)
  2.15% of Permutation test rounds,  94.74% of Permutation tests (Core 4/15, passed_count 18)
  2.16% of Permutation test rounds,  94.74% of Permutation tests (Core 4/15, passed_count 18)
  2.17% of Permutation test rounds,  94.74% of Permutation tests (Core 4/15, passed_count 18)
  2.18% of Permutation test rounds,  94.74% of Permutation tests (Core 4/15, passed_count 18)
  2.19% of Permutation test rounds,  94.74% of Permutation tests (Core 4/15, passed_count 18)
  2.20% of Permutation test rounds,  94.74% of Permutation tests (Core 4/15, passed_count 18)
  2.21% of Permutation test rounds,  94.74% of Permutation tests (Core 4/15, passed_count 18)
  2.22% of Permutation test rounds,  94.74% of Permutation tests (Core 4/15, passed_count 18)
  2.23% of Permutation test rounds,  94.74% of Permutation tests (Core 4/15, passed_count 18)
  2.24% of Permutation test rounds,  94.74% of Permutation tests (Core 4/15, passed_count 18)
  2.25% of Permutation test rounds,  94.74% of Permutation tests (Core 4/15, passed_count 18)
  2.26% of Permutation test rounds,  94.74% of Permutation tests (Core 4/15, passed_count 18)
  2.27% of Permutation test rounds,  94.74% of Permutation tests (Core 4/15, passed_count 18)
  2.28% of Permutation test rounds,  94.74% of Permutation tests (Core 4/15, passed_count 18)
  2.29% of Permutation test rounds,  94.74% of Permutation tests (Core 4/15, passed_count 18)
  2.30% of Permutation test rounds,  94.74% of Permutation tests (Core 1/15, passed_count 18)
  2.31% of Permutation test rounds,  94.74% of Permutation tests (Core 11/15, passed_count 18)
  2.32% of Permutation test rounds,  94.74% of Permutation tests (Core 11/15, passed_count 18)
  2.33% of Permutation test rounds,  94.74% of Permutation tests (Core 11/15, passed_count 18)
  2.34% of Permutation test rounds,  94.74% of Permutation tests (Core 11/15, passed_count 18)
  2.35% of Permutation test rounds,  94.74% of Permutation tests (Core 9/15, passed_count 18)
  2.36% of Permutation test rounds,  94.74% of Permutation tests (Core 9/15, passed_count 18)
  2.37% of Permutation test rounds,  94.74% of Permutation tests (Core 9/15, passed_count 18)
  2.38% of Permutation test rounds,  94.74% of Permutation tests (Core 0/15, passed_count 18)
  2.39% of Permutation test rounds,  94.74% of Permutation tests (Core 2/15, passed_count 18)
  2.40% of Permutation test rounds,  94.74% of Permutation tests (Core 15/15, passed_count 18)
  2.41% of Permutation test rounds,  94.74% of Permutation tests (Core 7/15, passed_count 18)
  2.42% of Permutation test rounds,  94.74% of Permutation tests (Core 7/15, passed_count 18)
  2.43% of Permutation test rounds,  94.74% of Permutation tests (Core 7/15, passed_count 18)
  2.44% of Permutation test rounds,  94.74% of Permutation tests (Core 7/15, passed_count 18)
  2.45% of Permutation test rounds,  94.74% of Permutation tests (Core 7/15, passed_count 18)
  2.46% of Permutation test rounds,  94.74% of Permutation tests (Core 7/15, passed_count 18)
  2.47% of Permutation test rounds,  94.74% of Permutation tests (Core 7/15, passed_count 18)
  2.48% of Permutation test rounds,  94.74% of Permutation tests (Core 8/15, passed_count 18)
  2.49% of Permutation test rounds,  94.74% of Permutation tests (Core 8/15, passed_count 18)
  2.50% of Permutation test rounds,  94.74% of Permutation tests (Core 8/15, passed_count 18)
  2.51% of Permutation test rounds,  94.74% of Permutation tests (Core 8/15, passed_count 18)
  2.52% of Permutation test rounds,  94.74% of Permutation tests (Core 8/15, passed_count 18)
  2.53% of Permutation test rounds,  94.74% of Permutation tests (Core 9/15, passed_count 18)
  2.54% of Permutation test rounds,  94.74% of Permutation tests (Core 9/15, passed_count 18)
  2.55% of Permutation test rounds, 100.00% of Permutation tests (Core 9/15, passed_count 19)
  8.68% of Permutation test rounds, 100.00% of Permutation tests (Core 15/15, passed_count 19)
 14.84% of Permutation test rounds, 100.00% of Permutation tests (Core 10/15, passed_count 19)
 20.76% of Permutation test rounds, 100.00% of Permutation tests (Core 6/15, passed_count 19)
 26.95% of Permutation test rounds, 100.00% of Permutation tests (Core 14/15, passed_count 19)
 33.13% of Permutation test rounds, 100.00% of Permutation tests (Core 4/15, passed_count 19)
 38.76% of Permutation test rounds, 100.00% of Permutation tests (Core 1/15, passed_count 19)
 44.88% of Permutation test rounds, 100.00% of Permutation tests (Core 3/15, passed_count 19)
 51.03% of Permutation test rounds, 100.00% of Permutation tests (Core 7/15, passed_count 19)
 57.15% of Permutation test rounds, 100.00% of Permutation tests (Core 5/15, passed_count 19)
 63.29% of Permutation test rounds, 100.00% of Permutation tests (Core 11/15, passed_count 19)
 69.42% of Permutation test rounds, 100.00% of Permutation tests (Core 12/15, passed_count 19)
 75.58% of Permutation test rounds, 100.00% of Permutation tests (Core 13/15, passed_count 19)
 81.74% of Permutation test rounds, 100.00% of Permutation tests (Core 8/15, passed_count 19)
 87.74% of Permutation test rounds, 100.00% of Permutation tests (Core 0/15, passed_count 19)
 93.87% of Permutation test rounds, 100.00% of Permutation tests (Core 2/15, passed_count 19)


                statistic  C[i][0]  C[i][1]  C[i][2]
----------------------------------------------------
                excursion      30       0       6
       numDirectionalRuns       6       0      36
       lenDirectionalRuns       8       6       0
    numIncreasesDecreases       7       0       6
            numRunsMedian       6       0      19
            lenRunsMedian       5       1       7
             avgCollision       6       0      14
             maxCollision       4       2      46
           periodicity(1)       5       1      39
           periodicity(2)       6       0       6
           periodicity(8)     249       1       5
          periodicity(16)      11       0       6
          periodicity(32)       5       1      30
            covariance(1)       6       0       6
            covariance(2)      25       0       6
            covariance(8)      19       0       6
           covariance(16)       6       0      36
           covariance(32)      15       0       6
              compression      81       0       6
(* denotes failed test)

** Passed IID permutation tests

your 131072x1 screen size is bogus. expect trouble
your 131072x1 screen size is bogus. expect trouble
Identity added: /home/mmggjj/.ssh/id_ed25519 (mariogj.03@gmail.com)
tiempo_s=0.64 maxrss_kB=76124
--- condD_rep1_noniid_b1: exit 0, 1 s ---
Agent pid 423
Opening file: '/mnt/c/Users/mario/Documents/TFM_FPGA_CRYPTO/results/entropia90b/bits/condD_rep1.bits' (SHA-256 hash 9b4755380cfa429cadfed93fe01bbc0c2c2ad2c5dc8866a1a1af5ee9efb1a774)
Loaded 1000000 samples of 2 distinct 1-bit-wide symbols

Running non-IID tests...

Running Most Common Value Estimate...
Literal MCV Estimate: mode = 500147, p-hat = 0.50014700000000001, p_u = 0.50143491524007111
	Most Common Value Estimate = 0.995866 / 1 bit(s)

Running Entropic Statistic Estimates (bit strings only)...
Literal Collision Estimate: X-bar = 2.5002187691422999, sigma-hat = 0.50000057719586477, p = 0.53014709083348444
	Collision Test Estimate = 0.915535 / 1 bit(s)
Literal Markov Estimate: P_0 = 0.50014700000000001, P_1 = 0.49985299999999999, P_0,0 = 0.49978006422124738, P_0,1 = 0.50021993577875268, P_1,0 = 0.50051515145452763, P_1,1 = 0.49948484854547237, p_max = 3.2261733955711528e-39
	Markov Test Estimate = 0.998948 / 1 bit(s)
Literal Compression Estimate: X-bar = 5.2227890278292959, sigma-hat = 1.0127231414162643, p = 0.021386935169734222
	Compression Test Estimate = 0.924521 / 1 bit(s)

Running Tuple Estimates...
Literal t-Tuple Estimate: t = 15, p-hat_max = 0.5230507414148808378266, p_u = 0.524337287349360094222
Literal LRS Estimate: u = 16, v = 39, p-hat = 0.50662783614782135, p_u = 0.50791563828695032
	T-Tuple Test Estimate = 0.931433 / 1 bit(s)
	LRS Test Estimate = 0.977339 / 1 bit(s)

Running Predictor Estimates...
Literal MultiMCW Prediction Estimate: N = 999937, Pglobal' = 0.50092243249491075 (C = 499603) Plocal can't affect result (r = 25)
	Multi Most Common in Window (MultiMCW) Prediction Test Estimate = 0.997341 / 1 bit(s)
Literal Lag Prediction Estimate: N = 999999, Pglobal' = 0.50153141603046414 (C = 500243) Plocal can't affect result (r = 20)
	Lag Prediction Test Estimate = 0.995588 / 1 bit(s)
Literal MultiMMC Prediction Estimate: N = 999998, Pglobal' = 0.50190491683705751 (C = 500616) Plocal can't affect result (r = 18)
	Multi Markov Model with Counting (MultiMMC) Prediction Test Estimate = 0.994514 / 1 bit(s)
Literal LZ78Y Prediction Estimate: N = 999983, Pglobal' = 0.50100142116114099 (C = 499705) Plocal can't affect result (r = 20)
	LZ78Y Prediction Test Estimate = 0.997113 / 1 bit(s)

H_original: 0.915535
your 131072x1 screen size is bogus. expect trouble
your 131072x1 screen size is bogus. expect trouble
Identity added: /home/mmggjj/.ssh/id_ed25519 (mariogj.03@gmail.com)
tiempo_s=0.76 maxrss_kB=22616
--- condD_rep1_iid_b1: exit 0, 3 s ---
Agent pid 423
Opening file: '/mnt/c/Users/mario/Documents/TFM_FPGA_CRYPTO/results/entropia90b/bits/condD_rep1.bits' (SHA-256 hash 9b4755380cfa429cadfed93fe01bbc0c2c2ad2c5dc8866a1a1af5ee9efb1a774)
Loaded 1000000 samples of 2 distinct 1-bit-wide symbols
Calculating baseline statistics...
	Raw Mean: 0.499853
	Median: 0.500000
	Binary: true

Literal MCV Estimate: mode = 500147, p-hat = 0.50014700000000001, p_u = 0.50143491524007111
H_original: 0.995866
Chi square independence
	score = 2019.050854
	degrees of freedom = 2046
	p-value = 0.660093

Chi square goodness of fit
	score = 13.517285
	degrees of freedom = 9
	p-value = 0.140562

** Passed chi square tests

Literal Longest Repeated Substring results
	P_col: 0.500000
	Length of LRS: 39
	Pr(X >= 1): 0.597245
** Passed length of longest repeated substring test

Beginning initial tests...

Initial test results
              excursion: 519.105
     numDirectionalRuns: 79951
     lenDirectionalRuns: 10
  numIncreasesDecreases: 74684
          numRunsMedian: 500368
          lenRunsMedian: 24
           avgCollision: 20.8185
           maxCollision: 70
         periodicity(1): 24369
         periodicity(2): 24473
         periodicity(8): 24600
        periodicity(16): 24608
        periodicity(32): 24644
          covariance(1): 1.99895e+06
          covariance(2): 1.99864e+06
          covariance(8): 1.99901e+06
         covariance(16): 1.99889e+06
         covariance(32): 1.99902e+06
            compression: 155852

Beginning permutation tests... these may take some time
  0.01% of Permutation test rounds,   0.00% of Permutation tests (Core 2/15, passed_count 0)
  0.02% of Permutation test rounds,   0.00% of Permutation tests (Core 7/15, passed_count 0)
  0.03% of Permutation test rounds,   0.00% of Permutation tests (Core 8/15, passed_count 0)
  0.04% of Permutation test rounds,   0.00% of Permutation tests (Core 11/15, passed_count 0)
  0.05% of Permutation test rounds,   0.00% of Permutation tests (Core 3/15, passed_count 0)
  0.06% of Permutation test rounds,   0.00% of Permutation tests (Core 9/15, passed_count 0)
  0.07% of Permutation test rounds,   0.00% of Permutation tests (Core 10/15, passed_count 0)
  0.08% of Permutation test rounds,   0.00% of Permutation tests (Core 1/15, passed_count 0)
  0.09% of Permutation test rounds,   0.00% of Permutation tests (Core 0/15, passed_count 0)
  0.10% of Permutation test rounds,   0.00% of Permutation tests (Core 15/15, passed_count 0)
  0.11% of Permutation test rounds,   0.00% of Permutation tests (Core 5/15, passed_count 0)
  0.12% of Permutation test rounds,   5.26% of Permutation tests (Core 6/15, passed_count 1)
  0.13% of Permutation test rounds,  21.05% of Permutation tests (Core 4/15, passed_count 4)
  0.14% of Permutation test rounds,  21.05% of Permutation tests (Core 13/15, passed_count 4)
  0.15% of Permutation test rounds,  26.32% of Permutation tests (Core 5/15, passed_count 5)
  0.16% of Permutation test rounds,  31.58% of Permutation tests (Core 6/15, passed_count 6)
  0.17% of Permutation test rounds,  42.11% of Permutation tests (Core 4/15, passed_count 8)
  0.18% of Permutation test rounds,  42.11% of Permutation tests (Core 12/15, passed_count 8)
  0.19% of Permutation test rounds,  42.11% of Permutation tests (Core 14/15, passed_count 8)
  0.20% of Permutation test rounds,  42.11% of Permutation tests (Core 13/15, passed_count 8)
  0.21% of Permutation test rounds,  47.37% of Permutation tests (Core 5/15, passed_count 9)
  0.22% of Permutation test rounds,  47.37% of Permutation tests (Core 6/15, passed_count 9)
  0.23% of Permutation test rounds,  52.63% of Permutation tests (Core 4/15, passed_count 10)
  0.24% of Permutation test rounds,  52.63% of Permutation tests (Core 12/15, passed_count 10)
  0.25% of Permutation test rounds,  52.63% of Permutation tests (Core 14/15, passed_count 10)
  0.26% of Permutation test rounds,  57.89% of Permutation tests (Core 13/15, passed_count 11)
  0.27% of Permutation test rounds,  57.89% of Permutation tests (Core 5/15, passed_count 11)
  0.28% of Permutation test rounds,  63.16% of Permutation tests (Core 6/15, passed_count 12)
  0.29% of Permutation test rounds,  63.16% of Permutation tests (Core 4/15, passed_count 12)
  0.30% of Permutation test rounds,  63.16% of Permutation tests (Core 12/15, passed_count 12)
  0.31% of Permutation test rounds,  68.42% of Permutation tests (Core 14/15, passed_count 13)
  0.32% of Permutation test rounds,  68.42% of Permutation tests (Core 13/15, passed_count 13)
  0.33% of Permutation test rounds,  68.42% of Permutation tests (Core 5/15, passed_count 13)
  0.34% of Permutation test rounds,  68.42% of Permutation tests (Core 6/15, passed_count 13)
  0.35% of Permutation test rounds,  68.42% of Permutation tests (Core 4/15, passed_count 13)
  0.36% of Permutation test rounds,  73.68% of Permutation tests (Core 12/15, passed_count 14)
  0.37% of Permutation test rounds,  73.68% of Permutation tests (Core 14/15, passed_count 14)
  0.38% of Permutation test rounds,  73.68% of Permutation tests (Core 13/15, passed_count 14)
  0.39% of Permutation test rounds,  84.21% of Permutation tests (Core 5/15, passed_count 16)
  0.40% of Permutation test rounds,  89.47% of Permutation tests (Core 6/15, passed_count 17)
  0.41% of Permutation test rounds,  89.47% of Permutation tests (Core 4/15, passed_count 17)
  0.42% of Permutation test rounds,  89.47% of Permutation tests (Core 12/15, passed_count 17)
  0.43% of Permutation test rounds,  89.47% of Permutation tests (Core 14/15, passed_count 17)
  0.44% of Permutation test rounds,  89.47% of Permutation tests (Core 13/15, passed_count 17)
  0.45% of Permutation test rounds,  89.47% of Permutation tests (Core 5/15, passed_count 17)
  0.46% of Permutation test rounds,  89.47% of Permutation tests (Core 6/15, passed_count 17)
  0.47% of Permutation test rounds,  89.47% of Permutation tests (Core 4/15, passed_count 17)
  0.48% of Permutation test rounds,  89.47% of Permutation tests (Core 12/15, passed_count 17)
  0.49% of Permutation test rounds,  89.47% of Permutation tests (Core 14/15, passed_count 17)
  0.50% of Permutation test rounds,  89.47% of Permutation tests (Core 13/15, passed_count 17)
  0.51% of Permutation test rounds,  89.47% of Permutation tests (Core 5/15, passed_count 17)
  0.52% of Permutation test rounds,  89.47% of Permutation tests (Core 6/15, passed_count 17)
  0.53% of Permutation test rounds,  89.47% of Permutation tests (Core 4/15, passed_count 17)
  0.54% of Permutation test rounds,  89.47% of Permutation tests (Core 12/15, passed_count 17)
  0.55% of Permutation test rounds,  89.47% of Permutation tests (Core 14/15, passed_count 17)
  0.56% of Permutation test rounds,  89.47% of Permutation tests (Core 13/15, passed_count 17)
  0.57% of Permutation test rounds,  89.47% of Permutation tests (Core 5/15, passed_count 17)
  0.58% of Permutation test rounds,  89.47% of Permutation tests (Core 6/15, passed_count 17)
  0.59% of Permutation test rounds,  94.74% of Permutation tests (Core 4/15, passed_count 18)
  0.60% of Permutation test rounds,  94.74% of Permutation tests (Core 12/15, passed_count 18)
  0.61% of Permutation test rounds,  94.74% of Permutation tests (Core 14/15, passed_count 18)
  0.62% of Permutation test rounds,  94.74% of Permutation tests (Core 13/15, passed_count 18)
  0.63% of Permutation test rounds,  94.74% of Permutation tests (Core 5/15, passed_count 18)
  0.64% of Permutation test rounds,  94.74% of Permutation tests (Core 6/15, passed_count 18)
  0.65% of Permutation test rounds,  94.74% of Permutation tests (Core 4/15, passed_count 18)
  0.66% of Permutation test rounds,  94.74% of Permutation tests (Core 12/15, passed_count 18)
  0.67% of Permutation test rounds,  94.74% of Permutation tests (Core 14/15, passed_count 18)
  0.68% of Permutation test rounds,  94.74% of Permutation tests (Core 13/15, passed_count 18)
  0.69% of Permutation test rounds,  94.74% of Permutation tests (Core 5/15, passed_count 18)
  0.70% of Permutation test rounds,  94.74% of Permutation tests (Core 2/15, passed_count 18)
  0.71% of Permutation test rounds,  94.74% of Permutation tests (Core 6/15, passed_count 18)
  0.72% of Permutation test rounds,  94.74% of Permutation tests (Core 4/15, passed_count 18)
  0.73% of Permutation test rounds,  94.74% of Permutation tests (Core 12/15, passed_count 18)
  0.74% of Permutation test rounds,  94.74% of Permutation tests (Core 14/15, passed_count 18)
  0.75% of Permutation test rounds,  94.74% of Permutation tests (Core 13/15, passed_count 18)
  0.76% of Permutation test rounds,  94.74% of Permutation tests (Core 5/15, passed_count 18)
  0.77% of Permutation test rounds,  94.74% of Permutation tests (Core 11/15, passed_count 18)
  0.78% of Permutation test rounds,  94.74% of Permutation tests (Core 7/15, passed_count 18)
  0.79% of Permutation test rounds,  94.74% of Permutation tests (Core 2/15, passed_count 18)
  0.80% of Permutation test rounds,  94.74% of Permutation tests (Core 6/15, passed_count 18)
  0.81% of Permutation test rounds,  94.74% of Permutation tests (Core 4/15, passed_count 18)
  0.82% of Permutation test rounds,  94.74% of Permutation tests (Core 12/15, passed_count 18)
  0.83% of Permutation test rounds,  94.74% of Permutation tests (Core 14/15, passed_count 18)
  0.84% of Permutation test rounds,  94.74% of Permutation tests (Core 13/15, passed_count 18)
  0.85% of Permutation test rounds,  94.74% of Permutation tests (Core 8/15, passed_count 18)
  0.86% of Permutation test rounds,  94.74% of Permutation tests (Core 5/15, passed_count 18)
  0.87% of Permutation test rounds,  94.74% of Permutation tests (Core 11/15, passed_count 18)
  0.88% of Permutation test rounds,  94.74% of Permutation tests (Core 7/15, passed_count 18)
  0.89% of Permutation test rounds,  94.74% of Permutation tests (Core 3/15, passed_count 18)
  0.90% of Permutation test rounds,  94.74% of Permutation tests (Core 2/15, passed_count 18)
  0.91% of Permutation test rounds,  94.74% of Permutation tests (Core 6/15, passed_count 18)
  0.92% of Permutation test rounds,  94.74% of Permutation tests (Core 4/15, passed_count 18)
  0.93% of Permutation test rounds,  94.74% of Permutation tests (Core 12/15, passed_count 18)
  0.94% of Permutation test rounds,  94.74% of Permutation tests (Core 9/15, passed_count 18)
  0.95% of Permutation test rounds,  94.74% of Permutation tests (Core 14/15, passed_count 18)
  0.96% of Permutation test rounds,  94.74% of Permutation tests (Core 13/15, passed_count 18)
  0.97% of Permutation test rounds,  94.74% of Permutation tests (Core 8/15, passed_count 18)
  0.98% of Permutation test rounds,  94.74% of Permutation tests (Core 5/15, passed_count 18)
  0.99% of Permutation test rounds,  94.74% of Permutation tests (Core 11/15, passed_count 18)
  1.00% of Permutation test rounds,  94.74% of Permutation tests (Core 10/15, passed_count 18)
  1.01% of Permutation test rounds,  94.74% of Permutation tests (Core 7/15, passed_count 18)
  1.02% of Permutation test rounds,  94.74% of Permutation tests (Core 3/15, passed_count 18)
  1.03% of Permutation test rounds,  94.74% of Permutation tests (Core 2/15, passed_count 18)
  1.04% of Permutation test rounds,  94.74% of Permutation tests (Core 6/15, passed_count 18)
  1.05% of Permutation test rounds,  94.74% of Permutation tests (Core 4/15, passed_count 18)
  1.06% of Permutation test rounds,  94.74% of Permutation tests (Core 12/15, passed_count 18)
  1.07% of Permutation test rounds,  94.74% of Permutation tests (Core 9/15, passed_count 18)
  1.08% of Permutation test rounds,  94.74% of Permutation tests (Core 0/15, passed_count 18)
  1.09% of Permutation test rounds,  94.74% of Permutation tests (Core 14/15, passed_count 18)
  1.10% of Permutation test rounds,  94.74% of Permutation tests (Core 13/15, passed_count 18)
  1.11% of Permutation test rounds,  94.74% of Permutation tests (Core 8/15, passed_count 18)
  1.12% of Permutation test rounds,  94.74% of Permutation tests (Core 5/15, passed_count 18)
  1.13% of Permutation test rounds,  94.74% of Permutation tests (Core 11/15, passed_count 18)
  1.14% of Permutation test rounds,  94.74% of Permutation tests (Core 10/15, passed_count 18)
  1.15% of Permutation test rounds,  94.74% of Permutation tests (Core 1/15, passed_count 18)
  1.16% of Permutation test rounds,  94.74% of Permutation tests (Core 15/15, passed_count 18)
  1.17% of Permutation test rounds,  94.74% of Permutation tests (Core 7/15, passed_count 18)
  1.18% of Permutation test rounds,  94.74% of Permutation tests (Core 3/15, passed_count 18)
  1.19% of Permutation test rounds,  94.74% of Permutation tests (Core 2/15, passed_count 18)
  1.20% of Permutation test rounds,  94.74% of Permutation tests (Core 6/15, passed_count 18)
  1.21% of Permutation test rounds,  94.74% of Permutation tests (Core 4/15, passed_count 18)
  1.22% of Permutation test rounds,  94.74% of Permutation tests (Core 12/15, passed_count 18)
  1.23% of Permutation test rounds,  94.74% of Permutation tests (Core 9/15, passed_count 18)
  1.24% of Permutation test rounds,  94.74% of Permutation tests (Core 0/15, passed_count 18)
  1.25% of Permutation test rounds,  94.74% of Permutation tests (Core 14/15, passed_count 18)
  1.26% of Permutation test rounds,  94.74% of Permutation tests (Core 13/15, passed_count 18)
  1.27% of Permutation test rounds,  94.74% of Permutation tests (Core 8/15, passed_count 18)
  1.28% of Permutation test rounds,  94.74% of Permutation tests (Core 5/15, passed_count 18)
  1.29% of Permutation test rounds,  94.74% of Permutation tests (Core 11/15, passed_count 18)
  1.30% of Permutation test rounds,  94.74% of Permutation tests (Core 10/15, passed_count 18)
  1.31% of Permutation test rounds,  94.74% of Permutation tests (Core 1/15, passed_count 18)
  1.32% of Permutation test rounds,  94.74% of Permutation tests (Core 15/15, passed_count 18)
  1.33% of Permutation test rounds,  94.74% of Permutation tests (Core 7/15, passed_count 18)
  1.34% of Permutation test rounds,  94.74% of Permutation tests (Core 3/15, passed_count 18)
  1.35% of Permutation test rounds,  94.74% of Permutation tests (Core 2/15, passed_count 18)
  1.36% of Permutation test rounds,  94.74% of Permutation tests (Core 6/15, passed_count 18)
  1.37% of Permutation test rounds,  94.74% of Permutation tests (Core 4/15, passed_count 18)
  1.38% of Permutation test rounds,  94.74% of Permutation tests (Core 12/15, passed_count 18)
  1.39% of Permutation test rounds,  94.74% of Permutation tests (Core 9/15, passed_count 18)
  1.40% of Permutation test rounds,  94.74% of Permutation tests (Core 0/15, passed_count 18)
  1.41% of Permutation test rounds,  94.74% of Permutation tests (Core 14/15, passed_count 18)
  1.42% of Permutation test rounds,  94.74% of Permutation tests (Core 13/15, passed_count 18)
  1.43% of Permutation test rounds,  94.74% of Permutation tests (Core 8/15, passed_count 18)
  1.44% of Permutation test rounds,  94.74% of Permutation tests (Core 5/15, passed_count 18)
  1.45% of Permutation test rounds,  94.74% of Permutation tests (Core 11/15, passed_count 18)
  1.46% of Permutation test rounds,  94.74% of Permutation tests (Core 10/15, passed_count 18)
  1.47% of Permutation test rounds,  94.74% of Permutation tests (Core 1/15, passed_count 18)
  1.48% of Permutation test rounds,  94.74% of Permutation tests (Core 15/15, passed_count 18)
  1.49% of Permutation test rounds,  94.74% of Permutation tests (Core 7/15, passed_count 18)
  1.50% of Permutation test rounds,  94.74% of Permutation tests (Core 3/15, passed_count 18)
  1.51% of Permutation test rounds,  94.74% of Permutation tests (Core 2/15, passed_count 18)
  1.52% of Permutation test rounds,  94.74% of Permutation tests (Core 6/15, passed_count 18)
  1.53% of Permutation test rounds,  94.74% of Permutation tests (Core 4/15, passed_count 18)
  1.54% of Permutation test rounds,  94.74% of Permutation tests (Core 12/15, passed_count 18)
  1.55% of Permutation test rounds,  94.74% of Permutation tests (Core 9/15, passed_count 18)
  1.56% of Permutation test rounds,  94.74% of Permutation tests (Core 0/15, passed_count 18)
  1.57% of Permutation test rounds,  94.74% of Permutation tests (Core 14/15, passed_count 18)
  1.58% of Permutation test rounds,  94.74% of Permutation tests (Core 13/15, passed_count 18)
  1.59% of Permutation test rounds,  94.74% of Permutation tests (Core 8/15, passed_count 18)
  1.60% of Permutation test rounds,  94.74% of Permutation tests (Core 5/15, passed_count 18)
  1.61% of Permutation test rounds,  94.74% of Permutation tests (Core 11/15, passed_count 18)
  1.62% of Permutation test rounds,  94.74% of Permutation tests (Core 10/15, passed_count 18)
  1.63% of Permutation test rounds,  94.74% of Permutation tests (Core 1/15, passed_count 18)
  1.64% of Permutation test rounds,  94.74% of Permutation tests (Core 15/15, passed_count 18)
  1.65% of Permutation test rounds,  94.74% of Permutation tests (Core 7/15, passed_count 18)
  1.66% of Permutation test rounds,  94.74% of Permutation tests (Core 3/15, passed_count 18)
  1.67% of Permutation test rounds,  94.74% of Permutation tests (Core 2/15, passed_count 18)
  1.68% of Permutation test rounds,  94.74% of Permutation tests (Core 6/15, passed_count 18)
  1.69% of Permutation test rounds,  94.74% of Permutation tests (Core 4/15, passed_count 18)
  1.70% of Permutation test rounds,  94.74% of Permutation tests (Core 12/15, passed_count 18)
  1.71% of Permutation test rounds,  94.74% of Permutation tests (Core 9/15, passed_count 18)
  1.72% of Permutation test rounds,  94.74% of Permutation tests (Core 0/15, passed_count 18)
  1.73% of Permutation test rounds,  94.74% of Permutation tests (Core 14/15, passed_count 18)
  1.74% of Permutation test rounds,  94.74% of Permutation tests (Core 13/15, passed_count 18)
  1.75% of Permutation test rounds,  94.74% of Permutation tests (Core 8/15, passed_count 18)
  1.76% of Permutation test rounds,  94.74% of Permutation tests (Core 5/15, passed_count 18)
  1.77% of Permutation test rounds,  94.74% of Permutation tests (Core 11/15, passed_count 18)
  1.78% of Permutation test rounds,  94.74% of Permutation tests (Core 10/15, passed_count 18)
  1.79% of Permutation test rounds,  94.74% of Permutation tests (Core 1/15, passed_count 18)
  1.80% of Permutation test rounds,  94.74% of Permutation tests (Core 15/15, passed_count 18)
  1.81% of Permutation test rounds, 100.00% of Permutation tests (Core 7/15, passed_count 19)
  7.98% of Permutation test rounds, 100.00% of Permutation tests (Core 3/15, passed_count 19)
 14.16% of Permutation test rounds, 100.00% of Permutation tests (Core 2/15, passed_count 19)
 20.32% of Permutation test rounds, 100.00% of Permutation tests (Core 6/15, passed_count 19)
 26.39% of Permutation test rounds, 100.00% of Permutation tests (Core 4/15, passed_count 19)
 32.46% of Permutation test rounds, 100.00% of Permutation tests (Core 12/15, passed_count 19)
 38.54% of Permutation test rounds, 100.00% of Permutation tests (Core 9/15, passed_count 19)
 44.72% of Permutation test rounds, 100.00% of Permutation tests (Core 0/15, passed_count 19)
 50.91% of Permutation test rounds, 100.00% of Permutation tests (Core 14/15, passed_count 19)
 56.99% of Permutation test rounds, 100.00% of Permutation tests (Core 13/15, passed_count 19)
 63.06% of Permutation test rounds, 100.00% of Permutation tests (Core 8/15, passed_count 19)
 69.23% of Permutation test rounds, 100.00% of Permutation tests (Core 5/15, passed_count 19)
 75.29% of Permutation test rounds, 100.00% of Permutation tests (Core 11/15, passed_count 19)
 81.45% of Permutation test rounds, 100.00% of Permutation tests (Core 10/15, passed_count 19)
 87.63% of Permutation test rounds, 100.00% of Permutation tests (Core 1/15, passed_count 19)
 93.82% of Permutation test rounds, 100.00% of Permutation tests (Core 15/15, passed_count 19)


                statistic  C[i][0]  C[i][1]  C[i][2]
----------------------------------------------------
                excursion       6       0      25
       numDirectionalRuns       6       0     175
       lenDirectionalRuns      15       5       1
    numIncreasesDecreases      17       0       6
            numRunsMedian       6       0      34
            lenRunsMedian       2       4      33
             avgCollision       6       0      20
             maxCollision       5       1      22
           periodicity(1)      53       0       6
           periodicity(2)       7       0       6
           periodicity(8)       5       1       9
          periodicity(16)       6       0      10
          periodicity(32)       6       0      30
            covariance(1)       6       0       6
            covariance(2)      11       0       6
            covariance(8)       6       0      11
           covariance(16)       7       0       6
           covariance(32)       6       0      33
              compression       6       0       7
(* denotes failed test)

** Passed IID permutation tests

your 131072x1 screen size is bogus. expect trouble
your 131072x1 screen size is bogus. expect trouble
Identity added: /home/mmggjj/.ssh/id_ed25519 (mariogj.03@gmail.com)
tiempo_s=2.50 maxrss_kB=162988
--- esp_rf_off_1_noniid_b8: exit 0, 9 s ---
Agent pid 423
Opening file: '/mnt/c/Users/mario/Documents/TFM_FPGA_CRYPTO/results/esp32_tramas_E_esp_rf_off_1.bin' (SHA-256 hash 6c777cd88839b1e35ae507ae7760e0963e2c1ba6883810a2b6a3fb1df2c1550b)
Loaded 440384 samples of 256 distinct 8-bit-wide symbols
Number of Binary Symbols: 3523072

*** Warning: data contains less than 1000000 samples ***


Running non-IID tests...

Running Most Common Value Estimate...
Bitstring MCV Estimate: mode = 1761968, p-hat = 0.50012262025868337, p_u = 0.50080878180072508
	Most Common Value Estimate (bit string) = 0.997668 / 1 bit(s)
Literal MCV Estimate: mode = 1835, p-hat = 0.0041668180497020785, p_u = 0.0044168510727181937
	Most Common Value Estimate = 7.822766 / 8 bit(s)

Running Entropic Statistic Estimates (bit strings only)...
Bitstring Collision Estimate: X-bar = 2.5003058785456362, sigma-hat = 0.50000008386211814, p = 0.51973708052521184
	Collision Test Estimate (bit string) = 0.944146 / 1 bit(s)
Bitstring Markov Estimate: P_0 = 0.49987737974131669, P_1 = 0.50012262025868326, P_0,0 = 0.49973170223433838, P_0,1 = 0.50026829776566162, P_1,0 = 0.500022701887889, P_1,1 = 0.499977298112111, p_max = 3.0493471570119403e-39
	Markov Test Estimate (bit string) = 0.999584 / 1 bit(s)
Bitstring Compression Estimate: X-bar = 5.2162846243883427, sigma-hat = 1.015298340848777, p = 0.027155875217917735
	Compression Test Estimate (bit string) = 0.867099 / 1 bit(s)

Running Tuple Estimates...
Bitstring t-Tuple Estimate: t = 17, p-hat_max = 0.5203733871384641479344, p_u = 0.5210589788476208139849
Bitstring LRS Estimate: u = 18, v = 45, p-hat = 0.52836942005195292, p_u = 0.52905447624570506
	T-Tuple Test Estimate (bit string) = 0.940481 / 1 bit(s)
Literal t-Tuple Estimate: t = 1, p-hat_max = 0.004166818049702078186302, p_u = 0.004416851072718193082204
Literal LRS Estimate: u = 2, v = 4, p-hat = 0.0039087427824429954, p_u = 0.0041509404280379246
	T-Tuple Test Estimate = 7.822766 / 8 bit(s)
	LRS Test Estimate (bit string) = 0.918512 / 1 bit(s)
	LRS Test Estimate = 7.912346 / 8 bit(s)

Running Predictor Estimates...
Bitstring MultiMCW Prediction Estimate: N = 3523009, Pglobal' = 0.50021057961566862 (C = 1759829) Plocal can't affect result (r = 22)
	Multi Most Common in Window (MultiMCW) Prediction Test Estimate (bit string) = 0.999393 / 1 bit(s)
Literal MultiMCW Prediction Estimate: N = 440321, Pglobal' = 0.0040992094573519865 (C = 1699) Plocal can't affect result (r = 3)
	Multi Most Common in Window (MultiMCW) Prediction Test Estimate = 7.930439 / 8 bit(s)
Bitstring Lag Prediction Estimate: N = 3523071, Pglobal' = 0.50051656526558652 (C = 1760938) Plocal can't affect result (r = 20)
	Lag Prediction Test Estimate (bit string) = 0.998510 / 1 bit(s)
Literal Lag Prediction Estimate: N = 440383, Pglobal' = 0.004100973689627402 (C = 1700) Plocal can't affect result (r = 3)
	Lag Prediction Test Estimate = 7.929818 / 8 bit(s)
Bitstring MultiMMC Prediction Estimate: N = 3523070, Pglobal' = 0.50019993777011729 (C = 1759822) Plocal can't affect result (r = 22)
	Multi Markov Model with Counting (MultiMMC) Prediction Test Estimate (bit string) = 0.999423 / 1 bit(s)
Literal MultiMMC Prediction Estimate: N = 440382, Pglobal' = 0.0042648218732360106 (C = 1770) Plocal can't affect result (r = 3)
	Multi Markov Model with Counting (MultiMMC) Prediction Test Estimate = 7.873299 / 8 bit(s)
Bitstring LZ78Y Prediction Estimate: N = 3523055, Pglobal' = 0.50051656605346673 (C = 1760930) Plocal can't affect result (r = 22)
	LZ78Y Prediction Test Estimate (bit string) = 0.998510 / 1 bit(s)
Literal LZ78Y Prediction Estimate: N = 440367, Pglobal' = 0.0042532672315778635 (C = 1765) Plocal can't affect result (r = 3)
	LZ78Y Prediction Test Estimate = 7.877213 / 8 bit(s)

H_original: 7.822766
H_bitstring: 0.867099
min(H_original, 8 X H_bitstring): 6.936789
your 131072x1 screen size is bogus. expect trouble
your 131072x1 screen size is bogus. expect trouble
Identity added: /home/mmggjj/.ssh/id_ed25519 (mariogj.03@gmail.com)
tiempo_s=11.05 maxrss_kB=292476
--- esp_rf_off_1_iid_b8: exit 0, 1 s ---
Agent pid 423
Opening file: '/mnt/c/Users/mario/Documents/TFM_FPGA_CRYPTO/results/esp32_tramas_E_esp_rf_off_1.bin' (SHA-256 hash 6c777cd88839b1e35ae507ae7760e0963e2c1ba6883810a2b6a3fb1df2c1550b)
Loaded 440384 samples of 256 distinct 8-bit-wide symbols
Number of Binary samples: 3523072

*** Warning: data contains less than 1000000 samples ***

Calculating baseline statistics...
	Raw Mean: 127.506399
	Median: 127.000000
	Binary: false

Literal MCV Estimate: mode = 1835, p-hat = 0.0041668180497020785, p_u = 0.0044168510727181937
Bitstring MCV Estimate: mode = 1761968, p-hat = 0.50012262025868337, p_u = 0.50080878180072508
H_original: 7.822766
H_bitstring: 0.997668
min(H_original, 8 X H_bitstring): 7.822766
Chi square independence
	score = 32253.087299
	degrees of freedom = 32512
	p-value = 0.845053

Chi square goodness of fit
	score = 2336.167344
	degrees of freedom = 2295
	p-value = 0.269651

** Passed chi square tests

Literal Longest Repeated Substring results
	P_col: 0.003909
	Length of LRS: 4
	Pr(X >= 1): 1.000000
** Passed length of longest repeated substring test

Beginning initial tests...

Initial test results
              excursion: 65131.1
     numDirectionalRuns: 293717
     lenDirectionalRuns: 8
  numIncreasesDecreases: 220816
          numRunsMedian: 220087
          lenRunsMedian: 17
           avgCollision: 20.7635
           maxCollision: 66
         periodicity(1): 1712
         periodicity(2): 1727
         periodicity(8): 1731
        periodicity(16): 1662
        periodicity(32): 1655
          covariance(1): 7.16249e+09
          covariance(2): 7.15663e+09
          covariance(8): 7.16103e+09
         covariance(16): 7.16042e+09
         covariance(32): 7.15977e+09
            compression: 470311

Beginning permutation tests... these may take some time
  0.01% of Permutation test rounds,   0.00% of Permutation tests (Core 0/15, passed_count 0)
  0.02% of Permutation test rounds,   0.00% of Permutation tests (Core 10/15, passed_count 0)
  0.03% of Permutation test rounds,   0.00% of Permutation tests (Core 8/15, passed_count 0)
  0.04% of Permutation test rounds,   0.00% of Permutation tests (Core 12/15, passed_count 0)
  0.05% of Permutation test rounds,   0.00% of Permutation tests (Core 15/15, passed_count 0)
  0.06% of Permutation test rounds,   0.00% of Permutation tests (Core 1/15, passed_count 0)
  0.07% of Permutation test rounds,   0.00% of Permutation tests (Core 7/15, passed_count 0)
  0.08% of Permutation test rounds,   5.26% of Permutation tests (Core 2/15, passed_count 1)
  0.09% of Permutation test rounds,   5.26% of Permutation tests (Core 13/15, passed_count 1)
  0.10% of Permutation test rounds,   5.26% of Permutation tests (Core 9/15, passed_count 1)
  0.11% of Permutation test rounds,   5.26% of Permutation tests (Core 3/15, passed_count 1)
  0.12% of Permutation test rounds,   5.26% of Permutation tests (Core 11/15, passed_count 1)
  0.13% of Permutation test rounds,  10.53% of Permutation tests (Core 6/15, passed_count 2)
  0.14% of Permutation test rounds,  42.11% of Permutation tests (Core 14/15, passed_count 8)
  0.15% of Permutation test rounds,  47.37% of Permutation tests (Core 4/15, passed_count 9)
  0.16% of Permutation test rounds,  52.63% of Permutation tests (Core 11/15, passed_count 10)
  0.17% of Permutation test rounds,  52.63% of Permutation tests (Core 5/15, passed_count 10)
  0.18% of Permutation test rounds,  52.63% of Permutation tests (Core 6/15, passed_count 10)
  0.19% of Permutation test rounds,  52.63% of Permutation tests (Core 4/15, passed_count 10)
  0.20% of Permutation test rounds,  52.63% of Permutation tests (Core 14/15, passed_count 10)
  0.21% of Permutation test rounds,  52.63% of Permutation tests (Core 11/15, passed_count 10)
  0.22% of Permutation test rounds,  57.89% of Permutation tests (Core 5/15, passed_count 11)
  0.23% of Permutation test rounds,  57.89% of Permutation tests (Core 4/15, passed_count 11)
  0.24% of Permutation test rounds,  63.16% of Permutation tests (Core 6/15, passed_count 12)
  0.25% of Permutation test rounds,  63.16% of Permutation tests (Core 14/15, passed_count 12)
  0.26% of Permutation test rounds,  63.16% of Permutation tests (Core 11/15, passed_count 12)
  0.27% of Permutation test rounds,  63.16% of Permutation tests (Core 5/15, passed_count 12)
  0.28% of Permutation test rounds,  63.16% of Permutation tests (Core 4/15, passed_count 12)
  0.29% of Permutation test rounds,  63.16% of Permutation tests (Core 6/15, passed_count 12)
  0.30% of Permutation test rounds,  63.16% of Permutation tests (Core 14/15, passed_count 12)
  0.31% of Permutation test rounds,  68.42% of Permutation tests (Core 5/15, passed_count 13)
  0.32% of Permutation test rounds,  68.42% of Permutation tests (Core 11/15, passed_count 13)
  0.33% of Permutation test rounds,  68.42% of Permutation tests (Core 0/15, passed_count 13)
  0.34% of Permutation test rounds,  73.68% of Permutation tests (Core 4/15, passed_count 14)
  0.35% of Permutation test rounds,  73.68% of Permutation tests (Core 6/15, passed_count 14)
  0.36% of Permutation test rounds,  73.68% of Permutation tests (Core 0/15, passed_count 14)
  0.37% of Permutation test rounds,  73.68% of Permutation tests (Core 14/15, passed_count 14)
  0.38% of Permutation test rounds,  73.68% of Permutation tests (Core 5/15, passed_count 14)
  0.39% of Permutation test rounds,  73.68% of Permutation tests (Core 11/15, passed_count 14)
  0.40% of Permutation test rounds,  73.68% of Permutation tests (Core 4/15, passed_count 14)
  0.41% of Permutation test rounds,  73.68% of Permutation tests (Core 14/15, passed_count 14)
  0.42% of Permutation test rounds,  73.68% of Permutation tests (Core 6/15, passed_count 14)
  0.43% of Permutation test rounds,  73.68% of Permutation tests (Core 0/15, passed_count 14)
  0.44% of Permutation test rounds,  73.68% of Permutation tests (Core 5/15, passed_count 14)
  0.45% of Permutation test rounds,  73.68% of Permutation tests (Core 11/15, passed_count 14)
  0.46% of Permutation test rounds,  73.68% of Permutation tests (Core 8/15, passed_count 14)
  0.47% of Permutation test rounds,  73.68% of Permutation tests (Core 14/15, passed_count 14)
  0.48% of Permutation test rounds,  78.95% of Permutation tests (Core 4/15, passed_count 15)
  0.49% of Permutation test rounds,  78.95% of Permutation tests (Core 6/15, passed_count 15)
  0.50% of Permutation test rounds,  78.95% of Permutation tests (Core 10/15, passed_count 15)
  0.51% of Permutation test rounds,  78.95% of Permutation tests (Core 0/15, passed_count 15)
  0.52% of Permutation test rounds,  84.21% of Permutation tests (Core 5/15, passed_count 16)
  0.53% of Permutation test rounds,  84.21% of Permutation tests (Core 4/15, passed_count 16)
  0.54% of Permutation test rounds,  84.21% of Permutation tests (Core 8/15, passed_count 16)
  0.55% of Permutation test rounds,  84.21% of Permutation tests (Core 11/15, passed_count 16)
  0.56% of Permutation test rounds,  84.21% of Permutation tests (Core 6/15, passed_count 16)
  0.57% of Permutation test rounds,  84.21% of Permutation tests (Core 13/15, passed_count 16)
  0.58% of Permutation test rounds,  84.21% of Permutation tests (Core 10/15, passed_count 16)
  0.59% of Permutation test rounds,  84.21% of Permutation tests (Core 14/15, passed_count 16)
  0.60% of Permutation test rounds,  84.21% of Permutation tests (Core 0/15, passed_count 16)
  0.61% of Permutation test rounds,  84.21% of Permutation tests (Core 9/15, passed_count 16)
  0.62% of Permutation test rounds,  84.21% of Permutation tests (Core 15/15, passed_count 16)
  0.63% of Permutation test rounds,  84.21% of Permutation tests (Core 5/15, passed_count 16)
  0.64% of Permutation test rounds,  84.21% of Permutation tests (Core 4/15, passed_count 16)
  0.65% of Permutation test rounds,  84.21% of Permutation tests (Core 7/15, passed_count 16)
  0.66% of Permutation test rounds,  84.21% of Permutation tests (Core 8/15, passed_count 16)
  0.67% of Permutation test rounds,  84.21% of Permutation tests (Core 11/15, passed_count 16)
  0.68% of Permutation test rounds,  84.21% of Permutation tests (Core 6/15, passed_count 16)
  0.69% of Permutation test rounds,  84.21% of Permutation tests (Core 12/15, passed_count 16)
  0.70% of Permutation test rounds,  84.21% of Permutation tests (Core 13/15, passed_count 16)
  0.71% of Permutation test rounds,  84.21% of Permutation tests (Core 10/15, passed_count 16)
  0.72% of Permutation test rounds,  84.21% of Permutation tests (Core 3/15, passed_count 16)
  0.73% of Permutation test rounds,  84.21% of Permutation tests (Core 2/15, passed_count 16)
  0.74% of Permutation test rounds,  84.21% of Permutation tests (Core 14/15, passed_count 16)
  0.75% of Permutation test rounds,  84.21% of Permutation tests (Core 0/15, passed_count 16)
  0.76% of Permutation test rounds,  84.21% of Permutation tests (Core 9/15, passed_count 16)
  0.77% of Permutation test rounds,  84.21% of Permutation tests (Core 15/15, passed_count 16)
  0.78% of Permutation test rounds,  84.21% of Permutation tests (Core 5/15, passed_count 16)
  0.79% of Permutation test rounds,  84.21% of Permutation tests (Core 4/15, passed_count 16)
  0.80% of Permutation test rounds,  84.21% of Permutation tests (Core 7/15, passed_count 16)
  0.81% of Permutation test rounds,  84.21% of Permutation tests (Core 1/15, passed_count 16)
  0.82% of Permutation test rounds,  84.21% of Permutation tests (Core 8/15, passed_count 16)
  0.83% of Permutation test rounds,  84.21% of Permutation tests (Core 11/15, passed_count 16)
  0.84% of Permutation test rounds,  84.21% of Permutation tests (Core 6/15, passed_count 16)
  0.85% of Permutation test rounds,  84.21% of Permutation tests (Core 12/15, passed_count 16)
  0.86% of Permutation test rounds,  84.21% of Permutation tests (Core 13/15, passed_count 16)
  0.87% of Permutation test rounds,  84.21% of Permutation tests (Core 10/15, passed_count 16)
  0.88% of Permutation test rounds,  84.21% of Permutation tests (Core 3/15, passed_count 16)
  0.89% of Permutation test rounds,  84.21% of Permutation tests (Core 2/15, passed_count 16)
  0.90% of Permutation test rounds,  84.21% of Permutation tests (Core 14/15, passed_count 16)
  0.91% of Permutation test rounds,  84.21% of Permutation tests (Core 0/15, passed_count 16)
  0.92% of Permutation test rounds,  84.21% of Permutation tests (Core 9/15, passed_count 16)
  0.93% of Permutation test rounds,  84.21% of Permutation tests (Core 15/15, passed_count 16)
  0.94% of Permutation test rounds,  84.21% of Permutation tests (Core 5/15, passed_count 16)
  0.95% of Permutation test rounds,  84.21% of Permutation tests (Core 4/15, passed_count 16)
  0.96% of Permutation test rounds,  84.21% of Permutation tests (Core 7/15, passed_count 16)
  0.97% of Permutation test rounds,  84.21% of Permutation tests (Core 1/15, passed_count 16)
  0.98% of Permutation test rounds,  84.21% of Permutation tests (Core 8/15, passed_count 16)
  0.99% of Permutation test rounds,  84.21% of Permutation tests (Core 11/15, passed_count 16)
  1.00% of Permutation test rounds,  84.21% of Permutation tests (Core 6/15, passed_count 16)
  1.01% of Permutation test rounds,  84.21% of Permutation tests (Core 12/15, passed_count 16)
  1.02% of Permutation test rounds,  84.21% of Permutation tests (Core 13/15, passed_count 16)
  1.03% of Permutation test rounds,  84.21% of Permutation tests (Core 10/15, passed_count 16)
  1.04% of Permutation test rounds,  84.21% of Permutation tests (Core 3/15, passed_count 16)
  1.05% of Permutation test rounds,  84.21% of Permutation tests (Core 2/15, passed_count 16)
  1.06% of Permutation test rounds,  84.21% of Permutation tests (Core 14/15, passed_count 16)
  1.07% of Permutation test rounds,  84.21% of Permutation tests (Core 0/15, passed_count 16)
  1.08% of Permutation test rounds,  84.21% of Permutation tests (Core 9/15, passed_count 16)
  1.09% of Permutation test rounds,  84.21% of Permutation tests (Core 15/15, passed_count 16)
  1.10% of Permutation test rounds,  84.21% of Permutation tests (Core 5/15, passed_count 16)
  1.11% of Permutation test rounds,  89.47% of Permutation tests (Core 4/15, passed_count 17)
  1.12% of Permutation test rounds,  89.47% of Permutation tests (Core 1/15, passed_count 17)
  1.13% of Permutation test rounds,  89.47% of Permutation tests (Core 7/15, passed_count 17)
  1.14% of Permutation test rounds,  89.47% of Permutation tests (Core 8/15, passed_count 17)
  1.15% of Permutation test rounds,  89.47% of Permutation tests (Core 11/15, passed_count 17)
  1.16% of Permutation test rounds,  89.47% of Permutation tests (Core 6/15, passed_count 17)
  1.17% of Permutation test rounds,  89.47% of Permutation tests (Core 12/15, passed_count 17)
  1.18% of Permutation test rounds,  89.47% of Permutation tests (Core 13/15, passed_count 17)
  1.19% of Permutation test rounds,  89.47% of Permutation tests (Core 10/15, passed_count 17)
  1.20% of Permutation test rounds,  89.47% of Permutation tests (Core 3/15, passed_count 17)
  1.21% of Permutation test rounds,  89.47% of Permutation tests (Core 2/15, passed_count 17)
  1.22% of Permutation test rounds,  89.47% of Permutation tests (Core 14/15, passed_count 17)
  1.23% of Permutation test rounds,  89.47% of Permutation tests (Core 0/15, passed_count 17)
  1.24% of Permutation test rounds,  89.47% of Permutation tests (Core 0/15, passed_count 17)
  1.25% of Permutation test rounds,  89.47% of Permutation tests (Core 15/15, passed_count 17)
  1.26% of Permutation test rounds,  89.47% of Permutation tests (Core 5/15, passed_count 17)
  1.27% of Permutation test rounds,  89.47% of Permutation tests (Core 4/15, passed_count 17)
  1.28% of Permutation test rounds,  89.47% of Permutation tests (Core 1/15, passed_count 17)
  1.29% of Permutation test rounds,  89.47% of Permutation tests (Core 7/15, passed_count 17)
  1.30% of Permutation test rounds,  89.47% of Permutation tests (Core 8/15, passed_count 17)
  1.31% of Permutation test rounds,  89.47% of Permutation tests (Core 11/15, passed_count 17)
  1.32% of Permutation test rounds,  89.47% of Permutation tests (Core 6/15, passed_count 17)
  1.33% of Permutation test rounds,  89.47% of Permutation tests (Core 12/15, passed_count 17)
  1.34% of Permutation test rounds,  89.47% of Permutation tests (Core 13/15, passed_count 17)
  1.35% of Permutation test rounds,  94.74% of Permutation tests (Core 10/15, passed_count 18)
  1.36% of Permutation test rounds,  94.74% of Permutation tests (Core 3/15, passed_count 18)
  1.37% of Permutation test rounds,  94.74% of Permutation tests (Core 2/15, passed_count 18)
  1.38% of Permutation test rounds,  94.74% of Permutation tests (Core 14/15, passed_count 18)
  1.39% of Permutation test rounds,  94.74% of Permutation tests (Core 9/15, passed_count 18)
  1.40% of Permutation test rounds,  94.74% of Permutation tests (Core 0/15, passed_count 18)
  1.41% of Permutation test rounds,  94.74% of Permutation tests (Core 15/15, passed_count 18)
  1.42% of Permutation test rounds,  94.74% of Permutation tests (Core 15/15, passed_count 18)
  1.43% of Permutation test rounds,  94.74% of Permutation tests (Core 4/15, passed_count 18)
  1.44% of Permutation test rounds,  94.74% of Permutation tests (Core 1/15, passed_count 18)
  1.45% of Permutation test rounds,  94.74% of Permutation tests (Core 7/15, passed_count 18)
  1.46% of Permutation test rounds,  94.74% of Permutation tests (Core 7/15, passed_count 18)
  1.47% of Permutation test rounds,  94.74% of Permutation tests (Core 11/15, passed_count 18)
  1.48% of Permutation test rounds,  94.74% of Permutation tests (Core 6/15, passed_count 18)
  1.49% of Permutation test rounds,  94.74% of Permutation tests (Core 12/15, passed_count 18)
  1.50% of Permutation test rounds,  94.74% of Permutation tests (Core 12/15, passed_count 18)
  1.51% of Permutation test rounds,  94.74% of Permutation tests (Core 10/15, passed_count 18)
  1.52% of Permutation test rounds,  94.74% of Permutation tests (Core 10/15, passed_count 18)
  1.53% of Permutation test rounds,  94.74% of Permutation tests (Core 10/15, passed_count 18)
  1.54% of Permutation test rounds,  94.74% of Permutation tests (Core 14/15, passed_count 18)
  1.55% of Permutation test rounds,  94.74% of Permutation tests (Core 9/15, passed_count 18)
  1.56% of Permutation test rounds,  94.74% of Permutation tests (Core 0/15, passed_count 18)
  1.57% of Permutation test rounds,  94.74% of Permutation tests (Core 0/15, passed_count 18)
  1.58% of Permutation test rounds,  94.74% of Permutation tests (Core 15/15, passed_count 18)
  1.59% of Permutation test rounds,  94.74% of Permutation tests (Core 15/15, passed_count 18)
  1.60% of Permutation test rounds,  94.74% of Permutation tests (Core 1/15, passed_count 18)
  1.61% of Permutation test rounds,  94.74% of Permutation tests (Core 1/15, passed_count 18)
  1.62% of Permutation test rounds,  94.74% of Permutation tests (Core 7/15, passed_count 18)
  1.63% of Permutation test rounds,  94.74% of Permutation tests (Core 7/15, passed_count 18)
  1.64% of Permutation test rounds,  94.74% of Permutation tests (Core 7/15, passed_count 18)
  1.65% of Permutation test rounds,  94.74% of Permutation tests (Core 7/15, passed_count 18)
  1.66% of Permutation test rounds,  94.74% of Permutation tests (Core 12/15, passed_count 18)
  1.67% of Permutation test rounds,  94.74% of Permutation tests (Core 12/15, passed_count 18)
  1.68% of Permutation test rounds,  94.74% of Permutation tests (Core 12/15, passed_count 18)
  1.69% of Permutation test rounds,  94.74% of Permutation tests (Core 12/15, passed_count 18)
  1.70% of Permutation test rounds,  94.74% of Permutation tests (Core 12/15, passed_count 18)
  1.71% of Permutation test rounds,  94.74% of Permutation tests (Core 12/15, passed_count 18)
  1.72% of Permutation test rounds,  94.74% of Permutation tests (Core 12/15, passed_count 18)
  1.73% of Permutation test rounds,  94.74% of Permutation tests (Core 12/15, passed_count 18)
  1.74% of Permutation test rounds,  94.74% of Permutation tests (Core 4/15, passed_count 18)
  1.75% of Permutation test rounds,  94.74% of Permutation tests (Core 4/15, passed_count 18)
  1.76% of Permutation test rounds,  94.74% of Permutation tests (Core 8/15, passed_count 18)
  1.77% of Permutation test rounds,  94.74% of Permutation tests (Core 1/15, passed_count 18)
  1.78% of Permutation test rounds,  94.74% of Permutation tests (Core 11/15, passed_count 18)
  1.79% of Permutation test rounds,  94.74% of Permutation tests (Core 6/15, passed_count 18)
  1.80% of Permutation test rounds,  94.74% of Permutation tests (Core 13/15, passed_count 18)
  1.81% of Permutation test rounds,  94.74% of Permutation tests (Core 7/15, passed_count 18)
  1.82% of Permutation test rounds,  94.74% of Permutation tests (Core 3/15, passed_count 18)
  1.83% of Permutation test rounds,  94.74% of Permutation tests (Core 2/15, passed_count 18)
  1.84% of Permutation test rounds,  94.74% of Permutation tests (Core 10/15, passed_count 18)
  1.85% of Permutation test rounds,  94.74% of Permutation tests (Core 14/15, passed_count 18)
  1.86% of Permutation test rounds,  94.74% of Permutation tests (Core 9/15, passed_count 18)
  1.87% of Permutation test rounds,  94.74% of Permutation tests (Core 5/15, passed_count 18)
  1.88% of Permutation test rounds,  94.74% of Permutation tests (Core 0/15, passed_count 18)
  1.89% of Permutation test rounds,  94.74% of Permutation tests (Core 12/15, passed_count 18)
  1.90% of Permutation test rounds,  94.74% of Permutation tests (Core 15/15, passed_count 18)
  1.91% of Permutation test rounds,  94.74% of Permutation tests (Core 4/15, passed_count 18)
  1.92% of Permutation test rounds, 100.00% of Permutation tests (Core 8/15, passed_count 19)
  8.08% of Permutation test rounds, 100.00% of Permutation tests (Core 1/15, passed_count 19)
 14.24% of Permutation test rounds, 100.00% of Permutation tests (Core 11/15, passed_count 19)
 20.34% of Permutation test rounds, 100.00% of Permutation tests (Core 6/15, passed_count 19)
 26.44% of Permutation test rounds, 100.00% of Permutation tests (Core 13/15, passed_count 19)
 32.61% of Permutation test rounds, 100.00% of Permutation tests (Core 7/15, passed_count 19)
 38.73% of Permutation test rounds, 100.00% of Permutation tests (Core 3/15, passed_count 19)
 44.91% of Permutation test rounds, 100.00% of Permutation tests (Core 2/15, passed_count 19)
 51.09% of Permutation test rounds, 100.00% of Permutation tests (Core 10/15, passed_count 19)
 57.22% of Permutation test rounds, 100.00% of Permutation tests (Core 14/15, passed_count 19)
 63.32% of Permutation test rounds, 100.00% of Permutation tests (Core 9/15, passed_count 19)
 69.49% of Permutation test rounds, 100.00% of Permutation tests (Core 5/15, passed_count 19)
 75.61% of Permutation test rounds, 100.00% of Permutation tests (Core 0/15, passed_count 19)
 81.71% of Permutation test rounds, 100.00% of Permutation tests (Core 12/15, passed_count 19)
 87.79% of Permutation test rounds, 100.00% of Permutation tests (Core 15/15, passed_count 19)
 93.93% of Permutation test rounds, 100.00% of Permutation tests (Core 4/15, passed_count 19)


                statistic  C[i][0]  C[i][1]  C[i][2]
----------------------------------------------------
                excursion       6       0     105
       numDirectionalRuns       6       0       8
       lenDirectionalRuns       2       5       1
    numIncreasesDecreases      42       0       6
            numRunsMedian      10       0       6
            lenRunsMedian      28       4       2
             avgCollision       6       0       8
             maxCollision      46       3       3
           periodicity(1)       8       1       5
           periodicity(2)       6       0       8
           periodicity(8)       6       0       8
          periodicity(16)     129       0       6
          periodicity(32)     186       0       6
            covariance(1)       6       0      25
            covariance(2)      16       0       6
            covariance(8)       6       0      18
           covariance(16)       6       0       8
           covariance(32)       6       0       9
              compression       7       0       6
(* denotes failed test)

** Passed IID permutation tests

your 131072x1 screen size is bogus. expect trouble
your 131072x1 screen size is bogus. expect trouble
Identity added: /home/mmggjj/.ssh/id_ed25519 (mariogj.03@gmail.com)
tiempo_s=1.05 maxrss_kB=116912
--- esp_rf_off_1_noniid_b1: exit 0, 2 s ---
Agent pid 423
Opening file: '/mnt/c/Users/mario/Documents/TFM_FPGA_CRYPTO/results/entropia90b/bits/esp_rf_off_1.bits' (SHA-256 hash f386bd9fd983453364dd38ff219067bfa987dccff0c55792946bb35f79eb7c6d)
Loaded 3523072 samples of 2 distinct 1-bit-wide symbols

Running non-IID tests...

Running Most Common Value Estimate...
Literal MCV Estimate: mode = 1761968, p-hat = 0.50012262025868337, p_u = 0.50080878180072508
	Most Common Value Estimate = 0.997668 / 1 bit(s)

Running Entropic Statistic Estimates (bit strings only)...
Literal Collision Estimate: X-bar = 2.5003058785456362, sigma-hat = 0.50000008386211814, p = 0.51973708052521184
	Collision Test Estimate = 0.944146 / 1 bit(s)
Literal Markov Estimate: P_0 = 0.49987737974131669, P_1 = 0.50012262025868326, P_0,0 = 0.49973170223433838, P_0,1 = 0.50026829776566162, P_1,0 = 0.500022701887889, P_1,1 = 0.499977298112111, p_max = 3.0493471570119403e-39
	Markov Test Estimate = 0.999584 / 1 bit(s)
Literal Compression Estimate: X-bar = 5.2162846243883427, sigma-hat = 1.015298340848777, p = 0.027155875217917735
	Compression Test Estimate = 0.867099 / 1 bit(s)

Running Tuple Estimates...
Literal t-Tuple Estimate: t = 17, p-hat_max = 0.5203733871384641479344, p_u = 0.5210589788476208139849
Literal LRS Estimate: u = 18, v = 45, p-hat = 0.52836942005195292, p_u = 0.52905447624570506
	T-Tuple Test Estimate = 0.940481 / 1 bit(s)
	LRS Test Estimate = 0.918512 / 1 bit(s)

Running Predictor Estimates...
Literal MultiMCW Prediction Estimate: N = 3523009, Pglobal' = 0.50021057961566862 (C = 1759829) Plocal can't affect result (r = 22)
	Multi Most Common in Window (MultiMCW) Prediction Test Estimate = 0.999393 / 1 bit(s)
Literal Lag Prediction Estimate: N = 3523071, Pglobal' = 0.50051656526558652 (C = 1760938) Plocal can't affect result (r = 20)
	Lag Prediction Test Estimate = 0.998510 / 1 bit(s)
Literal MultiMMC Prediction Estimate: N = 3523070, Pglobal' = 0.50019993777011729 (C = 1759822) Plocal can't affect result (r = 22)
	Multi Markov Model with Counting (MultiMMC) Prediction Test Estimate = 0.999423 / 1 bit(s)
Literal LZ78Y Prediction Estimate: N = 3523055, Pglobal' = 0.50051656605346673 (C = 1760930) Plocal can't affect result (r = 22)
	LZ78Y Prediction Test Estimate = 0.998510 / 1 bit(s)

H_original: 0.867099
your 131072x1 screen size is bogus. expect trouble
your 131072x1 screen size is bogus. expect trouble
Identity added: /home/mmggjj/.ssh/id_ed25519 (mariogj.03@gmail.com)
tiempo_s=1.98 maxrss_kB=57072
--- esp_rf_off_1_iid_b1: exit 0, 17 s ---
Agent pid 423
Opening file: '/mnt/c/Users/mario/Documents/TFM_FPGA_CRYPTO/results/entropia90b/bits/esp_rf_off_1.bits' (SHA-256 hash f386bd9fd983453364dd38ff219067bfa987dccff0c55792946bb35f79eb7c6d)
Loaded 3523072 samples of 2 distinct 1-bit-wide symbols
Calculating baseline statistics...
	Raw Mean: 0.500123
	Median: 0.500000
	Binary: true

Literal MCV Estimate: mode = 1761968, p-hat = 0.50012262025868337, p_u = 0.50080878180072508
H_original: 0.997668
Chi square independence
	score = 2056.146919
	degrees of freedom = 2046
	p-value = 0.432985

Chi square goodness of fit
	score = 10.013150
	degrees of freedom = 9
	p-value = 0.349422

** Passed chi square tests

Literal Longest Repeated Substring results
	P_col: 0.500000
	Length of LRS: 45
	Pr(X >= 1): 0.161702
** Passed length of longest repeated substring test

Beginning initial tests...

Initial test results
              excursion: 782.811
     numDirectionalRuns: 280984
     lenDirectionalRuns: 14
  numIncreasesDecreases: 263355
          numRunsMedian: 1.76205e+06
          lenRunsMedian: 21
           avgCollision: 20.7635
           maxCollision: 66
         periodicity(1): 86209
         periodicity(2): 86539
         periodicity(8): 86502
        periodicity(16): 86189
        periodicity(32): 86584
          covariance(1): 7.04689e+06
          covariance(2): 7.04847e+06
          covariance(8): 7.05143e+06
         covariance(16): 7.0466e+06
         covariance(32): 7.05133e+06
            compression: 548983

Beginning permutation tests... these may take some time
  0.01% of Permutation test rounds,   0.00% of Permutation tests (Core 10/15, passed_count 0)
  0.02% of Permutation test rounds,   0.00% of Permutation tests (Core 9/15, passed_count 0)
  0.03% of Permutation test rounds,   0.00% of Permutation tests (Core 6/15, passed_count 0)
  0.04% of Permutation test rounds,   0.00% of Permutation tests (Core 0/15, passed_count 0)
  0.05% of Permutation test rounds,   0.00% of Permutation tests (Core 11/15, passed_count 0)
  0.06% of Permutation test rounds,   0.00% of Permutation tests (Core 8/15, passed_count 0)
  0.07% of Permutation test rounds,   0.00% of Permutation tests (Core 5/15, passed_count 0)
  0.08% of Permutation test rounds,   0.00% of Permutation tests (Core 7/15, passed_count 0)
  0.09% of Permutation test rounds,   0.00% of Permutation tests (Core 13/15, passed_count 0)
  0.10% of Permutation test rounds,   0.00% of Permutation tests (Core 1/15, passed_count 0)
  0.11% of Permutation test rounds,   0.00% of Permutation tests (Core 12/15, passed_count 0)
  0.12% of Permutation test rounds,   5.26% of Permutation tests (Core 14/15, passed_count 1)
  0.13% of Permutation test rounds,  10.53% of Permutation tests (Core 15/15, passed_count 2)
  0.14% of Permutation test rounds,  10.53% of Permutation tests (Core 2/15, passed_count 2)
  0.15% of Permutation test rounds,  10.53% of Permutation tests (Core 4/15, passed_count 2)
  0.16% of Permutation test rounds,  10.53% of Permutation tests (Core 3/15, passed_count 2)
  0.17% of Permutation test rounds,  31.58% of Permutation tests (Core 9/15, passed_count 6)
  0.18% of Permutation test rounds,  31.58% of Permutation tests (Core 10/15, passed_count 6)
  0.19% of Permutation test rounds,  31.58% of Permutation tests (Core 6/15, passed_count 6)
  0.20% of Permutation test rounds,  36.84% of Permutation tests (Core 0/15, passed_count 7)
  0.21% of Permutation test rounds,  42.11% of Permutation tests (Core 11/15, passed_count 8)
  0.22% of Permutation test rounds,  42.11% of Permutation tests (Core 7/15, passed_count 8)
  0.23% of Permutation test rounds,  42.11% of Permutation tests (Core 8/15, passed_count 8)
  0.24% of Permutation test rounds,  42.11% of Permutation tests (Core 13/15, passed_count 8)
  0.25% of Permutation test rounds,  47.37% of Permutation tests (Core 12/15, passed_count 9)
  0.26% of Permutation test rounds,  52.63% of Permutation tests (Core 13/15, passed_count 10)
  0.27% of Permutation test rounds,  52.63% of Permutation tests (Core 15/15, passed_count 10)
  0.28% of Permutation test rounds,  52.63% of Permutation tests (Core 12/15, passed_count 10)
  0.29% of Permutation test rounds,  52.63% of Permutation tests (Core 13/15, passed_count 10)
  0.30% of Permutation test rounds,  52.63% of Permutation tests (Core 1/15, passed_count 10)
  0.31% of Permutation test rounds,  52.63% of Permutation tests (Core 15/15, passed_count 10)
  0.32% of Permutation test rounds,  52.63% of Permutation tests (Core 5/15, passed_count 10)
  0.33% of Permutation test rounds,  52.63% of Permutation tests (Core 12/15, passed_count 10)
  0.34% of Permutation test rounds,  52.63% of Permutation tests (Core 13/15, passed_count 10)
  0.35% of Permutation test rounds,  52.63% of Permutation tests (Core 1/15, passed_count 10)
  0.36% of Permutation test rounds,  52.63% of Permutation tests (Core 15/15, passed_count 10)
  0.37% of Permutation test rounds,  52.63% of Permutation tests (Core 5/15, passed_count 10)
  0.38% of Permutation test rounds,  52.63% of Permutation tests (Core 12/15, passed_count 10)
  0.39% of Permutation test rounds,  52.63% of Permutation tests (Core 14/15, passed_count 10)
  0.40% of Permutation test rounds,  52.63% of Permutation tests (Core 13/15, passed_count 10)
  0.41% of Permutation test rounds,  52.63% of Permutation tests (Core 2/15, passed_count 10)
  0.42% of Permutation test rounds,  52.63% of Permutation tests (Core 1/15, passed_count 10)
  0.43% of Permutation test rounds,  52.63% of Permutation tests (Core 15/15, passed_count 10)
  0.44% of Permutation test rounds,  52.63% of Permutation tests (Core 4/15, passed_count 10)
  0.45% of Permutation test rounds,  52.63% of Permutation tests (Core 5/15, passed_count 10)
  0.46% of Permutation test rounds,  52.63% of Permutation tests (Core 12/15, passed_count 10)
  0.47% of Permutation test rounds,  52.63% of Permutation tests (Core 3/15, passed_count 10)
  0.48% of Permutation test rounds,  52.63% of Permutation tests (Core 14/15, passed_count 10)
  0.49% of Permutation test rounds,  52.63% of Permutation tests (Core 13/15, passed_count 10)
  0.50% of Permutation test rounds,  52.63% of Permutation tests (Core 2/15, passed_count 10)
  0.51% of Permutation test rounds,  57.89% of Permutation tests (Core 1/15, passed_count 11)
  0.52% of Permutation test rounds,  57.89% of Permutation tests (Core 15/15, passed_count 11)
  0.53% of Permutation test rounds,  57.89% of Permutation tests (Core 4/15, passed_count 11)
  0.54% of Permutation test rounds,  57.89% of Permutation tests (Core 5/15, passed_count 11)
  0.55% of Permutation test rounds,  57.89% of Permutation tests (Core 12/15, passed_count 11)
  0.56% of Permutation test rounds,  57.89% of Permutation tests (Core 3/15, passed_count 11)
  0.57% of Permutation test rounds,  57.89% of Permutation tests (Core 14/15, passed_count 11)
  0.58% of Permutation test rounds,  57.89% of Permutation tests (Core 13/15, passed_count 11)
  0.59% of Permutation test rounds,  63.16% of Permutation tests (Core 2/15, passed_count 12)
  0.60% of Permutation test rounds,  63.16% of Permutation tests (Core 1/15, passed_count 12)
  0.61% of Permutation test rounds,  63.16% of Permutation tests (Core 15/15, passed_count 12)
  0.62% of Permutation test rounds,  63.16% of Permutation tests (Core 4/15, passed_count 12)
  0.63% of Permutation test rounds,  63.16% of Permutation tests (Core 5/15, passed_count 12)
  0.64% of Permutation test rounds,  68.42% of Permutation tests (Core 12/15, passed_count 13)
  0.65% of Permutation test rounds,  68.42% of Permutation tests (Core 3/15, passed_count 13)
  0.66% of Permutation test rounds,  68.42% of Permutation tests (Core 14/15, passed_count 13)
  0.67% of Permutation test rounds,  73.68% of Permutation tests (Core 13/15, passed_count 14)
  0.68% of Permutation test rounds,  73.68% of Permutation tests (Core 2/15, passed_count 14)
  0.69% of Permutation test rounds,  73.68% of Permutation tests (Core 1/15, passed_count 14)
  0.70% of Permutation test rounds,  73.68% of Permutation tests (Core 15/15, passed_count 14)
  0.71% of Permutation test rounds,  73.68% of Permutation tests (Core 4/15, passed_count 14)
  0.72% of Permutation test rounds,  73.68% of Permutation tests (Core 5/15, passed_count 14)
  0.73% of Permutation test rounds,  78.95% of Permutation tests (Core 12/15, passed_count 15)
  0.74% of Permutation test rounds,  78.95% of Permutation tests (Core 9/15, passed_count 15)
  0.75% of Permutation test rounds,  78.95% of Permutation tests (Core 3/15, passed_count 15)
  0.76% of Permutation test rounds,  78.95% of Permutation tests (Core 14/15, passed_count 15)
  0.77% of Permutation test rounds,  78.95% of Permutation tests (Core 13/15, passed_count 15)
  0.78% of Permutation test rounds,  78.95% of Permutation tests (Core 2/15, passed_count 15)
  0.79% of Permutation test rounds,  78.95% of Permutation tests (Core 1/15, passed_count 15)
  0.80% of Permutation test rounds,  78.95% of Permutation tests (Core 15/15, passed_count 15)
  0.81% of Permutation test rounds,  78.95% of Permutation tests (Core 10/15, passed_count 15)
  0.82% of Permutation test rounds,  78.95% of Permutation tests (Core 4/15, passed_count 15)
  0.83% of Permutation test rounds,  78.95% of Permutation tests (Core 5/15, passed_count 15)
  0.84% of Permutation test rounds,  78.95% of Permutation tests (Core 12/15, passed_count 15)
  0.85% of Permutation test rounds,  78.95% of Permutation tests (Core 6/15, passed_count 15)
  0.86% of Permutation test rounds,  78.95% of Permutation tests (Core 9/15, passed_count 15)
  0.87% of Permutation test rounds,  78.95% of Permutation tests (Core 3/15, passed_count 15)
  0.88% of Permutation test rounds,  78.95% of Permutation tests (Core 14/15, passed_count 15)
  0.89% of Permutation test rounds,  78.95% of Permutation tests (Core 13/15, passed_count 15)
  0.90% of Permutation test rounds,  78.95% of Permutation tests (Core 0/15, passed_count 15)
  0.91% of Permutation test rounds,  78.95% of Permutation tests (Core 2/15, passed_count 15)
  0.92% of Permutation test rounds,  78.95% of Permutation tests (Core 1/15, passed_count 15)
  0.93% of Permutation test rounds,  78.95% of Permutation tests (Core 15/15, passed_count 15)
  0.94% of Permutation test rounds,  78.95% of Permutation tests (Core 10/15, passed_count 15)
  0.95% of Permutation test rounds,  78.95% of Permutation tests (Core 4/15, passed_count 15)
  0.96% of Permutation test rounds,  78.95% of Permutation tests (Core 5/15, passed_count 15)
  0.97% of Permutation test rounds,  78.95% of Permutation tests (Core 12/15, passed_count 15)
  0.98% of Permutation test rounds,  78.95% of Permutation tests (Core 6/15, passed_count 15)
  0.99% of Permutation test rounds,  78.95% of Permutation tests (Core 11/15, passed_count 15)
  1.00% of Permutation test rounds,  78.95% of Permutation tests (Core 9/15, passed_count 15)
  1.01% of Permutation test rounds,  78.95% of Permutation tests (Core 3/15, passed_count 15)
  1.02% of Permutation test rounds,  78.95% of Permutation tests (Core 14/15, passed_count 15)
  1.03% of Permutation test rounds,  78.95% of Permutation tests (Core 13/15, passed_count 15)
  1.04% of Permutation test rounds,  78.95% of Permutation tests (Core 0/15, passed_count 15)
  1.05% of Permutation test rounds,  78.95% of Permutation tests (Core 8/15, passed_count 15)
  1.06% of Permutation test rounds,  78.95% of Permutation tests (Core 7/15, passed_count 15)
  1.07% of Permutation test rounds,  78.95% of Permutation tests (Core 2/15, passed_count 15)
  1.08% of Permutation test rounds,  84.21% of Permutation tests (Core 1/15, passed_count 16)
  1.09% of Permutation test rounds,  84.21% of Permutation tests (Core 15/15, passed_count 16)
  1.10% of Permutation test rounds,  84.21% of Permutation tests (Core 10/15, passed_count 16)
  1.11% of Permutation test rounds,  84.21% of Permutation tests (Core 4/15, passed_count 16)
  1.12% of Permutation test rounds,  84.21% of Permutation tests (Core 5/15, passed_count 16)
  1.13% of Permutation test rounds,  84.21% of Permutation tests (Core 12/15, passed_count 16)
  1.14% of Permutation test rounds,  84.21% of Permutation tests (Core 6/15, passed_count 16)
  1.15% of Permutation test rounds,  84.21% of Permutation tests (Core 11/15, passed_count 16)
  1.16% of Permutation test rounds,  84.21% of Permutation tests (Core 9/15, passed_count 16)
  1.17% of Permutation test rounds,  84.21% of Permutation tests (Core 3/15, passed_count 16)
  1.18% of Permutation test rounds,  84.21% of Permutation tests (Core 14/15, passed_count 16)
  1.19% of Permutation test rounds,  84.21% of Permutation tests (Core 13/15, passed_count 16)
  1.20% of Permutation test rounds,  84.21% of Permutation tests (Core 0/15, passed_count 16)
  1.21% of Permutation test rounds,  84.21% of Permutation tests (Core 8/15, passed_count 16)
  1.22% of Permutation test rounds,  84.21% of Permutation tests (Core 7/15, passed_count 16)
  1.23% of Permutation test rounds,  84.21% of Permutation tests (Core 2/15, passed_count 16)
  1.24% of Permutation test rounds,  89.47% of Permutation tests (Core 1/15, passed_count 17)
  1.25% of Permutation test rounds,  89.47% of Permutation tests (Core 15/15, passed_count 17)
  1.26% of Permutation test rounds,  89.47% of Permutation tests (Core 10/15, passed_count 17)
  1.27% of Permutation test rounds,  89.47% of Permutation tests (Core 4/15, passed_count 17)
  1.28% of Permutation test rounds,  89.47% of Permutation tests (Core 5/15, passed_count 17)
  1.29% of Permutation test rounds,  89.47% of Permutation tests (Core 12/15, passed_count 17)
  1.30% of Permutation test rounds,  89.47% of Permutation tests (Core 6/15, passed_count 17)
  1.31% of Permutation test rounds,  89.47% of Permutation tests (Core 11/15, passed_count 17)
  1.32% of Permutation test rounds,  89.47% of Permutation tests (Core 9/15, passed_count 17)
  1.33% of Permutation test rounds,  89.47% of Permutation tests (Core 3/15, passed_count 17)
  1.34% of Permutation test rounds,  89.47% of Permutation tests (Core 14/15, passed_count 17)
  1.35% of Permutation test rounds,  89.47% of Permutation tests (Core 13/15, passed_count 17)
  1.36% of Permutation test rounds,  89.47% of Permutation tests (Core 0/15, passed_count 17)
  1.37% of Permutation test rounds,  89.47% of Permutation tests (Core 8/15, passed_count 17)
  1.38% of Permutation test rounds,  89.47% of Permutation tests (Core 7/15, passed_count 17)
  1.39% of Permutation test rounds,  89.47% of Permutation tests (Core 2/15, passed_count 17)
  1.40% of Permutation test rounds,  89.47% of Permutation tests (Core 1/15, passed_count 17)
  1.41% of Permutation test rounds,  89.47% of Permutation tests (Core 15/15, passed_count 17)
  1.42% of Permutation test rounds,  89.47% of Permutation tests (Core 10/15, passed_count 17)
  1.43% of Permutation test rounds,  89.47% of Permutation tests (Core 4/15, passed_count 17)
  1.44% of Permutation test rounds,  89.47% of Permutation tests (Core 5/15, passed_count 17)
  1.45% of Permutation test rounds,  89.47% of Permutation tests (Core 12/15, passed_count 17)
  1.46% of Permutation test rounds,  89.47% of Permutation tests (Core 6/15, passed_count 17)
  1.47% of Permutation test rounds,  89.47% of Permutation tests (Core 11/15, passed_count 17)
  1.48% of Permutation test rounds,  89.47% of Permutation tests (Core 9/15, passed_count 17)
  1.49% of Permutation test rounds,  89.47% of Permutation tests (Core 3/15, passed_count 17)
  1.50% of Permutation test rounds,  89.47% of Permutation tests (Core 14/15, passed_count 17)
  1.51% of Permutation test rounds,  89.47% of Permutation tests (Core 13/15, passed_count 17)
  1.52% of Permutation test rounds,  89.47% of Permutation tests (Core 0/15, passed_count 17)
  1.53% of Permutation test rounds,  89.47% of Permutation tests (Core 8/15, passed_count 17)
  1.54% of Permutation test rounds,  89.47% of Permutation tests (Core 7/15, passed_count 17)
  1.55% of Permutation test rounds,  89.47% of Permutation tests (Core 2/15, passed_count 17)
  1.56% of Permutation test rounds,  89.47% of Permutation tests (Core 1/15, passed_count 17)
  1.57% of Permutation test rounds,  89.47% of Permutation tests (Core 15/15, passed_count 17)
  1.58% of Permutation test rounds,  89.47% of Permutation tests (Core 10/15, passed_count 17)
  1.59% of Permutation test rounds,  89.47% of Permutation tests (Core 4/15, passed_count 17)
  1.60% of Permutation test rounds,  89.47% of Permutation tests (Core 5/15, passed_count 17)
  1.61% of Permutation test rounds,  89.47% of Permutation tests (Core 12/15, passed_count 17)
  1.62% of Permutation test rounds,  89.47% of Permutation tests (Core 6/15, passed_count 17)
  1.63% of Permutation test rounds,  89.47% of Permutation tests (Core 11/15, passed_count 17)
  1.64% of Permutation test rounds,  89.47% of Permutation tests (Core 9/15, passed_count 17)
  1.65% of Permutation test rounds,  89.47% of Permutation tests (Core 3/15, passed_count 17)
  1.66% of Permutation test rounds,  89.47% of Permutation tests (Core 14/15, passed_count 17)
  1.67% of Permutation test rounds,  89.47% of Permutation tests (Core 13/15, passed_count 17)
  1.68% of Permutation test rounds,  89.47% of Permutation tests (Core 0/15, passed_count 17)
  1.69% of Permutation test rounds,  89.47% of Permutation tests (Core 8/15, passed_count 17)
  1.70% of Permutation test rounds,  89.47% of Permutation tests (Core 7/15, passed_count 17)
  1.71% of Permutation test rounds,  89.47% of Permutation tests (Core 2/15, passed_count 17)
  1.72% of Permutation test rounds,  89.47% of Permutation tests (Core 1/15, passed_count 17)
  1.73% of Permutation test rounds,  89.47% of Permutation tests (Core 15/15, passed_count 17)
  1.74% of Permutation test rounds,  89.47% of Permutation tests (Core 10/15, passed_count 17)
  1.75% of Permutation test rounds,  89.47% of Permutation tests (Core 4/15, passed_count 17)
  1.76% of Permutation test rounds,  89.47% of Permutation tests (Core 5/15, passed_count 17)
  1.77% of Permutation test rounds,  89.47% of Permutation tests (Core 12/15, passed_count 17)
  1.78% of Permutation test rounds,  89.47% of Permutation tests (Core 6/15, passed_count 17)
  1.79% of Permutation test rounds,  89.47% of Permutation tests (Core 11/15, passed_count 17)
  1.80% of Permutation test rounds,  89.47% of Permutation tests (Core 9/15, passed_count 17)
  1.81% of Permutation test rounds,  89.47% of Permutation tests (Core 3/15, passed_count 17)
  1.82% of Permutation test rounds,  89.47% of Permutation tests (Core 14/15, passed_count 17)
  1.83% of Permutation test rounds,  89.47% of Permutation tests (Core 13/15, passed_count 17)
  1.84% of Permutation test rounds,  89.47% of Permutation tests (Core 0/15, passed_count 17)
  1.85% of Permutation test rounds,  89.47% of Permutation tests (Core 8/15, passed_count 17)
  1.86% of Permutation test rounds,  89.47% of Permutation tests (Core 7/15, passed_count 17)
  1.87% of Permutation test rounds,  89.47% of Permutation tests (Core 2/15, passed_count 17)
  1.88% of Permutation test rounds,  89.47% of Permutation tests (Core 1/15, passed_count 17)
  1.89% of Permutation test rounds,  89.47% of Permutation tests (Core 15/15, passed_count 17)
  1.90% of Permutation test rounds,  89.47% of Permutation tests (Core 10/15, passed_count 17)
  1.91% of Permutation test rounds,  94.74% of Permutation tests (Core 4/15, passed_count 18)
  1.92% of Permutation test rounds,  94.74% of Permutation tests (Core 5/15, passed_count 18)
  1.93% of Permutation test rounds,  94.74% of Permutation tests (Core 12/15, passed_count 18)
  1.94% of Permutation test rounds,  94.74% of Permutation tests (Core 6/15, passed_count 18)
  1.95% of Permutation test rounds,  94.74% of Permutation tests (Core 11/15, passed_count 18)
  1.96% of Permutation test rounds,  94.74% of Permutation tests (Core 9/15, passed_count 18)
  1.97% of Permutation test rounds,  94.74% of Permutation tests (Core 3/15, passed_count 18)
  1.98% of Permutation test rounds,  94.74% of Permutation tests (Core 14/15, passed_count 18)
  1.99% of Permutation test rounds,  94.74% of Permutation tests (Core 13/15, passed_count 18)
  2.00% of Permutation test rounds,  94.74% of Permutation tests (Core 0/15, passed_count 18)
  2.01% of Permutation test rounds,  94.74% of Permutation tests (Core 8/15, passed_count 18)
  2.02% of Permutation test rounds,  94.74% of Permutation tests (Core 7/15, passed_count 18)
  2.03% of Permutation test rounds,  94.74% of Permutation tests (Core 2/15, passed_count 18)
  2.04% of Permutation test rounds,  94.74% of Permutation tests (Core 1/15, passed_count 18)
  2.05% of Permutation test rounds,  94.74% of Permutation tests (Core 15/15, passed_count 18)
  2.06% of Permutation test rounds,  94.74% of Permutation tests (Core 10/15, passed_count 18)
  2.07% of Permutation test rounds,  94.74% of Permutation tests (Core 4/15, passed_count 18)
  2.08% of Permutation test rounds,  94.74% of Permutation tests (Core 5/15, passed_count 18)
  2.09% of Permutation test rounds,  94.74% of Permutation tests (Core 12/15, passed_count 18)
  2.10% of Permutation test rounds,  94.74% of Permutation tests (Core 6/15, passed_count 18)
  2.11% of Permutation test rounds,  94.74% of Permutation tests (Core 11/15, passed_count 18)
  2.12% of Permutation test rounds,  94.74% of Permutation tests (Core 9/15, passed_count 18)
  2.13% of Permutation test rounds,  94.74% of Permutation tests (Core 3/15, passed_count 18)
  2.14% of Permutation test rounds,  94.74% of Permutation tests (Core 14/15, passed_count 18)
  2.15% of Permutation test rounds,  94.74% of Permutation tests (Core 13/15, passed_count 18)
  2.16% of Permutation test rounds,  94.74% of Permutation tests (Core 0/15, passed_count 18)
  2.17% of Permutation test rounds,  94.74% of Permutation tests (Core 8/15, passed_count 18)
  2.18% of Permutation test rounds,  94.74% of Permutation tests (Core 7/15, passed_count 18)
  2.19% of Permutation test rounds,  94.74% of Permutation tests (Core 2/15, passed_count 18)
  2.20% of Permutation test rounds,  94.74% of Permutation tests (Core 1/15, passed_count 18)
  2.21% of Permutation test rounds,  94.74% of Permutation tests (Core 15/15, passed_count 18)
  2.22% of Permutation test rounds,  94.74% of Permutation tests (Core 10/15, passed_count 18)
  2.23% of Permutation test rounds,  94.74% of Permutation tests (Core 4/15, passed_count 18)
  2.24% of Permutation test rounds,  94.74% of Permutation tests (Core 5/15, passed_count 18)
  2.25% of Permutation test rounds,  94.74% of Permutation tests (Core 12/15, passed_count 18)
  2.26% of Permutation test rounds,  94.74% of Permutation tests (Core 6/15, passed_count 18)
  2.27% of Permutation test rounds,  94.74% of Permutation tests (Core 11/15, passed_count 18)
  2.28% of Permutation test rounds,  94.74% of Permutation tests (Core 9/15, passed_count 18)
  2.29% of Permutation test rounds,  94.74% of Permutation tests (Core 3/15, passed_count 18)
  2.30% of Permutation test rounds,  94.74% of Permutation tests (Core 14/15, passed_count 18)
  2.31% of Permutation test rounds,  94.74% of Permutation tests (Core 13/15, passed_count 18)
  2.32% of Permutation test rounds,  94.74% of Permutation tests (Core 0/15, passed_count 18)
  2.33% of Permutation test rounds,  94.74% of Permutation tests (Core 8/15, passed_count 18)
  2.34% of Permutation test rounds,  94.74% of Permutation tests (Core 7/15, passed_count 18)
  2.35% of Permutation test rounds,  94.74% of Permutation tests (Core 2/15, passed_count 18)
  2.36% of Permutation test rounds,  94.74% of Permutation tests (Core 1/15, passed_count 18)
  2.37% of Permutation test rounds,  94.74% of Permutation tests (Core 15/15, passed_count 18)
  2.38% of Permutation test rounds,  94.74% of Permutation tests (Core 10/15, passed_count 18)
  2.39% of Permutation test rounds,  94.74% of Permutation tests (Core 4/15, passed_count 18)
  2.40% of Permutation test rounds,  94.74% of Permutation tests (Core 5/15, passed_count 18)
  2.41% of Permutation test rounds,  94.74% of Permutation tests (Core 12/15, passed_count 18)
  2.42% of Permutation test rounds,  94.74% of Permutation tests (Core 6/15, passed_count 18)
  2.43% of Permutation test rounds,  94.74% of Permutation tests (Core 11/15, passed_count 18)
  2.44% of Permutation test rounds,  94.74% of Permutation tests (Core 9/15, passed_count 18)
  2.45% of Permutation test rounds,  94.74% of Permutation tests (Core 3/15, passed_count 18)
  2.46% of Permutation test rounds,  94.74% of Permutation tests (Core 14/15, passed_count 18)
  2.47% of Permutation test rounds,  94.74% of Permutation tests (Core 13/15, passed_count 18)
  2.48% of Permutation test rounds,  94.74% of Permutation tests (Core 0/15, passed_count 18)
  2.49% of Permutation test rounds,  94.74% of Permutation tests (Core 8/15, passed_count 18)
  2.50% of Permutation test rounds,  94.74% of Permutation tests (Core 7/15, passed_count 18)
  2.51% of Permutation test rounds,  94.74% of Permutation tests (Core 2/15, passed_count 18)
  2.52% of Permutation test rounds,  94.74% of Permutation tests (Core 1/15, passed_count 18)
  2.53% of Permutation test rounds,  94.74% of Permutation tests (Core 15/15, passed_count 18)
  2.54% of Permutation test rounds,  94.74% of Permutation tests (Core 10/15, passed_count 18)
  2.55% of Permutation test rounds,  94.74% of Permutation tests (Core 4/15, passed_count 18)
  2.56% of Permutation test rounds,  94.74% of Permutation tests (Core 5/15, passed_count 18)
  2.57% of Permutation test rounds,  94.74% of Permutation tests (Core 12/15, passed_count 18)
  2.58% of Permutation test rounds,  94.74% of Permutation tests (Core 6/15, passed_count 18)
  2.59% of Permutation test rounds,  94.74% of Permutation tests (Core 11/15, passed_count 18)
  2.60% of Permutation test rounds,  94.74% of Permutation tests (Core 9/15, passed_count 18)
  2.61% of Permutation test rounds,  94.74% of Permutation tests (Core 3/15, passed_count 18)
  2.62% of Permutation test rounds,  94.74% of Permutation tests (Core 14/15, passed_count 18)
  2.63% of Permutation test rounds,  94.74% of Permutation tests (Core 13/15, passed_count 18)
  2.64% of Permutation test rounds,  94.74% of Permutation tests (Core 0/15, passed_count 18)
  2.65% of Permutation test rounds,  94.74% of Permutation tests (Core 8/15, passed_count 18)
  2.66% of Permutation test rounds,  94.74% of Permutation tests (Core 7/15, passed_count 18)
  2.67% of Permutation test rounds,  94.74% of Permutation tests (Core 2/15, passed_count 18)
  2.68% of Permutation test rounds,  94.74% of Permutation tests (Core 1/15, passed_count 18)
  2.69% of Permutation test rounds,  94.74% of Permutation tests (Core 15/15, passed_count 18)
  2.70% of Permutation test rounds,  94.74% of Permutation tests (Core 10/15, passed_count 18)
  2.71% of Permutation test rounds,  94.74% of Permutation tests (Core 4/15, passed_count 18)
  2.72% of Permutation test rounds,  94.74% of Permutation tests (Core 5/15, passed_count 18)
  2.73% of Permutation test rounds,  94.74% of Permutation tests (Core 12/15, passed_count 18)
  2.74% of Permutation test rounds,  94.74% of Permutation tests (Core 6/15, passed_count 18)
  2.75% of Permutation test rounds,  94.74% of Permutation tests (Core 11/15, passed_count 18)
  2.76% of Permutation test rounds,  94.74% of Permutation tests (Core 9/15, passed_count 18)
  2.77% of Permutation test rounds,  94.74% of Permutation tests (Core 3/15, passed_count 18)
  2.78% of Permutation test rounds,  94.74% of Permutation tests (Core 14/15, passed_count 18)
  2.79% of Permutation test rounds,  94.74% of Permutation tests (Core 13/15, passed_count 18)
  2.80% of Permutation test rounds,  94.74% of Permutation tests (Core 0/15, passed_count 18)
  2.81% of Permutation test rounds,  94.74% of Permutation tests (Core 8/15, passed_count 18)
  2.82% of Permutation test rounds,  94.74% of Permutation tests (Core 7/15, passed_count 18)
  2.83% of Permutation test rounds,  94.74% of Permutation tests (Core 2/15, passed_count 18)
  2.84% of Permutation test rounds,  94.74% of Permutation tests (Core 1/15, passed_count 18)
  2.85% of Permutation test rounds,  94.74% of Permutation tests (Core 15/15, passed_count 18)
  2.86% of Permutation test rounds,  94.74% of Permutation tests (Core 10/15, passed_count 18)
  2.87% of Permutation test rounds,  94.74% of Permutation tests (Core 4/15, passed_count 18)
  2.88% of Permutation test rounds,  94.74% of Permutation tests (Core 5/15, passed_count 18)
  2.89% of Permutation test rounds,  94.74% of Permutation tests (Core 12/15, passed_count 18)
  2.90% of Permutation test rounds,  94.74% of Permutation tests (Core 6/15, passed_count 18)
  2.91% of Permutation test rounds,  94.74% of Permutation tests (Core 11/15, passed_count 18)
  2.92% of Permutation test rounds,  94.74% of Permutation tests (Core 9/15, passed_count 18)
  2.93% of Permutation test rounds,  94.74% of Permutation tests (Core 3/15, passed_count 18)
  2.94% of Permutation test rounds,  94.74% of Permutation tests (Core 14/15, passed_count 18)
  2.95% of Permutation test rounds,  94.74% of Permutation tests (Core 13/15, passed_count 18)
  2.96% of Permutation test rounds,  94.74% of Permutation tests (Core 0/15, passed_count 18)
  2.97% of Permutation test rounds,  94.74% of Permutation tests (Core 8/15, passed_count 18)
  2.98% of Permutation test rounds,  94.74% of Permutation tests (Core 7/15, passed_count 18)
  2.99% of Permutation test rounds,  94.74% of Permutation tests (Core 2/15, passed_count 18)
  3.00% of Permutation test rounds,  94.74% of Permutation tests (Core 1/15, passed_count 18)
  3.01% of Permutation test rounds,  94.74% of Permutation tests (Core 15/15, passed_count 18)
  3.02% of Permutation test rounds,  94.74% of Permutation tests (Core 10/15, passed_count 18)
  3.03% of Permutation test rounds,  94.74% of Permutation tests (Core 4/15, passed_count 18)
  3.04% of Permutation test rounds,  94.74% of Permutation tests (Core 5/15, passed_count 18)
  3.05% of Permutation test rounds,  94.74% of Permutation tests (Core 12/15, passed_count 18)
  3.06% of Permutation test rounds,  94.74% of Permutation tests (Core 6/15, passed_count 18)
  3.07% of Permutation test rounds,  94.74% of Permutation tests (Core 11/15, passed_count 18)
  3.08% of Permutation test rounds,  94.74% of Permutation tests (Core 9/15, passed_count 18)
  3.09% of Permutation test rounds,  94.74% of Permutation tests (Core 3/15, passed_count 18)
  3.10% of Permutation test rounds,  94.74% of Permutation tests (Core 14/15, passed_count 18)
  3.11% of Permutation test rounds,  94.74% of Permutation tests (Core 13/15, passed_count 18)
  3.12% of Permutation test rounds,  94.74% of Permutation tests (Core 0/15, passed_count 18)
  3.13% of Permutation test rounds,  94.74% of Permutation tests (Core 8/15, passed_count 18)
  3.14% of Permutation test rounds,  94.74% of Permutation tests (Core 7/15, passed_count 18)
  3.15% of Permutation test rounds,  94.74% of Permutation tests (Core 2/15, passed_count 18)
  3.16% of Permutation test rounds,  94.74% of Permutation tests (Core 1/15, passed_count 18)
  3.17% of Permutation test rounds,  94.74% of Permutation tests (Core 15/15, passed_count 18)
  3.18% of Permutation test rounds,  94.74% of Permutation tests (Core 10/15, passed_count 18)
  3.19% of Permutation test rounds,  94.74% of Permutation tests (Core 4/15, passed_count 18)
  3.20% of Permutation test rounds,  94.74% of Permutation tests (Core 5/15, passed_count 18)
  3.21% of Permutation test rounds,  94.74% of Permutation tests (Core 12/15, passed_count 18)
  3.22% of Permutation test rounds,  94.74% of Permutation tests (Core 6/15, passed_count 18)
  3.23% of Permutation test rounds,  94.74% of Permutation tests (Core 11/15, passed_count 18)
  3.24% of Permutation test rounds,  94.74% of Permutation tests (Core 9/15, passed_count 18)
  3.25% of Permutation test rounds,  94.74% of Permutation tests (Core 3/15, passed_count 18)
  3.26% of Permutation test rounds,  94.74% of Permutation tests (Core 14/15, passed_count 18)
  3.27% of Permutation test rounds,  94.74% of Permutation tests (Core 13/15, passed_count 18)
  3.28% of Permutation test rounds,  94.74% of Permutation tests (Core 0/15, passed_count 18)
  3.29% of Permutation test rounds,  94.74% of Permutation tests (Core 8/15, passed_count 18)
  3.30% of Permutation test rounds,  94.74% of Permutation tests (Core 7/15, passed_count 18)
  3.31% of Permutation test rounds,  94.74% of Permutation tests (Core 2/15, passed_count 18)
  3.32% of Permutation test rounds,  94.74% of Permutation tests (Core 1/15, passed_count 18)
  3.33% of Permutation test rounds,  94.74% of Permutation tests (Core 15/15, passed_count 18)
  3.34% of Permutation test rounds,  94.74% of Permutation tests (Core 10/15, passed_count 18)
  3.35% of Permutation test rounds,  94.74% of Permutation tests (Core 4/15, passed_count 18)
  3.36% of Permutation test rounds,  94.74% of Permutation tests (Core 5/15, passed_count 18)
  3.37% of Permutation test rounds,  94.74% of Permutation tests (Core 12/15, passed_count 18)
  3.38% of Permutation test rounds,  94.74% of Permutation tests (Core 6/15, passed_count 18)
  3.39% of Permutation test rounds,  94.74% of Permutation tests (Core 11/15, passed_count 18)
  3.40% of Permutation test rounds,  94.74% of Permutation tests (Core 9/15, passed_count 18)
  3.41% of Permutation test rounds,  94.74% of Permutation tests (Core 3/15, passed_count 18)
  3.42% of Permutation test rounds,  94.74% of Permutation tests (Core 14/15, passed_count 18)
  3.43% of Permutation test rounds,  94.74% of Permutation tests (Core 13/15, passed_count 18)
  3.44% of Permutation test rounds,  94.74% of Permutation tests (Core 0/15, passed_count 18)
  3.45% of Permutation test rounds,  94.74% of Permutation tests (Core 8/15, passed_count 18)
  3.46% of Permutation test rounds,  94.74% of Permutation tests (Core 7/15, passed_count 18)
  3.47% of Permutation test rounds,  94.74% of Permutation tests (Core 2/15, passed_count 18)
  3.48% of Permutation test rounds,  94.74% of Permutation tests (Core 1/15, passed_count 18)
  3.49% of Permutation test rounds,  94.74% of Permutation tests (Core 15/15, passed_count 18)
  3.50% of Permutation test rounds,  94.74% of Permutation tests (Core 10/15, passed_count 18)
  3.51% of Permutation test rounds,  94.74% of Permutation tests (Core 4/15, passed_count 18)
  3.52% of Permutation test rounds,  94.74% of Permutation tests (Core 5/15, passed_count 18)
  3.53% of Permutation test rounds,  94.74% of Permutation tests (Core 12/15, passed_count 18)
  3.54% of Permutation test rounds,  94.74% of Permutation tests (Core 6/15, passed_count 18)
  3.55% of Permutation test rounds,  94.74% of Permutation tests (Core 11/15, passed_count 18)
  3.56% of Permutation test rounds,  94.74% of Permutation tests (Core 9/15, passed_count 18)
  3.57% of Permutation test rounds,  94.74% of Permutation tests (Core 3/15, passed_count 18)
  3.58% of Permutation test rounds,  94.74% of Permutation tests (Core 14/15, passed_count 18)
  3.59% of Permutation test rounds,  94.74% of Permutation tests (Core 13/15, passed_count 18)
  3.60% of Permutation test rounds,  94.74% of Permutation tests (Core 0/15, passed_count 18)
  3.61% of Permutation test rounds,  94.74% of Permutation tests (Core 8/15, passed_count 18)
  3.62% of Permutation test rounds,  94.74% of Permutation tests (Core 7/15, passed_count 18)
  3.63% of Permutation test rounds,  94.74% of Permutation tests (Core 2/15, passed_count 18)
  3.64% of Permutation test rounds,  94.74% of Permutation tests (Core 1/15, passed_count 18)
  3.65% of Permutation test rounds,  94.74% of Permutation tests (Core 15/15, passed_count 18)
  3.66% of Permutation test rounds,  94.74% of Permutation tests (Core 10/15, passed_count 18)
  3.67% of Permutation test rounds,  94.74% of Permutation tests (Core 4/15, passed_count 18)
  3.68% of Permutation test rounds,  94.74% of Permutation tests (Core 5/15, passed_count 18)
  3.69% of Permutation test rounds,  94.74% of Permutation tests (Core 12/15, passed_count 18)
  3.70% of Permutation test rounds,  94.74% of Permutation tests (Core 6/15, passed_count 18)
  3.71% of Permutation test rounds,  94.74% of Permutation tests (Core 11/15, passed_count 18)
  3.72% of Permutation test rounds,  94.74% of Permutation tests (Core 9/15, passed_count 18)
  3.73% of Permutation test rounds,  94.74% of Permutation tests (Core 3/15, passed_count 18)
  3.74% of Permutation test rounds,  94.74% of Permutation tests (Core 14/15, passed_count 18)
  3.75% of Permutation test rounds,  94.74% of Permutation tests (Core 13/15, passed_count 18)
  3.76% of Permutation test rounds,  94.74% of Permutation tests (Core 0/15, passed_count 18)
  3.77% of Permutation test rounds,  94.74% of Permutation tests (Core 8/15, passed_count 18)
  3.78% of Permutation test rounds,  94.74% of Permutation tests (Core 7/15, passed_count 18)
  3.79% of Permutation test rounds,  94.74% of Permutation tests (Core 2/15, passed_count 18)
  3.80% of Permutation test rounds,  94.74% of Permutation tests (Core 1/15, passed_count 18)
  3.81% of Permutation test rounds,  94.74% of Permutation tests (Core 15/15, passed_count 18)
  3.82% of Permutation test rounds,  94.74% of Permutation tests (Core 10/15, passed_count 18)
  3.83% of Permutation test rounds,  94.74% of Permutation tests (Core 4/15, passed_count 18)
  3.84% of Permutation test rounds,  94.74% of Permutation tests (Core 5/15, passed_count 18)
  3.85% of Permutation test rounds,  94.74% of Permutation tests (Core 12/15, passed_count 18)
  3.86% of Permutation test rounds,  94.74% of Permutation tests (Core 6/15, passed_count 18)
  3.87% of Permutation test rounds,  94.74% of Permutation tests (Core 11/15, passed_count 18)
  3.88% of Permutation test rounds,  94.74% of Permutation tests (Core 9/15, passed_count 18)
  3.89% of Permutation test rounds,  94.74% of Permutation tests (Core 3/15, passed_count 18)
  3.90% of Permutation test rounds,  94.74% of Permutation tests (Core 14/15, passed_count 18)
  3.91% of Permutation test rounds,  94.74% of Permutation tests (Core 13/15, passed_count 18)
  3.92% of Permutation test rounds,  94.74% of Permutation tests (Core 0/15, passed_count 18)
  3.93% of Permutation test rounds,  94.74% of Permutation tests (Core 8/15, passed_count 18)
  3.94% of Permutation test rounds,  94.74% of Permutation tests (Core 7/15, passed_count 18)
  3.95% of Permutation test rounds,  94.74% of Permutation tests (Core 2/15, passed_count 18)
  3.96% of Permutation test rounds,  94.74% of Permutation tests (Core 1/15, passed_count 18)
  3.97% of Permutation test rounds,  94.74% of Permutation tests (Core 15/15, passed_count 18)
  3.98% of Permutation test rounds,  94.74% of Permutation tests (Core 10/15, passed_count 18)
  3.99% of Permutation test rounds,  94.74% of Permutation tests (Core 4/15, passed_count 18)
  4.00% of Permutation test rounds,  94.74% of Permutation tests (Core 5/15, passed_count 18)
  4.01% of Permutation test rounds,  94.74% of Permutation tests (Core 12/15, passed_count 18)
  4.02% of Permutation test rounds,  94.74% of Permutation tests (Core 6/15, passed_count 18)
  4.03% of Permutation test rounds,  94.74% of Permutation tests (Core 11/15, passed_count 18)
  4.04% of Permutation test rounds,  94.74% of Permutation tests (Core 9/15, passed_count 18)
  4.05% of Permutation test rounds,  94.74% of Permutation tests (Core 3/15, passed_count 18)
  4.06% of Permutation test rounds,  94.74% of Permutation tests (Core 14/15, passed_count 18)
  4.07% of Permutation test rounds,  94.74% of Permutation tests (Core 13/15, passed_count 18)
  4.08% of Permutation test rounds,  94.74% of Permutation tests (Core 0/15, passed_count 18)
  4.09% of Permutation test rounds,  94.74% of Permutation tests (Core 8/15, passed_count 18)
  4.10% of Permutation test rounds,  94.74% of Permutation tests (Core 7/15, passed_count 18)
  4.11% of Permutation test rounds,  94.74% of Permutation tests (Core 2/15, passed_count 18)
  4.12% of Permutation test rounds,  94.74% of Permutation tests (Core 1/15, passed_count 18)
  4.13% of Permutation test rounds,  94.74% of Permutation tests (Core 15/15, passed_count 18)
  4.14% of Permutation test rounds,  94.74% of Permutation tests (Core 10/15, passed_count 18)
  4.15% of Permutation test rounds,  94.74% of Permutation tests (Core 4/15, passed_count 18)
  4.16% of Permutation test rounds,  94.74% of Permutation tests (Core 5/15, passed_count 18)
  4.17% of Permutation test rounds,  94.74% of Permutation tests (Core 12/15, passed_count 18)
  4.18% of Permutation test rounds,  94.74% of Permutation tests (Core 6/15, passed_count 18)
  4.19% of Permutation test rounds,  94.74% of Permutation tests (Core 11/15, passed_count 18)
  4.20% of Permutation test rounds,  94.74% of Permutation tests (Core 9/15, passed_count 18)
  4.21% of Permutation test rounds,  94.74% of Permutation tests (Core 3/15, passed_count 18)
  4.22% of Permutation test rounds,  94.74% of Permutation tests (Core 14/15, passed_count 18)
  4.23% of Permutation test rounds,  94.74% of Permutation tests (Core 13/15, passed_count 18)
  4.24% of Permutation test rounds,  94.74% of Permutation tests (Core 0/15, passed_count 18)
  4.25% of Permutation test rounds,  94.74% of Permutation tests (Core 8/15, passed_count 18)
  4.26% of Permutation test rounds,  94.74% of Permutation tests (Core 7/15, passed_count 18)
  4.27% of Permutation test rounds,  94.74% of Permutation tests (Core 2/15, passed_count 18)
  4.28% of Permutation test rounds,  94.74% of Permutation tests (Core 1/15, passed_count 18)
  4.29% of Permutation test rounds,  94.74% of Permutation tests (Core 15/15, passed_count 18)
  4.30% of Permutation test rounds,  94.74% of Permutation tests (Core 10/15, passed_count 18)
  4.31% of Permutation test rounds,  94.74% of Permutation tests (Core 4/15, passed_count 18)
  4.32% of Permutation test rounds,  94.74% of Permutation tests (Core 5/15, passed_count 18)
  4.33% of Permutation test rounds,  94.74% of Permutation tests (Core 12/15, passed_count 18)
  4.34% of Permutation test rounds,  94.74% of Permutation tests (Core 6/15, passed_count 18)
  4.35% of Permutation test rounds,  94.74% of Permutation tests (Core 11/15, passed_count 18)
  4.36% of Permutation test rounds,  94.74% of Permutation tests (Core 9/15, passed_count 18)
  4.37% of Permutation test rounds,  94.74% of Permutation tests (Core 3/15, passed_count 18)
  4.38% of Permutation test rounds,  94.74% of Permutation tests (Core 14/15, passed_count 18)
  4.39% of Permutation test rounds,  94.74% of Permutation tests (Core 13/15, passed_count 18)
  4.40% of Permutation test rounds,  94.74% of Permutation tests (Core 0/15, passed_count 18)
  4.41% of Permutation test rounds,  94.74% of Permutation tests (Core 8/15, passed_count 18)
  4.42% of Permutation test rounds,  94.74% of Permutation tests (Core 7/15, passed_count 18)
  4.43% of Permutation test rounds,  94.74% of Permutation tests (Core 2/15, passed_count 18)
  4.44% of Permutation test rounds,  94.74% of Permutation tests (Core 1/15, passed_count 18)
  4.45% of Permutation test rounds,  94.74% of Permutation tests (Core 15/15, passed_count 18)
  4.46% of Permutation test rounds,  94.74% of Permutation tests (Core 10/15, passed_count 18)
  4.47% of Permutation test rounds,  94.74% of Permutation tests (Core 4/15, passed_count 18)
  4.48% of Permutation test rounds,  94.74% of Permutation tests (Core 5/15, passed_count 18)
  4.49% of Permutation test rounds,  94.74% of Permutation tests (Core 12/15, passed_count 18)
  4.50% of Permutation test rounds,  94.74% of Permutation tests (Core 6/15, passed_count 18)
  4.51% of Permutation test rounds,  94.74% of Permutation tests (Core 11/15, passed_count 18)
  4.52% of Permutation test rounds,  94.74% of Permutation tests (Core 9/15, passed_count 18)
  4.53% of Permutation test rounds,  94.74% of Permutation tests (Core 3/15, passed_count 18)
  4.54% of Permutation test rounds,  94.74% of Permutation tests (Core 14/15, passed_count 18)
  4.55% of Permutation test rounds,  94.74% of Permutation tests (Core 13/15, passed_count 18)
  4.56% of Permutation test rounds,  94.74% of Permutation tests (Core 0/15, passed_count 18)
  4.57% of Permutation test rounds,  94.74% of Permutation tests (Core 8/15, passed_count 18)
  4.58% of Permutation test rounds,  94.74% of Permutation tests (Core 7/15, passed_count 18)
  4.59% of Permutation test rounds,  94.74% of Permutation tests (Core 2/15, passed_count 18)
  4.60% of Permutation test rounds,  94.74% of Permutation tests (Core 1/15, passed_count 18)
  4.61% of Permutation test rounds,  94.74% of Permutation tests (Core 15/15, passed_count 18)
  4.62% of Permutation test rounds,  94.74% of Permutation tests (Core 10/15, passed_count 18)
  4.63% of Permutation test rounds,  94.74% of Permutation tests (Core 4/15, passed_count 18)
  4.64% of Permutation test rounds,  94.74% of Permutation tests (Core 5/15, passed_count 18)
  4.65% of Permutation test rounds,  94.74% of Permutation tests (Core 12/15, passed_count 18)
  4.66% of Permutation test rounds,  94.74% of Permutation tests (Core 6/15, passed_count 18)
  4.67% of Permutation test rounds,  94.74% of Permutation tests (Core 11/15, passed_count 18)
  4.68% of Permutation test rounds,  94.74% of Permutation tests (Core 9/15, passed_count 18)
  4.69% of Permutation test rounds,  94.74% of Permutation tests (Core 3/15, passed_count 18)
  4.70% of Permutation test rounds, 100.00% of Permutation tests (Core 14/15, passed_count 19)
 10.65% of Permutation test rounds, 100.00% of Permutation tests (Core 13/15, passed_count 19)
 16.56% of Permutation test rounds, 100.00% of Permutation tests (Core 0/15, passed_count 19)
 22.55% of Permutation test rounds, 100.00% of Permutation tests (Core 8/15, passed_count 19)
 28.55% of Permutation test rounds, 100.00% of Permutation tests (Core 7/15, passed_count 19)
 34.55% of Permutation test rounds, 100.00% of Permutation tests (Core 2/15, passed_count 19)
 40.50% of Permutation test rounds, 100.00% of Permutation tests (Core 1/15, passed_count 19)
 46.43% of Permutation test rounds, 100.00% of Permutation tests (Core 15/15, passed_count 19)
 52.35% of Permutation test rounds, 100.00% of Permutation tests (Core 10/15, passed_count 19)
 58.33% of Permutation test rounds, 100.00% of Permutation tests (Core 4/15, passed_count 19)
 64.28% of Permutation test rounds, 100.00% of Permutation tests (Core 5/15, passed_count 19)
 70.21% of Permutation test rounds, 100.00% of Permutation tests (Core 12/15, passed_count 19)
 76.12% of Permutation test rounds, 100.00% of Permutation tests (Core 6/15, passed_count 19)
 82.10% of Permutation test rounds, 100.00% of Permutation tests (Core 11/15, passed_count 19)
 88.09% of Permutation test rounds, 100.00% of Permutation tests (Core 9/15, passed_count 19)
 94.06% of Permutation test rounds, 100.00% of Permutation tests (Core 3/15, passed_count 19)


                statistic  C[i][0]  C[i][1]  C[i][2]
----------------------------------------------------
                excursion      11       0       6
       numDirectionalRuns       6       0      67
       lenDirectionalRuns       0       6      53
    numIncreasesDecreases      14       0       6
            numRunsMedian       6       0      11
            lenRunsMedian      11       4       2
             avgCollision       6       0      15
             maxCollision      61       4       2
           periodicity(1)      58       0       6
           periodicity(2)       7       0       6
           periodicity(8)       6       0       6
          periodicity(16)      45       0       6
          periodicity(32)       6       0      11
            covariance(1)     185       0       6
            covariance(2)      20       0       6
            covariance(8)       6       0     102
           covariance(16)     464       0       6
           covariance(32)       6       0     118
              compression      19       0       6
(* denotes failed test)

** Passed IID permutation tests

your 131072x1 screen size is bogus. expect trouble
your 131072x1 screen size is bogus. expect trouble
Identity added: /home/mmggjj/.ssh/id_ed25519 (mariogj.03@gmail.com)
tiempo_s=15.70 maxrss_kB=407272
--- esp_rf_off_2_noniid_b8: exit 0, 17 s ---
Agent pid 423
Opening file: '/mnt/c/Users/mario/Documents/TFM_FPGA_CRYPTO/results/esp32_tramas_E_esp_rf_off_2.bin' (SHA-256 hash 52088d02c350a25e86ece0e3cae27a40107a9f703abc0c76994eefda52e50d25)
Loaded 1047296 samples of 256 distinct 8-bit-wide symbols
Number of Binary Symbols: 8378368

Running non-IID tests...

Running Most Common Value Estimate...
Bitstring MCV Estimate: mode = 4190679, p-hat = 0.50017843570490095, p_u = 0.50062338176575483
	Most Common Value Estimate (bit string) = 0.998202 / 1 bit(s)
Literal MCV Estimate: mode = 4239, p-hat = 0.0040475663040821317, p_u = 0.0042073744264879281
	Most Common Value Estimate = 7.892864 / 8 bit(s)

Running Entropic Statistic Estimates (bit strings only)...
Bitstring Collision Estimate: X-bar = 2.5002743974223653, sigma-hat = 0.49999999931111727, p = 0.51464859589539935
	Collision Test Estimate (bit string) = 0.958340 / 1 bit(s)
Bitstring Markov Estimate: P_0 = 0.499821564295099, P_1 = 0.50017843570490106, P_0,0 = 0.49976741342717029, P_0,1 = 0.50023258657282965, P_1,0 = 0.49987579578392904, P_1,1 = 0.50012420421607096, p_max = 3.0339951306372803e-39
	Markov Test Estimate (bit string) = 0.999640 / 1 bit(s)
Bitstring Compression Estimate: X-bar = 5.2179945858518098, sigma-hat = 1.014929653619689, p = 0.022642647984611575
	Compression Test Estimate (bit string) = 0.910802 / 1 bit(s)

Running Tuple Estimates...
Bitstring t-Tuple Estimate: t = 19, p-hat_max = 0.5225888865881041584404, p_u = 0.5230333783709370026535
Bitstring LRS Estimate: u = 20, v = 43, p-hat = 0.50007903474235805, p_u = 0.50052398082598672
	T-Tuple Test Estimate (bit string) = 0.935025 / 1 bit(s)
Literal t-Tuple Estimate: t = 2, p-hat_max = 0.005780953913139455605437, p_u = 0.005971773678446172670269
Literal LRS Estimate: u = 3, v = 5, p-hat = 0.0044893035072686036, p_u = 0.0046575689814510916
	T-Tuple Test Estimate = 7.387625 / 8 bit(s)
	LRS Test Estimate (bit string) = 0.998489 / 1 bit(s)
	LRS Test Estimate = 7.746207 / 8 bit(s)

Running Predictor Estimates...
Bitstring MultiMCW Prediction Estimate: N = 8378305, Pglobal' = 0.50050253697314906 (C = 4189635) Plocal can't affect result (r = 22)
	Multi Most Common in Window (MultiMCW) Prediction Test Estimate (bit string) = 0.998551 / 1 bit(s)
Literal MultiMCW Prediction Estimate: N = 1047233, Pglobal' = 0.0040216144096759899 (C = 4048) Plocal can't affect result (r = 3)
	Multi Most Common in Window (MultiMCW) Prediction Test Estimate = 7.958010 / 8 bit(s)
Bitstring Lag Prediction Estimate: N = 8378367, Pglobal' = 0.50052533170303015 (C = 4189857) Plocal can't affect result (r = 23)
	Lag Prediction Test Estimate (bit string) = 0.998485 / 1 bit(s)
Literal Lag Prediction Estimate: N = 1047295, Pglobal' = 0.0039970241684289002 (C = 4023) Plocal can't affect result (r = 3)
	Lag Prediction Test Estimate = 7.966858 / 8 bit(s)
Bitstring MultiMMC Prediction Estimate: N = 8378366, Pglobal' = 0.50042931063510521 (C = 4189052) Plocal can't affect result (r = 23)
	Multi Markov Model with Counting (MultiMMC) Prediction Test Estimate (bit string) = 0.998762 / 1 bit(s)
Literal MultiMMC Prediction Estimate: N = 1047294, Pglobal' = 0.0040632624719691155 (C = 4091) Plocal can't affect result (r = 3)
	Multi Markov Model with Counting (MultiMMC) Prediction Test Estimate = 7.943146 / 8 bit(s)
Bitstring LZ78Y Prediction Estimate: N = 8378351, Pglobal' = 0.50038508989019637 (C = 4188674) Plocal can't affect result (r = 21)
	LZ78Y Prediction Test Estimate (bit string) = 0.998889 / 1 bit(s)
Literal LZ78Y Prediction Estimate: N = 1047279, Pglobal' = 0.0040652685992311113 (C = 4093) Plocal can't affect result (r = 3)
	LZ78Y Prediction Test Estimate = 7.942434 / 8 bit(s)

H_original: 7.387625
H_bitstring: 0.910802
min(H_original, 8 X H_bitstring): 7.286418
your 131072x1 screen size is bogus. expect trouble
your 131072x1 screen size is bogus. expect trouble
Identity added: /home/mmggjj/.ssh/id_ed25519 (mariogj.03@gmail.com)
tiempo_s=18.70 maxrss_kB=298360
--- esp_rf_off_2_iid_b8: exit 0, 7 s ---
Agent pid 423
Opening file: '/mnt/c/Users/mario/Documents/TFM_FPGA_CRYPTO/results/esp32_tramas_E_esp_rf_off_2.bin' (SHA-256 hash 52088d02c350a25e86ece0e3cae27a40107a9f703abc0c76994eefda52e50d25)
Loaded 1047296 samples of 256 distinct 8-bit-wide symbols
Number of Binary samples: 8378368
Calculating baseline statistics...
	Raw Mean: 127.638862
	Median: 128.000000
	Binary: false

Literal MCV Estimate: mode = 4239, p-hat = 0.0040475663040821317, p_u = 0.0042073744264879281
Bitstring MCV Estimate: mode = 4190679, p-hat = 0.50017843570490095, p_u = 0.50062338176575483
H_original: 7.892864
H_bitstring: 0.998202
min(H_original, 8 X H_bitstring): 7.892864
Chi square independence
	score = 64704.918758
	degrees of freedom = 65280
	p-value = 0.944578

Chi square goodness of fit
	score = 2334.396673
	degrees of freedom = 2295
	p-value = 0.278254

** Passed chi square tests

Literal Longest Repeated Substring results
	P_col: 0.003907
	Length of LRS: 5
	Pr(X >= 1): 0.393092
** Passed length of longest repeated substring test

Beginning initial tests...

Initial test results
              excursion: 71220.7
     numDirectionalRuns: 698682
     lenDirectionalRuns: 8
  numIncreasesDecreases: 526102
          numRunsMedian: 524349
          lenRunsMedian: 19
           avgCollision: 20.7187
           maxCollision: 69
         periodicity(1): 4117
         periodicity(2): 4120
         periodicity(8): 4167
        periodicity(16): 4055
        periodicity(32): 3945
          covariance(1): 1.70603e+10
          covariance(2): 1.70653e+10
          covariance(8): 1.70637e+10
         covariance(16): 1.70626e+10
         covariance(32): 1.70663e+10
            compression: 1.11795e+06

Beginning permutation tests... these may take some time
  0.01% of Permutation test rounds,   0.00% of Permutation tests (Core 3/15, passed_count 0)
  0.02% of Permutation test rounds,   0.00% of Permutation tests (Core 13/15, passed_count 0)
  0.03% of Permutation test rounds,   0.00% of Permutation tests (Core 5/15, passed_count 0)
  0.04% of Permutation test rounds,   0.00% of Permutation tests (Core 15/15, passed_count 0)
  0.05% of Permutation test rounds,   0.00% of Permutation tests (Core 12/15, passed_count 0)
  0.06% of Permutation test rounds,   0.00% of Permutation tests (Core 8/15, passed_count 0)
  0.07% of Permutation test rounds,   0.00% of Permutation tests (Core 4/15, passed_count 0)
  0.08% of Permutation test rounds,   0.00% of Permutation tests (Core 0/15, passed_count 0)
  0.09% of Permutation test rounds,   5.26% of Permutation tests (Core 9/15, passed_count 1)
  0.10% of Permutation test rounds,   5.26% of Permutation tests (Core 1/15, passed_count 1)
  0.11% of Permutation test rounds,   5.26% of Permutation tests (Core 6/15, passed_count 1)
  0.12% of Permutation test rounds,  21.05% of Permutation tests (Core 2/15, passed_count 4)
  0.13% of Permutation test rounds,  26.32% of Permutation tests (Core 14/15, passed_count 5)
  0.14% of Permutation test rounds,  31.58% of Permutation tests (Core 11/15, passed_count 6)
  0.15% of Permutation test rounds,  31.58% of Permutation tests (Core 7/15, passed_count 6)
  0.16% of Permutation test rounds,  36.84% of Permutation tests (Core 3/15, passed_count 7)
  0.17% of Permutation test rounds,  36.84% of Permutation tests (Core 13/15, passed_count 7)
  0.18% of Permutation test rounds,  47.37% of Permutation tests (Core 5/15, passed_count 9)
  0.19% of Permutation test rounds,  63.16% of Permutation tests (Core 10/15, passed_count 12)
  0.21% of Permutation test rounds,  63.16% of Permutation tests (Core 13/15, passed_count 12)
  0.22% of Permutation test rounds,  68.42% of Permutation tests (Core 7/15, passed_count 13)
  0.20% of Permutation test rounds,  63.16% of Permutation tests (Core 11/15, passed_count 12)
  0.23% of Permutation test rounds,  68.42% of Permutation tests (Core 15/15, passed_count 13)
  0.24% of Permutation test rounds,  68.42% of Permutation tests (Core 5/15, passed_count 13)
  0.25% of Permutation test rounds,  68.42% of Permutation tests (Core 8/15, passed_count 13)
  0.26% of Permutation test rounds,  68.42% of Permutation tests (Core 13/15, passed_count 13)
  0.27% of Permutation test rounds,  68.42% of Permutation tests (Core 12/15, passed_count 13)
  0.28% of Permutation test rounds,  68.42% of Permutation tests (Core 10/15, passed_count 13)
  0.29% of Permutation test rounds,  68.42% of Permutation tests (Core 7/15, passed_count 13)
  0.30% of Permutation test rounds,  68.42% of Permutation tests (Core 11/15, passed_count 13)
  0.31% of Permutation test rounds,  73.68% of Permutation tests (Core 15/15, passed_count 14)
  0.32% of Permutation test rounds,  73.68% of Permutation tests (Core 5/15, passed_count 14)
  0.33% of Permutation test rounds,  73.68% of Permutation tests (Core 4/15, passed_count 14)
  0.34% of Permutation test rounds,  73.68% of Permutation tests (Core 12/15, passed_count 14)
  0.35% of Permutation test rounds,  73.68% of Permutation tests (Core 8/15, passed_count 14)
  0.36% of Permutation test rounds,  73.68% of Permutation tests (Core 10/15, passed_count 14)
  0.37% of Permutation test rounds,  73.68% of Permutation tests (Core 9/15, passed_count 14)
  0.38% of Permutation test rounds,  73.68% of Permutation tests (Core 13/15, passed_count 14)
  0.39% of Permutation test rounds,  73.68% of Permutation tests (Core 7/15, passed_count 14)
  0.40% of Permutation test rounds,  73.68% of Permutation tests (Core 11/15, passed_count 14)
  0.41% of Permutation test rounds,  73.68% of Permutation tests (Core 15/15, passed_count 14)
  0.42% of Permutation test rounds,  73.68% of Permutation tests (Core 5/15, passed_count 14)
  0.43% of Permutation test rounds,  73.68% of Permutation tests (Core 4/15, passed_count 14)
  0.44% of Permutation test rounds,  73.68% of Permutation tests (Core 12/15, passed_count 14)
  0.45% of Permutation test rounds,  73.68% of Permutation tests (Core 8/15, passed_count 14)
  0.46% of Permutation test rounds,  73.68% of Permutation tests (Core 10/15, passed_count 14)
  0.47% of Permutation test rounds,  73.68% of Permutation tests (Core 9/15, passed_count 14)
  0.48% of Permutation test rounds,  73.68% of Permutation tests (Core 13/15, passed_count 14)
  0.49% of Permutation test rounds,  73.68% of Permutation tests (Core 7/15, passed_count 14)
  0.50% of Permutation test rounds,  73.68% of Permutation tests (Core 11/15, passed_count 14)
  0.51% of Permutation test rounds,  73.68% of Permutation tests (Core 15/15, passed_count 14)
  0.52% of Permutation test rounds,  73.68% of Permutation tests (Core 5/15, passed_count 14)
  0.53% of Permutation test rounds,  73.68% of Permutation tests (Core 4/15, passed_count 14)
  0.54% of Permutation test rounds,  73.68% of Permutation tests (Core 12/15, passed_count 14)
  0.55% of Permutation test rounds,  73.68% of Permutation tests (Core 8/15, passed_count 14)
  0.56% of Permutation test rounds,  73.68% of Permutation tests (Core 10/15, passed_count 14)
  0.57% of Permutation test rounds,  73.68% of Permutation tests (Core 9/15, passed_count 14)
  0.58% of Permutation test rounds,  73.68% of Permutation tests (Core 13/15, passed_count 14)
  0.59% of Permutation test rounds,  73.68% of Permutation tests (Core 7/15, passed_count 14)
  0.60% of Permutation test rounds,  73.68% of Permutation tests (Core 11/15, passed_count 14)
  0.61% of Permutation test rounds,  73.68% of Permutation tests (Core 15/15, passed_count 14)
  0.62% of Permutation test rounds,  73.68% of Permutation tests (Core 5/15, passed_count 14)
  0.63% of Permutation test rounds,  73.68% of Permutation tests (Core 4/15, passed_count 14)
  0.64% of Permutation test rounds,  73.68% of Permutation tests (Core 12/15, passed_count 14)
  0.65% of Permutation test rounds,  73.68% of Permutation tests (Core 8/15, passed_count 14)
  0.66% of Permutation test rounds,  84.21% of Permutation tests (Core 0/15, passed_count 16)
  0.67% of Permutation test rounds,  84.21% of Permutation tests (Core 10/15, passed_count 16)
  0.68% of Permutation test rounds,  84.21% of Permutation tests (Core 9/15, passed_count 16)
  0.69% of Permutation test rounds,  84.21% of Permutation tests (Core 13/15, passed_count 16)
  0.70% of Permutation test rounds,  84.21% of Permutation tests (Core 7/15, passed_count 16)
  0.71% of Permutation test rounds,  84.21% of Permutation tests (Core 1/15, passed_count 16)
  0.72% of Permutation test rounds,  84.21% of Permutation tests (Core 11/15, passed_count 16)
  0.73% of Permutation test rounds,  84.21% of Permutation tests (Core 15/15, passed_count 16)
  0.74% of Permutation test rounds,  84.21% of Permutation tests (Core 5/15, passed_count 16)
  0.75% of Permutation test rounds,  84.21% of Permutation tests (Core 4/15, passed_count 16)
  0.76% of Permutation test rounds,  84.21% of Permutation tests (Core 12/15, passed_count 16)
  0.77% of Permutation test rounds,  84.21% of Permutation tests (Core 3/15, passed_count 16)
  0.78% of Permutation test rounds,  84.21% of Permutation tests (Core 8/15, passed_count 16)
  0.79% of Permutation test rounds,  84.21% of Permutation tests (Core 6/15, passed_count 16)
  0.80% of Permutation test rounds,  84.21% of Permutation tests (Core 14/15, passed_count 16)
  0.81% of Permutation test rounds,  84.21% of Permutation tests (Core 0/15, passed_count 16)
  0.82% of Permutation test rounds,  84.21% of Permutation tests (Core 10/15, passed_count 16)
  0.83% of Permutation test rounds,  84.21% of Permutation tests (Core 9/15, passed_count 16)
  0.84% of Permutation test rounds,  84.21% of Permutation tests (Core 13/15, passed_count 16)
  0.85% of Permutation test rounds,  84.21% of Permutation tests (Core 7/15, passed_count 16)
  0.86% of Permutation test rounds,  84.21% of Permutation tests (Core 2/15, passed_count 16)
  0.87% of Permutation test rounds,  84.21% of Permutation tests (Core 1/15, passed_count 16)
  0.88% of Permutation test rounds,  84.21% of Permutation tests (Core 11/15, passed_count 16)
  0.89% of Permutation test rounds,  84.21% of Permutation tests (Core 15/15, passed_count 16)
  0.90% of Permutation test rounds,  84.21% of Permutation tests (Core 5/15, passed_count 16)
  0.91% of Permutation test rounds,  84.21% of Permutation tests (Core 4/15, passed_count 16)
  0.92% of Permutation test rounds,  84.21% of Permutation tests (Core 12/15, passed_count 16)
  0.93% of Permutation test rounds,  84.21% of Permutation tests (Core 3/15, passed_count 16)
  0.94% of Permutation test rounds,  84.21% of Permutation tests (Core 8/15, passed_count 16)
  0.95% of Permutation test rounds,  84.21% of Permutation tests (Core 6/15, passed_count 16)
  0.96% of Permutation test rounds,  84.21% of Permutation tests (Core 14/15, passed_count 16)
  0.97% of Permutation test rounds,  84.21% of Permutation tests (Core 0/15, passed_count 16)
  0.98% of Permutation test rounds,  84.21% of Permutation tests (Core 10/15, passed_count 16)
  0.99% of Permutation test rounds,  84.21% of Permutation tests (Core 9/15, passed_count 16)
  1.00% of Permutation test rounds,  84.21% of Permutation tests (Core 13/15, passed_count 16)
  1.01% of Permutation test rounds,  84.21% of Permutation tests (Core 7/15, passed_count 16)
  1.02% of Permutation test rounds,  84.21% of Permutation tests (Core 2/15, passed_count 16)
  1.03% of Permutation test rounds,  84.21% of Permutation tests (Core 1/15, passed_count 16)
  1.04% of Permutation test rounds,  84.21% of Permutation tests (Core 11/15, passed_count 16)
  1.05% of Permutation test rounds,  84.21% of Permutation tests (Core 15/15, passed_count 16)
  1.06% of Permutation test rounds,  89.47% of Permutation tests (Core 5/15, passed_count 17)
  1.07% of Permutation test rounds,  94.74% of Permutation tests (Core 4/15, passed_count 18)
  1.08% of Permutation test rounds,  94.74% of Permutation tests (Core 12/15, passed_count 18)
  1.09% of Permutation test rounds,  94.74% of Permutation tests (Core 3/15, passed_count 18)
  1.10% of Permutation test rounds,  94.74% of Permutation tests (Core 8/15, passed_count 18)
  1.11% of Permutation test rounds,  94.74% of Permutation tests (Core 6/15, passed_count 18)
  1.12% of Permutation test rounds,  94.74% of Permutation tests (Core 14/15, passed_count 18)
  1.13% of Permutation test rounds,  94.74% of Permutation tests (Core 0/15, passed_count 18)
  1.14% of Permutation test rounds,  94.74% of Permutation tests (Core 10/15, passed_count 18)
  1.15% of Permutation test rounds,  94.74% of Permutation tests (Core 9/15, passed_count 18)
  1.16% of Permutation test rounds,  94.74% of Permutation tests (Core 13/15, passed_count 18)
  1.17% of Permutation test rounds,  94.74% of Permutation tests (Core 7/15, passed_count 18)
  1.18% of Permutation test rounds,  94.74% of Permutation tests (Core 2/15, passed_count 18)
  1.19% of Permutation test rounds,  94.74% of Permutation tests (Core 1/15, passed_count 18)
  1.20% of Permutation test rounds,  94.74% of Permutation tests (Core 11/15, passed_count 18)
  1.21% of Permutation test rounds,  94.74% of Permutation tests (Core 15/15, passed_count 18)
  1.22% of Permutation test rounds,  94.74% of Permutation tests (Core 5/15, passed_count 18)
  1.23% of Permutation test rounds,  94.74% of Permutation tests (Core 4/15, passed_count 18)
  1.24% of Permutation test rounds,  94.74% of Permutation tests (Core 12/15, passed_count 18)
  1.25% of Permutation test rounds,  94.74% of Permutation tests (Core 3/15, passed_count 18)
  1.26% of Permutation test rounds,  94.74% of Permutation tests (Core 8/15, passed_count 18)
  1.27% of Permutation test rounds,  94.74% of Permutation tests (Core 6/15, passed_count 18)
  1.28% of Permutation test rounds,  94.74% of Permutation tests (Core 14/15, passed_count 18)
  1.29% of Permutation test rounds,  94.74% of Permutation tests (Core 0/15, passed_count 18)
  1.30% of Permutation test rounds,  94.74% of Permutation tests (Core 10/15, passed_count 18)
  1.31% of Permutation test rounds,  94.74% of Permutation tests (Core 9/15, passed_count 18)
  1.32% of Permutation test rounds,  94.74% of Permutation tests (Core 13/15, passed_count 18)
  1.33% of Permutation test rounds,  94.74% of Permutation tests (Core 7/15, passed_count 18)
  1.34% of Permutation test rounds,  94.74% of Permutation tests (Core 2/15, passed_count 18)
  1.35% of Permutation test rounds,  94.74% of Permutation tests (Core 1/15, passed_count 18)
  1.36% of Permutation test rounds,  94.74% of Permutation tests (Core 11/15, passed_count 18)
  1.37% of Permutation test rounds,  94.74% of Permutation tests (Core 15/15, passed_count 18)
  1.38% of Permutation test rounds,  94.74% of Permutation tests (Core 5/15, passed_count 18)
  1.39% of Permutation test rounds,  94.74% of Permutation tests (Core 4/15, passed_count 18)
  1.40% of Permutation test rounds,  94.74% of Permutation tests (Core 12/15, passed_count 18)
  1.41% of Permutation test rounds,  94.74% of Permutation tests (Core 3/15, passed_count 18)
  1.42% of Permutation test rounds,  94.74% of Permutation tests (Core 8/15, passed_count 18)
  1.43% of Permutation test rounds,  94.74% of Permutation tests (Core 6/15, passed_count 18)
  1.44% of Permutation test rounds,  94.74% of Permutation tests (Core 14/15, passed_count 18)
  1.45% of Permutation test rounds,  94.74% of Permutation tests (Core 0/15, passed_count 18)
  1.46% of Permutation test rounds,  94.74% of Permutation tests (Core 10/15, passed_count 18)
  1.47% of Permutation test rounds,  94.74% of Permutation tests (Core 9/15, passed_count 18)
  1.48% of Permutation test rounds,  94.74% of Permutation tests (Core 13/15, passed_count 18)
  1.49% of Permutation test rounds,  94.74% of Permutation tests (Core 7/15, passed_count 18)
  1.50% of Permutation test rounds,  94.74% of Permutation tests (Core 2/15, passed_count 18)
  1.51% of Permutation test rounds,  94.74% of Permutation tests (Core 1/15, passed_count 18)
  1.52% of Permutation test rounds,  94.74% of Permutation tests (Core 11/15, passed_count 18)
  1.53% of Permutation test rounds,  94.74% of Permutation tests (Core 15/15, passed_count 18)
  1.54% of Permutation test rounds,  94.74% of Permutation tests (Core 5/15, passed_count 18)
  1.55% of Permutation test rounds,  94.74% of Permutation tests (Core 4/15, passed_count 18)
  1.56% of Permutation test rounds,  94.74% of Permutation tests (Core 12/15, passed_count 18)
  1.57% of Permutation test rounds,  94.74% of Permutation tests (Core 3/15, passed_count 18)
  1.58% of Permutation test rounds,  94.74% of Permutation tests (Core 8/15, passed_count 18)
  1.59% of Permutation test rounds,  94.74% of Permutation tests (Core 6/15, passed_count 18)
  1.60% of Permutation test rounds,  94.74% of Permutation tests (Core 14/15, passed_count 18)
  1.61% of Permutation test rounds,  94.74% of Permutation tests (Core 0/15, passed_count 18)
  1.62% of Permutation test rounds,  94.74% of Permutation tests (Core 10/15, passed_count 18)
  1.63% of Permutation test rounds,  94.74% of Permutation tests (Core 9/15, passed_count 18)
  1.64% of Permutation test rounds,  94.74% of Permutation tests (Core 13/15, passed_count 18)
  1.65% of Permutation test rounds,  94.74% of Permutation tests (Core 7/15, passed_count 18)
  1.66% of Permutation test rounds,  94.74% of Permutation tests (Core 2/15, passed_count 18)
  1.67% of Permutation test rounds,  94.74% of Permutation tests (Core 1/15, passed_count 18)
  1.68% of Permutation test rounds,  94.74% of Permutation tests (Core 11/15, passed_count 18)
  1.69% of Permutation test rounds,  94.74% of Permutation tests (Core 15/15, passed_count 18)
  1.70% of Permutation test rounds,  94.74% of Permutation tests (Core 5/15, passed_count 18)
  1.71% of Permutation test rounds,  94.74% of Permutation tests (Core 4/15, passed_count 18)
  1.72% of Permutation test rounds,  94.74% of Permutation tests (Core 12/15, passed_count 18)
  1.73% of Permutation test rounds,  94.74% of Permutation tests (Core 3/15, passed_count 18)
  1.74% of Permutation test rounds,  94.74% of Permutation tests (Core 8/15, passed_count 18)
  1.75% of Permutation test rounds,  94.74% of Permutation tests (Core 6/15, passed_count 18)
  1.76% of Permutation test rounds,  94.74% of Permutation tests (Core 14/15, passed_count 18)
  1.77% of Permutation test rounds,  94.74% of Permutation tests (Core 0/15, passed_count 18)
  1.78% of Permutation test rounds,  94.74% of Permutation tests (Core 10/15, passed_count 18)
  1.79% of Permutation test rounds,  94.74% of Permutation tests (Core 9/15, passed_count 18)
  1.80% of Permutation test rounds,  94.74% of Permutation tests (Core 13/15, passed_count 18)
  1.81% of Permutation test rounds,  94.74% of Permutation tests (Core 7/15, passed_count 18)
  1.82% of Permutation test rounds,  94.74% of Permutation tests (Core 2/15, passed_count 18)
  1.83% of Permutation test rounds,  94.74% of Permutation tests (Core 1/15, passed_count 18)
  1.84% of Permutation test rounds,  94.74% of Permutation tests (Core 11/15, passed_count 18)
  1.85% of Permutation test rounds,  94.74% of Permutation tests (Core 15/15, passed_count 18)
  1.86% of Permutation test rounds,  94.74% of Permutation tests (Core 5/15, passed_count 18)
  1.87% of Permutation test rounds,  94.74% of Permutation tests (Core 4/15, passed_count 18)
  1.88% of Permutation test rounds,  94.74% of Permutation tests (Core 12/15, passed_count 18)
  1.89% of Permutation test rounds,  94.74% of Permutation tests (Core 3/15, passed_count 18)
  1.90% of Permutation test rounds,  94.74% of Permutation tests (Core 8/15, passed_count 18)
  1.91% of Permutation test rounds,  94.74% of Permutation tests (Core 6/15, passed_count 18)
  1.92% of Permutation test rounds,  94.74% of Permutation tests (Core 14/15, passed_count 18)
  1.93% of Permutation test rounds,  94.74% of Permutation tests (Core 0/15, passed_count 18)
  1.94% of Permutation test rounds,  94.74% of Permutation tests (Core 10/15, passed_count 18)
  1.95% of Permutation test rounds,  94.74% of Permutation tests (Core 9/15, passed_count 18)
  1.96% of Permutation test rounds,  94.74% of Permutation tests (Core 13/15, passed_count 18)
  1.97% of Permutation test rounds,  94.74% of Permutation tests (Core 7/15, passed_count 18)
  1.98% of Permutation test rounds,  94.74% of Permutation tests (Core 2/15, passed_count 18)
  1.99% of Permutation test rounds,  94.74% of Permutation tests (Core 1/15, passed_count 18)
  2.00% of Permutation test rounds,  94.74% of Permutation tests (Core 11/15, passed_count 18)
  2.01% of Permutation test rounds,  94.74% of Permutation tests (Core 15/15, passed_count 18)
  2.02% of Permutation test rounds,  94.74% of Permutation tests (Core 5/15, passed_count 18)
  2.03% of Permutation test rounds,  94.74% of Permutation tests (Core 4/15, passed_count 18)
  2.04% of Permutation test rounds,  94.74% of Permutation tests (Core 12/15, passed_count 18)
  2.05% of Permutation test rounds,  94.74% of Permutation tests (Core 3/15, passed_count 18)
  2.06% of Permutation test rounds,  94.74% of Permutation tests (Core 8/15, passed_count 18)
  2.07% of Permutation test rounds,  94.74% of Permutation tests (Core 6/15, passed_count 18)
  2.08% of Permutation test rounds,  94.74% of Permutation tests (Core 14/15, passed_count 18)
  2.09% of Permutation test rounds,  94.74% of Permutation tests (Core 0/15, passed_count 18)
  2.10% of Permutation test rounds,  94.74% of Permutation tests (Core 10/15, passed_count 18)
  2.11% of Permutation test rounds,  94.74% of Permutation tests (Core 9/15, passed_count 18)
  2.12% of Permutation test rounds,  94.74% of Permutation tests (Core 13/15, passed_count 18)
  2.13% of Permutation test rounds,  94.74% of Permutation tests (Core 7/15, passed_count 18)
  2.14% of Permutation test rounds,  94.74% of Permutation tests (Core 2/15, passed_count 18)
  2.15% of Permutation test rounds,  94.74% of Permutation tests (Core 1/15, passed_count 18)
  2.16% of Permutation test rounds,  94.74% of Permutation tests (Core 11/15, passed_count 18)
  2.17% of Permutation test rounds,  94.74% of Permutation tests (Core 15/15, passed_count 18)
  2.18% of Permutation test rounds,  94.74% of Permutation tests (Core 5/15, passed_count 18)
  2.19% of Permutation test rounds,  94.74% of Permutation tests (Core 4/15, passed_count 18)
  2.20% of Permutation test rounds,  94.74% of Permutation tests (Core 12/15, passed_count 18)
  2.21% of Permutation test rounds,  94.74% of Permutation tests (Core 3/15, passed_count 18)
  2.22% of Permutation test rounds,  94.74% of Permutation tests (Core 8/15, passed_count 18)
  2.23% of Permutation test rounds,  94.74% of Permutation tests (Core 6/15, passed_count 18)
  2.24% of Permutation test rounds,  94.74% of Permutation tests (Core 14/15, passed_count 18)
  2.25% of Permutation test rounds,  94.74% of Permutation tests (Core 0/15, passed_count 18)
  2.26% of Permutation test rounds,  94.74% of Permutation tests (Core 10/15, passed_count 18)
  2.27% of Permutation test rounds,  94.74% of Permutation tests (Core 9/15, passed_count 18)
  2.28% of Permutation test rounds,  94.74% of Permutation tests (Core 13/15, passed_count 18)
  2.29% of Permutation test rounds,  94.74% of Permutation tests (Core 7/15, passed_count 18)
  2.30% of Permutation test rounds,  94.74% of Permutation tests (Core 2/15, passed_count 18)
  2.31% of Permutation test rounds,  94.74% of Permutation tests (Core 1/15, passed_count 18)
  2.32% of Permutation test rounds,  94.74% of Permutation tests (Core 11/15, passed_count 18)
  2.33% of Permutation test rounds,  94.74% of Permutation tests (Core 11/15, passed_count 18)
  2.34% of Permutation test rounds,  94.74% of Permutation tests (Core 5/15, passed_count 18)
  2.35% of Permutation test rounds,  94.74% of Permutation tests (Core 4/15, passed_count 18)
  2.36% of Permutation test rounds,  94.74% of Permutation tests (Core 12/15, passed_count 18)
  2.37% of Permutation test rounds,  94.74% of Permutation tests (Core 3/15, passed_count 18)
  2.38% of Permutation test rounds,  94.74% of Permutation tests (Core 8/15, passed_count 18)
  2.39% of Permutation test rounds,  94.74% of Permutation tests (Core 6/15, passed_count 18)
  2.40% of Permutation test rounds,  94.74% of Permutation tests (Core 14/15, passed_count 18)
  2.41% of Permutation test rounds,  94.74% of Permutation tests (Core 0/15, passed_count 18)
  2.42% of Permutation test rounds,  94.74% of Permutation tests (Core 10/15, passed_count 18)
  2.43% of Permutation test rounds,  94.74% of Permutation tests (Core 9/15, passed_count 18)
  2.44% of Permutation test rounds,  94.74% of Permutation tests (Core 13/15, passed_count 18)
  2.45% of Permutation test rounds,  94.74% of Permutation tests (Core 7/15, passed_count 18)
  2.46% of Permutation test rounds,  94.74% of Permutation tests (Core 2/15, passed_count 18)
  2.47% of Permutation test rounds,  94.74% of Permutation tests (Core 1/15, passed_count 18)
  2.48% of Permutation test rounds,  94.74% of Permutation tests (Core 15/15, passed_count 18)
  2.49% of Permutation test rounds,  94.74% of Permutation tests (Core 11/15, passed_count 18)
  2.50% of Permutation test rounds,  94.74% of Permutation tests (Core 5/15, passed_count 18)
  2.51% of Permutation test rounds,  94.74% of Permutation tests (Core 4/15, passed_count 18)
  2.52% of Permutation test rounds,  94.74% of Permutation tests (Core 12/15, passed_count 18)
  2.53% of Permutation test rounds,  94.74% of Permutation tests (Core 3/15, passed_count 18)
  2.54% of Permutation test rounds,  94.74% of Permutation tests (Core 8/15, passed_count 18)
  2.55% of Permutation test rounds,  94.74% of Permutation tests (Core 6/15, passed_count 18)
  2.56% of Permutation test rounds,  94.74% of Permutation tests (Core 14/15, passed_count 18)
  2.57% of Permutation test rounds,  94.74% of Permutation tests (Core 0/15, passed_count 18)
  2.58% of Permutation test rounds,  94.74% of Permutation tests (Core 10/15, passed_count 18)
  2.59% of Permutation test rounds,  94.74% of Permutation tests (Core 9/15, passed_count 18)
  2.60% of Permutation test rounds,  94.74% of Permutation tests (Core 13/15, passed_count 18)
  2.61% of Permutation test rounds,  94.74% of Permutation tests (Core 7/15, passed_count 18)
  2.62% of Permutation test rounds,  94.74% of Permutation tests (Core 2/15, passed_count 18)
  2.63% of Permutation test rounds,  94.74% of Permutation tests (Core 1/15, passed_count 18)
  2.64% of Permutation test rounds,  94.74% of Permutation tests (Core 15/15, passed_count 18)
  2.65% of Permutation test rounds,  94.74% of Permutation tests (Core 11/15, passed_count 18)
  2.66% of Permutation test rounds,  94.74% of Permutation tests (Core 5/15, passed_count 18)
  2.67% of Permutation test rounds,  94.74% of Permutation tests (Core 4/15, passed_count 18)
  2.68% of Permutation test rounds,  94.74% of Permutation tests (Core 12/15, passed_count 18)
  2.69% of Permutation test rounds,  94.74% of Permutation tests (Core 3/15, passed_count 18)
  2.70% of Permutation test rounds,  94.74% of Permutation tests (Core 8/15, passed_count 18)
  2.71% of Permutation test rounds,  94.74% of Permutation tests (Core 6/15, passed_count 18)
  2.72% of Permutation test rounds,  94.74% of Permutation tests (Core 14/15, passed_count 18)
  2.73% of Permutation test rounds,  94.74% of Permutation tests (Core 0/15, passed_count 18)
  2.74% of Permutation test rounds,  94.74% of Permutation tests (Core 10/15, passed_count 18)
  2.75% of Permutation test rounds,  94.74% of Permutation tests (Core 9/15, passed_count 18)
  2.76% of Permutation test rounds,  94.74% of Permutation tests (Core 13/15, passed_count 18)
  2.77% of Permutation test rounds,  94.74% of Permutation tests (Core 7/15, passed_count 18)
  2.78% of Permutation test rounds,  94.74% of Permutation tests (Core 2/15, passed_count 18)
  2.79% of Permutation test rounds,  94.74% of Permutation tests (Core 1/15, passed_count 18)
  2.80% of Permutation test rounds,  94.74% of Permutation tests (Core 15/15, passed_count 18)
  2.81% of Permutation test rounds,  94.74% of Permutation tests (Core 11/15, passed_count 18)
  2.82% of Permutation test rounds,  94.74% of Permutation tests (Core 5/15, passed_count 18)
  2.83% of Permutation test rounds,  94.74% of Permutation tests (Core 4/15, passed_count 18)
  2.84% of Permutation test rounds,  94.74% of Permutation tests (Core 12/15, passed_count 18)
  2.85% of Permutation test rounds,  94.74% of Permutation tests (Core 3/15, passed_count 18)
  2.86% of Permutation test rounds,  94.74% of Permutation tests (Core 8/15, passed_count 18)
  2.87% of Permutation test rounds,  94.74% of Permutation tests (Core 6/15, passed_count 18)
  2.88% of Permutation test rounds,  94.74% of Permutation tests (Core 14/15, passed_count 18)
  2.89% of Permutation test rounds,  94.74% of Permutation tests (Core 0/15, passed_count 18)
  2.90% of Permutation test rounds,  94.74% of Permutation tests (Core 10/15, passed_count 18)
  2.91% of Permutation test rounds,  94.74% of Permutation tests (Core 9/15, passed_count 18)
  2.92% of Permutation test rounds,  94.74% of Permutation tests (Core 13/15, passed_count 18)
  2.93% of Permutation test rounds,  94.74% of Permutation tests (Core 7/15, passed_count 18)
  2.94% of Permutation test rounds,  94.74% of Permutation tests (Core 2/15, passed_count 18)
  2.95% of Permutation test rounds,  94.74% of Permutation tests (Core 1/15, passed_count 18)
  2.96% of Permutation test rounds,  94.74% of Permutation tests (Core 15/15, passed_count 18)
  2.97% of Permutation test rounds,  94.74% of Permutation tests (Core 11/15, passed_count 18)
  2.98% of Permutation test rounds,  94.74% of Permutation tests (Core 5/15, passed_count 18)
  2.99% of Permutation test rounds,  94.74% of Permutation tests (Core 4/15, passed_count 18)
  3.00% of Permutation test rounds,  94.74% of Permutation tests (Core 12/15, passed_count 18)
  3.01% of Permutation test rounds,  94.74% of Permutation tests (Core 3/15, passed_count 18)
  3.02% of Permutation test rounds,  94.74% of Permutation tests (Core 8/15, passed_count 18)
  3.03% of Permutation test rounds,  94.74% of Permutation tests (Core 6/15, passed_count 18)
  3.04% of Permutation test rounds,  94.74% of Permutation tests (Core 14/15, passed_count 18)
  3.05% of Permutation test rounds,  94.74% of Permutation tests (Core 0/15, passed_count 18)
  3.06% of Permutation test rounds,  94.74% of Permutation tests (Core 10/15, passed_count 18)
  3.07% of Permutation test rounds,  94.74% of Permutation tests (Core 9/15, passed_count 18)
  3.08% of Permutation test rounds,  94.74% of Permutation tests (Core 13/15, passed_count 18)
  3.09% of Permutation test rounds,  94.74% of Permutation tests (Core 7/15, passed_count 18)
  3.10% of Permutation test rounds,  94.74% of Permutation tests (Core 2/15, passed_count 18)
  3.11% of Permutation test rounds,  94.74% of Permutation tests (Core 1/15, passed_count 18)
  3.12% of Permutation test rounds,  94.74% of Permutation tests (Core 15/15, passed_count 18)
  3.13% of Permutation test rounds,  94.74% of Permutation tests (Core 11/15, passed_count 18)
  3.14% of Permutation test rounds,  94.74% of Permutation tests (Core 5/15, passed_count 18)
  3.15% of Permutation test rounds,  94.74% of Permutation tests (Core 4/15, passed_count 18)
  3.16% of Permutation test rounds,  94.74% of Permutation tests (Core 12/15, passed_count 18)
  3.17% of Permutation test rounds,  94.74% of Permutation tests (Core 3/15, passed_count 18)
  3.18% of Permutation test rounds,  94.74% of Permutation tests (Core 8/15, passed_count 18)
  3.19% of Permutation test rounds,  94.74% of Permutation tests (Core 6/15, passed_count 18)
  3.20% of Permutation test rounds,  94.74% of Permutation tests (Core 14/15, passed_count 18)
  3.21% of Permutation test rounds,  94.74% of Permutation tests (Core 14/15, passed_count 18)
  3.22% of Permutation test rounds,  94.74% of Permutation tests (Core 10/15, passed_count 18)
  3.23% of Permutation test rounds,  94.74% of Permutation tests (Core 9/15, passed_count 18)
  3.24% of Permutation test rounds,  94.74% of Permutation tests (Core 13/15, passed_count 18)
  3.25% of Permutation test rounds,  94.74% of Permutation tests (Core 7/15, passed_count 18)
  3.26% of Permutation test rounds,  94.74% of Permutation tests (Core 2/15, passed_count 18)
  3.27% of Permutation test rounds,  94.74% of Permutation tests (Core 1/15, passed_count 18)
  3.28% of Permutation test rounds,  94.74% of Permutation tests (Core 15/15, passed_count 18)
  3.29% of Permutation test rounds,  94.74% of Permutation tests (Core 11/15, passed_count 18)
  3.30% of Permutation test rounds,  94.74% of Permutation tests (Core 5/15, passed_count 18)
  3.31% of Permutation test rounds,  94.74% of Permutation tests (Core 4/15, passed_count 18)
  3.32% of Permutation test rounds,  94.74% of Permutation tests (Core 12/15, passed_count 18)
  3.33% of Permutation test rounds,  94.74% of Permutation tests (Core 3/15, passed_count 18)
  3.34% of Permutation test rounds,  94.74% of Permutation tests (Core 8/15, passed_count 18)
  3.35% of Permutation test rounds,  94.74% of Permutation tests (Core 6/15, passed_count 18)
  3.36% of Permutation test rounds,  94.74% of Permutation tests (Core 0/15, passed_count 18)
  3.37% of Permutation test rounds,  94.74% of Permutation tests (Core 14/15, passed_count 18)
  3.38% of Permutation test rounds,  94.74% of Permutation tests (Core 10/15, passed_count 18)
  3.39% of Permutation test rounds,  94.74% of Permutation tests (Core 9/15, passed_count 18)
  3.40% of Permutation test rounds,  94.74% of Permutation tests (Core 13/15, passed_count 18)
  3.41% of Permutation test rounds,  94.74% of Permutation tests (Core 7/15, passed_count 18)
  3.42% of Permutation test rounds,  94.74% of Permutation tests (Core 2/15, passed_count 18)
  3.43% of Permutation test rounds,  94.74% of Permutation tests (Core 1/15, passed_count 18)
  3.44% of Permutation test rounds,  94.74% of Permutation tests (Core 15/15, passed_count 18)
  3.45% of Permutation test rounds,  94.74% of Permutation tests (Core 11/15, passed_count 18)
  3.46% of Permutation test rounds,  94.74% of Permutation tests (Core 5/15, passed_count 18)
  3.47% of Permutation test rounds,  94.74% of Permutation tests (Core 4/15, passed_count 18)
  3.48% of Permutation test rounds,  94.74% of Permutation tests (Core 12/15, passed_count 18)
  3.49% of Permutation test rounds,  94.74% of Permutation tests (Core 3/15, passed_count 18)
  3.50% of Permutation test rounds,  94.74% of Permutation tests (Core 8/15, passed_count 18)
  3.51% of Permutation test rounds,  94.74% of Permutation tests (Core 6/15, passed_count 18)
  3.52% of Permutation test rounds,  94.74% of Permutation tests (Core 0/15, passed_count 18)
  3.53% of Permutation test rounds,  94.74% of Permutation tests (Core 14/15, passed_count 18)
  3.54% of Permutation test rounds,  94.74% of Permutation tests (Core 10/15, passed_count 18)
  3.55% of Permutation test rounds,  94.74% of Permutation tests (Core 9/15, passed_count 18)
  3.56% of Permutation test rounds,  94.74% of Permutation tests (Core 13/15, passed_count 18)
  3.57% of Permutation test rounds,  94.74% of Permutation tests (Core 7/15, passed_count 18)
  3.58% of Permutation test rounds,  94.74% of Permutation tests (Core 2/15, passed_count 18)
  3.59% of Permutation test rounds,  94.74% of Permutation tests (Core 1/15, passed_count 18)
  3.60% of Permutation test rounds,  94.74% of Permutation tests (Core 15/15, passed_count 18)
  3.61% of Permutation test rounds,  94.74% of Permutation tests (Core 11/15, passed_count 18)
  3.62% of Permutation test rounds,  94.74% of Permutation tests (Core 5/15, passed_count 18)
  3.63% of Permutation test rounds,  94.74% of Permutation tests (Core 4/15, passed_count 18)
  3.64% of Permutation test rounds,  94.74% of Permutation tests (Core 12/15, passed_count 18)
  3.65% of Permutation test rounds,  94.74% of Permutation tests (Core 3/15, passed_count 18)
  3.66% of Permutation test rounds,  94.74% of Permutation tests (Core 8/15, passed_count 18)
  3.67% of Permutation test rounds,  94.74% of Permutation tests (Core 6/15, passed_count 18)
  3.68% of Permutation test rounds,  94.74% of Permutation tests (Core 0/15, passed_count 18)
  3.69% of Permutation test rounds,  94.74% of Permutation tests (Core 14/15, passed_count 18)
  3.70% of Permutation test rounds,  94.74% of Permutation tests (Core 10/15, passed_count 18)
  3.71% of Permutation test rounds,  94.74% of Permutation tests (Core 9/15, passed_count 18)
  3.72% of Permutation test rounds,  94.74% of Permutation tests (Core 13/15, passed_count 18)
  3.73% of Permutation test rounds,  94.74% of Permutation tests (Core 7/15, passed_count 18)
  3.74% of Permutation test rounds,  94.74% of Permutation tests (Core 2/15, passed_count 18)
  3.75% of Permutation test rounds,  94.74% of Permutation tests (Core 1/15, passed_count 18)
  3.76% of Permutation test rounds,  94.74% of Permutation tests (Core 15/15, passed_count 18)
  3.77% of Permutation test rounds,  94.74% of Permutation tests (Core 11/15, passed_count 18)
  3.78% of Permutation test rounds,  94.74% of Permutation tests (Core 5/15, passed_count 18)
  3.79% of Permutation test rounds,  94.74% of Permutation tests (Core 4/15, passed_count 18)
  3.80% of Permutation test rounds,  94.74% of Permutation tests (Core 12/15, passed_count 18)
  3.81% of Permutation test rounds,  94.74% of Permutation tests (Core 3/15, passed_count 18)
  3.82% of Permutation test rounds,  94.74% of Permutation tests (Core 8/15, passed_count 18)
  3.83% of Permutation test rounds,  94.74% of Permutation tests (Core 6/15, passed_count 18)
  3.84% of Permutation test rounds,  94.74% of Permutation tests (Core 0/15, passed_count 18)
  3.85% of Permutation test rounds,  94.74% of Permutation tests (Core 14/15, passed_count 18)
  3.86% of Permutation test rounds,  94.74% of Permutation tests (Core 10/15, passed_count 18)
  3.87% of Permutation test rounds,  94.74% of Permutation tests (Core 9/15, passed_count 18)
  3.88% of Permutation test rounds,  94.74% of Permutation tests (Core 13/15, passed_count 18)
  3.89% of Permutation test rounds,  94.74% of Permutation tests (Core 7/15, passed_count 18)
  3.90% of Permutation test rounds,  94.74% of Permutation tests (Core 2/15, passed_count 18)
  3.91% of Permutation test rounds,  94.74% of Permutation tests (Core 1/15, passed_count 18)
  3.92% of Permutation test rounds,  94.74% of Permutation tests (Core 15/15, passed_count 18)
  3.93% of Permutation test rounds,  94.74% of Permutation tests (Core 11/15, passed_count 18)
  3.94% of Permutation test rounds,  94.74% of Permutation tests (Core 5/15, passed_count 18)
  3.95% of Permutation test rounds,  94.74% of Permutation tests (Core 4/15, passed_count 18)
  3.96% of Permutation test rounds,  94.74% of Permutation tests (Core 12/15, passed_count 18)
  3.97% of Permutation test rounds,  94.74% of Permutation tests (Core 3/15, passed_count 18)
  3.98% of Permutation test rounds,  94.74% of Permutation tests (Core 8/15, passed_count 18)
  3.99% of Permutation test rounds,  94.74% of Permutation tests (Core 6/15, passed_count 18)
  4.00% of Permutation test rounds,  94.74% of Permutation tests (Core 0/15, passed_count 18)
  4.01% of Permutation test rounds,  94.74% of Permutation tests (Core 14/15, passed_count 18)
  4.02% of Permutation test rounds,  94.74% of Permutation tests (Core 10/15, passed_count 18)
  4.03% of Permutation test rounds,  94.74% of Permutation tests (Core 9/15, passed_count 18)
  4.04% of Permutation test rounds,  94.74% of Permutation tests (Core 13/15, passed_count 18)
  4.05% of Permutation test rounds,  94.74% of Permutation tests (Core 7/15, passed_count 18)
  4.06% of Permutation test rounds,  94.74% of Permutation tests (Core 2/15, passed_count 18)
  4.07% of Permutation test rounds,  94.74% of Permutation tests (Core 1/15, passed_count 18)
  4.08% of Permutation test rounds,  94.74% of Permutation tests (Core 15/15, passed_count 18)
  4.09% of Permutation test rounds,  94.74% of Permutation tests (Core 11/15, passed_count 18)
  4.10% of Permutation test rounds,  94.74% of Permutation tests (Core 5/15, passed_count 18)
  4.11% of Permutation test rounds,  94.74% of Permutation tests (Core 4/15, passed_count 18)
  4.12% of Permutation test rounds,  94.74% of Permutation tests (Core 12/15, passed_count 18)
  4.13% of Permutation test rounds,  94.74% of Permutation tests (Core 3/15, passed_count 18)
  4.14% of Permutation test rounds,  94.74% of Permutation tests (Core 8/15, passed_count 18)
  4.15% of Permutation test rounds,  94.74% of Permutation tests (Core 6/15, passed_count 18)
  4.16% of Permutation test rounds,  94.74% of Permutation tests (Core 0/15, passed_count 18)
  4.17% of Permutation test rounds,  94.74% of Permutation tests (Core 14/15, passed_count 18)
  4.18% of Permutation test rounds,  94.74% of Permutation tests (Core 10/15, passed_count 18)
  4.19% of Permutation test rounds,  94.74% of Permutation tests (Core 9/15, passed_count 18)
  4.20% of Permutation test rounds,  94.74% of Permutation tests (Core 13/15, passed_count 18)
  4.21% of Permutation test rounds,  94.74% of Permutation tests (Core 7/15, passed_count 18)
  4.22% of Permutation test rounds,  94.74% of Permutation tests (Core 2/15, passed_count 18)
  4.23% of Permutation test rounds,  94.74% of Permutation tests (Core 1/15, passed_count 18)
  4.24% of Permutation test rounds,  94.74% of Permutation tests (Core 15/15, passed_count 18)
  4.25% of Permutation test rounds,  94.74% of Permutation tests (Core 15/15, passed_count 18)
  4.26% of Permutation test rounds,  94.74% of Permutation tests (Core 15/15, passed_count 18)
  4.27% of Permutation test rounds,  94.74% of Permutation tests (Core 4/15, passed_count 18)
  4.28% of Permutation test rounds,  94.74% of Permutation tests (Core 12/15, passed_count 18)
  4.29% of Permutation test rounds,  94.74% of Permutation tests (Core 3/15, passed_count 18)
  4.30% of Permutation test rounds,  94.74% of Permutation tests (Core 8/15, passed_count 18)
  4.31% of Permutation test rounds,  94.74% of Permutation tests (Core 6/15, passed_count 18)
  4.32% of Permutation test rounds,  94.74% of Permutation tests (Core 0/15, passed_count 18)
  4.33% of Permutation test rounds,  94.74% of Permutation tests (Core 14/15, passed_count 18)
  4.34% of Permutation test rounds,  94.74% of Permutation tests (Core 10/15, passed_count 18)
  4.35% of Permutation test rounds,  94.74% of Permutation tests (Core 9/15, passed_count 18)
  4.36% of Permutation test rounds,  94.74% of Permutation tests (Core 13/15, passed_count 18)
  4.37% of Permutation test rounds,  94.74% of Permutation tests (Core 7/15, passed_count 18)
  4.38% of Permutation test rounds,  94.74% of Permutation tests (Core 2/15, passed_count 18)
  4.39% of Permutation test rounds,  94.74% of Permutation tests (Core 1/15, passed_count 18)
  4.40% of Permutation test rounds,  94.74% of Permutation tests (Core 11/15, passed_count 18)
  4.41% of Permutation test rounds,  94.74% of Permutation tests (Core 5/15, passed_count 18)
  4.42% of Permutation test rounds,  94.74% of Permutation tests (Core 15/15, passed_count 18)
  4.43% of Permutation test rounds,  94.74% of Permutation tests (Core 4/15, passed_count 18)
  4.44% of Permutation test rounds,  94.74% of Permutation tests (Core 12/15, passed_count 18)
  4.45% of Permutation test rounds,  94.74% of Permutation tests (Core 3/15, passed_count 18)
  4.46% of Permutation test rounds,  94.74% of Permutation tests (Core 8/15, passed_count 18)
  4.47% of Permutation test rounds,  94.74% of Permutation tests (Core 6/15, passed_count 18)
  4.48% of Permutation test rounds,  94.74% of Permutation tests (Core 0/15, passed_count 18)
  4.49% of Permutation test rounds,  94.74% of Permutation tests (Core 14/15, passed_count 18)
  4.50% of Permutation test rounds,  94.74% of Permutation tests (Core 10/15, passed_count 18)
  4.51% of Permutation test rounds,  94.74% of Permutation tests (Core 9/15, passed_count 18)
  4.52% of Permutation test rounds,  94.74% of Permutation tests (Core 13/15, passed_count 18)
  4.53% of Permutation test rounds,  94.74% of Permutation tests (Core 7/15, passed_count 18)
  4.54% of Permutation test rounds,  94.74% of Permutation tests (Core 2/15, passed_count 18)
  4.55% of Permutation test rounds,  94.74% of Permutation tests (Core 1/15, passed_count 18)
  4.56% of Permutation test rounds,  94.74% of Permutation tests (Core 11/15, passed_count 18)
  4.57% of Permutation test rounds,  94.74% of Permutation tests (Core 5/15, passed_count 18)
  4.58% of Permutation test rounds,  94.74% of Permutation tests (Core 5/15, passed_count 18)
  4.59% of Permutation test rounds,  94.74% of Permutation tests (Core 4/15, passed_count 18)
  4.60% of Permutation test rounds,  94.74% of Permutation tests (Core 12/15, passed_count 18)
  4.61% of Permutation test rounds,  94.74% of Permutation tests (Core 3/15, passed_count 18)
  4.62% of Permutation test rounds,  94.74% of Permutation tests (Core 8/15, passed_count 18)
  4.63% of Permutation test rounds,  94.74% of Permutation tests (Core 6/15, passed_count 18)
  4.64% of Permutation test rounds,  94.74% of Permutation tests (Core 0/15, passed_count 18)
  4.65% of Permutation test rounds,  94.74% of Permutation tests (Core 0/15, passed_count 18)
  4.66% of Permutation test rounds,  94.74% of Permutation tests (Core 10/15, passed_count 18)
  4.67% of Permutation test rounds,  94.74% of Permutation tests (Core 9/15, passed_count 18)
  4.68% of Permutation test rounds,  94.74% of Permutation tests (Core 13/15, passed_count 18)
  4.69% of Permutation test rounds,  94.74% of Permutation tests (Core 7/15, passed_count 18)
  4.70% of Permutation test rounds,  94.74% of Permutation tests (Core 2/15, passed_count 18)
  4.71% of Permutation test rounds,  94.74% of Permutation tests (Core 1/15, passed_count 18)
  4.72% of Permutation test rounds,  94.74% of Permutation tests (Core 11/15, passed_count 18)
  4.73% of Permutation test rounds,  94.74% of Permutation tests (Core 15/15, passed_count 18)
  4.74% of Permutation test rounds,  94.74% of Permutation tests (Core 5/15, passed_count 18)
  4.75% of Permutation test rounds,  94.74% of Permutation tests (Core 4/15, passed_count 18)
  4.76% of Permutation test rounds,  94.74% of Permutation tests (Core 12/15, passed_count 18)
  4.77% of Permutation test rounds,  94.74% of Permutation tests (Core 12/15, passed_count 18)
  4.78% of Permutation test rounds,  94.74% of Permutation tests (Core 8/15, passed_count 18)
  4.79% of Permutation test rounds,  94.74% of Permutation tests (Core 6/15, passed_count 18)
  4.80% of Permutation test rounds,  94.74% of Permutation tests (Core 14/15, passed_count 18)
  4.81% of Permutation test rounds,  94.74% of Permutation tests (Core 0/15, passed_count 18)
  4.82% of Permutation test rounds,  94.74% of Permutation tests (Core 10/15, passed_count 18)
  4.83% of Permutation test rounds,  94.74% of Permutation tests (Core 9/15, passed_count 18)
  4.84% of Permutation test rounds,  94.74% of Permutation tests (Core 13/15, passed_count 18)
  4.85% of Permutation test rounds,  94.74% of Permutation tests (Core 7/15, passed_count 18)
  4.86% of Permutation test rounds,  94.74% of Permutation tests (Core 2/15, passed_count 18)
  4.87% of Permutation test rounds,  94.74% of Permutation tests (Core 1/15, passed_count 18)
  4.88% of Permutation test rounds,  94.74% of Permutation tests (Core 11/15, passed_count 18)
  4.89% of Permutation test rounds,  94.74% of Permutation tests (Core 15/15, passed_count 18)
  4.90% of Permutation test rounds,  94.74% of Permutation tests (Core 5/15, passed_count 18)
  4.91% of Permutation test rounds,  94.74% of Permutation tests (Core 4/15, passed_count 18)
  4.92% of Permutation test rounds,  94.74% of Permutation tests (Core 3/15, passed_count 18)
  4.93% of Permutation test rounds,  94.74% of Permutation tests (Core 12/15, passed_count 18)
  4.94% of Permutation test rounds,  94.74% of Permutation tests (Core 8/15, passed_count 18)
  4.95% of Permutation test rounds,  94.74% of Permutation tests (Core 6/15, passed_count 18)
  4.96% of Permutation test rounds,  94.74% of Permutation tests (Core 14/15, passed_count 18)
  4.97% of Permutation test rounds,  94.74% of Permutation tests (Core 0/15, passed_count 18)
  4.98% of Permutation test rounds,  94.74% of Permutation tests (Core 10/15, passed_count 18)
  4.99% of Permutation test rounds,  94.74% of Permutation tests (Core 9/15, passed_count 18)
  5.00% of Permutation test rounds,  94.74% of Permutation tests (Core 13/15, passed_count 18)
  5.01% of Permutation test rounds,  94.74% of Permutation tests (Core 7/15, passed_count 18)
  5.02% of Permutation test rounds,  94.74% of Permutation tests (Core 2/15, passed_count 18)
  5.03% of Permutation test rounds,  94.74% of Permutation tests (Core 1/15, passed_count 18)
  5.04% of Permutation test rounds,  94.74% of Permutation tests (Core 11/15, passed_count 18)
  5.05% of Permutation test rounds,  94.74% of Permutation tests (Core 15/15, passed_count 18)
  5.06% of Permutation test rounds,  94.74% of Permutation tests (Core 5/15, passed_count 18)
  5.07% of Permutation test rounds,  94.74% of Permutation tests (Core 4/15, passed_count 18)
  5.08% of Permutation test rounds,  94.74% of Permutation tests (Core 3/15, passed_count 18)
  5.09% of Permutation test rounds,  94.74% of Permutation tests (Core 12/15, passed_count 18)
  5.10% of Permutation test rounds,  94.74% of Permutation tests (Core 8/15, passed_count 18)
  5.11% of Permutation test rounds,  94.74% of Permutation tests (Core 6/15, passed_count 18)
  5.12% of Permutation test rounds,  94.74% of Permutation tests (Core 14/15, passed_count 18)
  5.13% of Permutation test rounds,  94.74% of Permutation tests (Core 0/15, passed_count 18)
  5.14% of Permutation test rounds,  94.74% of Permutation tests (Core 10/15, passed_count 18)
  5.15% of Permutation test rounds,  94.74% of Permutation tests (Core 9/15, passed_count 18)
  5.16% of Permutation test rounds,  94.74% of Permutation tests (Core 13/15, passed_count 18)
  5.17% of Permutation test rounds,  94.74% of Permutation tests (Core 7/15, passed_count 18)
  5.18% of Permutation test rounds,  94.74% of Permutation tests (Core 2/15, passed_count 18)
  5.19% of Permutation test rounds,  94.74% of Permutation tests (Core 1/15, passed_count 18)
  5.20% of Permutation test rounds,  94.74% of Permutation tests (Core 11/15, passed_count 18)
  5.21% of Permutation test rounds,  94.74% of Permutation tests (Core 15/15, passed_count 18)
  5.22% of Permutation test rounds,  94.74% of Permutation tests (Core 5/15, passed_count 18)
  5.23% of Permutation test rounds,  94.74% of Permutation tests (Core 4/15, passed_count 18)
  5.24% of Permutation test rounds,  94.74% of Permutation tests (Core 3/15, passed_count 18)
  5.25% of Permutation test rounds,  94.74% of Permutation tests (Core 12/15, passed_count 18)
  5.26% of Permutation test rounds,  94.74% of Permutation tests (Core 8/15, passed_count 18)
  5.27% of Permutation test rounds,  94.74% of Permutation tests (Core 6/15, passed_count 18)
  5.28% of Permutation test rounds,  94.74% of Permutation tests (Core 14/15, passed_count 18)
  5.29% of Permutation test rounds,  94.74% of Permutation tests (Core 0/15, passed_count 18)
  5.30% of Permutation test rounds,  94.74% of Permutation tests (Core 10/15, passed_count 18)
  5.31% of Permutation test rounds,  94.74% of Permutation tests (Core 9/15, passed_count 18)
  5.32% of Permutation test rounds,  94.74% of Permutation tests (Core 13/15, passed_count 18)
  5.33% of Permutation test rounds,  94.74% of Permutation tests (Core 7/15, passed_count 18)
  5.34% of Permutation test rounds,  94.74% of Permutation tests (Core 2/15, passed_count 18)
  5.35% of Permutation test rounds,  94.74% of Permutation tests (Core 1/15, passed_count 18)
  5.36% of Permutation test rounds,  94.74% of Permutation tests (Core 11/15, passed_count 18)
  5.37% of Permutation test rounds,  94.74% of Permutation tests (Core 15/15, passed_count 18)
  5.38% of Permutation test rounds,  94.74% of Permutation tests (Core 5/15, passed_count 18)
  5.39% of Permutation test rounds,  94.74% of Permutation tests (Core 4/15, passed_count 18)
  5.40% of Permutation test rounds,  94.74% of Permutation tests (Core 3/15, passed_count 18)
  5.41% of Permutation test rounds,  94.74% of Permutation tests (Core 12/15, passed_count 18)
  5.42% of Permutation test rounds,  94.74% of Permutation tests (Core 8/15, passed_count 18)
  5.43% of Permutation test rounds,  94.74% of Permutation tests (Core 6/15, passed_count 18)
  5.44% of Permutation test rounds,  94.74% of Permutation tests (Core 14/15, passed_count 18)
  5.45% of Permutation test rounds,  94.74% of Permutation tests (Core 0/15, passed_count 18)
  5.46% of Permutation test rounds,  94.74% of Permutation tests (Core 10/15, passed_count 18)
  5.47% of Permutation test rounds,  94.74% of Permutation tests (Core 9/15, passed_count 18)
  5.48% of Permutation test rounds,  94.74% of Permutation tests (Core 13/15, passed_count 18)
  5.49% of Permutation test rounds,  94.74% of Permutation tests (Core 7/15, passed_count 18)
  5.50% of Permutation test rounds,  94.74% of Permutation tests (Core 2/15, passed_count 18)
  5.51% of Permutation test rounds,  94.74% of Permutation tests (Core 1/15, passed_count 18)
  5.52% of Permutation test rounds,  94.74% of Permutation tests (Core 11/15, passed_count 18)
  5.53% of Permutation test rounds,  94.74% of Permutation tests (Core 15/15, passed_count 18)
  5.54% of Permutation test rounds,  94.74% of Permutation tests (Core 5/15, passed_count 18)
  5.55% of Permutation test rounds,  94.74% of Permutation tests (Core 4/15, passed_count 18)
  5.56% of Permutation test rounds,  94.74% of Permutation tests (Core 3/15, passed_count 18)
  5.57% of Permutation test rounds,  94.74% of Permutation tests (Core 12/15, passed_count 18)
  5.58% of Permutation test rounds,  94.74% of Permutation tests (Core 8/15, passed_count 18)
  5.59% of Permutation test rounds,  94.74% of Permutation tests (Core 6/15, passed_count 18)
  5.60% of Permutation test rounds,  94.74% of Permutation tests (Core 14/15, passed_count 18)
  5.61% of Permutation test rounds,  94.74% of Permutation tests (Core 0/15, passed_count 18)
  5.62% of Permutation test rounds,  94.74% of Permutation tests (Core 10/15, passed_count 18)
  5.63% of Permutation test rounds,  94.74% of Permutation tests (Core 9/15, passed_count 18)
  5.64% of Permutation test rounds,  94.74% of Permutation tests (Core 13/15, passed_count 18)
  5.65% of Permutation test rounds,  94.74% of Permutation tests (Core 7/15, passed_count 18)
  5.66% of Permutation test rounds,  94.74% of Permutation tests (Core 2/15, passed_count 18)
  5.67% of Permutation test rounds,  94.74% of Permutation tests (Core 1/15, passed_count 18)
  5.68% of Permutation test rounds,  94.74% of Permutation tests (Core 11/15, passed_count 18)
  5.69% of Permutation test rounds,  94.74% of Permutation tests (Core 15/15, passed_count 18)
  5.70% of Permutation test rounds,  94.74% of Permutation tests (Core 5/15, passed_count 18)
  5.71% of Permutation test rounds,  94.74% of Permutation tests (Core 4/15, passed_count 18)
  5.72% of Permutation test rounds,  94.74% of Permutation tests (Core 3/15, passed_count 18)
  5.73% of Permutation test rounds,  94.74% of Permutation tests (Core 12/15, passed_count 18)
  5.74% of Permutation test rounds,  94.74% of Permutation tests (Core 8/15, passed_count 18)
  5.75% of Permutation test rounds,  94.74% of Permutation tests (Core 6/15, passed_count 18)
  5.76% of Permutation test rounds,  94.74% of Permutation tests (Core 14/15, passed_count 18)
  5.77% of Permutation test rounds,  94.74% of Permutation tests (Core 0/15, passed_count 18)
  5.78% of Permutation test rounds,  94.74% of Permutation tests (Core 0/15, passed_count 18)
  5.79% of Permutation test rounds,  94.74% of Permutation tests (Core 9/15, passed_count 18)
  5.80% of Permutation test rounds,  94.74% of Permutation tests (Core 13/15, passed_count 18)
  5.81% of Permutation test rounds,  94.74% of Permutation tests (Core 7/15, passed_count 18)
  5.82% of Permutation test rounds,  94.74% of Permutation tests (Core 2/15, passed_count 18)
  5.83% of Permutation test rounds,  94.74% of Permutation tests (Core 1/15, passed_count 18)
  5.84% of Permutation test rounds,  94.74% of Permutation tests (Core 1/15, passed_count 18)
  5.85% of Permutation test rounds,  94.74% of Permutation tests (Core 1/15, passed_count 18)
  5.86% of Permutation test rounds,  94.74% of Permutation tests (Core 1/15, passed_count 18)
  5.87% of Permutation test rounds,  94.74% of Permutation tests (Core 4/15, passed_count 18)
  5.88% of Permutation test rounds,  94.74% of Permutation tests (Core 3/15, passed_count 18)
  5.89% of Permutation test rounds,  94.74% of Permutation tests (Core 12/15, passed_count 18)
  5.90% of Permutation test rounds,  94.74% of Permutation tests (Core 8/15, passed_count 18)
  5.91% of Permutation test rounds,  94.74% of Permutation tests (Core 6/15, passed_count 18)
  5.92% of Permutation test rounds,  94.74% of Permutation tests (Core 14/15, passed_count 18)
  5.93% of Permutation test rounds,  94.74% of Permutation tests (Core 10/15, passed_count 18)
  5.94% of Permutation test rounds,  94.74% of Permutation tests (Core 0/15, passed_count 18)
  5.95% of Permutation test rounds,  94.74% of Permutation tests (Core 9/15, passed_count 18)
  5.96% of Permutation test rounds,  94.74% of Permutation tests (Core 13/15, passed_count 18)
  5.97% of Permutation test rounds,  94.74% of Permutation tests (Core 7/15, passed_count 18)
  5.98% of Permutation test rounds,  94.74% of Permutation tests (Core 2/15, passed_count 18)
  5.99% of Permutation test rounds,  94.74% of Permutation tests (Core 11/15, passed_count 18)
  6.00% of Permutation test rounds,  94.74% of Permutation tests (Core 15/15, passed_count 18)
  6.01% of Permutation test rounds,  94.74% of Permutation tests (Core 5/15, passed_count 18)
  6.02% of Permutation test rounds,  94.74% of Permutation tests (Core 1/15, passed_count 18)
  6.03% of Permutation test rounds,  94.74% of Permutation tests (Core 4/15, passed_count 18)
  6.04% of Permutation test rounds,  94.74% of Permutation tests (Core 3/15, passed_count 18)
  6.05% of Permutation test rounds,  94.74% of Permutation tests (Core 12/15, passed_count 18)
  6.06% of Permutation test rounds,  94.74% of Permutation tests (Core 12/15, passed_count 18)
  6.07% of Permutation test rounds,  94.74% of Permutation tests (Core 6/15, passed_count 18)
  6.08% of Permutation test rounds,  94.74% of Permutation tests (Core 14/15, passed_count 18)
  6.09% of Permutation test rounds,  94.74% of Permutation tests (Core 10/15, passed_count 18)
  6.10% of Permutation test rounds,  94.74% of Permutation tests (Core 0/15, passed_count 18)
  6.11% of Permutation test rounds,  94.74% of Permutation tests (Core 9/15, passed_count 18)
  6.12% of Permutation test rounds,  94.74% of Permutation tests (Core 13/15, passed_count 18)
  6.13% of Permutation test rounds,  94.74% of Permutation tests (Core 7/15, passed_count 18)
  6.14% of Permutation test rounds,  94.74% of Permutation tests (Core 2/15, passed_count 18)
  6.15% of Permutation test rounds,  94.74% of Permutation tests (Core 11/15, passed_count 18)
  6.16% of Permutation test rounds,  94.74% of Permutation tests (Core 15/15, passed_count 18)
  6.17% of Permutation test rounds,  94.74% of Permutation tests (Core 5/15, passed_count 18)
  6.18% of Permutation test rounds,  94.74% of Permutation tests (Core 1/15, passed_count 18)
  6.19% of Permutation test rounds,  94.74% of Permutation tests (Core 4/15, passed_count 18)
  6.20% of Permutation test rounds,  94.74% of Permutation tests (Core 3/15, passed_count 18)
  6.21% of Permutation test rounds,  94.74% of Permutation tests (Core 8/15, passed_count 18)
  6.22% of Permutation test rounds,  94.74% of Permutation tests (Core 12/15, passed_count 18)
  6.23% of Permutation test rounds,  94.74% of Permutation tests (Core 6/15, passed_count 18)
  6.24% of Permutation test rounds,  94.74% of Permutation tests (Core 14/15, passed_count 18)
  6.25% of Permutation test rounds,  94.74% of Permutation tests (Core 10/15, passed_count 18)
  6.26% of Permutation test rounds,  94.74% of Permutation tests (Core 0/15, passed_count 18)
  6.27% of Permutation test rounds,  94.74% of Permutation tests (Core 9/15, passed_count 18)
  6.28% of Permutation test rounds,  94.74% of Permutation tests (Core 13/15, passed_count 18)
  6.29% of Permutation test rounds,  94.74% of Permutation tests (Core 7/15, passed_count 18)
  6.30% of Permutation test rounds,  94.74% of Permutation tests (Core 2/15, passed_count 18)
  6.31% of Permutation test rounds,  94.74% of Permutation tests (Core 11/15, passed_count 18)
  6.32% of Permutation test rounds,  94.74% of Permutation tests (Core 15/15, passed_count 18)
  6.33% of Permutation test rounds,  94.74% of Permutation tests (Core 5/15, passed_count 18)
  6.34% of Permutation test rounds,  94.74% of Permutation tests (Core 1/15, passed_count 18)
  6.35% of Permutation test rounds,  94.74% of Permutation tests (Core 4/15, passed_count 18)
  6.36% of Permutation test rounds,  94.74% of Permutation tests (Core 3/15, passed_count 18)
  6.37% of Permutation test rounds,  94.74% of Permutation tests (Core 8/15, passed_count 18)
  6.38% of Permutation test rounds,  94.74% of Permutation tests (Core 12/15, passed_count 18)
  6.39% of Permutation test rounds,  94.74% of Permutation tests (Core 6/15, passed_count 18)
  6.40% of Permutation test rounds,  94.74% of Permutation tests (Core 14/15, passed_count 18)
  6.41% of Permutation test rounds,  94.74% of Permutation tests (Core 10/15, passed_count 18)
  6.42% of Permutation test rounds,  94.74% of Permutation tests (Core 0/15, passed_count 18)
  6.43% of Permutation test rounds,  94.74% of Permutation tests (Core 9/15, passed_count 18)
  6.44% of Permutation test rounds,  94.74% of Permutation tests (Core 13/15, passed_count 18)
  6.45% of Permutation test rounds,  94.74% of Permutation tests (Core 7/15, passed_count 18)
  6.46% of Permutation test rounds,  94.74% of Permutation tests (Core 2/15, passed_count 18)
  6.47% of Permutation test rounds,  94.74% of Permutation tests (Core 11/15, passed_count 18)
  6.48% of Permutation test rounds,  94.74% of Permutation tests (Core 15/15, passed_count 18)
  6.49% of Permutation test rounds,  94.74% of Permutation tests (Core 5/15, passed_count 18)
  6.50% of Permutation test rounds,  94.74% of Permutation tests (Core 5/15, passed_count 18)
  6.51% of Permutation test rounds,  94.74% of Permutation tests (Core 5/15, passed_count 18)
  6.52% of Permutation test rounds,  94.74% of Permutation tests (Core 3/15, passed_count 18)
  6.53% of Permutation test rounds,  94.74% of Permutation tests (Core 8/15, passed_count 18)
  6.54% of Permutation test rounds,  94.74% of Permutation tests (Core 12/15, passed_count 18)
  6.55% of Permutation test rounds,  94.74% of Permutation tests (Core 6/15, passed_count 18)
  6.56% of Permutation test rounds,  94.74% of Permutation tests (Core 14/15, passed_count 18)
  6.57% of Permutation test rounds,  94.74% of Permutation tests (Core 10/15, passed_count 18)
  6.58% of Permutation test rounds,  94.74% of Permutation tests (Core 0/15, passed_count 18)
  6.59% of Permutation test rounds,  94.74% of Permutation tests (Core 9/15, passed_count 18)
  6.60% of Permutation test rounds,  94.74% of Permutation tests (Core 13/15, passed_count 18)
  6.61% of Permutation test rounds,  94.74% of Permutation tests (Core 7/15, passed_count 18)
  6.62% of Permutation test rounds,  94.74% of Permutation tests (Core 2/15, passed_count 18)
  6.63% of Permutation test rounds,  94.74% of Permutation tests (Core 11/15, passed_count 18)
  6.64% of Permutation test rounds,  94.74% of Permutation tests (Core 15/15, passed_count 18)
  6.65% of Permutation test rounds,  94.74% of Permutation tests (Core 1/15, passed_count 18)
  6.66% of Permutation test rounds,  94.74% of Permutation tests (Core 4/15, passed_count 18)
  6.67% of Permutation test rounds,  94.74% of Permutation tests (Core 5/15, passed_count 18)
  6.68% of Permutation test rounds,  94.74% of Permutation tests (Core 3/15, passed_count 18)
  6.69% of Permutation test rounds,  94.74% of Permutation tests (Core 8/15, passed_count 18)
  6.70% of Permutation test rounds,  94.74% of Permutation tests (Core 12/15, passed_count 18)
  6.71% of Permutation test rounds,  94.74% of Permutation tests (Core 6/15, passed_count 18)
  6.72% of Permutation test rounds,  94.74% of Permutation tests (Core 14/15, passed_count 18)
  6.73% of Permutation test rounds,  94.74% of Permutation tests (Core 10/15, passed_count 18)
  6.74% of Permutation test rounds,  94.74% of Permutation tests (Core 0/15, passed_count 18)
  6.75% of Permutation test rounds,  94.74% of Permutation tests (Core 9/15, passed_count 18)
  6.76% of Permutation test rounds,  94.74% of Permutation tests (Core 13/15, passed_count 18)
  6.77% of Permutation test rounds,  94.74% of Permutation tests (Core 7/15, passed_count 18)
  6.78% of Permutation test rounds,  94.74% of Permutation tests (Core 2/15, passed_count 18)
  6.79% of Permutation test rounds,  94.74% of Permutation tests (Core 11/15, passed_count 18)
  6.80% of Permutation test rounds,  94.74% of Permutation tests (Core 15/15, passed_count 18)
  6.81% of Permutation test rounds,  94.74% of Permutation tests (Core 1/15, passed_count 18)
  6.82% of Permutation test rounds,  94.74% of Permutation tests (Core 4/15, passed_count 18)
  6.83% of Permutation test rounds,  94.74% of Permutation tests (Core 5/15, passed_count 18)
  6.84% of Permutation test rounds,  94.74% of Permutation tests (Core 3/15, passed_count 18)
  6.85% of Permutation test rounds,  94.74% of Permutation tests (Core 8/15, passed_count 18)
  6.86% of Permutation test rounds,  94.74% of Permutation tests (Core 12/15, passed_count 18)
  6.87% of Permutation test rounds,  94.74% of Permutation tests (Core 6/15, passed_count 18)
  6.88% of Permutation test rounds,  94.74% of Permutation tests (Core 14/15, passed_count 18)
  6.89% of Permutation test rounds,  94.74% of Permutation tests (Core 10/15, passed_count 18)
  6.90% of Permutation test rounds,  94.74% of Permutation tests (Core 0/15, passed_count 18)
  6.91% of Permutation test rounds,  94.74% of Permutation tests (Core 9/15, passed_count 18)
  6.92% of Permutation test rounds,  94.74% of Permutation tests (Core 13/15, passed_count 18)
  6.93% of Permutation test rounds,  94.74% of Permutation tests (Core 7/15, passed_count 18)
  6.94% of Permutation test rounds, 100.00% of Permutation tests (Core 2/15, passed_count 19)
 12.80% of Permutation test rounds, 100.00% of Permutation tests (Core 11/15, passed_count 19)
 18.61% of Permutation test rounds, 100.00% of Permutation tests (Core 15/15, passed_count 19)
 24.42% of Permutation test rounds, 100.00% of Permutation tests (Core 1/15, passed_count 19)
 30.25% of Permutation test rounds, 100.00% of Permutation tests (Core 4/15, passed_count 19)
 36.07% of Permutation test rounds, 100.00% of Permutation tests (Core 5/15, passed_count 19)
 41.85% of Permutation test rounds, 100.00% of Permutation tests (Core 3/15, passed_count 19)
 47.70% of Permutation test rounds, 100.00% of Permutation tests (Core 8/15, passed_count 19)
 53.51% of Permutation test rounds, 100.00% of Permutation tests (Core 12/15, passed_count 19)
 59.29% of Permutation test rounds, 100.00% of Permutation tests (Core 6/15, passed_count 19)
 65.14% of Permutation test rounds, 100.00% of Permutation tests (Core 14/15, passed_count 19)
 70.99% of Permutation test rounds, 100.00% of Permutation tests (Core 10/15, passed_count 19)
 76.80% of Permutation test rounds, 100.00% of Permutation tests (Core 0/15, passed_count 19)
 82.63% of Permutation test rounds, 100.00% of Permutation tests (Core 9/15, passed_count 19)
 88.44% of Permutation test rounds, 100.00% of Permutation tests (Core 13/15, passed_count 19)
 94.22% of Permutation test rounds, 100.00% of Permutation tests (Core 7/15, passed_count 19)


                statistic  C[i][0]  C[i][1]  C[i][2]
----------------------------------------------------
                excursion       6       0       6
       numDirectionalRuns       6       0      60
       lenDirectionalRuns       8       6       0
    numIncreasesDecreases       6       0      60
            numRunsMedian       6       0     100
            lenRunsMedian       3       3       3
             avgCollision      13       0       6
             maxCollision      25       4       2
           periodicity(1)       6       0      16
           periodicity(2)       6       0      12
           periodicity(8)       6       0     101
          periodicity(16)       6       0       6
          periodicity(32)     688       0       6
            covariance(1)      10       0       6
            covariance(2)       6       0      13
            covariance(8)       6       0       6
           covariance(16)       6       0       7
           covariance(32)       6       0      13
              compression      12       0       6
(* denotes failed test)

** Passed IID permutation tests

your 131072x1 screen size is bogus. expect trouble
your 131072x1 screen size is bogus. expect trouble
Identity added: /home/mmggjj/.ssh/id_ed25519 (mariogj.03@gmail.com)
tiempo_s=6.13 maxrss_kB=186520
--- esp_rf_off_2_noniid_b1: exit 0, 5 s ---
Agent pid 423
Opening file: '/mnt/c/Users/mario/Documents/TFM_FPGA_CRYPTO/results/entropia90b/bits/esp_rf_off_2.bits' (SHA-256 hash b74f8f49801d24f7b69e80b6f8f4b73dedb39a65f54376c9485e9469017fadaa)
Loaded 8378368 samples of 2 distinct 1-bit-wide symbols

Running non-IID tests...

Running Most Common Value Estimate...
Literal MCV Estimate: mode = 4190679, p-hat = 0.50017843570490095, p_u = 0.50062338176575483
	Most Common Value Estimate = 0.998202 / 1 bit(s)

Running Entropic Statistic Estimates (bit strings only)...
Literal Collision Estimate: X-bar = 2.5002743974223653, sigma-hat = 0.49999999931111727, p = 0.51464859589539935
	Collision Test Estimate = 0.958340 / 1 bit(s)
Literal Markov Estimate: P_0 = 0.499821564295099, P_1 = 0.50017843570490106, P_0,0 = 0.49976741342717029, P_0,1 = 0.50023258657282965, P_1,0 = 0.49987579578392904, P_1,1 = 0.50012420421607096, p_max = 3.0339951306372803e-39
	Markov Test Estimate = 0.999640 / 1 bit(s)
Literal Compression Estimate: X-bar = 5.2179945858518098, sigma-hat = 1.014929653619689, p = 0.022642647984611575
	Compression Test Estimate = 0.910802 / 1 bit(s)

Running Tuple Estimates...
Literal t-Tuple Estimate: t = 19, p-hat_max = 0.5225888865881041584404, p_u = 0.5230333783709370026535
Literal LRS Estimate: u = 20, v = 43, p-hat = 0.50007903474235805, p_u = 0.50052398082598672
	T-Tuple Test Estimate = 0.935025 / 1 bit(s)
	LRS Test Estimate = 0.998489 / 1 bit(s)

Running Predictor Estimates...
Literal MultiMCW Prediction Estimate: N = 8378305, Pglobal' = 0.50050253697314906 (C = 4189635) Plocal can't affect result (r = 22)
	Multi Most Common in Window (MultiMCW) Prediction Test Estimate = 0.998551 / 1 bit(s)
Literal Lag Prediction Estimate: N = 8378367, Pglobal' = 0.50052533170303015 (C = 4189857) Plocal can't affect result (r = 23)
	Lag Prediction Test Estimate = 0.998485 / 1 bit(s)
Literal MultiMMC Prediction Estimate: N = 8378366, Pglobal' = 0.50042931063510521 (C = 4189052) Plocal can't affect result (r = 23)
	Multi Markov Model with Counting (MultiMMC) Prediction Test Estimate = 0.998762 / 1 bit(s)
Literal LZ78Y Prediction Estimate: N = 8378351, Pglobal' = 0.50038508989019637 (C = 4188674) Plocal can't affect result (r = 21)
	LZ78Y Prediction Test Estimate = 0.998889 / 1 bit(s)

H_original: 0.910802
your 131072x1 screen size is bogus. expect trouble
your 131072x1 screen size is bogus. expect trouble
Identity added: /home/mmggjj/.ssh/id_ed25519 (mariogj.03@gmail.com)
tiempo_s=4.30 maxrss_kB=123468
--- esp_rf_off_2_iid_b1: exit 0, 19 s ---
Agent pid 423
Opening file: '/mnt/c/Users/mario/Documents/TFM_FPGA_CRYPTO/results/entropia90b/bits/esp_rf_off_2.bits' (SHA-256 hash b74f8f49801d24f7b69e80b6f8f4b73dedb39a65f54376c9485e9469017fadaa)
Loaded 8378368 samples of 2 distinct 1-bit-wide symbols
Calculating baseline statistics...
	Raw Mean: 0.500178
	Median: 0.500000
	Binary: true

Literal MCV Estimate: mode = 4190679, p-hat = 0.50017843570490095, p_u = 0.50062338176575483
H_original: 0.998202
Chi square independence
	score = 2201.603426
	degrees of freedom = 2046
	p-value = 0.008568

Chi square goodness of fit
	score = 12.480423
	degrees of freedom = 9
	p-value = 0.187560

** Passed chi square tests

Literal Longest Repeated Substring results
	P_col: 0.500000
	Length of LRS: 43
	Pr(X >= 1): 0.981504
** Passed length of longest repeated substring test

Beginning initial tests...

Initial test results
              excursion: 1316.09
     numDirectionalRuns: 667843
     lenDirectionalRuns: 12
  numIncreasesDecreases: 626474
          numRunsMedian: 4.18964e+06
          lenRunsMedian: 21
           avgCollision: 20.7187
           maxCollision: 69
         periodicity(1): 205423
         periodicity(2): 205667
         periodicity(8): 205647
        periodicity(16): 205287
        periodicity(32): 205717
          covariance(1): 1.67677e+07
          covariance(2): 1.67699e+07
          covariance(8): 1.67702e+07
         covariance(16): 1.67661e+07
         covariance(32): 1.67668e+07
            compression: 1.3056e+06

Beginning permutation tests... these may take some time
  0.01% of Permutation test rounds,   0.00% of Permutation tests (Core 0/15, passed_count 0)
  0.02% of Permutation test rounds,   0.00% of Permutation tests (Core 12/15, passed_count 0)
  0.03% of Permutation test rounds,   0.00% of Permutation tests (Core 15/15, passed_count 0)
  0.04% of Permutation test rounds,   0.00% of Permutation tests (Core 8/15, passed_count 0)
  0.05% of Permutation test rounds,   0.00% of Permutation tests (Core 10/15, passed_count 0)
  0.06% of Permutation test rounds,   0.00% of Permutation tests (Core 9/15, passed_count 0)
  0.07% of Permutation test rounds,   0.00% of Permutation tests (Core 13/15, passed_count 0)
  0.08% of Permutation test rounds,   0.00% of Permutation tests (Core 11/15, passed_count 0)
  0.09% of Permutation test rounds,   5.26% of Permutation tests (Core 4/15, passed_count 1)
  0.10% of Permutation test rounds,   5.26% of Permutation tests (Core 7/15, passed_count 1)
  0.11% of Permutation test rounds,   5.26% of Permutation tests (Core 5/15, passed_count 1)
  0.12% of Permutation test rounds,  21.05% of Permutation tests (Core 6/15, passed_count 4)
  0.13% of Permutation test rounds,  42.11% of Permutation tests (Core 1/15, passed_count 8)
  0.14% of Permutation test rounds,  42.11% of Permutation tests (Core 14/15, passed_count 8)
  0.15% of Permutation test rounds,  42.11% of Permutation tests (Core 2/15, passed_count 8)
  0.16% of Permutation test rounds,  47.37% of Permutation tests (Core 3/15, passed_count 9)
  0.17% of Permutation test rounds,  47.37% of Permutation tests (Core 14/15, passed_count 9)
  0.18% of Permutation test rounds,  47.37% of Permutation tests (Core 2/15, passed_count 9)
  0.19% of Permutation test rounds,  52.63% of Permutation tests (Core 3/15, passed_count 10)
  0.20% of Permutation test rounds,  57.89% of Permutation tests (Core 14/15, passed_count 11)
  0.21% of Permutation test rounds,  63.16% of Permutation tests (Core 2/15, passed_count 12)
  0.22% of Permutation test rounds,  63.16% of Permutation tests (Core 3/15, passed_count 12)
  0.23% of Permutation test rounds,  63.16% of Permutation tests (Core 14/15, passed_count 12)
  0.24% of Permutation test rounds,  63.16% of Permutation tests (Core 2/15, passed_count 12)
  0.25% of Permutation test rounds,  63.16% of Permutation tests (Core 3/15, passed_count 12)
  0.26% of Permutation test rounds,  63.16% of Permutation tests (Core 14/15, passed_count 12)
  0.27% of Permutation test rounds,  63.16% of Permutation tests (Core 2/15, passed_count 12)
  0.28% of Permutation test rounds,  63.16% of Permutation tests (Core 3/15, passed_count 12)
  0.29% of Permutation test rounds,  63.16% of Permutation tests (Core 14/15, passed_count 12)
  0.30% of Permutation test rounds,  73.68% of Permutation tests (Core 2/15, passed_count 14)
  0.31% of Permutation test rounds,  73.68% of Permutation tests (Core 3/15, passed_count 14)
  0.32% of Permutation test rounds,  73.68% of Permutation tests (Core 0/15, passed_count 14)
  0.33% of Permutation test rounds,  73.68% of Permutation tests (Core 14/15, passed_count 14)
  0.34% of Permutation test rounds,  73.68% of Permutation tests (Core 2/15, passed_count 14)
  0.35% of Permutation test rounds,  78.95% of Permutation tests (Core 15/15, passed_count 15)
  0.36% of Permutation test rounds,  84.21% of Permutation tests (Core 12/15, passed_count 16)
  0.37% of Permutation test rounds,  84.21% of Permutation tests (Core 3/15, passed_count 16)
  0.38% of Permutation test rounds,  84.21% of Permutation tests (Core 8/15, passed_count 16)
  0.39% of Permutation test rounds,  84.21% of Permutation tests (Core 0/15, passed_count 16)
  0.40% of Permutation test rounds,  84.21% of Permutation tests (Core 14/15, passed_count 16)
  0.41% of Permutation test rounds,  84.21% of Permutation tests (Core 9/15, passed_count 16)
  0.42% of Permutation test rounds,  89.47% of Permutation tests (Core 2/15, passed_count 17)
  0.43% of Permutation test rounds,  89.47% of Permutation tests (Core 15/15, passed_count 17)
  0.44% of Permutation test rounds,  89.47% of Permutation tests (Core 10/15, passed_count 17)
  0.45% of Permutation test rounds,  89.47% of Permutation tests (Core 12/15, passed_count 17)
  0.46% of Permutation test rounds,  89.47% of Permutation tests (Core 3/15, passed_count 17)
  0.47% of Permutation test rounds,  89.47% of Permutation tests (Core 8/15, passed_count 17)
  0.48% of Permutation test rounds,  89.47% of Permutation tests (Core 0/15, passed_count 17)
  0.49% of Permutation test rounds,  89.47% of Permutation tests (Core 13/15, passed_count 17)
  0.50% of Permutation test rounds,  89.47% of Permutation tests (Core 11/15, passed_count 17)
  0.51% of Permutation test rounds,  89.47% of Permutation tests (Core 14/15, passed_count 17)
  0.52% of Permutation test rounds,  94.74% of Permutation tests (Core 9/15, passed_count 18)
  0.53% of Permutation test rounds,  94.74% of Permutation tests (Core 2/15, passed_count 18)
  0.54% of Permutation test rounds,  94.74% of Permutation tests (Core 4/15, passed_count 18)
  0.55% of Permutation test rounds,  94.74% of Permutation tests (Core 15/15, passed_count 18)
  0.56% of Permutation test rounds,  94.74% of Permutation tests (Core 7/15, passed_count 18)
  0.57% of Permutation test rounds, 100.00% of Permutation tests (Core 10/15, passed_count 19)
  6.80% of Permutation test rounds, 100.00% of Permutation tests (Core 12/15, passed_count 19)
 13.02% of Permutation test rounds, 100.00% of Permutation tests (Core 3/15, passed_count 19)
 19.19% of Permutation test rounds, 100.00% of Permutation tests (Core 6/15, passed_count 19)
 25.43% of Permutation test rounds, 100.00% of Permutation tests (Core 8/15, passed_count 19)
 31.65% of Permutation test rounds, 100.00% of Permutation tests (Core 5/15, passed_count 19)
 37.89% of Permutation test rounds, 100.00% of Permutation tests (Core 0/15, passed_count 19)
 44.10% of Permutation test rounds, 100.00% of Permutation tests (Core 13/15, passed_count 19)
 50.33% of Permutation test rounds, 100.00% of Permutation tests (Core 11/15, passed_count 19)
 56.56% of Permutation test rounds, 100.00% of Permutation tests (Core 1/15, passed_count 19)
 62.80% of Permutation test rounds, 100.00% of Permutation tests (Core 14/15, passed_count 19)
 68.96% of Permutation test rounds, 100.00% of Permutation tests (Core 9/15, passed_count 19)
 75.18% of Permutation test rounds, 100.00% of Permutation tests (Core 2/15, passed_count 19)
 81.34% of Permutation test rounds, 100.00% of Permutation tests (Core 4/15, passed_count 19)
 87.57% of Permutation test rounds, 100.00% of Permutation tests (Core 15/15, passed_count 19)
 93.78% of Permutation test rounds, 100.00% of Permutation tests (Core 7/15, passed_count 19)


                statistic  C[i][0]  C[i][1]  C[i][2]
----------------------------------------------------
                excursion       6       0       6
       numDirectionalRuns       6       0      29
       lenDirectionalRuns       3       5       1
    numIncreasesDecreases       6       0       7
            numRunsMedian       7       0       6
            lenRunsMedian      36       5       1
             avgCollision       7       0       6
             maxCollision      51       3       3
           periodicity(1)      13       0       6
           periodicity(2)      14       0       6
           periodicity(8)       6       0       6
          periodicity(16)      30       0       6
          periodicity(32)       6       0       7
            covariance(1)       6       0       6
            covariance(2)       6       0      24
            covariance(8)       6       0      24
           covariance(16)      46       0       6
           covariance(32)      15       0       6
              compression       6       0      10
(* denotes failed test)

** Passed IID permutation tests

your 131072x1 screen size is bogus. expect trouble
your 131072x1 screen size is bogus. expect trouble
Identity added: /home/mmggjj/.ssh/id_ed25519 (mariogj.03@gmail.com)
tiempo_s=20.03 maxrss_kB=880804

resumen: C:\Users\mario\Documents\TFM_FPGA_CRYPTO\results\entropia_90b.csv (24 filas, 118 columnas)
