Adding "set-target"'s dependency "fullclean" to list of commands with default set of options.
Executing action: fullclean
Build directory 'C:\Users\mario\Documents\TFM_FPGA_CRYPTO\firmware\verificador\build' not found. Nothing to clean.
Executing action: set-target
Set Target to: esp32, new sdkconfig will be created.
Running cmake in directory C:\Users\mario\Documents\TFM_FPGA_CRYPTO\firmware\verificador\build
Executing "cmake -G Ninja -DPYTHON_DEPS_CHECKED=1 -DPYTHON=C:\Users\mario\.espressif\python_env\idf5.3_py3.14_env\Scripts\python.exe -DESP_PLATFORM=1 -DIDF_TARGET=esp32 -DCCACHE_ENABLE=1 C:\Users\mario\Documents\TFM_FPGA_CRYPTO\firmware\verificador"...
-- Found Git: C:/Program Files/Git/cmd/git.exe (found version "2.52.0.windows.1")
-- ccache will be used for faster recompilation
-- The C compiler identification is GNU 13.2.0
-- The CXX compiler identification is GNU 13.2.0
-- The ASM compiler identification is GNU
-- Found assembler: C:/Users/mario/.espressif/tools/xtensa-esp-elf/esp-13.2.0_20240530/xtensa-esp-elf/bin/xtensa-esp32-elf-gcc.exe
-- Detecting C compiler ABI info
-- Detecting C compiler ABI info - done
-- Check for working C compiler: C:/Users/mario/.espressif/tools/xtensa-esp-elf/esp-13.2.0_20240530/xtensa-esp-elf/bin/xtensa-esp32-elf-gcc.exe - skipped
-- Detecting C compile features
-- Detecting C compile features - done
-- Detecting CXX compiler ABI info
-- Detecting CXX compiler ABI info - done
-- Check for working CXX compiler: C:/Users/mario/.espressif/tools/xtensa-esp-elf/esp-13.2.0_20240530/xtensa-esp-elf/bin/xtensa-esp32-elf-g++.exe - skipped
-- Detecting CXX compile features
-- Detecting CXX compile features - done
-- git rev-parse returned 'fatal: not a git repository (or any of the parent directories): .git'
-- Could not use 'git describe' to determine PROJECT_VER.
-- Building ESP-IDF components for target esp32
-- Project sdkconfig file C:/Users/mario/Documents/TFM_FPGA_CRYPTO/firmware/verificador/sdkconfig
Loading defaults file C:/Users/mario/Documents/TFM_FPGA_CRYPTO/firmware/verificador/sdkconfig.defaults...

-- Compiler supported targets: xtensa-esp-elf
-- Found Python3: C:/Users/mario/.espressif/python_env/idf5.3_py3.14_env/Scripts/python.exe (found version "3.14.0") found components: Interpreter
-- Performing Test CMAKE_HAVE_LIBC_PTHREAD
-- Performing Test CMAKE_HAVE_LIBC_PTHREAD - Success
-- Found Threads: TRUE
-- Performing Test C_COMPILER_SUPPORTS_WFORMAT_SIGNEDNESS
-- Performing Test C_COMPILER_SUPPORTS_WFORMAT_SIGNEDNESS - Success
-- App "verificador" version: 1
-- Adding linker script C:/Users/mario/Documents/TFM_FPGA_CRYPTO/firmware/verificador/build/esp-idf/esp_system/ld/memory.ld
-- Adding linker script C:/Users/mario/Documents/TFM_FPGA_CRYPTO/firmware/verificador/build/esp-idf/esp_system/ld/sections.ld.in
-- Adding linker script C:/esp/esp-idf/components/esp_rom/esp32/ld/esp32.rom.ld
-- Adding linker script C:/esp/esp-idf/components/esp_rom/esp32/ld/esp32.rom.api.ld
-- Adding linker script C:/esp/esp-idf/components/esp_rom/esp32/ld/esp32.rom.libgcc.ld
-- Adding linker script C:/esp/esp-idf/components/esp_rom/esp32/ld/esp32.rom.newlib-data.ld
-- Adding linker script C:/esp/esp-idf/components/esp_rom/esp32/ld/esp32.rom.syscalls.ld
-- Adding linker script C:/esp/esp-idf/components/esp_rom/esp32/ld/esp32.rom.newlib-funcs.ld
-- Adding linker script C:/esp/esp-idf/components/soc/esp32/ld/esp32.peripherals.ld
-- Components: app_trace app_update bootloader bootloader_support bt cmock console cxx driver efuse esp-tls esp_adc esp_app_format esp_bootloader_format esp_coex esp_common esp_driver_ana_cmpr esp_driver_cam esp_driver_dac esp_driver_gpio esp_driver_gptimer esp_driver_i2c esp_driver_i2s esp_driver_isp esp_driver_jpeg esp_driver_ledc esp_driver_mcpwm esp_driver_parlio esp_driver_pcnt esp_driver_ppa esp_driver_rmt esp_driver_sdio esp_driver_sdm esp_driver_sdmmc esp_driver_sdspi esp_driver_spi esp_driver_touch_sens esp_driver_tsens esp_driver_uart esp_driver_usb_serial_jtag esp_eth esp_event esp_gdbstub esp_hid esp_http_client esp_http_server esp_https_ota esp_https_server esp_hw_support esp_lcd esp_local_ctrl esp_mm esp_netif esp_netif_stack esp_partition esp_phy esp_pm esp_psram esp_ringbuf esp_rom esp_system esp_timer esp_vfs_console esp_wifi espcoredump esptool_py fatfs freertos hal heap http_parser idf_test ieee802154 json log lwip main mbedtls mqtt newlib nvs_flash nvs_sec_provider openthread partition_table perfmon protobuf-c protocomm pthread sdmmc soc spi_flash spiffs tcp_transport ulp unity usb vfs wear_levelling wifi_provisioning wpa_supplicant xtensa
-- Component paths: C:/esp/esp-idf/components/app_trace C:/esp/esp-idf/components/app_update C:/esp/esp-idf/components/bootloader C:/esp/esp-idf/components/bootloader_support C:/esp/esp-idf/components/bt C:/esp/esp-idf/components/cmock C:/esp/esp-idf/components/console C:/esp/esp-idf/components/cxx C:/esp/esp-idf/components/driver C:/esp/esp-idf/components/efuse C:/esp/esp-idf/components/esp-tls C:/esp/esp-idf/components/esp_adc C:/esp/esp-idf/components/esp_app_format C:/esp/esp-idf/components/esp_bootloader_format C:/esp/esp-idf/components/esp_coex C:/esp/esp-idf/components/esp_common C:/esp/esp-idf/components/esp_driver_ana_cmpr C:/esp/esp-idf/components/esp_driver_cam C:/esp/esp-idf/components/esp_driver_dac C:/esp/esp-idf/components/esp_driver_gpio C:/esp/esp-idf/components/esp_driver_gptimer C:/esp/esp-idf/components/esp_driver_i2c C:/esp/esp-idf/components/esp_driver_i2s C:/esp/esp-idf/components/esp_driver_isp C:/esp/esp-idf/components/esp_driver_jpeg C:/esp/esp-idf/components/esp_driver_ledc C:/esp/esp-idf/components/esp_driver_mcpwm C:/esp/esp-idf/components/esp_driver_parlio C:/esp/esp-idf/components/esp_driver_pcnt C:/esp/esp-idf/components/esp_driver_ppa C:/esp/esp-idf/components/esp_driver_rmt C:/esp/esp-idf/components/esp_driver_sdio C:/esp/esp-idf/components/esp_driver_sdm C:/esp/esp-idf/components/esp_driver_sdmmc C:/esp/esp-idf/components/esp_driver_sdspi C:/esp/esp-idf/components/esp_driver_spi C:/esp/esp-idf/components/esp_driver_touch_sens C:/esp/esp-idf/components/esp_driver_tsens C:/esp/esp-idf/components/esp_driver_uart C:/esp/esp-idf/components/esp_driver_usb_serial_jtag C:/esp/esp-idf/components/esp_eth C:/esp/esp-idf/components/esp_event C:/esp/esp-idf/components/esp_gdbstub C:/esp/esp-idf/components/esp_hid C:/esp/esp-idf/components/esp_http_client C:/esp/esp-idf/components/esp_http_server C:/esp/esp-idf/components/esp_https_ota C:/esp/esp-idf/components/esp_https_server C:/esp/esp-idf/components/esp_hw_support C:/esp/esp-idf/components/esp_lcd C:/esp/esp-idf/components/esp_local_ctrl C:/esp/esp-idf/components/esp_mm C:/esp/esp-idf/components/esp_netif C:/esp/esp-idf/components/esp_netif_stack C:/esp/esp-idf/components/esp_partition C:/esp/esp-idf/components/esp_phy C:/esp/esp-idf/components/esp_pm C:/esp/esp-idf/components/esp_psram C:/esp/esp-idf/components/esp_ringbuf C:/esp/esp-idf/components/esp_rom C:/esp/esp-idf/components/esp_system C:/esp/esp-idf/components/esp_timer C:/esp/esp-idf/components/esp_vfs_console C:/esp/esp-idf/components/esp_wifi C:/esp/esp-idf/components/espcoredump C:/esp/esp-idf/components/esptool_py C:/esp/esp-idf/components/fatfs C:/esp/esp-idf/components/freertos C:/esp/esp-idf/components/hal C:/esp/esp-idf/components/heap C:/esp/esp-idf/components/http_parser C:/esp/esp-idf/components/idf_test C:/esp/esp-idf/components/ieee802154 C:/esp/esp-idf/components/json C:/esp/esp-idf/components/log C:/esp/esp-idf/components/lwip C:/Users/mario/Documents/TFM_FPGA_CRYPTO/firmware/verificador/main C:/esp/esp-idf/components/mbedtls C:/esp/esp-idf/components/mqtt C:/esp/esp-idf/components/newlib C:/esp/esp-idf/components/nvs_flash C:/esp/esp-idf/components/nvs_sec_provider C:/esp/esp-idf/components/openthread C:/esp/esp-idf/components/partition_table C:/esp/esp-idf/components/perfmon C:/esp/esp-idf/components/protobuf-c C:/esp/esp-idf/components/protocomm C:/esp/esp-idf/components/pthread C:/esp/esp-idf/components/sdmmc C:/esp/esp-idf/components/soc C:/esp/esp-idf/components/spi_flash C:/esp/esp-idf/components/spiffs C:/esp/esp-idf/components/tcp_transport C:/esp/esp-idf/components/ulp C:/esp/esp-idf/components/unity C:/esp/esp-idf/components/usb C:/esp/esp-idf/components/vfs C:/esp/esp-idf/components/wear_levelling C:/esp/esp-idf/components/wifi_provisioning C:/esp/esp-idf/components/wpa_supplicant C:/esp/esp-idf/components/xtensa
-- Configuring done (37.7s)
-- Generating done (2.7s)
-- Build files have been written to: C:/Users/mario/Documents/TFM_FPGA_CRYPTO/firmware/verificador/build
Executing action: all (aliases: build)
Running ninja in directory C:\Users\mario\Documents\TFM_FPGA_CRYPTO\firmware\verificador\build
Executing "ninja all"...
[1/975] Generating project_elf_src_esp32.c

[2/975] Generating C:/Users/mario/Documents/TFM_FPGA_CRYPTO/firmware/verificador/build/esp-idf/esp_system/ld/memory.ld linker script...

[3/975] Generating C:/Users/mario/Documents/TFM_FPGA_CRYPTO/firmware/verificador/build/esp-idf/esp_system/ld/sections.ld.in linker script...

[4/975] Generating ../../partition_table/partition-table.bin

Partition table binary generated. Contents:

*******************************************************************************

# ESP-IDF Partition Table


# Name, Type, SubType, Offset, Size, Flags


nvs,data,nvs,0x9000,24K,


phy_init,data,phy,0xf000,4K,


factory,app,factory,0x10000,1M,


*******************************************************************************

[5/975] Building C object esp-idf/esp_http_client/CMakeFiles/__idf_esp_http_client.dir/lib/http_utils.c.obj

[6/975] Building C object esp-idf/esp_http_client/CMakeFiles/__idf_esp_http_client.dir/lib/http_header.c.obj

[7/975] Building C object esp-idf/esp_gdbstub/CMakeFiles/__idf_esp_gdbstub.dir/src/packet.c.obj

[8/975] Building C object esp-idf/esp_gdbstub/CMakeFiles/__idf_esp_gdbstub.dir/src/gdbstub.c.obj

[9/975] Building C object esp-idf/esp_gdbstub/CMakeFiles/__idf_esp_gdbstub.dir/src/gdbstub_transport.c.obj

[10/975] Building C object esp-idf/esp_http_server/CMakeFiles/__idf_esp_http_server.dir/src/util/ctrl_sock.c.obj

[11/975] Building C object esp-idf/tcp_transport/CMakeFiles/__idf_tcp_transport.dir/transport_socks_proxy.c.obj

[12/975] Building C object esp-idf/esp_http_server/CMakeFiles/__idf_esp_http_server.dir/src/httpd_ws.c.obj

[13/975] Building C object esp-idf/esp_http_server/CMakeFiles/__idf_esp_http_server.dir/src/httpd_uri.c.obj

[14/975] Building C object esp-idf/esp_http_server/CMakeFiles/__idf_esp_http_server.dir/src/httpd_sess.c.obj

[15/975] Building C object esp-idf/esp_http_client/CMakeFiles/__idf_esp_http_client.dir/lib/http_auth.c.obj

[16/975] Building C object esp-idf/esp_http_server/CMakeFiles/__idf_esp_http_server.dir/src/httpd_parse.c.obj

[17/975] Building C object esp-idf/esp_http_server/CMakeFiles/__idf_esp_http_server.dir/src/httpd_txrx.c.obj

[18/975] Building C object esp-idf/esp_https_ota/CMakeFiles/__idf_esp_https_ota.dir/src/esp_https_ota.c.obj

[19/975] Building C object esp-idf/esp_http_server/CMakeFiles/__idf_esp_http_server.dir/src/httpd_main.c.obj

[20/975] Building C object esp-idf/tcp_transport/CMakeFiles/__idf_tcp_transport.dir/transport_internal.c.obj

[21/975] Building ASM object esp-idf/esp_gdbstub/CMakeFiles/__idf_esp_gdbstub.dir/src/port/xtensa/gdbstub-entry.S.obj

[22/975] Building C object esp-idf/tcp_transport/CMakeFiles/__idf_tcp_transport.dir/transport_ws.c.obj

[23/975] Building ASM object esp-idf/esp_gdbstub/CMakeFiles/__idf_esp_gdbstub.dir/src/port/xtensa/xt_debugexception.S.obj

[24/975] Building C object esp-idf/tcp_transport/CMakeFiles/__idf_tcp_transport.dir/transport.c.obj

[25/975] Building C object esp-idf/tcp_transport/CMakeFiles/__idf_tcp_transport.dir/transport_ssl.c.obj

[26/975] Building C object esp-idf/esp_http_client/CMakeFiles/__idf_esp_http_client.dir/esp_http_client.c.obj

[27/975] Building C object esp-idf/esp_gdbstub/CMakeFiles/__idf_esp_gdbstub.dir/src/port/xtensa/gdbstub_xtensa.c.obj

[28/975] Building C object esp-idf/esp_eth/CMakeFiles/__idf_esp_eth.dir/src/phy/esp_eth_phy_dp83848.c.obj

[29/975] Building C object esp-idf/esp_eth/CMakeFiles/__idf_esp_eth.dir/src/esp_eth_netif_glue.c.obj

[30/975] Building C object esp-idf/esp_eth/CMakeFiles/__idf_esp_eth.dir/src/esp_eth.c.obj

[31/975] Building C object esp-idf/esp_eth/CMakeFiles/__idf_esp_eth.dir/src/mac/esp_eth_mac_esp_dma.c.obj

[32/975] Linking C static library esp-idf\esp_https_ota\libesp_https_ota.a

[33/975] Building C object esp-idf/esp_eth/CMakeFiles/__idf_esp_eth.dir/src/phy/esp_eth_phy_802_3.c.obj

[34/975] Building C object esp-idf/esp_eth/CMakeFiles/__idf_esp_eth.dir/src/mac/esp_eth_mac_esp_gpio.c.obj

[35/975] Building C object esp-idf/esp_eth/CMakeFiles/__idf_esp_eth.dir/src/phy/esp_eth_phy_ksz80xx.c.obj

[36/975] Building C object esp-idf/esp_eth/CMakeFiles/__idf_esp_eth.dir/src/phy/esp_eth_phy_ip101.c.obj

[37/975] Building C object esp-idf/esp_eth/CMakeFiles/__idf_esp_eth.dir/src/phy/esp_eth_phy_lan87xx.c.obj

[38/975] Building C object esp-idf/esp_adc/CMakeFiles/__idf_esp_adc.dir/adc_cali.c.obj

[39/975] Building C object esp-idf/esp_eth/CMakeFiles/__idf_esp_eth.dir/src/mac/esp_eth_mac_esp.c.obj

[40/975] Building C object esp-idf/esp_adc/CMakeFiles/__idf_esp_adc.dir/adc_cali_curve_fitting.c.obj

[41/975] Building C object esp-idf/esp_eth/CMakeFiles/__idf_esp_eth.dir/src/phy/esp_eth_phy_rtl8201.c.obj

[42/975] Linking C static library esp-idf\esp_http_server\libesp_http_server.a

[43/975] Building C object esp-idf/esp_adc/CMakeFiles/__idf_esp_adc.dir/deprecated/esp_adc_cal_common_legacy.c.obj

[44/975] Building C object esp-idf/esp_adc/CMakeFiles/__idf_esp_adc.dir/adc_common.c.obj

[45/975] Building C object esp-idf/esp_adc/CMakeFiles/__idf_esp_adc.dir/adc_oneshot.c.obj

[46/975] Building C object esp-idf/esp-tls/CMakeFiles/__idf_esp-tls.dir/esp-tls-crypto/esp_tls_crypto.c.obj

[47/975] Building C object esp-idf/esp-tls/CMakeFiles/__idf_esp-tls.dir/esp_tls_platform_port.c.obj

[48/975] Building C object esp-idf/esp_adc/CMakeFiles/__idf_esp_adc.dir/esp32/adc_cali_line_fitting.c.obj

[49/975] Linking C static library esp-idf\esp_http_client\libesp_http_client.a

[50/975] Building C object esp-idf/esp_adc/CMakeFiles/__idf_esp_adc.dir/deprecated/esp32/esp_adc_cal_legacy.c.obj

[51/975] Building C object esp-idf/esp_wifi/CMakeFiles/__idf_esp_wifi.dir/src/lib_printf.c.obj

[52/975] Building C object esp-idf/esp_adc/CMakeFiles/__idf_esp_adc.dir/esp32/adc_dma.c.obj

[53/975] Building C object esp-idf/esp_adc/CMakeFiles/__idf_esp_adc.dir/adc_continuous.c.obj

[54/975] Building C object esp-idf/esp-tls/CMakeFiles/__idf_esp-tls.dir/esp_tls_error_capture.c.obj

[55/975] Building C object esp-idf/esp_wifi/CMakeFiles/__idf_esp_wifi.dir/src/mesh_event.c.obj

[56/975] Linking C static library esp-idf\tcp_transport\libtcp_transport.a

[57/975] Building C object esp-idf/esp_wifi/CMakeFiles/__idf_esp_wifi.dir/src/smartconfig.c.obj

[58/975] Building C object esp-idf/http_parser/CMakeFiles/__idf_http_parser.dir/http_parser.c.obj

[59/975] Building C object esp-idf/esp_wifi/CMakeFiles/__idf_esp_wifi.dir/src/wifi_default_ap.c.obj

[60/975] Building C object esp-idf/esp_coex/CMakeFiles/__idf_esp_coex.dir/src/coexist_debug_diagram.c.obj

[61/975] Building C object esp-idf/esp_wifi/CMakeFiles/__idf_esp_wifi.dir/src/wifi_default.c.obj

[62/975] Building C object esp-idf/esp_coex/CMakeFiles/__idf_esp_coex.dir/src/coexist_debug.c.obj

[63/975] Building C object esp-idf/esp_wifi/CMakeFiles/__idf_esp_wifi.dir/src/wifi_netif.c.obj

[64/975] Building C object esp-idf/esp_wifi/CMakeFiles/__idf_esp_wifi.dir/src/wifi_init.c.obj

[65/975] Building C object esp-idf/esp-tls/CMakeFiles/__idf_esp-tls.dir/esp_tls.c.obj

[66/975] Building C object esp-idf/esp-tls/CMakeFiles/__idf_esp-tls.dir/esp_tls_mbedtls.c.obj

[67/975] Building C object esp-idf/esp_coex/CMakeFiles/__idf_esp_coex.dir/esp32/esp_coex_adapter.c.obj

[68/975] Linking C static library esp-idf\esp_gdbstub\libesp_gdbstub.a

[69/975] Building C object esp-idf/esp_wifi/CMakeFiles/__idf_esp_wifi.dir/esp32/esp_adapter.c.obj

[70/975] Building C object esp-idf/wpa_supplicant/CMakeFiles/__idf_wpa_supplicant.dir/port/os_xtensa.c.obj

[71/975] Building C object esp-idf/esp_wifi/CMakeFiles/__idf_esp_wifi.dir/src/smartconfig_ack.c.obj

[72/975] Building C object esp-idf/wpa_supplicant/CMakeFiles/__idf_wpa_supplicant.dir/port/eloop.c.obj

[73/975] Building C object esp-idf/wpa_supplicant/CMakeFiles/__idf_wpa_supplicant.dir/src/ap/ap_config.c.obj

[74/975] Building C object esp-idf/wpa_supplicant/CMakeFiles/__idf_wpa_supplicant.dir/src/ap/pmksa_cache_auth.c.obj

[75/975] Building C object esp-idf/wpa_supplicant/CMakeFiles/__idf_wpa_supplicant.dir/src/ap/ieee802_1x.c.obj

[76/975] Building C object esp-idf/wpa_supplicant/CMakeFiles/__idf_wpa_supplicant.dir/src/ap/wpa_auth_ie.c.obj

[77/975] Linking C static library esp-idf\esp_eth\libesp_eth.a

[78/975] Building C object esp-idf/wpa_supplicant/CMakeFiles/__idf_wpa_supplicant.dir/src/ap/sta_info.c.obj

[79/975] Building C object esp-idf/wpa_supplicant/CMakeFiles/__idf_wpa_supplicant.dir/src/utils/bitfield.c.obj

[80/975] Building C object esp-idf/wpa_supplicant/CMakeFiles/__idf_wpa_supplicant.dir/src/common/dragonfly.c.obj

[81/975] Building C object esp-idf/wpa_supplicant/CMakeFiles/__idf_wpa_supplicant.dir/src/ap/comeback_token.c.obj

[82/975] Building C object esp-idf/wpa_supplicant/CMakeFiles/__idf_wpa_supplicant.dir/src/ap/ieee802_11.c.obj

[83/975] Building C object esp-idf/wpa_supplicant/CMakeFiles/__idf_wpa_supplicant.dir/src/crypto/aes-siv.c.obj

[84/975] Building C object esp-idf/wpa_supplicant/CMakeFiles/__idf_wpa_supplicant.dir/src/ap/wpa_auth.c.obj

[85/975] Building C object esp-idf/wpa_supplicant/CMakeFiles/__idf_wpa_supplicant.dir/src/common/wpa_common.c.obj

[86/975] Linking C static library esp-idf\esp_adc\libesp_adc.a

[87/975] Building C object esp-idf/wpa_supplicant/CMakeFiles/__idf_wpa_supplicant.dir/src/crypto/ccmp.c.obj

[88/975] Building C object esp-idf/wpa_supplicant/CMakeFiles/__idf_wpa_supplicant.dir/src/crypto/sha256-kdf.c.obj

[89/975] Building C object esp-idf/wpa_supplicant/CMakeFiles/__idf_wpa_supplicant.dir/src/crypto/crypto_ops.c.obj

[90/975] Building C object esp-idf/wpa_supplicant/CMakeFiles/__idf_wpa_supplicant.dir/src/common/sae.c.obj

[91/975] Building C object esp-idf/wpa_supplicant/CMakeFiles/__idf_wpa_supplicant.dir/src/crypto/aes-gcm.c.obj

[92/975] Building C object esp-idf/wpa_supplicant/CMakeFiles/__idf_wpa_supplicant.dir/src/crypto/sha384-tlsprf.c.obj

[93/975] Building C object esp-idf/wpa_supplicant/CMakeFiles/__idf_wpa_supplicant.dir/src/crypto/dh_group5.c.obj

[94/975] Building C object esp-idf/wpa_supplicant/CMakeFiles/__idf_wpa_supplicant.dir/src/crypto/sha1-tlsprf.c.obj

[95/975] Building C object esp-idf/wpa_supplicant/CMakeFiles/__idf_wpa_supplicant.dir/src/crypto/ms_funcs.c.obj

[96/975] Building C object esp-idf/wpa_supplicant/CMakeFiles/__idf_wpa_supplicant.dir/src/crypto/dh_groups.c.obj

[97/975] Building C object esp-idf/wpa_supplicant/CMakeFiles/__idf_wpa_supplicant.dir/src/crypto/sha256-prf.c.obj

[98/975] Building C object esp-idf/wpa_supplicant/CMakeFiles/__idf_wpa_supplicant.dir/src/crypto/sha1-prf.c.obj

[99/975] Linking C static library esp-idf\esp-tls\libesp-tls.a

[100/975] Building C object esp-idf/wpa_supplicant/CMakeFiles/__idf_wpa_supplicant.dir/src/crypto/sha256-tlsprf.c.obj

[101/975] Building C object esp-idf/wpa_supplicant/CMakeFiles/__idf_wpa_supplicant.dir/src/crypto/md4-internal.c.obj

[102/975] Building C object esp-idf/wpa_supplicant/CMakeFiles/__idf_wpa_supplicant.dir/src/crypto/sha384-prf.c.obj

[103/975] Building C object esp-idf/wpa_supplicant/CMakeFiles/__idf_wpa_supplicant.dir/src/crypto/sha1-tprf.c.obj

[104/975] Building C object esp-idf/wpa_supplicant/CMakeFiles/__idf_wpa_supplicant.dir/src/eap_common/eap_wsc_common.c.obj

[105/975] Building C object esp-idf/wpa_supplicant/CMakeFiles/__idf_wpa_supplicant.dir/src/eap_peer/chap.c.obj

[106/975] Linking C static library esp-idf\http_parser\libhttp_parser.a

[107/975] Building C object esp-idf/wpa_supplicant/CMakeFiles/__idf_wpa_supplicant.dir/src/common/ieee802_11_common.c.obj

[108/975] Building C object esp-idf/wpa_supplicant/CMakeFiles/__idf_wpa_supplicant.dir/src/eap_peer/eap_common.c.obj

[109/975] Building C object esp-idf/wpa_supplicant/CMakeFiles/__idf_wpa_supplicant.dir/src/eap_peer/eap_peap_common.c.obj

[110/975] Building C object esp-idf/wpa_supplicant/CMakeFiles/__idf_wpa_supplicant.dir/src/eap_peer/eap_mschapv2.c.obj

[111/975] Building C object esp-idf/wpa_supplicant/CMakeFiles/__idf_wpa_supplicant.dir/src/eap_peer/eap.c.obj

[112/975] Building C object esp-idf/wpa_supplicant/CMakeFiles/__idf_wpa_supplicant.dir/src/eap_peer/mschapv2.c.obj

[113/975] Linking C static library esp-idf\esp_wifi\libesp_wifi.a

[114/975] Building C object esp-idf/wpa_supplicant/CMakeFiles/__idf_wpa_supplicant.dir/src/eap_peer/eap_tls_common.c.obj

[115/975] Building C object esp-idf/wpa_supplicant/CMakeFiles/__idf_wpa_supplicant.dir/src/eap_peer/eap_tls.c.obj

[116/975] Building C object esp-idf/wpa_supplicant/CMakeFiles/__idf_wpa_supplicant.dir/src/eap_peer/eap_peap.c.obj

[117/975] Building C object esp-idf/wpa_supplicant/CMakeFiles/__idf_wpa_supplicant.dir/src/eap_peer/eap_ttls.c.obj

[118/975] Building C object esp-idf/wpa_supplicant/CMakeFiles/__idf_wpa_supplicant.dir/src/eap_peer/eap_fast_common.c.obj

[119/975] Building C object esp-idf/wpa_supplicant/CMakeFiles/__idf_wpa_supplicant.dir/src/rsn_supp/pmksa_cache.c.obj

[120/975] Building C object esp-idf/wpa_supplicant/CMakeFiles/__idf_wpa_supplicant.dir/src/eap_peer/eap_fast_pac.c.obj

[121/975] Building C object esp-idf/wpa_supplicant/CMakeFiles/__idf_wpa_supplicant.dir/src/eap_peer/eap_fast.c.obj

[122/975] Building C object esp-idf/wpa_supplicant/CMakeFiles/__idf_wpa_supplicant.dir/src/rsn_supp/wpa_ie.c.obj

[123/975] Building C object esp-idf/wpa_supplicant/CMakeFiles/__idf_wpa_supplicant.dir/src/utils/base64.c.obj

[124/975] Building C object esp-idf/wpa_supplicant/CMakeFiles/__idf_wpa_supplicant.dir/src/utils/common.c.obj

[125/975] Building C object esp-idf/wpa_supplicant/CMakeFiles/__idf_wpa_supplicant.dir/src/utils/ext_password.c.obj

[126/975] Building C object esp-idf/wpa_supplicant/CMakeFiles/__idf_wpa_supplicant.dir/src/utils/uuid.c.obj

[127/975] Building C object esp-idf/wpa_supplicant/CMakeFiles/__idf_wpa_supplicant.dir/src/utils/wpabuf.c.obj

[128/975] Building C object esp-idf/wpa_supplicant/CMakeFiles/__idf_wpa_supplicant.dir/src/rsn_supp/wpa.c.obj

[129/975] Building C object esp-idf/wpa_supplicant/CMakeFiles/__idf_wpa_supplicant.dir/src/utils/wpa_debug.c.obj

[130/975] Building C object esp-idf/wpa_supplicant/CMakeFiles/__idf_wpa_supplicant.dir/src/utils/json.c.obj

[131/975] Building C object esp-idf/wpa_supplicant/CMakeFiles/__idf_wpa_supplicant.dir/src/wps/wps.c.obj

[132/975] Building C object esp-idf/wpa_supplicant/CMakeFiles/__idf_wpa_supplicant.dir/src/wps/wps_attr_parse.c.obj

[133/975] Building C object esp-idf/wpa_supplicant/CMakeFiles/__idf_wpa_supplicant.dir/src/wps/wps_attr_build.c.obj

[134/975] Building C object esp-idf/wpa_supplicant/CMakeFiles/__idf_wpa_supplicant.dir/esp_supplicant/src/esp_wpa2_api_port.c.obj

[135/975] Building C object esp-idf/wpa_supplicant/CMakeFiles/__idf_wpa_supplicant.dir/src/wps/wps_attr_process.c.obj

[136/975] Building C object esp-idf/wpa_supplicant/CMakeFiles/__idf_wpa_supplicant.dir/src/wps/wps_dev_attr.c.obj

[137/975] Building C object esp-idf/wpa_supplicant/CMakeFiles/__idf_wpa_supplicant.dir/src/wps/wps_common.c.obj

[138/975] Building C object esp-idf/wpa_supplicant/CMakeFiles/__idf_wpa_supplicant.dir/src/wps/wps_enrollee.c.obj

[139/975] Building C object esp-idf/wpa_supplicant/CMakeFiles/__idf_wpa_supplicant.dir/src/common/sae_pk.c.obj

[140/975] Building C object esp-idf/wpa_supplicant/CMakeFiles/__idf_wpa_supplicant.dir/esp_supplicant/src/esp_wpa_main.c.obj

[141/975] Building C object esp-idf/wpa_supplicant/CMakeFiles/__idf_wpa_supplicant.dir/esp_supplicant/src/esp_wpas_glue.c.obj

[142/975] Building C object esp-idf/wpa_supplicant/CMakeFiles/__idf_wpa_supplicant.dir/esp_supplicant/src/esp_common.c.obj

[143/975] Building C object esp-idf/wpa_supplicant/CMakeFiles/__idf_wpa_supplicant.dir/esp_supplicant/src/esp_owe.c.obj

[144/975] Building C object esp-idf/wpa_supplicant/CMakeFiles/__idf_wpa_supplicant.dir/esp_supplicant/src/esp_eap_client.c.obj

[145/975] Building C object esp-idf/wpa_supplicant/CMakeFiles/__idf_wpa_supplicant.dir/esp_supplicant/src/esp_hostap.c.obj

[146/975] Building C object esp-idf/wpa_supplicant/CMakeFiles/__idf_wpa_supplicant.dir/esp_supplicant/src/esp_wps.c.obj

[147/975] Building C object esp-idf/wpa_supplicant/CMakeFiles/__idf_wpa_supplicant.dir/esp_supplicant/src/esp_wpa3.c.obj

[148/975] Linking C static library esp-idf\esp_coex\libesp_coex.a

[149/975] Building C object esp-idf/wpa_supplicant/CMakeFiles/__idf_wpa_supplicant.dir/esp_supplicant/src/crypto/fastpbkdf2.c.obj

[150/975] Building C object esp-idf/wpa_supplicant/CMakeFiles/__idf_wpa_supplicant.dir/src/crypto/rc4.c.obj

[151/975] Building C object esp-idf/wpa_supplicant/CMakeFiles/__idf_wpa_supplicant.dir/src/crypto/aes-wrap.c.obj

[152/975] Building C object esp-idf/wpa_supplicant/CMakeFiles/__idf_wpa_supplicant.dir/esp_supplicant/src/crypto/crypto_mbedtls.c.obj

[153/975] Building C object esp-idf/wpa_supplicant/CMakeFiles/__idf_wpa_supplicant.dir/src/crypto/aes-unwrap.c.obj

[154/975] Building C object esp-idf/wpa_supplicant/CMakeFiles/__idf_wpa_supplicant.dir/esp_supplicant/src/crypto/tls_mbedtls.c.obj

[155/975] Building C object esp-idf/wpa_supplicant/CMakeFiles/__idf_wpa_supplicant.dir/src/crypto/des-internal.c.obj

[156/975] Building C object esp-idf/esp_netif/CMakeFiles/__idf_esp_netif.dir/esp_netif_objects.c.obj

[157/975] Building C object esp-idf/esp_netif/CMakeFiles/__idf_esp_netif.dir/esp_netif_defaults.c.obj

[158/975] Building C object esp-idf/esp_netif/CMakeFiles/__idf_esp_netif.dir/esp_netif_handlers.c.obj

[159/975] Building C object esp-idf/wpa_supplicant/CMakeFiles/__idf_wpa_supplicant.dir/esp_supplicant/src/crypto/crypto_mbedtls-bignum.c.obj

[160/975] Building C object esp-idf/wpa_supplicant/CMakeFiles/__idf_wpa_supplicant.dir/esp_supplicant/src/crypto/crypto_mbedtls-rsa.c.obj

[161/975] Building C object esp-idf/wpa_supplicant/CMakeFiles/__idf_wpa_supplicant.dir/src/crypto/aes-ccm.c.obj

[162/975] Building C object esp-idf/wpa_supplicant/CMakeFiles/__idf_wpa_supplicant.dir/esp_supplicant/src/crypto/crypto_mbedtls-ec.c.obj

[163/975] Building C object esp-idf/esp_netif/CMakeFiles/__idf_esp_netif.dir/lwip/netif/wlanif.c.obj

[164/975] Building C object esp-idf/esp_netif/CMakeFiles/__idf_esp_netif.dir/lwip/esp_netif_lwip_defaults.c.obj

[165/975] Building C object esp-idf/esp_netif/CMakeFiles/__idf_esp_netif.dir/lwip/esp_netif_sntp.c.obj

[166/975] Building C object esp-idf/esp_netif/CMakeFiles/__idf_esp_netif.dir/lwip/netif/esp_pbuf_ref.c.obj

[167/975] Building C object esp-idf/esp_netif/CMakeFiles/__idf_esp_netif.dir/lwip/netif/ethernetif.c.obj

[168/975] Building C object esp-idf/lwip/CMakeFiles/__idf_lwip.dir/lwip/src/api/if_api.c.obj

[169/975] Building C object esp-idf/lwip/CMakeFiles/__idf_lwip.dir/apps/sntp/sntp.c.obj

[170/975] Building C object esp-idf/lwip/CMakeFiles/__idf_lwip.dir/lwip/src/api/err.c.obj

[171/975] Building C object esp-idf/lwip/CMakeFiles/__idf_lwip.dir/lwip/src/api/netifapi.c.obj

[172/975] Building C object esp-idf/lwip/CMakeFiles/__idf_lwip.dir/lwip/src/api/netbuf.c.obj

[173/975] Building C object esp-idf/lwip/CMakeFiles/__idf_lwip.dir/lwip/src/api/api_lib.c.obj

[174/975] Building C object esp-idf/lwip/CMakeFiles/__idf_lwip.dir/lwip/src/api/netdb.c.obj

[175/975] Building C object esp-idf/lwip/CMakeFiles/__idf_lwip.dir/lwip/src/api/tcpip.c.obj

[176/975] Linking C static library esp-idf\wpa_supplicant\libwpa_supplicant.a

[177/975] Building C object esp-idf/lwip/CMakeFiles/__idf_lwip.dir/lwip/src/apps/sntp/sntp.c.obj

[178/975] Building C object esp-idf/lwip/CMakeFiles/__idf_lwip.dir/lwip/src/api/api_msg.c.obj

[179/975] Building C object esp-idf/esp_netif/CMakeFiles/__idf_esp_netif.dir/lwip/esp_netif_lwip.c.obj

[180/975] Building C object esp-idf/lwip/CMakeFiles/__idf_lwip.dir/lwip/src/api/sockets.c.obj

[181/975] Building C object esp-idf/lwip/CMakeFiles/__idf_lwip.dir/lwip/src/core/inet_chksum.c.obj

[182/975] Building C object esp-idf/lwip/CMakeFiles/__idf_lwip.dir/lwip/src/core/def.c.obj

[183/975] Building C object esp-idf/lwip/CMakeFiles/__idf_lwip.dir/lwip/src/apps/netbiosns/netbiosns.c.obj

[184/975] Building C object esp-idf/lwip/CMakeFiles/__idf_lwip.dir/lwip/src/core/init.c.obj

[185/975] Building C object esp-idf/lwip/CMakeFiles/__idf_lwip.dir/lwip/src/core/dns.c.obj

[186/975] Building C object esp-idf/lwip/CMakeFiles/__idf_lwip.dir/lwip/src/core/mem.c.obj

[187/975] Building C object esp-idf/lwip/CMakeFiles/__idf_lwip.dir/lwip/src/core/ip.c.obj

[188/975] Building C object esp-idf/lwip/CMakeFiles/__idf_lwip.dir/lwip/src/core/sys.c.obj

[189/975] Building C object esp-idf/lwip/CMakeFiles/__idf_lwip.dir/lwip/src/core/memp.c.obj

[190/975] Building C object esp-idf/lwip/CMakeFiles/__idf_lwip.dir/lwip/src/core/raw.c.obj

[191/975] Building C object esp-idf/lwip/CMakeFiles/__idf_lwip.dir/lwip/src/core/pbuf.c.obj

[192/975] Building C object esp-idf/lwip/CMakeFiles/__idf_lwip.dir/lwip/src/core/stats.c.obj

[193/975] Building C object esp-idf/lwip/CMakeFiles/__idf_lwip.dir/lwip/src/core/netif.c.obj

[194/975] Building C object esp-idf/lwip/CMakeFiles/__idf_lwip.dir/lwip/src/core/tcp.c.obj

[195/975] Building C object esp-idf/lwip/CMakeFiles/__idf_lwip.dir/lwip/src/core/timeouts.c.obj

[196/975] Building C object esp-idf/lwip/CMakeFiles/__idf_lwip.dir/lwip/src/core/tcp_in.c.obj

[197/975] Building C object esp-idf/lwip/CMakeFiles/__idf_lwip.dir/lwip/src/core/tcp_out.c.obj

[198/975] Building C object esp-idf/lwip/CMakeFiles/__idf_lwip.dir/lwip/src/core/ipv4/autoip.c.obj

[199/975] Building C object esp-idf/lwip/CMakeFiles/__idf_lwip.dir/lwip/src/core/ipv4/etharp.c.obj

[200/975] Building C object esp-idf/lwip/CMakeFiles/__idf_lwip.dir/lwip/src/core/udp.c.obj

[201/975] Building C object esp-idf/lwip/CMakeFiles/__idf_lwip.dir/lwip/src/core/ipv4/dhcp.c.obj

[202/975] Building C object esp-idf/lwip/CMakeFiles/__idf_lwip.dir/lwip/src/core/ipv6/dhcp6.c.obj

[203/975] Building C object esp-idf/lwip/CMakeFiles/__idf_lwip.dir/lwip/src/core/ipv4/icmp.c.obj

[204/975] Building C object esp-idf/lwip/CMakeFiles/__idf_lwip.dir/lwip/src/core/ipv4/ip4.c.obj

[205/975] Building C object esp-idf/lwip/CMakeFiles/__idf_lwip.dir/lwip/src/core/ipv4/ip4_frag.c.obj

[206/975] Building C object esp-idf/lwip/CMakeFiles/__idf_lwip.dir/lwip/src/core/ipv4/ip4_addr.c.obj

[207/975] Building C object esp-idf/lwip/CMakeFiles/__idf_lwip.dir/lwip/src/core/ipv4/ip4_napt.c.obj

[208/975] Building C object esp-idf/lwip/CMakeFiles/__idf_lwip.dir/lwip/src/core/ipv4/igmp.c.obj

[209/975] Building C object esp-idf/lwip/CMakeFiles/__idf_lwip.dir/lwip/src/core/ipv6/icmp6.c.obj

[210/975] Building C object esp-idf/lwip/CMakeFiles/__idf_lwip.dir/lwip/src/core/ipv6/inet6.c.obj

[211/975] Building C object esp-idf/lwip/CMakeFiles/__idf_lwip.dir/lwip/src/core/ipv6/ethip6.c.obj

[212/975] Building C object esp-idf/lwip/CMakeFiles/__idf_lwip.dir/lwip/src/core/ipv6/ip6_addr.c.obj

[213/975] Building C object esp-idf/lwip/CMakeFiles/__idf_lwip.dir/lwip/src/core/ipv6/ip6_frag.c.obj

[214/975] Building C object esp-idf/lwip/CMakeFiles/__idf_lwip.dir/lwip/src/core/ipv6/ip6.c.obj

[215/975] Building C object esp-idf/lwip/CMakeFiles/__idf_lwip.dir/lwip/src/core/ipv6/mld6.c.obj

[216/975] Building C object esp-idf/lwip/CMakeFiles/__idf_lwip.dir/lwip/src/netif/bridgeif_fdb.c.obj

[217/975] Building C object esp-idf/lwip/CMakeFiles/__idf_lwip.dir/lwip/src/netif/ppp/demand.c.obj

[218/975] Building C object esp-idf/lwip/CMakeFiles/__idf_lwip.dir/lwip/src/netif/slipif.c.obj

[219/975] Building C object esp-idf/lwip/CMakeFiles/__idf_lwip.dir/lwip/src/netif/ppp/auth.c.obj

[220/975] Building C object esp-idf/lwip/CMakeFiles/__idf_lwip.dir/lwip/src/netif/ethernet.c.obj

[221/975] Building C object esp-idf/lwip/CMakeFiles/__idf_lwip.dir/lwip/src/netif/bridgeif.c.obj

[222/975] Building C object esp-idf/lwip/CMakeFiles/__idf_lwip.dir/lwip/src/netif/ppp/eap.c.obj

[223/975] Building C object esp-idf/lwip/CMakeFiles/__idf_lwip.dir/lwip/src/netif/ppp/ccp.c.obj

[224/975] Building C object esp-idf/lwip/CMakeFiles/__idf_lwip.dir/lwip/src/netif/ppp/chap-md5.c.obj

[225/975] Building C object esp-idf/lwip/CMakeFiles/__idf_lwip.dir/lwip/src/netif/ppp/chap-new.c.obj

[226/975] Building C object esp-idf/lwip/CMakeFiles/__idf_lwip.dir/lwip/src/netif/ppp/chap_ms.c.obj

[227/975] Building C object esp-idf/lwip/CMakeFiles/__idf_lwip.dir/lwip/src/core/ipv6/nd6.c.obj

[228/975] Building C object esp-idf/lwip/CMakeFiles/__idf_lwip.dir/lwip/src/netif/ppp/ecp.c.obj

[229/975] Building C object esp-idf/lwip/CMakeFiles/__idf_lwip.dir/lwip/src/netif/ppp/eui64.c.obj

[230/975] Building C object esp-idf/lwip/CMakeFiles/__idf_lwip.dir/lwip/src/netif/ppp/fsm.c.obj

[231/975] Building C object esp-idf/lwip/CMakeFiles/__idf_lwip.dir/lwip/src/netif/ppp/ipcp.c.obj

[232/975] Building C object esp-idf/lwip/CMakeFiles/__idf_lwip.dir/lwip/src/netif/ppp/lcp.c.obj

[233/975] Building C object esp-idf/lwip/CMakeFiles/__idf_lwip.dir/lwip/src/netif/ppp/ipv6cp.c.obj

[234/975] Building C object esp-idf/lwip/CMakeFiles/__idf_lwip.dir/lwip/src/netif/ppp/magic.c.obj

[235/975] Building C object esp-idf/lwip/CMakeFiles/__idf_lwip.dir/lwip/src/netif/ppp/pppoe.c.obj

[236/975] Building C object esp-idf/lwip/CMakeFiles/__idf_lwip.dir/lwip/src/netif/ppp/pppapi.c.obj

[237/975] Building C object esp-idf/lwip/CMakeFiles/__idf_lwip.dir/lwip/src/netif/ppp/upap.c.obj

[238/975] Building C object esp-idf/lwip/CMakeFiles/__idf_lwip.dir/lwip/src/netif/ppp/mppe.c.obj

[239/975] Building C object esp-idf/lwip/CMakeFiles/__idf_lwip.dir/lwip/src/netif/ppp/pppol2tp.c.obj

[240/975] Building C object esp-idf/lwip/CMakeFiles/__idf_lwip.dir/lwip/src/netif/ppp/multilink.c.obj

[241/975] Building C object esp-idf/lwip/CMakeFiles/__idf_lwip.dir/lwip/src/netif/ppp/pppos.c.obj

[242/975] Building C object esp-idf/lwip/CMakeFiles/__idf_lwip.dir/lwip/src/netif/ppp/ppp.c.obj

[243/975] Building C object esp-idf/lwip/CMakeFiles/__idf_lwip.dir/lwip/src/netif/ppp/pppcrypt.c.obj

[244/975] Building C object esp-idf/lwip/CMakeFiles/__idf_lwip.dir/lwip/src/netif/ppp/utils.c.obj

[245/975] Building C object esp-idf/lwip/CMakeFiles/__idf_lwip.dir/lwip/src/netif/ppp/vj.c.obj

[246/975] Building C object esp-idf/lwip/CMakeFiles/__idf_lwip.dir/port/hooks/tcp_isn_default.c.obj

[247/975] Building C object esp-idf/lwip/CMakeFiles/__idf_lwip.dir/port/hooks/lwip_default_hooks.c.obj

[248/975] Building C object esp-idf/lwip/CMakeFiles/__idf_lwip.dir/port/sockets_ext.c.obj

[249/975] Building C object esp-idf/lwip/CMakeFiles/__idf_lwip.dir/port/debug/lwip_debug.c.obj

[250/975] Linking C static library esp-idf\esp_netif\libesp_netif.a

[251/975] Building C object esp-idf/lwip/CMakeFiles/__idf_lwip.dir/port/freertos/sys_arch.c.obj

[252/975] Building C object esp-idf/lwip/CMakeFiles/__idf_lwip.dir/port/esp32xx/vfs_lwip.c.obj

[253/975] Building C object esp-idf/lwip/CMakeFiles/__idf_lwip.dir/lwip/src/netif/ppp/polarssl/md4.c.obj

[254/975] Building C object esp-idf/lwip/CMakeFiles/__idf_lwip.dir/lwip/src/netif/ppp/polarssl/md5.c.obj

[255/975] Building C object esp-idf/lwip/CMakeFiles/__idf_lwip.dir/lwip/src/netif/ppp/polarssl/sha1.c.obj

[256/975] Building C object esp-idf/lwip/CMakeFiles/__idf_lwip.dir/lwip/src/netif/ppp/polarssl/des.c.obj

[257/975] Building C object esp-idf/lwip/CMakeFiles/__idf_lwip.dir/apps/ping/ping.c.obj

[258/975] Building C object esp-idf/lwip/CMakeFiles/__idf_lwip.dir/apps/ping/esp_ping.c.obj

[259/975] Building C object esp-idf/lwip/CMakeFiles/__idf_lwip.dir/lwip/src/netif/ppp/polarssl/arc4.c.obj

[260/975] Building C object esp-idf/lwip/CMakeFiles/__idf_lwip.dir/apps/ping/ping_sock.c.obj

[261/975] Building C object esp-idf/esp_phy/CMakeFiles/__idf_esp_phy.dir/src/lib_printf.c.obj

[262/975] Building C object esp-idf/esp_phy/CMakeFiles/__idf_esp_phy.dir/src/phy_override.c.obj

[263/975] Building C object esp-idf/lwip/CMakeFiles/__idf_lwip.dir/apps/dhcpserver/dhcpserver.c.obj

[264/975] Building C object esp-idf/esp_vfs_console/CMakeFiles/__idf_esp_vfs_console.dir/vfs_console.c.obj

[265/975] Building C object esp-idf/vfs/CMakeFiles/__idf_vfs.dir/vfs_eventfd.c.obj

[266/975] Building C object esp-idf/esp_phy/CMakeFiles/__idf_esp_phy.dir/src/phy_common.c.obj

[267/975] Building C object esp-idf/vfs/CMakeFiles/__idf_vfs.dir/vfs_semihost.c.obj

[268/975] Building C object esp-idf/esp_phy/CMakeFiles/__idf_esp_phy.dir/esp32/phy_init_data.c.obj

[269/975] Building C object esp-idf/vfs/CMakeFiles/__idf_vfs.dir/vfs.c.obj

[270/975] Building C object esp-idf/driver/CMakeFiles/__idf_driver.dir/deprecated/esp32/dac_legacy.c.obj

[271/975] Building C object esp-idf/driver/CMakeFiles/__idf_driver.dir/deprecated/dac_common_legacy.c.obj

[272/975] Building C object esp-idf/esp_phy/CMakeFiles/__idf_esp_phy.dir/src/btbb_init.c.obj

[273/975] Building C object esp-idf/esp_phy/CMakeFiles/__idf_esp_phy.dir/src/phy_init.c.obj

[274/975] Building C object esp-idf/driver/CMakeFiles/__idf_driver.dir/deprecated/adc_legacy.c.obj

[275/975] Building C object esp-idf/driver/CMakeFiles/__idf_driver.dir/deprecated/adc_dma_legacy.c.obj

[276/975] Linking C static library esp-idf\lwip\liblwip.a

[277/975] Building C object esp-idf/driver/CMakeFiles/__idf_driver.dir/deprecated/timer_legacy.c.obj

[278/975] Building C object esp-idf/driver/CMakeFiles/__idf_driver.dir/deprecated/sigma_delta_legacy.c.obj

[279/975] Building C object esp-idf/driver/CMakeFiles/__idf_driver.dir/deprecated/pcnt_legacy.c.obj

[280/975] Building C object esp-idf/driver/CMakeFiles/__idf_driver.dir/i2c/i2c.c.obj

[281/975] Building C object esp-idf/driver/CMakeFiles/__idf_driver.dir/touch_sensor/touch_sensor_common.c.obj

[282/975] Building C object esp-idf/driver/CMakeFiles/__idf_driver.dir/twai/twai.c.obj

[283/975] Linking C static library esp-idf\vfs\libvfs.a

[284/975] Building C object esp-idf/driver/CMakeFiles/__idf_driver.dir/deprecated/adc_i2s_deprecated.c.obj

[285/975] Building C object esp-idf/driver/CMakeFiles/__idf_driver.dir/deprecated/mcpwm_legacy.c.obj

[286/975] Building C object esp-idf/driver/CMakeFiles/__idf_driver.dir/deprecated/i2s_legacy.c.obj

[287/975] Building C object esp-idf/esp_driver_i2c/CMakeFiles/__idf_esp_driver_i2c.dir/i2c_common.c.obj

[288/975] Building C object esp-idf/driver/CMakeFiles/__idf_driver.dir/deprecated/rmt_legacy.c.obj

[289/975] Building C object esp-idf/driver/CMakeFiles/__idf_driver.dir/touch_sensor/esp32/touch_sensor.c.obj

[290/975] Building C object esp-idf/esp_driver_sdm/CMakeFiles/__idf_esp_driver_sdm.dir/src/sdm.c.obj

[291/975] Building C object esp-idf/esp_driver_i2c/CMakeFiles/__idf_esp_driver_i2c.dir/i2c_slave.c.obj

[292/975] Building C object esp-idf/esp_driver_rmt/CMakeFiles/__idf_esp_driver_rmt.dir/src/rmt_common.c.obj

[293/975] Building C object esp-idf/esp_driver_i2c/CMakeFiles/__idf_esp_driver_i2c.dir/i2c_master.c.obj

[294/975] Building C object esp-idf/esp_driver_ledc/CMakeFiles/__idf_esp_driver_ledc.dir/src/ledc.c.obj

[295/975] Linking C static library esp-idf\esp_vfs_console\libesp_vfs_console.a

[296/975] Building C object esp-idf/esp_driver_rmt/CMakeFiles/__idf_esp_driver_rmt.dir/src/rmt_encoder.c.obj

[297/975] Building C object esp-idf/esp_driver_sdspi/CMakeFiles/__idf_esp_driver_sdspi.dir/src/sdspi_crc.c.obj

[298/975] Building C object esp-idf/esp_driver_rmt/CMakeFiles/__idf_esp_driver_rmt.dir/src/rmt_rx.c.obj

[299/975] Building C object esp-idf/esp_driver_dac/CMakeFiles/__idf_esp_driver_dac.dir/dac_oneshot.c.obj

[300/975] Building C object esp-idf/esp_driver_rmt/CMakeFiles/__idf_esp_driver_rmt.dir/src/rmt_tx.c.obj

[301/975] Building C object esp-idf/esp_driver_dac/CMakeFiles/__idf_esp_driver_dac.dir/dac_cosine.c.obj

[302/975] Linking C static library esp-idf\esp_phy\libesp_phy.a

[303/975] Building C object esp-idf/esp_driver_dac/CMakeFiles/__idf_esp_driver_dac.dir/dac_common.c.obj

[304/975] Building C object esp-idf/esp_driver_dac/CMakeFiles/__idf_esp_driver_dac.dir/esp32/dac_dma.c.obj

[305/975] Building C object esp-idf/esp_driver_dac/CMakeFiles/__idf_esp_driver_dac.dir/dac_continuous.c.obj

[306/975] Building C object esp-idf/esp_driver_sdspi/CMakeFiles/__idf_esp_driver_sdspi.dir/src/sdspi_transaction.c.obj

[307/975] Building C object esp-idf/esp_driver_sdio/CMakeFiles/__idf_esp_driver_sdio.dir/src/sdio_slave.c.obj

[308/975] Building C object esp-idf/esp_driver_sdmmc/CMakeFiles/__idf_esp_driver_sdmmc.dir/src/sdmmc_transaction.c.obj

[309/975] Building C object esp-idf/sdmmc/CMakeFiles/__idf_sdmmc.dir/sd_pwr_ctrl/sd_pwr_ctrl.c.obj

[310/975] Building C object esp-idf/esp_driver_sdspi/CMakeFiles/__idf_esp_driver_sdspi.dir/src/sdspi_host.c.obj

[311/975] Building C object esp-idf/sdmmc/CMakeFiles/__idf_sdmmc.dir/sdmmc_init.c.obj

[312/975] Linking C static library esp-idf\driver\libdriver.a

[313/975] Building C object esp-idf/sdmmc/CMakeFiles/__idf_sdmmc.dir/sdmmc_common.c.obj

[314/975] Building C object esp-idf/sdmmc/CMakeFiles/__idf_sdmmc.dir/sdmmc_cmd.c.obj

[315/975] Building C object esp-idf/sdmmc/CMakeFiles/__idf_sdmmc.dir/sdmmc_io.c.obj

[316/975] Building C object esp-idf/esp_driver_sdmmc/CMakeFiles/__idf_esp_driver_sdmmc.dir/src/sdmmc_host.c.obj

[317/975] Linking C static library esp-idf\esp_driver_ledc\libesp_driver_ledc.a

[318/975] Building C object esp-idf/sdmmc/CMakeFiles/__idf_sdmmc.dir/sdmmc_mmc.c.obj

[319/975] Building C object esp-idf/esp_driver_i2s/CMakeFiles/__idf_esp_driver_i2s.dir/i2s_platform.c.obj

[320/975] Building C object esp-idf/sdmmc/CMakeFiles/__idf_sdmmc.dir/sdmmc_sd.c.obj

[321/975] Building C object esp-idf/esp_driver_i2s/CMakeFiles/__idf_esp_driver_i2s.dir/i2s_std.c.obj

[322/975] Building C object esp-idf/esp_driver_mcpwm/CMakeFiles/__idf_esp_driver_mcpwm.dir/src/mcpwm_com.c.obj

[323/975] Linking C static library esp-idf\esp_driver_i2c\libesp_driver_i2c.a

[324/975] Building C object esp-idf/esp_driver_i2s/CMakeFiles/__idf_esp_driver_i2s.dir/i2s_pdm.c.obj

[325/975] Building C object esp-idf/esp_driver_mcpwm/CMakeFiles/__idf_esp_driver_mcpwm.dir/src/mcpwm_cap.c.obj

[326/975] Building C object esp-idf/esp_driver_mcpwm/CMakeFiles/__idf_esp_driver_mcpwm.dir/src/mcpwm_cmpr.c.obj

[327/975] Building C object esp-idf/esp_driver_mcpwm/CMakeFiles/__idf_esp_driver_mcpwm.dir/src/mcpwm_oper.c.obj

[328/975] Building C object esp-idf/esp_driver_mcpwm/CMakeFiles/__idf_esp_driver_mcpwm.dir/src/mcpwm_fault.c.obj

[329/975] Building C object esp-idf/esp_driver_i2s/CMakeFiles/__idf_esp_driver_i2s.dir/i2s_common.c.obj

[330/975] Building C object esp-idf/esp_driver_mcpwm/CMakeFiles/__idf_esp_driver_mcpwm.dir/src/mcpwm_gen.c.obj

[331/975] Building C object esp-idf/esp_driver_mcpwm/CMakeFiles/__idf_esp_driver_mcpwm.dir/src/mcpwm_sync.c.obj

[332/975] Linking C static library esp-idf\esp_driver_sdm\libesp_driver_sdm.a

[333/975] Building C object esp-idf/esp_driver_spi/CMakeFiles/__idf_esp_driver_spi.dir/src/gpspi/spi_dma.c.obj

[334/975] Building C object esp-idf/esp_driver_mcpwm/CMakeFiles/__idf_esp_driver_mcpwm.dir/src/mcpwm_timer.c.obj

[335/975] Building C object esp-idf/esp_driver_spi/CMakeFiles/__idf_esp_driver_spi.dir/src/gpspi/spi_master.c.obj

[336/975] Building C object esp-idf/esp_driver_spi/CMakeFiles/__idf_esp_driver_spi.dir/src/gpspi/spi_slave.c.obj

[337/975] Building C object esp-idf/esp_driver_spi/CMakeFiles/__idf_esp_driver_spi.dir/src/gpspi/spi_common.c.obj

[338/975] Linking C static library esp-idf\esp_driver_rmt\libesp_driver_rmt.a

[339/975] Building C object esp-idf/esp_driver_pcnt/CMakeFiles/__idf_esp_driver_pcnt.dir/src/pulse_cnt.c.obj

[340/975] Building CXX object esp-idf/nvs_flash/CMakeFiles/__idf_nvs_flash.dir/src/nvs_platform.cpp.obj

[341/975] Linking C static library esp-idf\esp_driver_dac\libesp_driver_dac.a

[342/975] Building C object esp-idf/esp_event/CMakeFiles/__idf_esp_event.dir/default_event_loop.c.obj

[343/975] Building C object esp-idf/esp_event/CMakeFiles/__idf_esp_event.dir/esp_event.c.obj

[344/975] Linking C static library esp-idf\esp_driver_sdio\libesp_driver_sdio.a

[345/975] Building C object esp-idf/esp_event/CMakeFiles/__idf_esp_event.dir/esp_event_private.c.obj

[346/975] Building CXX object esp-idf/nvs_flash/CMakeFiles/__idf_nvs_flash.dir/src/nvs_partition.cpp.obj

[347/975] Building CXX object esp-idf/nvs_flash/CMakeFiles/__idf_nvs_flash.dir/src/nvs_partition_lookup.cpp.obj

[348/975] Linking C static library esp-idf\esp_driver_sdspi\libesp_driver_sdspi.a

[349/975] Linking C static library esp-idf\esp_driver_sdmmc\libesp_driver_sdmmc.a

[350/975] Building C object esp-idf/esp_driver_uart/CMakeFiles/__idf_esp_driver_uart.dir/src/uart.c.obj

[351/975] Building C object esp-idf/esp_ringbuf/CMakeFiles/__idf_esp_ringbuf.dir/ringbuf.c.obj

[352/975] Building CXX object esp-idf/nvs_flash/CMakeFiles/__idf_nvs_flash.dir/src/nvs_handle_locked.cpp.obj

[353/975] Building C object esp-idf/esp_driver_uart/CMakeFiles/__idf_esp_driver_uart.dir/src/uart_vfs.c.obj

[354/975] Building CXX object esp-idf/nvs_flash/CMakeFiles/__idf_nvs_flash.dir/src/nvs_item_hash_list.cpp.obj

[355/975] Building C object esp-idf/esp_timer/CMakeFiles/__idf_esp_timer.dir/src/esp_timer.c.obj

[356/975] Building CXX object esp-idf/nvs_flash/CMakeFiles/__idf_nvs_flash.dir/src/nvs_types.cpp.obj

[357/975] Building C object esp-idf/esp_driver_gptimer/CMakeFiles/__idf_esp_driver_gptimer.dir/src/gptimer.c.obj

[358/975] Building CXX object esp-idf/nvs_flash/CMakeFiles/__idf_nvs_flash.dir/src/nvs_pagemanager.cpp.obj

[359/975] Building CXX object esp-idf/nvs_flash/CMakeFiles/__idf_nvs_flash.dir/src/nvs_cxx_api.cpp.obj

[360/975] Building C object esp-idf/esp_driver_gptimer/CMakeFiles/__idf_esp_driver_gptimer.dir/src/gptimer_common.c.obj

[361/975] Building CXX object esp-idf/nvs_flash/CMakeFiles/__idf_nvs_flash.dir/src/nvs_handle_simple.cpp.obj

[362/975] Building CXX object esp-idf/nvs_flash/CMakeFiles/__idf_nvs_flash.dir/src/nvs_page.cpp.obj

[363/975] Building CXX object esp-idf/nvs_flash/CMakeFiles/__idf_nvs_flash.dir/src/nvs_partition_manager.cpp.obj

[364/975] Linking C static library esp-idf\sdmmc\libsdmmc.a

[365/975] Building CXX object esp-idf/nvs_flash/CMakeFiles/__idf_nvs_flash.dir/src/nvs_storage.cpp.obj

[366/975] Building CXX object esp-idf/nvs_flash/CMakeFiles/__idf_nvs_flash.dir/src/nvs_encrypted_partition.cpp.obj

[367/975] Building C object esp-idf/esp_timer/CMakeFiles/__idf_esp_timer.dir/src/system_time.c.obj

[368/975] Building C object esp-idf/esp_timer/CMakeFiles/__idf_esp_timer.dir/src/esp_timer_init.c.obj

[369/975] Building C object esp-idf/esp_timer/CMakeFiles/__idf_esp_timer.dir/src/ets_timer_legacy.c.obj

[370/975] Building C object esp-idf/esp_timer/CMakeFiles/__idf_esp_timer.dir/src/esp_timer_impl_common.c.obj

[371/975] Linking C static library esp-idf\esp_driver_i2s\libesp_driver_i2s.a

[372/975] Building CXX object esp-idf/cxx/CMakeFiles/__idf_cxx.dir/cxx_init.cpp.obj

[373/975] Building CXX object esp-idf/cxx/CMakeFiles/__idf_cxx.dir/cxx_exception_stubs.cpp.obj

[374/975] Building C object esp-idf/newlib/CMakeFiles/__idf_newlib.dir/abort.c.obj

[375/975] Building C object esp-idf/esp_timer/CMakeFiles/__idf_esp_timer.dir/src/esp_timer_impl_lac.c.obj

[376/975] Building CXX object esp-idf/nvs_flash/CMakeFiles/__idf_nvs_flash.dir/src/nvs_api.cpp.obj

[377/975] Building C object esp-idf/pthread/CMakeFiles/__idf_pthread.dir/pthread_local_storage.c.obj

[378/975] Building C object esp-idf/pthread/CMakeFiles/__idf_pthread.dir/pthread_cond_var.c.obj

[379/975] Building C object esp-idf/newlib/CMakeFiles/__idf_newlib.dir/assert.c.obj

[380/975] Building C object esp-idf/pthread/CMakeFiles/__idf_pthread.dir/pthread.c.obj

[381/975] Building C object esp-idf/pthread/CMakeFiles/__idf_pthread.dir/pthread_semaphore.c.obj

[382/975] Building C object esp-idf/newlib/CMakeFiles/__idf_newlib.dir/heap.c.obj

[383/975] Building C object esp-idf/pthread/CMakeFiles/__idf_pthread.dir/pthread_rwlock.c.obj

[384/975] Building C object esp-idf/newlib/CMakeFiles/__idf_newlib.dir/poll.c.obj

[385/975] Linking C static library esp-idf\esp_driver_mcpwm\libesp_driver_mcpwm.a

[386/975] Building C object esp-idf/newlib/CMakeFiles/__idf_newlib.dir/pthread.c.obj

[387/975] Building C object esp-idf/newlib/CMakeFiles/__idf_newlib.dir/reent_init.c.obj

[388/975] Building C object esp-idf/newlib/CMakeFiles/__idf_newlib.dir/locks.c.obj

[389/975] Building C object esp-idf/newlib/CMakeFiles/__idf_newlib.dir/random.c.obj

[390/975] Building C object esp-idf/newlib/CMakeFiles/__idf_newlib.dir/getentropy.c.obj

[391/975] Building CXX object esp-idf/cxx/CMakeFiles/__idf_cxx.dir/cxx_guards.cpp.obj

[392/975] Building C object esp-idf/newlib/CMakeFiles/__idf_newlib.dir/termios.c.obj

[393/975] Linking C static library esp-idf\esp_driver_spi\libesp_driver_spi.a

[394/975] Building C object esp-idf/newlib/CMakeFiles/__idf_newlib.dir/sysconf.c.obj

[395/975] Building C object esp-idf/newlib/CMakeFiles/__idf_newlib.dir/newlib_init.c.obj

[396/975] Building C object esp-idf/newlib/CMakeFiles/__idf_newlib.dir/syscalls.c.obj

[397/975] Building C object esp-idf/newlib/CMakeFiles/__idf_newlib.dir/scandir.c.obj

[398/975] Building C object esp-idf/newlib/CMakeFiles/__idf_newlib.dir/realpath.c.obj

[399/975] Building C object esp-idf/newlib/CMakeFiles/__idf_newlib.dir/port/esp_time_impl.c.obj

[400/975] Building C object esp-idf/freertos/CMakeFiles/__idf_freertos.dir/heap_idf.c.obj

[401/975] Linking C static library esp-idf\esp_driver_pcnt\libesp_driver_pcnt.a

[402/975] Building C object esp-idf/newlib/CMakeFiles/__idf_newlib.dir/time.c.obj

[403/975] Building C object esp-idf/freertos/CMakeFiles/__idf_freertos.dir/app_startup.c.obj

[404/975] Building C object esp-idf/newlib/CMakeFiles/__idf_newlib.dir/stdatomic.c.obj

[405/975] Building C object esp-idf/freertos/CMakeFiles/__idf_freertos.dir/FreeRTOS-Kernel/list.c.obj

[406/975] Building C object esp-idf/freertos/CMakeFiles/__idf_freertos.dir/port_systick.c.obj

[407/975] Building C object esp-idf/freertos/CMakeFiles/__idf_freertos.dir/port_common.c.obj

[408/975] Building ASM object esp-idf/freertos/CMakeFiles/__idf_freertos.dir/FreeRTOS-Kernel/portable/xtensa/portasm.S.obj

[409/975] Building C object esp-idf/freertos/CMakeFiles/__idf_freertos.dir/FreeRTOS-Kernel/queue.c.obj

[410/975] Building C object esp-idf/freertos/CMakeFiles/__idf_freertos.dir/FreeRTOS-Kernel/event_groups.c.obj

[411/975] Linking C static library esp-idf\nvs_flash\libnvs_flash.a

[412/975] Building C object esp-idf/freertos/CMakeFiles/__idf_freertos.dir/FreeRTOS-Kernel/portable/xtensa/xtensa_init.c.obj

[413/975] Building C object esp-idf/freertos/CMakeFiles/__idf_freertos.dir/FreeRTOS-Kernel/timers.c.obj

[414/975] Building C object esp-idf/freertos/CMakeFiles/__idf_freertos.dir/FreeRTOS-Kernel/stream_buffer.c.obj

[415/975] Building C object esp-idf/freertos/CMakeFiles/__idf_freertos.dir/esp_additions/freertos_compatibility.c.obj

[416/975] Building C object esp-idf/freertos/CMakeFiles/__idf_freertos.dir/FreeRTOS-Kernel/portable/xtensa/xtensa_overlay_os_hook.c.obj

[417/975] Building C object esp-idf/freertos/CMakeFiles/__idf_freertos.dir/FreeRTOS-Kernel/portable/xtensa/port.c.obj

[418/975] Building C object esp-idf/esp_hw_support/CMakeFiles/__idf_esp_hw_support.dir/port/esp32/esp_cpu_intr.c.obj

[419/975] Building C object esp-idf/freertos/CMakeFiles/__idf_freertos.dir/esp_additions/idf_additions.c.obj

[420/975] Building C object esp-idf/esp_hw_support/CMakeFiles/__idf_esp_hw_support.dir/cpu.c.obj

[421/975] Building C object esp-idf/esp_hw_support/CMakeFiles/__idf_esp_hw_support.dir/esp_memory_utils.c.obj

[422/975] Linking C static library esp-idf\esp_event\libesp_event.a

[423/975] Building C object esp-idf/esp_hw_support/CMakeFiles/__idf_esp_hw_support.dir/port/esp32/cpu_region_protect.c.obj

[424/975] Building C object esp-idf/freertos/CMakeFiles/__idf_freertos.dir/FreeRTOS-Kernel/tasks.c.obj

[425/975] Building C object esp-idf/esp_hw_support/CMakeFiles/__idf_esp_hw_support.dir/revision.c.obj

[426/975] Building C object esp-idf/esp_hw_support/CMakeFiles/__idf_esp_hw_support.dir/hw_random.c.obj

[427/975] Building C object esp-idf/esp_hw_support/CMakeFiles/__idf_esp_hw_support.dir/esp_clk.c.obj

[428/975] Building C object esp-idf/esp_hw_support/CMakeFiles/__idf_esp_hw_support.dir/clk_ctrl_os.c.obj

[429/975] Building C object esp-idf/esp_hw_support/CMakeFiles/__idf_esp_hw_support.dir/sleep_console.c.obj

[430/975] Linking C static library esp-idf\esp_driver_uart\libesp_driver_uart.a

[431/975] Building C object esp-idf/esp_hw_support/CMakeFiles/__idf_esp_hw_support.dir/sleep_modem.c.obj

[432/975] Building C object esp-idf/esp_hw_support/CMakeFiles/__idf_esp_hw_support.dir/mac_addr.c.obj

[433/975] Building C object esp-idf/esp_hw_support/CMakeFiles/__idf_esp_hw_support.dir/esp_gpio_reserve.c.obj

[434/975] Building C object esp-idf/esp_hw_support/CMakeFiles/__idf_esp_hw_support.dir/rtc_module.c.obj

[435/975] Building C object esp-idf/esp_hw_support/CMakeFiles/__idf_esp_hw_support.dir/periph_ctrl.c.obj

[436/975] Building C object esp-idf/esp_hw_support/CMakeFiles/__idf_esp_hw_support.dir/port/esp32/io_mux.c.obj

[437/975] Building C object esp-idf/esp_hw_support/CMakeFiles/__idf_esp_hw_support.dir/intr_alloc.c.obj

[438/975] Linking C static library esp-idf\esp_ringbuf\libesp_ringbuf.a

[439/975] Building C object esp-idf/esp_hw_support/CMakeFiles/__idf_esp_hw_support.dir/sar_periph_ctrl_common.c.obj

[440/975] Building C object esp-idf/esp_hw_support/CMakeFiles/__idf_esp_hw_support.dir/sleep_event.c.obj

[441/975] Building C object esp-idf/esp_hw_support/CMakeFiles/__idf_esp_hw_support.dir/regi2c_ctrl.c.obj

[442/975] Linking C static library esp-idf\esp_driver_gptimer\libesp_driver_gptimer.a

[443/975] Building C object esp-idf/esp_hw_support/CMakeFiles/__idf_esp_hw_support.dir/dma/esp_dma_utils.c.obj

[444/975] Building C object esp-idf/esp_hw_support/CMakeFiles/__idf_esp_hw_support.dir/port/esp32/esp_clk_tree.c.obj

[445/975] Building C object esp-idf/esp_hw_support/CMakeFiles/__idf_esp_hw_support.dir/dma/gdma_link.c.obj

[446/975] Building C object esp-idf/esp_hw_support/CMakeFiles/__idf_esp_hw_support.dir/port/esp_clk_tree_common.c.obj

[447/975] Building C object esp-idf/esp_hw_support/CMakeFiles/__idf_esp_hw_support.dir/adc_share_hw_ctrl.c.obj

[448/975] Building C object esp-idf/esp_hw_support/CMakeFiles/__idf_esp_hw_support.dir/spi_share_hw_ctrl.c.obj

[449/975] Building C object esp-idf/esp_hw_support/CMakeFiles/__idf_esp_hw_support.dir/rtc_wdt.c.obj

[450/975] Building C object esp-idf/esp_hw_support/CMakeFiles/__idf_esp_hw_support.dir/sleep_gpio.c.obj

[451/975] Building C object esp-idf/esp_hw_support/CMakeFiles/__idf_esp_hw_support.dir/mspi_timing_tuning.c.obj

[452/975] Building C object esp-idf/esp_hw_support/CMakeFiles/__idf_esp_hw_support.dir/spi_bus_lock.c.obj

[453/975] Linking C static library esp-idf\esp_timer\libesp_timer.a

[454/975] Building C object esp-idf/esp_hw_support/CMakeFiles/__idf_esp_hw_support.dir/port/esp32/rtc_init.c.obj

[455/975] Building C object esp-idf/esp_hw_support/CMakeFiles/__idf_esp_hw_support.dir/sleep_wake_stub.c.obj

[456/975] Building C object esp-idf/esp_hw_support/CMakeFiles/__idf_esp_hw_support.dir/port/esp32/rtc_clk_init.c.obj

[457/975] Building C object esp-idf/soc/CMakeFiles/__idf_soc.dir/lldesc.c.obj

[458/975] Building C object esp-idf/esp_hw_support/CMakeFiles/__idf_esp_hw_support.dir/port/esp32/rtc_clk.c.obj

[459/975] Building C object esp-idf/esp_hw_support/CMakeFiles/__idf_esp_hw_support.dir/port/esp32/esp_crypto_lock.c.obj

[460/975] Linking C static library esp-idf\cxx\libcxx.a

[461/975] Building C object esp-idf/soc/CMakeFiles/__idf_soc.dir/dport_access_common.c.obj

[462/975] Building C object esp-idf/esp_hw_support/CMakeFiles/__idf_esp_hw_support.dir/port/esp32/chip_info.c.obj

[463/975] Building C object esp-idf/esp_hw_support/CMakeFiles/__idf_esp_hw_support.dir/port/esp32/rtc_sleep.c.obj

[464/975] Building C object esp-idf/esp_hw_support/CMakeFiles/__idf_esp_hw_support.dir/esp_clock_output.c.obj

[465/975] Building C object esp-idf/soc/CMakeFiles/__idf_soc.dir/esp32/interrupts.c.obj

[466/975] Building C object esp-idf/soc/CMakeFiles/__idf_soc.dir/esp32/uart_periph.c.obj

[467/975] Building C object esp-idf/esp_hw_support/CMakeFiles/__idf_esp_hw_support.dir/port/esp32/cache_sram_mmu.c.obj

[468/975] Building C object esp-idf/soc/CMakeFiles/__idf_soc.dir/esp32/gpio_periph.c.obj

[469/975] Building C object esp-idf/soc/CMakeFiles/__idf_soc.dir/esp32/dport_access.c.obj

[470/975] Building C object esp-idf/soc/CMakeFiles/__idf_soc.dir/esp32/emac_periph.c.obj

[471/975] Building C object esp-idf/esp_hw_support/CMakeFiles/__idf_esp_hw_support.dir/port/esp32/rtc_time.c.obj

[472/975] Linking C static library esp-idf\pthread\libpthread.a

[473/975] Building C object esp-idf/esp_hw_support/CMakeFiles/__idf_esp_hw_support.dir/port/esp32/sar_periph_ctrl.c.obj

[474/975] Building C object esp-idf/soc/CMakeFiles/__idf_soc.dir/esp32/adc_periph.c.obj

[475/975] Building C object esp-idf/esp_hw_support/CMakeFiles/__idf_esp_hw_support.dir/sleep_modes.c.obj

[476/975] Building C object esp-idf/soc/CMakeFiles/__idf_soc.dir/esp32/sdm_periph.c.obj

[477/975] Building C object esp-idf/soc/CMakeFiles/__idf_soc.dir/esp32/ledc_periph.c.obj

[478/975] Building C object esp-idf/soc/CMakeFiles/__idf_soc.dir/esp32/rmt_periph.c.obj

[479/975] Building C object esp-idf/soc/CMakeFiles/__idf_soc.dir/esp32/pcnt_periph.c.obj

[480/975] Building C object esp-idf/soc/CMakeFiles/__idf_soc.dir/esp32/spi_periph.c.obj

[481/975] Building C object esp-idf/soc/CMakeFiles/__idf_soc.dir/esp32/i2s_periph.c.obj

[482/975] Building C object esp-idf/soc/CMakeFiles/__idf_soc.dir/esp32/i2c_periph.c.obj

[483/975] Building C object esp-idf/soc/CMakeFiles/__idf_soc.dir/esp32/touch_sensor_periph.c.obj

[484/975] Building C object esp-idf/soc/CMakeFiles/__idf_soc.dir/esp32/timer_periph.c.obj

[485/975] Linking C static library esp-idf\newlib\libnewlib.a

[486/975] Building C object esp-idf/soc/CMakeFiles/__idf_soc.dir/esp32/lcd_periph.c.obj

[487/975] Building C object esp-idf/soc/CMakeFiles/__idf_soc.dir/esp32/mcpwm_periph.c.obj

[488/975] Building C object esp-idf/soc/CMakeFiles/__idf_soc.dir/esp32/sdmmc_periph.c.obj

[489/975] Building C object esp-idf/soc/CMakeFiles/__idf_soc.dir/esp32/mpi_periph.c.obj

[490/975] Building C object esp-idf/soc/CMakeFiles/__idf_soc.dir/esp32/twai_periph.c.obj

[491/975] Building C object esp-idf/soc/CMakeFiles/__idf_soc.dir/esp32/dac_periph.c.obj

[492/975] Building C object esp-idf/soc/CMakeFiles/__idf_soc.dir/esp32/wdt_periph.c.obj

[493/975] Building C object esp-idf/soc/CMakeFiles/__idf_soc.dir/esp32/rtc_io_periph.c.obj

[494/975] Building C object esp-idf/soc/CMakeFiles/__idf_soc.dir/esp32/sdio_slave_periph.c.obj

[495/975] Linking C static library esp-idf\freertos\libfreertos.a

[496/975] Building C object esp-idf/heap/CMakeFiles/__idf_heap.dir/port/memory_layout_utils.c.obj

[497/975] Building C object esp-idf/heap/CMakeFiles/__idf_heap.dir/port/esp32/memory_layout.c.obj

[498/975] Building C object esp-idf/hal/CMakeFiles/__idf_hal.dir/hal_utils.c.obj

[499/975] Building C object esp-idf/heap/CMakeFiles/__idf_heap.dir/heap_caps_base.c.obj

[500/975] Building C object esp-idf/hal/CMakeFiles/__idf_hal.dir/mpu_hal.c.obj

[501/975] Building C object esp-idf/log/CMakeFiles/__idf_log.dir/log.c.obj

[502/975] Building C object esp-idf/heap/CMakeFiles/__idf_heap.dir/multi_heap.c.obj

[503/975] Building C object esp-idf/log/CMakeFiles/__idf_log.dir/log_buffers.c.obj

[504/975] Building C object esp-idf/heap/CMakeFiles/__idf_heap.dir/heap_caps.c.obj

[505/975] Building C object esp-idf/hal/CMakeFiles/__idf_hal.dir/efuse_hal.c.obj

[506/975] Building C object esp-idf/hal/CMakeFiles/__idf_hal.dir/esp32/efuse_hal.c.obj

[507/975] Building C object esp-idf/heap/CMakeFiles/__idf_heap.dir/heap_caps_init.c.obj

[508/975] Building C object esp-idf/heap/CMakeFiles/__idf_heap.dir/tlsf/tlsf.c.obj

[509/975] Building C object esp-idf/hal/CMakeFiles/__idf_hal.dir/wdt_hal_iram.c.obj

[510/975] Building C object esp-idf/log/CMakeFiles/__idf_log.dir/log_freertos.c.obj

[511/975] Linking C static library esp-idf\esp_hw_support\libesp_hw_support.a

[512/975] Building C object esp-idf/hal/CMakeFiles/__idf_hal.dir/color_hal.c.obj

[513/975] Building C object esp-idf/hal/CMakeFiles/__idf_hal.dir/esp32/cache_hal_esp32.c.obj

[514/975] Building C object esp-idf/hal/CMakeFiles/__idf_hal.dir/mmu_hal.c.obj

[515/975] Building C object esp-idf/hal/CMakeFiles/__idf_hal.dir/spi_flash_encrypt_hal_iram.c.obj

[516/975] Linking C static library esp-idf\soc\libsoc.a

[517/975] Building C object esp-idf/hal/CMakeFiles/__idf_hal.dir/spi_flash_hal_iram.c.obj

[518/975] Building C object esp-idf/hal/CMakeFiles/__idf_hal.dir/gpio_hal.c.obj

[519/975] Building C object esp-idf/hal/CMakeFiles/__idf_hal.dir/ledc_hal_iram.c.obj

[520/975] Building C object esp-idf/hal/CMakeFiles/__idf_hal.dir/ledc_hal.c.obj

[521/975] Building C object esp-idf/hal/CMakeFiles/__idf_hal.dir/spi_flash_hal.c.obj

[522/975] Building C object esp-idf/hal/CMakeFiles/__idf_hal.dir/rtc_io_hal.c.obj

[523/975] Building C object esp-idf/hal/CMakeFiles/__idf_hal.dir/timer_hal.c.obj

[524/975] Building C object esp-idf/hal/CMakeFiles/__idf_hal.dir/uart_hal.c.obj

[525/975] Building C object esp-idf/hal/CMakeFiles/__idf_hal.dir/i2c_hal.c.obj

[526/975] Building C object esp-idf/hal/CMakeFiles/__idf_hal.dir/uart_hal_iram.c.obj

[527/975] Building C object esp-idf/hal/CMakeFiles/__idf_hal.dir/esp32/clk_tree_hal.c.obj

[528/975] Building C object esp-idf/hal/CMakeFiles/__idf_hal.dir/i2c_hal_iram.c.obj

[529/975] Building C object esp-idf/hal/CMakeFiles/__idf_hal.dir/rmt_hal.c.obj

[530/975] Linking C static library esp-idf\heap\libheap.a

[531/975] Building C object esp-idf/hal/CMakeFiles/__idf_hal.dir/pcnt_hal.c.obj

[532/975] Building C object esp-idf/hal/CMakeFiles/__idf_hal.dir/mcpwm_hal.c.obj

[533/975] Building C object esp-idf/hal/CMakeFiles/__idf_hal.dir/twai_hal.c.obj

[534/975] Building C object esp-idf/hal/CMakeFiles/__idf_hal.dir/sdm_hal.c.obj

[535/975] Building C object esp-idf/hal/CMakeFiles/__idf_hal.dir/sdmmc_hal.c.obj

[536/975] Building C object esp-idf/hal/CMakeFiles/__idf_hal.dir/twai_hal_iram.c.obj

[537/975] Building C object esp-idf/hal/CMakeFiles/__idf_hal.dir/i2s_hal.c.obj

[538/975] Building C object esp-idf/hal/CMakeFiles/__idf_hal.dir/adc_hal_common.c.obj

[539/975] Building C object esp-idf/hal/CMakeFiles/__idf_hal.dir/brownout_hal.c.obj

[540/975] Building C object esp-idf/hal/CMakeFiles/__idf_hal.dir/emac_hal.c.obj

[541/975] Building C object esp-idf/hal/CMakeFiles/__idf_hal.dir/adc_oneshot_hal.c.obj

[542/975] Building C object esp-idf/hal/CMakeFiles/__idf_hal.dir/aes_hal.c.obj

[543/975] Building C object esp-idf/hal/CMakeFiles/__idf_hal.dir/mpi_hal.c.obj

[544/975] Building C object esp-idf/hal/CMakeFiles/__idf_hal.dir/sha_hal.c.obj

[545/975] Building C object esp-idf/hal/CMakeFiles/__idf_hal.dir/adc_hal.c.obj

[546/975] Building C object esp-idf/hal/CMakeFiles/__idf_hal.dir/spi_hal_iram.c.obj

[547/975] Linking C static library esp-idf\log\liblog.a

[548/975] Building C object esp-idf/hal/CMakeFiles/__idf_hal.dir/spi_hal.c.obj

[549/975] Building C object esp-idf/hal/CMakeFiles/__idf_hal.dir/spi_slave_hal_iram.c.obj

[550/975] Building C object esp-idf/hal/CMakeFiles/__idf_hal.dir/esp32/touch_sensor_hal.c.obj

[551/975] Building C object esp-idf/hal/CMakeFiles/__idf_hal.dir/spi_slave_hal.c.obj

[552/975] Building C object esp-idf/esp_rom/CMakeFiles/__idf_esp_rom.dir/patches/esp_rom_sys.c.obj

[553/975] Building C object esp-idf/esp_rom/CMakeFiles/__idf_esp_rom.dir/patches/esp_rom_crc.c.obj

[554/975] Building C object esp-idf/hal/CMakeFiles/__idf_hal.dir/touch_sensor_hal.c.obj

[555/975] Building C object esp-idf/hal/CMakeFiles/__idf_hal.dir/sdio_slave_hal.c.obj

[556/975] Building C object esp-idf/hal/CMakeFiles/__idf_hal.dir/esp32/gpio_hal_workaround.c.obj

[557/975] Building ASM object esp-idf/esp_rom/CMakeFiles/__idf_esp_rom.dir/patches/esp_rom_longjmp.S.obj

[558/975] Building C object esp-idf/esp_rom/CMakeFiles/__idf_esp_rom.dir/patches/esp_rom_efuse.c.obj

[559/975] Building C object esp-idf/esp_system/CMakeFiles/__idf_esp_system.dir/esp_err.c.obj

[560/975] Building C object esp-idf/esp_rom/CMakeFiles/__idf_esp_rom.dir/patches/esp_rom_uart.c.obj

[561/975] Building C object esp-idf/esp_system/CMakeFiles/__idf_esp_system.dir/esp_ipc.c.obj

[562/975] Building C object esp-idf/esp_system/CMakeFiles/__idf_esp_system.dir/crosscore_int.c.obj

[563/975] Linking C static library esp-idf\hal\libhal.a

[564/975] Building C object esp-idf/esp_system/CMakeFiles/__idf_esp_system.dir/startup.c.obj

[565/975] Building C object esp-idf/esp_system/CMakeFiles/__idf_esp_system.dir/freertos_hooks.c.obj

[566/975] Building C object esp-idf/esp_system/CMakeFiles/__idf_esp_system.dir/stack_check.c.obj

[567/975] Building C object esp-idf/esp_system/CMakeFiles/__idf_esp_system.dir/esp_system.c.obj

[568/975] Building C object esp-idf/esp_system/CMakeFiles/__idf_esp_system.dir/ubsan.c.obj

[569/975] Building C object esp-idf/esp_rom/CMakeFiles/__idf_esp_rom.dir/patches/esp_rom_spiflash.c.obj

[570/975] Building C object esp-idf/esp_system/CMakeFiles/__idf_esp_system.dir/int_wdt.c.obj

[571/975] Building C object esp-idf/esp_system/CMakeFiles/__idf_esp_system.dir/panic.c.obj

[572/975] Building C object esp-idf/esp_system/CMakeFiles/__idf_esp_system.dir/system_time.c.obj

[573/975] Building C object esp-idf/esp_system/CMakeFiles/__idf_esp_system.dir/xt_wdt.c.obj

[574/975] Building C object esp-idf/esp_system/CMakeFiles/__idf_esp_system.dir/startup_funcs.c.obj

[575/975] Linking C static library esp-idf\esp_rom\libesp_rom.a

[576/975] Building C object esp-idf/esp_system/CMakeFiles/__idf_esp_system.dir/task_wdt/task_wdt.c.obj

[577/975] Building ASM object esp-idf/esp_system/CMakeFiles/__idf_esp_system.dir/port/arch/xtensa/panic_handler_asm.S.obj

[578/975] Building ASM object esp-idf/esp_system/CMakeFiles/__idf_esp_system.dir/port/arch/xtensa/esp_ipc_isr_routines.S.obj

[579/975] Building C object esp-idf/esp_system/CMakeFiles/__idf_esp_system.dir/port/arch/xtensa/esp_ipc_isr_port.c.obj

[580/975] Building ASM object esp-idf/esp_system/CMakeFiles/__idf_esp_system.dir/port/arch/xtensa/expression_with_stack_asm.S.obj

[581/975] Building C object esp-idf/esp_system/CMakeFiles/__idf_esp_system.dir/port/esp_system_chip.c.obj

[582/975] Building ASM object esp-idf/esp_system/CMakeFiles/__idf_esp_system.dir/port/arch/xtensa/esp_ipc_isr_handler.S.obj

[583/975] Building C object esp-idf/esp_system/CMakeFiles/__idf_esp_system.dir/port/panic_handler.c.obj

[584/975] Building C object esp-idf/esp_system/CMakeFiles/__idf_esp_system.dir/task_wdt/task_wdt_impl_timergroup.c.obj

[585/975] Building C object esp-idf/esp_system/CMakeFiles/__idf_esp_system.dir/port/image_process.c.obj

[586/975] Building C object esp-idf/esp_system/CMakeFiles/__idf_esp_system.dir/port/arch/xtensa/panic_arch.c.obj

[587/975] Building C object esp-idf/esp_system/CMakeFiles/__idf_esp_system.dir/port/brownout.c.obj

[588/975] Building C object esp-idf/esp_system/CMakeFiles/__idf_esp_system.dir/port/cpu_start.c.obj

[589/975] Building C object esp-idf/esp_system/CMakeFiles/__idf_esp_system.dir/port/esp_ipc_isr.c.obj

[590/975] Building C object esp-idf/esp_system/CMakeFiles/__idf_esp_system.dir/port/arch/xtensa/expression_with_stack.c.obj

[591/975] Building ASM object esp-idf/esp_system/CMakeFiles/__idf_esp_system.dir/port/arch/xtensa/debug_helpers_asm.S.obj

[592/975] Building C object esp-idf/esp_system/CMakeFiles/__idf_esp_system.dir/port/arch/xtensa/debug_stubs.c.obj

[593/975] Building ASM object esp-idf/esp_system/CMakeFiles/__idf_esp_system.dir/port/soc/esp32/highint_hdl.S.obj

[594/975] Building C object esp-idf/esp_common/CMakeFiles/__idf_esp_common.dir/src/esp_err_to_name.c.obj

[595/975] Building C object esp-idf/esp_system/CMakeFiles/__idf_esp_system.dir/port/arch/xtensa/trax.c.obj

[596/975] Building C object esp-idf/spi_flash/CMakeFiles/__idf_spi_flash.dir/flash_brownout_hook.c.obj

[597/975] Building C object esp-idf/esp_system/CMakeFiles/__idf_esp_system.dir/port/soc/esp32/cache_err_int.c.obj

[598/975] Building C object esp-idf/esp_system/CMakeFiles/__idf_esp_system.dir/port/arch/xtensa/debug_helpers.c.obj

[599/975] Building C object esp-idf/esp_system/CMakeFiles/__idf_esp_system.dir/port/soc/esp32/reset_reason.c.obj

[600/975] Building C object esp-idf/spi_flash/CMakeFiles/__idf_spi_flash.dir/spi_flash_chip_issi.c.obj

[601/975] Building C object esp-idf/spi_flash/CMakeFiles/__idf_spi_flash.dir/spi_flash_chip_drivers.c.obj

[602/975] Linking C static library esp-idf\esp_common\libesp_common.a

[603/975] Building C object esp-idf/spi_flash/CMakeFiles/__idf_spi_flash.dir/spi_flash_chip_boya.c.obj

[604/975] Building C object esp-idf/spi_flash/CMakeFiles/__idf_spi_flash.dir/spi_flash_chip_winbond.c.obj

[605/975] Building C object esp-idf/spi_flash/CMakeFiles/__idf_spi_flash.dir/spi_flash_chip_mxic.c.obj

[606/975] Building C object esp-idf/spi_flash/CMakeFiles/__idf_spi_flash.dir/spi_flash_chip_gd.c.obj

[607/975] Building C object esp-idf/spi_flash/CMakeFiles/__idf_spi_flash.dir/spi_flash_chip_generic.c.obj

[608/975] Building C object esp-idf/esp_system/CMakeFiles/__idf_esp_system.dir/port/soc/esp32/system_internal.c.obj

[609/975] Building C object esp-idf/esp_system/CMakeFiles/__idf_esp_system.dir/port/soc/esp32/clk.c.obj

[610/975] Building C object esp-idf/spi_flash/CMakeFiles/__idf_spi_flash.dir/spi_flash_chip_mxic_opi.c.obj

[611/975] Building C object esp-idf/spi_flash/CMakeFiles/__idf_spi_flash.dir/spi_flash_chip_th.c.obj

[612/975] Building C object esp-idf/spi_flash/CMakeFiles/__idf_spi_flash.dir/memspi_host_driver.c.obj

[613/975] Building C object esp-idf/spi_flash/CMakeFiles/__idf_spi_flash.dir/spi_flash_os_func_noos.c.obj

[614/975] Linking C static library esp-idf\esp_system\libesp_system.a

[615/975] Building C object esp-idf/spi_flash/CMakeFiles/__idf_spi_flash.dir/cache_utils.c.obj

[616/975] Building C object esp-idf/spi_flash/CMakeFiles/__idf_spi_flash.dir/spi_flash_wrap.c.obj

[617/975] Building C object esp-idf/esp_mm/CMakeFiles/__idf_esp_mm.dir/port/esp32/ext_mem_layout.c.obj

[618/975] Building C object esp-idf/esp_mm/CMakeFiles/__idf_esp_mm.dir/cache_esp32.c.obj

[619/975] Building C object esp-idf/spi_flash/CMakeFiles/__idf_spi_flash.dir/flash_ops.c.obj

[620/975] Building C object esp-idf/spi_flash/CMakeFiles/__idf_spi_flash.dir/flash_mmap.c.obj

[621/975] Building C object esp-idf/esp_mm/CMakeFiles/__idf_esp_mm.dir/heap_align_hw.c.obj

[622/975] Building C object esp-idf/spi_flash/CMakeFiles/__idf_spi_flash.dir/spi_flash_os_func_app.c.obj

[623/975] Building C object esp-idf/spi_flash/CMakeFiles/__idf_spi_flash.dir/esp_flash_api.c.obj

[624/975] Building C object esp-idf/esp_mm/CMakeFiles/__idf_esp_mm.dir/esp_mmu_map.c.obj

[625/975] Building C object esp-idf/esp_mm/CMakeFiles/__idf_esp_mm.dir/esp_cache.c.obj

[626/975] Building C object esp-idf/spi_flash/CMakeFiles/__idf_spi_flash.dir/esp_flash_spi_init.c.obj

[627/975] Building C object esp-idf/bootloader_support/CMakeFiles/__idf_bootloader_support.dir/src/bootloader_clock_init.c.obj

[628/975] Building C object esp-idf/bootloader_support/CMakeFiles/__idf_bootloader_support.dir/src/bootloader_common.c.obj

[629/975] Building C object esp-idf/bootloader_support/CMakeFiles/__idf_bootloader_support.dir/src/bootloader_mem.c.obj

[630/975] Building C object esp-idf/bootloader_support/CMakeFiles/__idf_bootloader_support.dir/src/bootloader_common_loader.c.obj

[631/975] Building C object esp-idf/bootloader_support/CMakeFiles/__idf_bootloader_support.dir/src/bootloader_efuse.c.obj

[632/975] Building C object esp-idf/bootloader_support/CMakeFiles/__idf_bootloader_support.dir/src/bootloader_random.c.obj

[633/975] Building C object esp-idf/bootloader_support/CMakeFiles/__idf_bootloader_support.dir/src/secure_boot.c.obj

[634/975] Linking C static library esp-idf\spi_flash\libspi_flash.a

[635/975] Building C object esp-idf/bootloader_support/CMakeFiles/__idf_bootloader_support.dir/src/bootloader_random_esp32.c.obj

[636/975] Building C object esp-idf/bootloader_support/CMakeFiles/__idf_bootloader_support.dir/src/flash_encrypt.c.obj

[637/975] Building C object esp-idf/bootloader_support/CMakeFiles/__idf_bootloader_support.dir/bootloader_flash/src/flash_qio_mode.c.obj

[638/975] Building C object esp-idf/bootloader_support/CMakeFiles/__idf_bootloader_support.dir/src/flash_partitions.c.obj

[639/975] Building C object esp-idf/bootloader_support/CMakeFiles/__idf_bootloader_support.dir/bootloader_flash/src/bootloader_flash.c.obj

[640/975] Building C object esp-idf/bootloader_support/CMakeFiles/__idf_bootloader_support.dir/src/esp32/secure_boot_secure_features.c.obj

[641/975] Linking C static library esp-idf\esp_mm\libesp_mm.a

[642/975] Building C object esp-idf/efuse/CMakeFiles/__idf_efuse.dir/esp32/esp_efuse_table.c.obj

[643/975] Building C object esp-idf/efuse/CMakeFiles/__idf_efuse.dir/esp32/esp_efuse_fields.c.obj

[644/975] Building C object esp-idf/bootloader_support/CMakeFiles/__idf_bootloader_support.dir/src/idf/bootloader_sha.c.obj

[645/975] Building C object esp-idf/bootloader_support/CMakeFiles/__idf_bootloader_support.dir/bootloader_flash/src/bootloader_flash_config_esp32.c.obj

[646/975] Building C object esp-idf/bootloader_support/CMakeFiles/__idf_bootloader_support.dir/src/esp_image_format.c.obj

[647/975] Building C object esp-idf/bootloader_support/CMakeFiles/__idf_bootloader_support.dir/src/bootloader_utility.c.obj

[648/975] Building C object esp-idf/efuse/CMakeFiles/__idf_efuse.dir/src/esp_efuse_fields.c.obj

[649/975] Building C object esp-idf/efuse/CMakeFiles/__idf_efuse.dir/esp32/esp_efuse_utility.c.obj

[650/975] Building C object esp-idf/efuse/CMakeFiles/__idf_efuse.dir/src/esp_efuse_api.c.obj

[651/975] Building C object esp-idf/efuse/CMakeFiles/__idf_efuse.dir/src/esp_efuse_utility.c.obj

[652/975] Building C object esp-idf/esp_partition/CMakeFiles/__idf_esp_partition.dir/partition.c.obj

[653/975] Building C object esp-idf/esp_partition/CMakeFiles/__idf_esp_partition.dir/partition_target.c.obj

[654/975] Building C object esp-idf/efuse/CMakeFiles/__idf_efuse.dir/src/esp_efuse_startup.c.obj

[655/975] Building C object esp-idf/efuse/CMakeFiles/__idf_efuse.dir/src/efuse_controller/keys/without_key_purposes/three_key_blocks/esp_efuse_api_key.c.obj

[656/975] Building C object esp-idf/mbedtls/mbedtls/library/CMakeFiles/mbedtls.dir/debug.c.obj

[657/975] Building C object esp-idf/esp_bootloader_format/CMakeFiles/__idf_esp_bootloader_format.dir/esp_bootloader_desc.c.obj

[658/975] Building C object esp-idf/app_update/CMakeFiles/__idf_app_update.dir/esp_ota_app_desc.c.obj

[659/975] Building C object esp-idf/mbedtls/mbedtls/library/CMakeFiles/mbedtls.dir/mps_reader.c.obj

[660/975] Building C object esp-idf/esp_app_format/CMakeFiles/__idf_esp_app_format.dir/esp_app_desc.c.obj

[661/975] Linking C static library esp-idf\bootloader_support\libbootloader_support.a

[662/975] Building C object esp-idf/mbedtls/mbedtls/library/CMakeFiles/mbedtls.dir/mps_trace.c.obj

[663/975] Building C object esp-idf/app_update/CMakeFiles/__idf_app_update.dir/esp_ota_ops.c.obj

[664/975] Building C object esp-idf/mbedtls/mbedtls/library/CMakeFiles/mbedtls.dir/ssl_debug_helpers_generated.c.obj

[665/975] Building C object esp-idf/mbedtls/mbedtls/library/CMakeFiles/mbedtls.dir/ssl_cache.c.obj

[666/975] Building C object esp-idf/mbedtls/mbedtls/library/CMakeFiles/mbedtls.dir/ssl_ciphersuites.c.obj

[667/975] Linking C static library esp-idf\efuse\libefuse.a

[668/975] Building C object esp-idf/mbedtls/mbedtls/library/CMakeFiles/mbedtls.dir/ssl_tls13_client.c.obj

[669/975] Building C object esp-idf/mbedtls/mbedtls/library/CMakeFiles/mbedtls.dir/ssl_tls13_server.c.obj

[670/975] Building C object esp-idf/mbedtls/mbedtls/library/CMakeFiles/mbedtls.dir/ssl_tls13_keys.c.obj

[671/975] Building C object esp-idf/mbedtls/mbedtls/library/CMakeFiles/mbedtls.dir/ssl_cookie.c.obj

[672/975] Building C object esp-idf/mbedtls/mbedtls/library/CMakeFiles/mbedtls.dir/ssl_ticket.c.obj

[673/975] Building C object esp-idf/mbedtls/mbedtls/library/CMakeFiles/mbedtls.dir/ssl_tls13_generic.c.obj

[674/975] Building C object esp-idf/mbedtls/mbedtls/library/CMakeFiles/mbedtls.dir/C_/esp/esp-idf/components/mbedtls/port/esp_platform_time.c.obj

[675/975] Building C object esp-idf/mbedtls/mbedtls/library/CMakeFiles/mbedtls.dir/ssl_client.c.obj

[676/975] Linking C static library esp-idf\esp_partition\libesp_partition.a

[677/975] Building C object esp-idf/mbedtls/mbedtls/library/CMakeFiles/mbedtls.dir/ssl_msg.c.obj

[678/975] Building C object esp-idf/mbedtls/mbedtls/library/CMakeFiles/mbedtls.dir/C_/esp/esp-idf/components/mbedtls/port/mbedtls_debug.c.obj

[679/975] Building C object esp-idf/mbedtls/mbedtls/library/CMakeFiles/mbedtls.dir/ssl_tls12_client.c.obj

[680/975] Building C object esp-idf/mbedtls/mbedtls/library/CMakeFiles/mbedtls.dir/ssl_tls12_server.c.obj

[681/975] Building C object esp-idf/mbedtls/mbedtls/library/CMakeFiles/mbedx509.dir/pkcs7.c.obj

[682/975] Linking C static library esp-idf\app_update\libapp_update.a

[683/975] Building C object esp-idf/mbedtls/mbedtls/library/CMakeFiles/mbedtls.dir/ssl_tls.c.obj

[684/975] Building C object esp-idf/mbedtls/mbedtls/library/CMakeFiles/mbedx509.dir/x509_create.c.obj

[685/975] Building C object esp-idf/mbedtls/mbedtls/library/CMakeFiles/mbedx509.dir/x509write.c.obj

[686/975] Building C object esp-idf/mbedtls/mbedtls/library/CMakeFiles/mbedcrypto.dir/aesce.c.obj

[687/975] Building C object esp-idf/mbedtls/mbedtls/library/CMakeFiles/mbedx509.dir/x509_csr.c.obj

[688/975] Building C object esp-idf/mbedtls/mbedtls/library/CMakeFiles/mbedcrypto.dir/aesni.c.obj

[689/975] Building C object esp-idf/mbedtls/mbedtls/library/CMakeFiles/mbedx509.dir/x509_crl.c.obj

[690/975] Building C object esp-idf/mbedtls/mbedtls/library/CMakeFiles/mbedtls.dir/C_/esp/esp-idf/components/mbedtls/port/net_sockets.c.obj

[691/975] Linking C static library esp-idf\esp_bootloader_format\libesp_bootloader_format.a

[692/975] Building C object esp-idf/mbedtls/mbedtls/library/CMakeFiles/mbedx509.dir/x509write_crt.c.obj

[693/975] Building C object esp-idf/mbedtls/mbedtls/library/CMakeFiles/mbedx509.dir/x509.c.obj

[694/975] Building C object esp-idf/mbedtls/mbedtls/library/CMakeFiles/mbedx509.dir/x509write_csr.c.obj

[695/975] Building C object esp-idf/mbedtls/mbedtls/library/CMakeFiles/mbedcrypto.dir/aes.c.obj

[696/975] Building C object esp-idf/mbedtls/mbedtls/library/CMakeFiles/mbedcrypto.dir/aria.c.obj

[697/975] Building C object esp-idf/mbedtls/mbedtls/library/CMakeFiles/mbedcrypto.dir/asn1write.c.obj

[698/975] Building C object esp-idf/mbedtls/mbedtls/library/CMakeFiles/mbedcrypto.dir/asn1parse.c.obj

[699/975] Building C object esp-idf/mbedtls/mbedtls/library/CMakeFiles/mbedcrypto.dir/base64.c.obj

[700/975] Linking C static library esp-idf\esp_app_format\libesp_app_format.a

[701/975] Building C object esp-idf/mbedtls/mbedtls/library/CMakeFiles/mbedcrypto.dir/camellia.c.obj

[702/975] Building C object esp-idf/mbedtls/mbedtls/library/CMakeFiles/mbedcrypto.dir/bignum_mod.c.obj

[703/975] Building C object esp-idf/mbedtls/mbedtls/library/CMakeFiles/mbedcrypto.dir/bignum_mod_raw.c.obj

[704/975] Building C object esp-idf/mbedtls/mbedtls/library/CMakeFiles/mbedcrypto.dir/chacha20.c.obj

[705/975] Building C object esp-idf/mbedtls/mbedtls/library/CMakeFiles/mbedx509.dir/x509_crt.c.obj

[706/975] Building C object esp-idf/mbedtls/mbedtls/library/CMakeFiles/mbedcrypto.dir/block_cipher.c.obj

[707/975] Building C object esp-idf/mbedtls/mbedtls/library/CMakeFiles/mbedcrypto.dir/bignum_core.c.obj

[708/975] Building C object esp-idf/mbedtls/mbedtls/library/CMakeFiles/mbedcrypto.dir/chachapoly.c.obj

[709/975] Building C object esp-idf/mbedtls/mbedtls/library/CMakeFiles/mbedcrypto.dir/ccm.c.obj

[710/975] Building C object esp-idf/mbedtls/mbedtls/library/CMakeFiles/mbedcrypto.dir/constant_time.c.obj

[711/975] Linking CXX static library esp-idf\mbedtls\mbedtls\library\libmbedtls.a

[712/975] Building C object esp-idf/mbedtls/mbedtls/library/CMakeFiles/mbedcrypto.dir/cipher_wrap.c.obj

[713/975] Building C object esp-idf/mbedtls/mbedtls/library/CMakeFiles/mbedcrypto.dir/cipher.c.obj

[714/975] Building C object esp-idf/mbedtls/mbedtls/library/CMakeFiles/mbedcrypto.dir/des.c.obj

[715/975] Building C object esp-idf/mbedtls/mbedtls/library/CMakeFiles/mbedcrypto.dir/bignum.c.obj

[716/975] Building C object esp-idf/mbedtls/mbedtls/library/CMakeFiles/mbedcrypto.dir/cmac.c.obj

[717/975] Building C object esp-idf/mbedtls/mbedtls/library/CMakeFiles/mbedcrypto.dir/ecp_curves_new.c.obj

[718/975] Building C object esp-idf/mbedtls/mbedtls/library/CMakeFiles/mbedcrypto.dir/ecjpake.c.obj

[719/975] Building C object esp-idf/mbedtls/mbedtls/library/CMakeFiles/mbedcrypto.dir/ctr_drbg.c.obj

[720/975] Building C object esp-idf/mbedtls/mbedtls/library/CMakeFiles/mbedcrypto.dir/dhm.c.obj

[721/975] Building C object esp-idf/mbedtls/mbedtls/library/CMakeFiles/mbedcrypto.dir/entropy_poll.c.obj

[722/975] Building C object esp-idf/mbedtls/mbedtls/library/CMakeFiles/mbedcrypto.dir/ecdh.c.obj

[723/975] Building C object esp-idf/mbedtls/mbedtls/library/CMakeFiles/mbedcrypto.dir/ecdsa.c.obj

[724/975] Building C object esp-idf/mbedtls/mbedtls/library/CMakeFiles/mbedcrypto.dir/entropy.c.obj

[725/975] Building C object esp-idf/mbedtls/mbedtls/library/CMakeFiles/mbedcrypto.dir/hkdf.c.obj

[726/975] Building C object esp-idf/mbedtls/mbedtls/library/CMakeFiles/mbedcrypto.dir/ecp_curves.c.obj

[727/975] Building C object esp-idf/mbedtls/mbedtls/library/CMakeFiles/mbedcrypto.dir/ecp.c.obj

[728/975] Building C object esp-idf/mbedtls/mbedtls/library/CMakeFiles/mbedcrypto.dir/lmots.c.obj

[729/975] Building C object esp-idf/mbedtls/mbedtls/library/CMakeFiles/mbedcrypto.dir/gcm.c.obj

[730/975] Building C object esp-idf/mbedtls/mbedtls/library/CMakeFiles/mbedcrypto.dir/error.c.obj

[731/975] Building C object esp-idf/mbedtls/mbedtls/library/CMakeFiles/mbedcrypto.dir/memory_buffer_alloc.c.obj

[732/975] Building C object esp-idf/mbedtls/mbedtls/library/CMakeFiles/mbedcrypto.dir/md5.c.obj

[733/975] Building C object esp-idf/mbedtls/mbedtls/library/CMakeFiles/mbedcrypto.dir/nist_kw.c.obj

[734/975] Building C object esp-idf/mbedtls/mbedtls/library/CMakeFiles/mbedcrypto.dir/hmac_drbg.c.obj

[735/975] Building C object esp-idf/mbedtls/mbedtls/library/CMakeFiles/mbedcrypto.dir/lms.c.obj

[736/975] Building C object esp-idf/mbedtls/mbedtls/library/CMakeFiles/mbedcrypto.dir/padlock.c.obj

[737/975] Building C object esp-idf/mbedtls/mbedtls/library/CMakeFiles/mbedcrypto.dir/md.c.obj

[738/975] Building C object esp-idf/mbedtls/mbedtls/library/CMakeFiles/mbedcrypto.dir/oid.c.obj

[739/975] Building C object esp-idf/mbedtls/mbedtls/library/CMakeFiles/mbedcrypto.dir/pk_ecc.c.obj

[740/975] Building C object esp-idf/mbedtls/mbedtls/library/CMakeFiles/mbedcrypto.dir/pkcs12.c.obj

[741/975] Building C object esp-idf/mbedtls/mbedtls/library/CMakeFiles/mbedcrypto.dir/pem.c.obj

[742/975] Building C object esp-idf/mbedtls/mbedtls/library/CMakeFiles/mbedcrypto.dir/poly1305.c.obj

[743/975] Building C object esp-idf/mbedtls/mbedtls/library/CMakeFiles/mbedcrypto.dir/pk_wrap.c.obj

[744/975] Building C object esp-idf/mbedtls/mbedtls/library/CMakeFiles/mbedcrypto.dir/pk.c.obj

[745/975] Building C object esp-idf/mbedtls/mbedtls/library/CMakeFiles/mbedcrypto.dir/pkwrite.c.obj

[746/975] Building C object esp-idf/mbedtls/mbedtls/library/CMakeFiles/mbedcrypto.dir/platform.c.obj

[747/975] Building C object esp-idf/mbedtls/mbedtls/library/CMakeFiles/mbedcrypto.dir/pkcs5.c.obj

[748/975] Building C object esp-idf/mbedtls/mbedtls/library/CMakeFiles/mbedcrypto.dir/platform_util.c.obj

[749/975] Building C object esp-idf/mbedtls/mbedtls/library/CMakeFiles/mbedcrypto.dir/psa_crypto_client.c.obj

[750/975] Building C object esp-idf/mbedtls/mbedtls/library/CMakeFiles/mbedcrypto.dir/psa_crypto_cipher.c.obj

[751/975] Building C object esp-idf/mbedtls/mbedtls/library/CMakeFiles/mbedcrypto.dir/psa_crypto_aead.c.obj

[752/975] Building C object esp-idf/mbedtls/mbedtls/library/CMakeFiles/mbedcrypto.dir/pkparse.c.obj

[753/975] Building C object esp-idf/mbedtls/mbedtls/library/CMakeFiles/mbedcrypto.dir/psa_crypto_driver_wrappers_no_static.c.obj

[754/975] Building C object esp-idf/mbedtls/mbedtls/library/CMakeFiles/mbedcrypto.dir/psa_crypto_ecp.c.obj

[755/975] Building C object esp-idf/mbedtls/mbedtls/library/CMakeFiles/mbedcrypto.dir/psa_crypto_hash.c.obj

[756/975] Building C object esp-idf/mbedtls/mbedtls/library/CMakeFiles/mbedcrypto.dir/psa_crypto_pake.c.obj

[757/975] Building C object esp-idf/mbedtls/mbedtls/library/CMakeFiles/mbedcrypto.dir/psa_crypto_ffdh.c.obj

[758/975] Building C object esp-idf/mbedtls/mbedtls/library/CMakeFiles/mbedcrypto.dir/ripemd160.c.obj

[759/975] Building C object esp-idf/mbedtls/mbedtls/library/CMakeFiles/mbedcrypto.dir/psa_crypto_mac.c.obj

[760/975] Building C object esp-idf/mbedtls/mbedtls/library/CMakeFiles/mbedcrypto.dir/psa_crypto_se.c.obj

[761/975] Building C object esp-idf/mbedtls/mbedtls/library/CMakeFiles/mbedcrypto.dir/psa_crypto_rsa.c.obj

[762/975] Building C object esp-idf/mbedtls/mbedtls/library/CMakeFiles/mbedcrypto.dir/psa_util.c.obj

[763/975] Building C object esp-idf/mbedtls/mbedtls/library/CMakeFiles/mbedcrypto.dir/sha1.c.obj

[764/975] Building C object esp-idf/mbedtls/mbedtls/library/CMakeFiles/mbedcrypto.dir/psa_its_file.c.obj

[765/975] Building C object esp-idf/mbedtls/mbedtls/library/CMakeFiles/mbedcrypto.dir/psa_crypto_storage.c.obj

[766/975] Building C object esp-idf/mbedtls/mbedtls/library/CMakeFiles/mbedcrypto.dir/rsa_alt_helpers.c.obj

[767/975] Building C object esp-idf/mbedtls/mbedtls/library/CMakeFiles/mbedcrypto.dir/sha256.c.obj

[768/975] Building C object esp-idf/mbedtls/mbedtls/library/CMakeFiles/mbedcrypto.dir/threading.c.obj

[769/975] Building C object esp-idf/mbedtls/mbedtls/library/CMakeFiles/mbedcrypto.dir/sha3.c.obj

[770/975] Building C object esp-idf/mbedtls/mbedtls/library/CMakeFiles/mbedcrypto.dir/sha512.c.obj

[771/975] Building C object esp-idf/mbedtls/mbedtls/library/CMakeFiles/mbedcrypto.dir/version.c.obj

[772/975] Building C object esp-idf/mbedtls/mbedtls/library/CMakeFiles/mbedcrypto.dir/psa_crypto_slot_management.c.obj

[773/975] Building C object esp-idf/mbedtls/mbedtls/library/CMakeFiles/mbedcrypto.dir/C_/esp/esp-idf/components/mbedtls/port/esp_hardware.c.obj

[774/975] Building C object esp-idf/mbedtls/mbedtls/library/CMakeFiles/mbedcrypto.dir/timing.c.obj

[775/975] Building C object esp-idf/mbedtls/mbedtls/library/CMakeFiles/mbedcrypto.dir/version_features.c.obj

[776/975] Building C object esp-idf/mbedtls/mbedtls/library/CMakeFiles/mbedcrypto.dir/C_/esp/esp-idf/components/mbedtls/port/esp_mem.c.obj

[777/975] Building C object esp-idf/mbedtls/mbedtls/library/CMakeFiles/mbedcrypto.dir/psa_crypto.c.obj

[778/975] Building C object esp-idf/mbedtls/mbedtls/library/CMakeFiles/mbedcrypto.dir/rsa.c.obj

[779/975] Building C object esp-idf/mbedtls/mbedtls/library/CMakeFiles/mbedcrypto.dir/C_/esp/esp-idf/components/mbedtls/port/sha/esp_sha.c.obj

[780/975] Building C object esp-idf/mbedtls/mbedtls/library/CMakeFiles/mbedcrypto.dir/C_/esp/esp-idf/components/mbedtls/port/esp_timing.c.obj

[781/975] Building C object esp-idf/mbedtls/mbedtls/library/CMakeFiles/mbedcrypto.dir/C_/esp/esp-idf/components/mbedtls/port/aes/esp_aes_xts.c.obj

[782/975] Building C object esp-idf/mbedtls/mbedtls/library/CMakeFiles/mbedcrypto.dir/C_/esp/esp-idf/components/mbedtls/port/aes/esp_aes_common.c.obj

[783/975] Linking CXX static library esp-idf\mbedtls\mbedtls\library\libmbedx509.a

[784/975] Creating directories for 'bootloader'

[785/975] Building C object esp-idf/mbedtls/mbedtls/library/CMakeFiles/mbedcrypto.dir/C_/esp/esp-idf/components/mbedtls/port/md/esp_md.c.obj

[786/975] Building C object esp-idf/mbedtls/mbedtls/library/CMakeFiles/mbedcrypto.dir/C_/esp/esp-idf/components/mbedtls/port/aes/block/esp_aes.c.obj

[787/975] Building C object esp-idf/mbedtls/mbedtls/library/CMakeFiles/mbedcrypto.dir/C_/esp/esp-idf/components/mbedtls/port/aes/esp_aes_gcm.c.obj

[788/975] Building C object esp-idf/mbedtls/mbedtls/library/CMakeFiles/mbedcrypto.dir/C_/esp/esp-idf/components/mbedtls/port/bignum/bignum_alt.c.obj

[789/975] Building C object esp-idf/mbedtls/mbedtls/library/CMakeFiles/mbedcrypto.dir/C_/esp/esp-idf/components/mbedtls/port/sha/parallel_engine/esp_sha256.c.obj

[790/975] Building C object esp-idf/mbedtls/mbedtls/library/CMakeFiles/mbedcrypto.dir/C_/esp/esp-idf/components/mbedtls/port/sha/parallel_engine/sha.c.obj

[791/975] Building C object esp-idf/mbedtls/mbedtls/3rdparty/everest/CMakeFiles/everest.dir/library/everest.c.obj

[792/975] Building C object esp-idf/mbedtls/mbedtls/library/CMakeFiles/mbedcrypto.dir/C_/esp/esp-idf/components/mbedtls/port/sha/parallel_engine/esp_sha1.c.obj

[793/975] Building C object esp-idf/mbedtls/mbedtls/3rdparty/p256-m/CMakeFiles/p256m.dir/p256-m/p256-m.c.obj

[794/975] No download step for 'bootloader'

[795/975] Building C object esp-idf/mbedtls/mbedtls/library/CMakeFiles/mbedcrypto.dir/C_/esp/esp-idf/components/mbedtls/port/bignum/esp_bignum.c.obj

[796/975] Building C object esp-idf/mbedtls/mbedtls/3rdparty/p256-m/CMakeFiles/p256m.dir/p256-m_driver_entrypoints.c.obj

[797/975] Building C object esp-idf/mbedtls/mbedtls/library/CMakeFiles/mbedcrypto.dir/C_/esp/esp-idf/components/mbedtls/port/sha/parallel_engine/esp_sha512.c.obj

[798/975] Building C object esp-idf/mbedtls/mbedtls/3rdparty/everest/CMakeFiles/everest.dir/library/Hacl_Curve25519_joined.c.obj

[799/975] Building C object esp-idf/mbedtls/mbedtls/3rdparty/everest/CMakeFiles/everest.dir/library/x25519.c.obj

[800/975] No update step for 'bootloader'

[801/975] No patch step for 'bootloader'

[802/975] Linking CXX static library esp-idf\mbedtls\mbedtls\library\libmbedcrypto.a

[803/975] Linking CXX static library esp-idf\mbedtls\mbedtls\3rdparty\p256-m\libp256m.a

[804/975] Linking CXX static library esp-idf\mbedtls\mbedtls\3rdparty\everest\libeverest.a

[805/975] Generating x509_crt_bundle

[806/975] Generating ../../x509_crt_bundle.S

[807/975] Building C object esp-idf/xtensa/CMakeFiles/__idf_xtensa.dir/eri.c.obj

[808/975] Building ASM object esp-idf/xtensa/CMakeFiles/__idf_xtensa.dir/xtensa_context.S.obj

[809/975] Building ASM object esp-idf/mbedtls/CMakeFiles/__idf_mbedtls.dir/__/__/x509_crt_bundle.S.obj

[810/975] Building ASM object esp-idf/xtensa/CMakeFiles/__idf_xtensa.dir/xtensa_intr_asm.S.obj

[811/975] Building C object esp-idf/esp_pm/CMakeFiles/__idf_esp_pm.dir/pm_trace.c.obj

[812/975] Building ASM object esp-idf/xtensa/CMakeFiles/__idf_xtensa.dir/xtensa_vectors.S.obj

[813/975] Building C object esp-idf/esp_driver_gpio/CMakeFiles/__idf_esp_driver_gpio.dir/src/gpio_glitch_filter_ops.c.obj

[814/975] Building C object esp-idf/console/CMakeFiles/__idf_console.dir/split_argv.c.obj

[815/975] Building C object esp-idf/xtensa/CMakeFiles/__idf_xtensa.dir/xt_trax.c.obj

[816/975] Building C object esp-idf/esp_pm/CMakeFiles/__idf_esp_pm.dir/pm_locks.c.obj

[817/975] Building C object esp-idf/mbedtls/CMakeFiles/__idf_mbedtls.dir/esp_crt_bundle/esp_crt_bundle.c.obj

[818/975] Building C object esp-idf/xtensa/CMakeFiles/__idf_xtensa.dir/xtensa_intr.c.obj

[819/975] Building C object esp-idf/esp_driver_gpio/CMakeFiles/__idf_esp_driver_gpio.dir/src/rtc_io.c.obj

[820/975] Building C object esp-idf/esp_pm/CMakeFiles/__idf_esp_pm.dir/pm_impl.c.obj

[821/975] Building C object esp-idf/console/CMakeFiles/__idf_console.dir/esp_console_common.c.obj

[822/975] Building C object esp-idf/console/CMakeFiles/__idf_console.dir/commands.c.obj

[823/975] Building C object esp-idf/console/CMakeFiles/__idf_console.dir/argtable3/arg_cmd.c.obj

[824/975] Building C object esp-idf/console/CMakeFiles/__idf_console.dir/argtable3/arg_dbl.c.obj

[825/975] Building C object esp-idf/console/CMakeFiles/__idf_console.dir/argtable3/arg_dstr.c.obj

[826/975] Linking C static library esp-idf\mbedtls\libmbedtls.a

[827/975] Building C object esp-idf/console/CMakeFiles/__idf_console.dir/argtable3/arg_end.c.obj

[828/975] Building C object esp-idf/esp_driver_gpio/CMakeFiles/__idf_esp_driver_gpio.dir/src/gpio.c.obj

[829/975] Building C object esp-idf/console/CMakeFiles/__idf_console.dir/argtable3/arg_int.c.obj

[830/975] Building C object esp-idf/console/CMakeFiles/__idf_console.dir/linenoise/linenoise.c.obj

[831/975] Building C object esp-idf/console/CMakeFiles/__idf_console.dir/argtable3/arg_date.c.obj

[832/975] Building C object esp-idf/console/CMakeFiles/__idf_console.dir/argtable3/arg_hashtable.c.obj

[833/975] Building C object esp-idf/console/CMakeFiles/__idf_console.dir/argtable3/arg_lit.c.obj

[834/975] Building C object esp-idf/console/CMakeFiles/__idf_console.dir/argtable3/arg_file.c.obj

[835/975] Building C object esp-idf/console/CMakeFiles/__idf_console.dir/esp_console_repl_chip.c.obj

[836/975] Building C object esp-idf/console/CMakeFiles/__idf_console.dir/argtable3/arg_rem.c.obj

[837/975] Building C object esp-idf/console/CMakeFiles/__idf_console.dir/argtable3/arg_str.c.obj

[838/975] Linking C static library esp-idf\esp_pm\libesp_pm.a

[839/975] Building C object esp-idf/console/CMakeFiles/__idf_console.dir/argtable3/arg_utils.c.obj

[840/975] Building C object esp-idf/console/CMakeFiles/__idf_console.dir/argtable3/arg_rex.c.obj

[841/975] Building C object esp-idf/unity/CMakeFiles/__idf_unity.dir/unity_runner.c.obj

[842/975] Building C object esp-idf/unity/CMakeFiles/__idf_unity.dir/unity_utils_cache.c.obj

[843/975] Building C object esp-idf/unity/CMakeFiles/__idf_unity.dir/unity_compat.c.obj

[844/975] Building C object esp-idf/console/CMakeFiles/__idf_console.dir/argtable3/argtable3.c.obj

[845/975] Building C object esp-idf/unity/CMakeFiles/__idf_unity.dir/unity_utils_freertos.c.obj

[846/975] Building C object esp-idf/unity/CMakeFiles/__idf_unity.dir/unity_utils_memory.c.obj

[847/975] Building C object esp-idf/unity/CMakeFiles/__idf_unity.dir/port/esp/unity_utils_memory_esp.c.obj

[848/975] Linking C static library esp-idf\esp_driver_gpio\libesp_driver_gpio.a

[849/975] Building C object esp-idf/unity/CMakeFiles/__idf_unity.dir/unity/src/unity.c.obj

[850/975] Building C object esp-idf/unity/CMakeFiles/__idf_unity.dir/unity_port_esp32.c.obj

[851/975] Building C object esp-idf/protocomm/CMakeFiles/__idf_protocomm.dir/proto-c/constants.pb-c.c.obj

[852/975] Building C object esp-idf/protocomm/CMakeFiles/__idf_protocomm.dir/proto-c/sec1.pb-c.c.obj

[853/975] Building C object esp-idf/protocomm/CMakeFiles/__idf_protocomm.dir/proto-c/sec0.pb-c.c.obj

[854/975] Building C object esp-idf/protobuf-c/CMakeFiles/__idf_protobuf-c.dir/protobuf-c/protobuf-c/protobuf-c.c.obj

[855/975] Building C object esp-idf/protocomm/CMakeFiles/__idf_protocomm.dir/proto-c/sec2.pb-c.c.obj

[856/975] Linking C static library esp-idf\xtensa\libxtensa.a

[857/975] Building C object esp-idf/esp_https_server/CMakeFiles/__idf_esp_https_server.dir/src/https_server.c.obj

[858/975] Building C object esp-idf/protocomm/CMakeFiles/__idf_protocomm.dir/proto-c/session.pb-c.c.obj

[859/975] Building C object esp-idf/protocomm/CMakeFiles/__idf_protocomm.dir/src/common/protocomm.c.obj

[860/975] Building C object esp-idf/protocomm/CMakeFiles/__idf_protocomm.dir/src/transports/protocomm_console.c.obj

[861/975] Building CXX object esp-idf/wear_levelling/CMakeFiles/__idf_wear_levelling.dir/Partition.cpp.obj

[862/975] Building C object esp-idf/protocomm/CMakeFiles/__idf_protocomm.dir/src/security/security0.c.obj

[863/975] Building C object esp-idf/protocomm/CMakeFiles/__idf_protocomm.dir/src/crypto/srp6a/esp_srp.c.obj

[864/975] Building C object esp-idf/protocomm/CMakeFiles/__idf_protocomm.dir/src/crypto/srp6a/esp_srp_mpi.c.obj

[865/975] Building CXX object esp-idf/wear_levelling/CMakeFiles/__idf_wear_levelling.dir/WL_Ext_Perf.cpp.obj

[866/975] Building C object esp-idf/protocomm/CMakeFiles/__idf_protocomm.dir/src/security/security2.c.obj

[867/975] Building C object esp-idf/protocomm/CMakeFiles/__idf_protocomm.dir/src/security/security1.c.obj

[868/975] Building CXX object esp-idf/wear_levelling/CMakeFiles/__idf_wear_levelling.dir/SPI_Flash.cpp.obj

[869/975] Building CXX object esp-idf/wear_levelling/CMakeFiles/__idf_wear_levelling.dir/crc32.cpp.obj

[870/975] Building C object esp-idf/protocomm/CMakeFiles/__idf_protocomm.dir/src/transports/protocomm_httpd.c.obj

[871/975] Linking C static library esp-idf\protobuf-c\libprotobuf-c.a

[872/975] Linking C static library esp-idf\console\libconsole.a

[873/975] Building CXX object esp-idf/wear_levelling/CMakeFiles/__idf_wear_levelling.dir/WL_Ext_Safe.cpp.obj

[874/975] Linking C static library esp-idf\unity\libunity.a

[875/975] Building CXX object esp-idf/wear_levelling/CMakeFiles/__idf_wear_levelling.dir/WL_Flash.cpp.obj

[876/975] Linking C static library esp-idf\esp_https_server\libesp_https_server.a

[877/975] Building CXX object esp-idf/wear_levelling/CMakeFiles/__idf_wear_levelling.dir/wear_levelling.cpp.obj

[878/975] Building C object esp-idf/app_trace/CMakeFiles/__idf_app_trace.dir/app_trace_util.c.obj

[879/975] Building C object esp-idf/cmock/CMakeFiles/__idf_cmock.dir/CMock/src/cmock.c.obj

[880/975] Building C object esp-idf/json/CMakeFiles/__idf_json.dir/cJSON/cJSON_Utils.c.obj

[881/975] Building C object esp-idf/app_trace/CMakeFiles/__idf_app_trace.dir/host_file_io.c.obj

[882/975] Building C object esp-idf/esp_hid/CMakeFiles/__idf_esp_hid.dir/src/esp_hid_common.c.obj

[883/975] Building C object esp-idf/esp_driver_cam/CMakeFiles/__idf_esp_driver_cam.dir/esp_cam_ctlr.c.obj

[884/975] Building C object esp-idf/app_trace/CMakeFiles/__idf_app_trace.dir/port/port_uart.c.obj

[885/975] Building C object esp-idf/esp_hid/CMakeFiles/__idf_esp_hid.dir/src/esp_hidd.c.obj

[886/975] Building C object esp-idf/json/CMakeFiles/__idf_json.dir/cJSON/cJSON.c.obj

[887/975] Building C object esp-idf/app_trace/CMakeFiles/__idf_app_trace.dir/app_trace.c.obj

[888/975] Building C object esp-idf/esp_driver_cam/CMakeFiles/__idf_esp_driver_cam.dir/dvp_share_ctrl.c.obj

[889/975] Building C object esp-idf/esp_lcd/CMakeFiles/__idf_esp_lcd.dir/src/esp_lcd_common.c.obj

[890/975] Building C object esp-idf/esp_hid/CMakeFiles/__idf_esp_hid.dir/src/esp_hidh.c.obj

[891/975] Building C object esp-idf/esp_lcd/CMakeFiles/__idf_esp_lcd.dir/src/esp_lcd_panel_ssd1306.c.obj

[892/975] Building C object esp-idf/esp_lcd/CMakeFiles/__idf_esp_lcd.dir/src/esp_lcd_panel_ops.c.obj

[893/975] Linking C static library esp-idf\protocomm\libprotocomm.a

[894/975] Building C object esp-idf/esp_lcd/CMakeFiles/__idf_esp_lcd.dir/src/esp_lcd_panel_nt35510.c.obj

[895/975] Building C object esp-idf/esp_lcd/CMakeFiles/__idf_esp_lcd.dir/src/esp_lcd_panel_io.c.obj

[896/975] Building C object esp-idf/espcoredump/CMakeFiles/__idf_espcoredump.dir/src/core_dump_init.c.obj

[897/975] Building C object esp-idf/esp_lcd/CMakeFiles/__idf_esp_lcd.dir/src/esp_lcd_panel_st7789.c.obj

[898/975] Building C object esp-idf/esp_local_ctrl/CMakeFiles/__idf_esp_local_ctrl.dir/proto-c/esp_local_ctrl.pb-c.c.obj

[899/975] Building C object esp-idf/esp_lcd/CMakeFiles/__idf_esp_lcd.dir/i2c/esp_lcd_panel_io_i2c_v2.c.obj

[900/975] Building C object esp-idf/esp_lcd/CMakeFiles/__idf_esp_lcd.dir/i2c/esp_lcd_panel_io_i2c_v1.c.obj

[901/975] Building C object esp-idf/esp_lcd/CMakeFiles/__idf_esp_lcd.dir/spi/esp_lcd_panel_io_spi.c.obj

[902/975] Building C object esp-idf/esp_local_ctrl/CMakeFiles/__idf_esp_local_ctrl.dir/src/esp_local_ctrl_transport_httpd.c.obj

[903/975] Building C object esp-idf/espcoredump/CMakeFiles/__idf_espcoredump.dir/src/core_dump_sha.c.obj

[904/975] Building C object esp-idf/espcoredump/CMakeFiles/__idf_espcoredump.dir/src/core_dump_crc.c.obj

[905/975] Linking C static library esp-idf\wear_levelling\libwear_levelling.a

[906/975] Building C object esp-idf/esp_local_ctrl/CMakeFiles/__idf_esp_local_ctrl.dir/src/esp_local_ctrl_handler.c.obj

[907/975] Building C object esp-idf/esp_local_ctrl/CMakeFiles/__idf_esp_local_ctrl.dir/src/esp_local_ctrl.c.obj

[908/975] Building C object esp-idf/espcoredump/CMakeFiles/__idf_espcoredump.dir/src/core_dump_common.c.obj

[909/975] Building C object esp-idf/esp_lcd/CMakeFiles/__idf_esp_lcd.dir/i80/esp_lcd_panel_io_i2s.c.obj

[910/975] Building C object esp-idf/espcoredump/CMakeFiles/__idf_espcoredump.dir/src/core_dump_flash.c.obj

[911/975] Building C object esp-idf/espcoredump/CMakeFiles/__idf_espcoredump.dir/src/core_dump_elf.c.obj

[912/975] Building C object esp-idf/espcoredump/CMakeFiles/__idf_espcoredump.dir/src/core_dump_binary.c.obj

[913/975] Building C object esp-idf/espcoredump/CMakeFiles/__idf_espcoredump.dir/src/core_dump_uart.c.obj

[914/975] Linking C static library esp-idf\json\libjson.a

[915/975] Building C object esp-idf/espcoredump/CMakeFiles/__idf_espcoredump.dir/src/port/xtensa/core_dump_port.c.obj

[916/975] Building C object esp-idf/fatfs/CMakeFiles/__idf_fatfs.dir/src/ffunicode.c.obj

[917/975] Building C object esp-idf/fatfs/CMakeFiles/__idf_fatfs.dir/diskio/diskio_rawflash.c.obj

[918/975] Building C object esp-idf/fatfs/CMakeFiles/__idf_fatfs.dir/diskio/diskio.c.obj

[919/975] Building C object esp-idf/fatfs/CMakeFiles/__idf_fatfs.dir/diskio/diskio_wl.c.obj

[920/975] Building C object esp-idf/fatfs/CMakeFiles/__idf_fatfs.dir/port/freertos/ffsystem.c.obj

[921/975] Building C object esp-idf/fatfs/CMakeFiles/__idf_fatfs.dir/diskio/diskio_sdmmc.c.obj

[922/975] Building C object esp-idf/perfmon/CMakeFiles/__idf_perfmon.dir/xtensa_perfmon_access.c.obj

[923/975] Building C object esp-idf/nvs_sec_provider/CMakeFiles/__idf_nvs_sec_provider.dir/nvs_sec_provider.c.obj

[924/975] Building C object esp-idf/fatfs/CMakeFiles/__idf_fatfs.dir/vfs/vfs_fat_spiflash.c.obj

[925/975] Building C object esp-idf/fatfs/CMakeFiles/__idf_fatfs.dir/src/ff.c.obj

[926/975] Building C object esp-idf/fatfs/CMakeFiles/__idf_fatfs.dir/vfs/vfs_fat_sdmmc.c.obj

[927/975] Building C object esp-idf/perfmon/CMakeFiles/__idf_perfmon.dir/xtensa_perfmon_apis.c.obj

[928/975] Building C object esp-idf/fatfs/CMakeFiles/__idf_fatfs.dir/vfs/vfs_fat.c.obj

[929/975] Building C object esp-idf/perfmon/CMakeFiles/__idf_perfmon.dir/xtensa_perfmon_masks.c.obj

[930/975] Building C object esp-idf/mqtt/CMakeFiles/__idf_mqtt.dir/esp-mqtt/lib/mqtt_msg.c.obj

[931/975] Building C object esp-idf/mqtt/CMakeFiles/__idf_mqtt.dir/esp-mqtt/lib/mqtt_outbox.c.obj

[932/975] Building C object esp-idf/spiffs/CMakeFiles/__idf_spiffs.dir/spiffs/src/spiffs_cache.c.obj

[933/975] Building C object esp-idf/mqtt/CMakeFiles/__idf_mqtt.dir/esp-mqtt/lib/platform_esp32_idf.c.obj

[934/975] Building C object esp-idf/spiffs/CMakeFiles/__idf_spiffs.dir/spiffs/src/spiffs_gc.c.obj

[935/975] Building C object esp-idf/spiffs/CMakeFiles/__idf_spiffs.dir/spiffs_api.c.obj

[936/975] Building C object esp-idf/spiffs/CMakeFiles/__idf_spiffs.dir/spiffs/src/spiffs_check.c.obj

[937/975] Building C object esp-idf/spiffs/CMakeFiles/__idf_spiffs.dir/spiffs/src/spiffs_hydrogen.c.obj

[938/975] Building C object esp-idf/wifi_provisioning/CMakeFiles/__idf_wifi_provisioning.dir/src/wifi_config.c.obj

[939/975] Building C object esp-idf/wifi_provisioning/CMakeFiles/__idf_wifi_provisioning.dir/proto-c/wifi_constants.pb-c.c.obj

[940/975] Building C object esp-idf/wifi_provisioning/CMakeFiles/__idf_wifi_provisioning.dir/src/wifi_ctrl.c.obj

[941/975] Building C object esp-idf/wifi_provisioning/CMakeFiles/__idf_wifi_provisioning.dir/proto-c/wifi_config.pb-c.c.obj

[942/975] Building C object esp-idf/wifi_provisioning/CMakeFiles/__idf_wifi_provisioning.dir/proto-c/wifi_scan.pb-c.c.obj

[943/975] Building C object esp-idf/mqtt/CMakeFiles/__idf_mqtt.dir/esp-mqtt/mqtt_client.c.obj

[944/975] Linking C static library esp-idf\cmock\libcmock.a

[945/975] Linking C static library esp-idf\app_trace\libapp_trace.a

[946/975] Linking C static library esp-idf\esp_driver_cam\libesp_driver_cam.a

[947/975] Building C object esp-idf/wifi_provisioning/CMakeFiles/__idf_wifi_provisioning.dir/src/wifi_scan.c.obj

[948/975] Building C object esp-idf/wifi_provisioning/CMakeFiles/__idf_wifi_provisioning.dir/src/handlers.c.obj

[949/975] Building C object esp-idf/spiffs/CMakeFiles/__idf_spiffs.dir/spiffs/src/spiffs_nucleus.c.obj

[950/975] Building C object esp-idf/spiffs/CMakeFiles/__idf_spiffs.dir/esp_spiffs.c.obj

[951/975] Building C object esp-idf/wifi_provisioning/CMakeFiles/__idf_wifi_provisioning.dir/proto-c/wifi_ctrl.pb-c.c.obj

[952/975] Linking C static library esp-idf\esp_hid\libesp_hid.a

[953/975] Building C object esp-idf/wifi_provisioning/CMakeFiles/__idf_wifi_provisioning.dir/src/scheme_console.c.obj

[954/975] Linking C static library esp-idf\mqtt\libmqtt.a

[955/975] Linking C static library esp-idf\esp_lcd\libesp_lcd.a

[956/975] Linking C static library esp-idf\esp_local_ctrl\libesp_local_ctrl.a

[957/975] Linking C static library esp-idf\perfmon\libperfmon.a

[958/975] Linking C static library esp-idf\espcoredump\libespcoredump.a

[959/975] Linking C static library esp-idf\fatfs\libfatfs.a

[960/975] Linking C static library esp-idf\nvs_sec_provider\libnvs_sec_provider.a

[961/975] Linking C static library esp-idf\spiffs\libspiffs.a

[962/975] Building C object esp-idf/wifi_provisioning/CMakeFiles/__idf_wifi_provisioning.dir/src/scheme_softap.c.obj

[963/975] Building C object esp-idf/main/CMakeFiles/__idf_main.dir/main.c.obj

[964/975] Building C object esp-idf/wifi_provisioning/CMakeFiles/__idf_wifi_provisioning.dir/src/manager.c.obj

[965/975] Linking C static library esp-idf\main\libmain.a

[966/975] Linking C static library esp-idf\wifi_provisioning\libwifi_provisioning.a

[967/975] Performing configure step for 'bootloader'

-- Found Git: C:/Program Files/Git/cmd/git.exe (found version "2.52.0.windows.1")
-- The C compiler identification is GNU 13.2.0
-- The CXX compiler identification is GNU 13.2.0
-- The ASM compiler identification is GNU
-- Found assembler: C:/Users/mario/.espressif/tools/xtensa-esp-elf/esp-13.2.0_20240530/xtensa-esp-elf/bin/xtensa-esp32-elf-gcc.exe
-- Detecting C compiler ABI info
-- Detecting C compiler ABI info - done
-- Check for working C compiler: C:/Users/mario/.espressif/tools/xtensa-esp-elf/esp-13.2.0_20240530/xtensa-esp-elf/bin/xtensa-esp32-elf-gcc.exe - skipped
-- Detecting C compile features
-- Detecting C compile features - done
-- Detecting CXX compiler ABI info
-- Detecting CXX compiler ABI info - done
-- Check for working CXX compiler: C:/Users/mario/.espressif/tools/xtensa-esp-elf/esp-13.2.0_20240530/xtensa-esp-elf/bin/xtensa-esp32-elf-g++.exe - skipped
-- Detecting CXX compile features
-- Detecting CXX compile features - done
-- Building ESP-IDF components for target esp32
-- Project sdkconfig file C:/Users/mario/Documents/TFM_FPGA_CRYPTO/firmware/verificador/sdkconfig
-- Compiler supported targets: xtensa-esp-elf
-- Adding linker script C:/esp/esp-idf/components/soc/esp32/ld/esp32.peripherals.ld
-- Bootloader project name: "bootloader" version: 1
-- Adding linker script C:/esp/esp-idf/components/esp_rom/esp32/ld/esp32.rom.ld
-- Adding linker script C:/esp/esp-idf/components/esp_rom/esp32/ld/esp32.rom.api.ld
-- Adding linker script C:/esp/esp-idf/components/esp_rom/esp32/ld/esp32.rom.libgcc.ld
-- Adding linker script C:/esp/esp-idf/components/esp_rom/esp32/ld/esp32.rom.newlib-funcs.ld
-- Adding linker script C:/esp/esp-idf/components/bootloader/subproject/main/ld/esp32/bootloader.ld
-- Adding linker script C:/esp/esp-idf/components/bootloader/subproject/main/ld/esp32/bootloader.rom.ld
-- Components: bootloader bootloader_support efuse esp_app_format esp_bootloader_format esp_common esp_hw_support esp_rom esp_system esptool_py freertos hal log main micro-ecc newlib partition_table soc spi_flash xtensa
-- Component paths: C:/esp/esp-idf/components/bootloader C:/esp/esp-idf/components/bootloader_support C:/esp/esp-idf/components/efuse C:/esp/esp-idf/components/esp_app_format C:/esp/esp-idf/components/esp_bootloader_format C:/esp/esp-idf/components/esp_common C:/esp/esp-idf/components/esp_hw_support C:/esp/esp-idf/components/esp_rom C:/esp/esp-idf/components/esp_system C:/esp/esp-idf/components/esptool_py C:/esp/esp-idf/components/freertos C:/esp/esp-idf/components/hal C:/esp/esp-idf/components/log C:/esp/esp-idf/components/bootloader/subproject/main C:/esp/esp-idf/components/bootloader/subproject/components/micro-ecc C:/esp/esp-idf/components/newlib C:/esp/esp-idf/components/partition_table C:/esp/esp-idf/components/soc C:/esp/esp-idf/components/spi_flash C:/esp/esp-idf/components/xtensa

-- Configuring done (24.9s)

-- Generating done (0.3s)

-- Build files have been written to: C:/Users/mario/Documents/TFM_FPGA_CRYPTO/firmware/verificador/build/bootloader

[968/975] Generating ld/sections.ld

[969/975] Building C object CMakeFiles/verificador.elf.dir/project_elf_src_esp32.c.obj

[970/975] Linking CXX executable verificador.elf

[971/975] Generating binary image from built executable

esptool.py v4.12.0


Creating esp32 image...


Merged 2 ELF sections


Successfully created esp32 image.


Generated C:/Users/mario/Documents/TFM_FPGA_CRYPTO/firmware/verificador/build/verificador.bin

[972/975] Performing build step for 'bootloader'

[1/109] Building C object esp-idf/esp_rom/CMakeFiles/__idf_esp_rom.dir/patches/esp_rom_crc.c.obj

[2/109] Building ASM object esp-idf/esp_rom/CMakeFiles/__idf_esp_rom.dir/patches/esp_rom_longjmp.S.obj

[3/109] Building C object esp-idf/esp_rom/CMakeFiles/__idf_esp_rom.dir/patches/esp_rom_efuse.c.obj

[4/109] Building C object esp-idf/esp_rom/CMakeFiles/__idf_esp_rom.dir/patches/esp_rom_sys.c.obj

[5/109] Building C object esp-idf/esp_rom/CMakeFiles/__idf_esp_rom.dir/patches/esp_rom_uart.c.obj

[6/109] Building C object esp-idf/log/CMakeFiles/__idf_log.dir/log.c.obj

[7/109] Building C object esp-idf/log/CMakeFiles/__idf_log.dir/log_noos.c.obj

[8/109] Building C object esp-idf/esp_hw_support/CMakeFiles/__idf_esp_hw_support.dir/port/esp32/esp_cpu_intr.c.obj

[9/109] Building C object esp-idf/log/CMakeFiles/__idf_log.dir/log_buffers.c.obj

[10/109] Building C object esp-idf/esp_hw_support/CMakeFiles/__idf_esp_hw_support.dir/port/esp32/cpu_region_protect.c.obj

[11/109] Building C object esp-idf/esp_hw_support/CMakeFiles/__idf_esp_hw_support.dir/esp_memory_utils.c.obj

[12/109] Building C object esp-idf/esp_hw_support/CMakeFiles/__idf_esp_hw_support.dir/cpu.c.obj

[13/109] Building C object esp-idf/esp_common/CMakeFiles/__idf_esp_common.dir/src/esp_err_to_name.c.obj

[14/109] Building C object esp-idf/esp_hw_support/CMakeFiles/__idf_esp_hw_support.dir/port/esp32/chip_info.c.obj

[15/109] Building C object esp-idf/esp_hw_support/CMakeFiles/__idf_esp_hw_support.dir/port/esp32/rtc_init.c.obj

[16/109] Building C object esp-idf/esp_hw_support/CMakeFiles/__idf_esp_hw_support.dir/port/esp32/rtc_clk_init.c.obj

[17/109] Building C object esp-idf/esp_system/CMakeFiles/__idf_esp_system.dir/esp_err.c.obj

[18/109] Building C object esp-idf/esp_hw_support/CMakeFiles/__idf_esp_hw_support.dir/port/esp32/rtc_sleep.c.obj

[19/109] Building C object esp-idf/efuse/CMakeFiles/__idf_efuse.dir/esp32/esp_efuse_table.c.obj

[20/109] Building C object esp-idf/esp_hw_support/CMakeFiles/__idf_esp_hw_support.dir/port/esp32/rtc_time.c.obj

[21/109] Building C object esp-idf/esp_rom/CMakeFiles/__idf_esp_rom.dir/patches/esp_rom_spiflash.c.obj

[22/109] Building C object esp-idf/efuse/CMakeFiles/__idf_efuse.dir/esp32/esp_efuse_utility.c.obj

[23/109] Building C object esp-idf/esp_hw_support/CMakeFiles/__idf_esp_hw_support.dir/port/esp32/rtc_clk.c.obj

[24/109] Building C object esp-idf/efuse/CMakeFiles/__idf_efuse.dir/esp32/esp_efuse_fields.c.obj

[25/109] Building C object esp-idf/efuse/CMakeFiles/__idf_efuse.dir/src/esp_efuse_fields.c.obj

[26/109] Building C object esp-idf/bootloader_support/CMakeFiles/__idf_bootloader_support.dir/src/bootloader_clock_init.c.obj

[27/109] Building C object esp-idf/efuse/CMakeFiles/__idf_efuse.dir/src/efuse_controller/keys/without_key_purposes/three_key_blocks/esp_efuse_api_key.c.obj

[28/109] Building C object esp-idf/efuse/CMakeFiles/__idf_efuse.dir/src/esp_efuse_api.c.obj

[29/109] Building C object esp-idf/bootloader_support/CMakeFiles/__idf_bootloader_support.dir/src/bootloader_mem.c.obj

[30/109] Building C object esp-idf/bootloader_support/CMakeFiles/__idf_bootloader_support.dir/src/bootloader_random.c.obj

[31/109] Building C object esp-idf/bootloader_support/CMakeFiles/__idf_bootloader_support.dir/src/bootloader_efuse.c.obj

[32/109] Building C object esp-idf/bootloader_support/CMakeFiles/__idf_bootloader_support.dir/src/bootloader_common_loader.c.obj

[33/109] Building C object esp-idf/bootloader_support/CMakeFiles/__idf_bootloader_support.dir/src/bootloader_random_esp32.c.obj

[34/109] Building C object esp-idf/efuse/CMakeFiles/__idf_efuse.dir/src/esp_efuse_utility.c.obj

[35/109] Building C object esp-idf/bootloader_support/CMakeFiles/__idf_bootloader_support.dir/src/bootloader_common.c.obj

[36/109] Building C object esp-idf/bootloader_support/CMakeFiles/__idf_bootloader_support.dir/bootloader_flash/src/flash_qio_mode.c.obj

[37/109] Building C object esp-idf/bootloader_support/CMakeFiles/__idf_bootloader_support.dir/src/secure_boot.c.obj

[38/109] Linking C static library esp-idf\log\liblog.a

[39/109] Building C object esp-idf/bootloader_support/CMakeFiles/__idf_bootloader_support.dir/src/flash_encrypt.c.obj

[40/109] Building C object esp-idf/bootloader_support/CMakeFiles/__idf_bootloader_support.dir/src/bootloader_clock_loader.c.obj

[41/109] Building C object esp-idf/bootloader_support/CMakeFiles/__idf_bootloader_support.dir/bootloader_flash/src/bootloader_flash_config_esp32.c.obj

[42/109] Building C object esp-idf/bootloader_support/CMakeFiles/__idf_bootloader_support.dir/bootloader_flash/src/bootloader_flash.c.obj

[43/109] Building C object esp-idf/bootloader_support/CMakeFiles/__idf_bootloader_support.dir/src/esp32/bootloader_soc.c.obj

[44/109] Building C object esp-idf/bootloader_support/CMakeFiles/__idf_bootloader_support.dir/src/flash_partitions.c.obj

[45/109] Building C object esp-idf/bootloader_support/CMakeFiles/__idf_bootloader_support.dir/src/bootloader_console_loader.c.obj

[46/109] Building C object esp-idf/esp_bootloader_format/CMakeFiles/__idf_esp_bootloader_format.dir/esp_bootloader_desc.c.obj

[47/109] Building C object esp-idf/bootloader_support/CMakeFiles/__idf_bootloader_support.dir/src/bootloader_console.c.obj

[48/109] Building C object esp-idf/bootloader_support/CMakeFiles/__idf_bootloader_support.dir/src/esp32/bootloader_sha.c.obj

[49/109] Building C object esp-idf/bootloader_support/CMakeFiles/__idf_bootloader_support.dir/src/bootloader_init.c.obj

[50/109] Building C object esp-idf/hal/CMakeFiles/__idf_hal.dir/hal_utils.c.obj

[51/109] Building C object esp-idf/bootloader_support/CMakeFiles/__idf_bootloader_support.dir/src/bootloader_panic.c.obj

[52/109] Building C object esp-idf/spi_flash/CMakeFiles/__idf_spi_flash.dir/spi_flash_wrap.c.obj

[53/109] Building C object esp-idf/bootloader_support/CMakeFiles/__idf_bootloader_support.dir/src/esp32/bootloader_esp32.c.obj

[54/109] Building C object esp-idf/hal/CMakeFiles/__idf_hal.dir/mpu_hal.c.obj

[55/109] Building C object esp-idf/hal/CMakeFiles/__idf_hal.dir/efuse_hal.c.obj

[56/109] Building C object esp-idf/soc/CMakeFiles/__idf_soc.dir/dport_access_common.c.obj

[57/109] Building C object esp-idf/hal/CMakeFiles/__idf_hal.dir/esp32/efuse_hal.c.obj

[58/109] Building C object esp-idf/bootloader_support/CMakeFiles/__idf_bootloader_support.dir/src/bootloader_utility.c.obj

[59/109] Building C object esp-idf/soc/CMakeFiles/__idf_soc.dir/lldesc.c.obj

[60/109] Building C object esp-idf/bootloader_support/CMakeFiles/__idf_bootloader_support.dir/src/esp_image_format.c.obj

[61/109] Building C object esp-idf/hal/CMakeFiles/__idf_hal.dir/esp32/cache_hal_esp32.c.obj

[62/109] Building C object esp-idf/soc/CMakeFiles/__idf_soc.dir/esp32/interrupts.c.obj

[63/109] Building C object esp-idf/soc/CMakeFiles/__idf_soc.dir/esp32/gpio_periph.c.obj

[64/109] Building C object esp-idf/soc/CMakeFiles/__idf_soc.dir/esp32/uart_periph.c.obj

[65/109] Building C object esp-idf/soc/CMakeFiles/__idf_soc.dir/esp32/adc_periph.c.obj

[66/109] Building C object esp-idf/soc/CMakeFiles/__idf_soc.dir/esp32/dport_access.c.obj

[67/109] Building C object esp-idf/hal/CMakeFiles/__idf_hal.dir/wdt_hal_iram.c.obj

[68/109] Linking C static library esp-idf\esp_rom\libesp_rom.a

[69/109] Building C object esp-idf/hal/CMakeFiles/__idf_hal.dir/mmu_hal.c.obj

[70/109] Building C object esp-idf/soc/CMakeFiles/__idf_soc.dir/esp32/emac_periph.c.obj

[71/109] Building C object esp-idf/soc/CMakeFiles/__idf_soc.dir/esp32/pcnt_periph.c.obj

[72/109] Building C object esp-idf/soc/CMakeFiles/__idf_soc.dir/esp32/spi_periph.c.obj

[73/109] Building C object esp-idf/soc/CMakeFiles/__idf_soc.dir/esp32/ledc_periph.c.obj

[74/109] Building C object esp-idf/soc/CMakeFiles/__idf_soc.dir/esp32/rmt_periph.c.obj

[75/109] Building C object esp-idf/soc/CMakeFiles/__idf_soc.dir/esp32/sdm_periph.c.obj

[76/109] Building C object esp-idf/soc/CMakeFiles/__idf_soc.dir/esp32/i2c_periph.c.obj

[77/109] Building C object esp-idf/soc/CMakeFiles/__idf_soc.dir/esp32/touch_sensor_periph.c.obj

[78/109] Building C object esp-idf/soc/CMakeFiles/__idf_soc.dir/esp32/sdmmc_periph.c.obj

[79/109] Building C object esp-idf/soc/CMakeFiles/__idf_soc.dir/esp32/lcd_periph.c.obj

[80/109] Building C object esp-idf/soc/CMakeFiles/__idf_soc.dir/esp32/mcpwm_periph.c.obj

[81/109] Building C object esp-idf/soc/CMakeFiles/__idf_soc.dir/esp32/mpi_periph.c.obj

[82/109] Building C object esp-idf/soc/CMakeFiles/__idf_soc.dir/esp32/twai_periph.c.obj

[83/109] Building C object esp-idf/soc/CMakeFiles/__idf_soc.dir/esp32/i2s_periph.c.obj

[84/109] Building C object esp-idf/soc/CMakeFiles/__idf_soc.dir/esp32/dac_periph.c.obj

[85/109] Building C object esp-idf/soc/CMakeFiles/__idf_soc.dir/esp32/timer_periph.c.obj

[86/109] Generating project_elf_src_esp32.c

[87/109] Building C object esp-idf/soc/CMakeFiles/__idf_soc.dir/esp32/wdt_periph.c.obj

[88/109] Building C object esp-idf/xtensa/CMakeFiles/__idf_xtensa.dir/eri.c.obj

[89/109] Building C object esp-idf/soc/CMakeFiles/__idf_soc.dir/esp32/sdio_slave_periph.c.obj

[90/109] Building C object esp-idf/xtensa/CMakeFiles/__idf_xtensa.dir/xt_trax.c.obj

[91/109] Building C object esp-idf/soc/CMakeFiles/__idf_soc.dir/esp32/rtc_io_periph.c.obj

[92/109] Linking C static library esp-idf\esp_common\libesp_common.a

[93/109] Building C object CMakeFiles/bootloader.elf.dir/project_elf_src_esp32.c.obj

[94/109] Building C object esp-idf/main/CMakeFiles/__idf_main.dir/bootloader_start.c.obj

[95/109] Linking C static library esp-idf\esp_hw_support\libesp_hw_support.a

[96/109] Linking C static library esp-idf\esp_system\libesp_system.a

[97/109] Building C object esp-idf/micro-ecc/CMakeFiles/__idf_micro-ecc.dir/uECC_verify_antifault.c.obj

[98/109] Linking C static library esp-idf\efuse\libefuse.a

[99/109] Linking C static library esp-idf\bootloader_support\libbootloader_support.a

[100/109] Linking C static library esp-idf\esp_bootloader_format\libesp_bootloader_format.a

[101/109] Linking C static library esp-idf\spi_flash\libspi_flash.a

[102/109] Linking C static library esp-idf\hal\libhal.a

[103/109] Linking C static library esp-idf\micro-ecc\libmicro-ecc.a

[104/109] Linking C static library esp-idf\soc\libsoc.a

[105/109] Linking C static library esp-idf\xtensa\libxtensa.a

[106/109] Linking C static library esp-idf\main\libmain.a

[107/109] Linking C executable bootloader.elf

[108/109] Generating binary image from built executable

esptool.py v4.12.0


Creating esp32 image...


Merged 2 ELF sections


Successfully created esp32 image.


Generated C:/Users/mario/Documents/TFM_FPGA_CRYPTO/firmware/verificador/build/bootloader/bootloader.bin

[109/109] C:\WINDOWS\system32\cmd.exe /C "cd /D C:\Users\mario\Documents\TFM_FPGA_CRYPTO\firmware\verificador\build\bootloader\esp-idf\esptool_py && C:\Users\mario\.espressif\python_env\idf5.3_py3.14_env\Scripts\python.exe C:/esp/esp-idf/components/partition_table/check_sizes.py --offset 0x8000 bootloader 0x1000 C:/Users/mario/Documents/TFM_FPGA_CRYPTO/firmware/verificador/build/bootloader/bootloader.bin"


Bootloader binary size 0x6880 bytes. 0x780 bytes (7%) free.



[973/975] No install step for 'bootloader'

[974/975] C:\WINDOWS\system32\cmd.exe /C "cd /D C:\Users\mario\Documents\TFM_FPGA_CRYPTO\firmware\verificador\build\esp-idf\esptool_py && C:\Users\mario\.espressif\python_env\idf5.3_py3.14_env\Scripts\python.exe C:/esp/esp-idf/components/partition_table/check_sizes.py --offset 0x8000 partition --type app C:/Users/mario/Documents/TFM_FPGA_CRYPTO/firmware/verificador/build/partition_table/partition-table.bin C:/Users/mario/Documents/TFM_FPGA_CRYPTO/firmware/verificador/build/verificador.bin"

verificador.bin binary size 0x3e650 bytes. Smallest app partition is 0x100000 bytes. 0xc19b0 bytes (76%) free.


[975/975] Completed 'bootloader'



Project build complete. To flash, run:
 idf.py flash
or
 idf.py -p PORT flash
or
 python -m esptool --chip esp32 -b 460800 --before default_reset --after hard_reset write_flash --flash_mode dio --flash_size 2MB --flash_freq 40m 0x1000 build\bootloader\bootloader.bin 0x8000 build\partition_table\partition-table.bin 0x10000 build\verificador.bin
or from the "C:\Users\mario\Documents\TFM_FPGA_CRYPTO\firmware\verificador\build" directory
 python -m esptool --chip esp32 -b 460800 --before default_reset --after hard_reset write_flash "@flash_args"
exit=0
